pref_code,pref_name,year,month,total_stays,foreign_stays_10plus,vintage,frame_basis
01,北海道,2018,1,3017390.0,902480.0,confirmed,employee_count
02,青森県,2018,1,338500.0,20260.0,confirmed,employee_count
03,岩手県,2018,1,467650.0,23390.0,confirmed,employee_count
04,宮城県,2018,1,713960.0,21590.0,confirmed,employee_count
05,秋田県,2018,1,207170.0,7580.0,confirmed,employee_count
06,山形県,2018,1,374670.0,18970.0,confirmed,employee_count
07,福島県,2018,1,821250.0,9010.0,confirmed,employee_count
08,茨城県,2018,1,394690.0,10980.0,confirmed,employee_count
09,栃木県,2018,1,600860.0,14840.0,confirmed,employee_count
10,群馬県,2018,1,626210.0,21470.0,confirmed,employee_count
11,埼玉県,2018,1,375550.0,9860.0,confirmed,employee_count
12,千葉県,2018,1,1787990.0,255380.0,confirmed,employee_count
13,東京都,2018,1,4599590.0,1406300.0,confirmed,employee_count
14,神奈川県,2018,1,1589940.0,149910.0,confirmed,employee_count
15,新潟県,2018,1,816340.0,39160.0,confirmed,employee_count
16,富山県,2018,1,229760.0,11290.0,confirmed,employee_count
17,石川県,2018,1,581440.0,58920.0,confirmed,employee_count
18,福井県,2018,1,249600.0,3940.0,confirmed,employee_count
19,山梨県,2018,1,468450.0,93240.0,confirmed,employee_count
20,長野県,2018,1,1556880.0,142270.0,confirmed,employee_count
21,岐阜県,2018,1,514260.0,82690.0,confirmed,employee_count
22,静岡県,2018,1,1619930.0,94080.0,confirmed,employee_count
23,愛知県,2018,1,1254880.0,187230.0,confirmed,employee_count
24,三重県,2018,1,649650.0,17180.0,confirmed,employee_count
25,滋賀県,2018,1,258930.0,25590.0,confirmed,employee_count
26,京都府,2018,1,1293740.0,295830.0,confirmed,employee_count
27,大阪府,2018,1,2718390.0,939510.0,confirmed,employee_count
28,兵庫県,2018,1,991780.0,77890.0,confirmed,employee_count
29,奈良県,2018,1,142880.0,18080.0,confirmed,employee_count
30,和歌山県,2018,1,336850.0,18200.0,confirmed,employee_count
31,鳥取県,2018,1,208280.0,10290.0,confirmed,employee_count
32,島根県,2018,1,187860.0,3330.0,confirmed,employee_count
33,岡山県,2018,1,366630.0,29730.0,confirmed,employee_count
34,広島県,2018,1,640380.0,44260.0,confirmed,employee_count
35,山口県,2018,1,284200.0,6190.0,confirmed,employee_count
36,徳島県,2018,1,126580.0,4090.0,confirmed,employee_count
37,香川県,2018,1,258480.0,24570.0,confirmed,employee_count
38,愛媛県,2018,1,289040.0,12000.0,confirmed,employee_count
39,高知県,2018,1,180900.0,4760.0,confirmed,employee_count
40,福岡県,2018,1,1267190.0,269010.0,confirmed,employee_count
41,佐賀県,2018,1,210760.0,33530.0,confirmed,employee_count
42,長崎県,2018,1,521540.0,47510.0,confirmed,employee_count
43,熊本県,2018,1,554350.0,67560.0,confirmed,employee_count
44,大分県,2018,1,584220.0,109110.0,confirmed,employee_count
45,宮崎県,2018,1,300250.0,29930.0,confirmed,employee_count
46,鹿児島県,2018,1,611770.0,62390.0,confirmed,employee_count
47,沖縄県,2018,1,1772820.0,331190.0,confirmed,employee_count
01,北海道,2018,2,3084420.0,1013900.0,confirmed,employee_count
02,青森県,2018,2,332990.0,24670.0,confirmed,employee_count
03,岩手県,2018,2,454750.0,30510.0,confirmed,employee_count
04,宮城県,2018,2,735370.0,27840.0,confirmed,employee_count
05,秋田県,2018,2,208620.0,11430.0,confirmed,employee_count
06,山形県,2018,2,406510.0,23710.0,confirmed,employee_count
07,福島県,2018,2,815140.0,11670.0,confirmed,employee_count
08,茨城県,2018,2,406670.0,10900.0,confirmed,employee_count
09,栃木県,2018,2,592250.0,20240.0,confirmed,employee_count
10,群馬県,2018,2,587910.0,24560.0,confirmed,employee_count
11,埼玉県,2018,2,360460.0,9470.0,confirmed,employee_count
12,千葉県,2018,2,1745850.0,278920.0,confirmed,employee_count
13,東京都,2018,2,4750940.0,1389300.0,confirmed,employee_count
14,神奈川県,2018,2,1595980.0,176740.0,confirmed,employee_count
15,新潟県,2018,2,885850.0,46810.0,confirmed,employee_count
16,富山県,2018,2,239890.0,12210.0,confirmed,employee_count
17,石川県,2018,2,608920.0,62210.0,confirmed,employee_count
18,福井県,2018,2,238260.0,5460.0,confirmed,employee_count
19,山梨県,2018,2,495630.0,130620.0,confirmed,employee_count
20,長野県,2018,2,1528840.0,152170.0,confirmed,employee_count
21,岐阜県,2018,2,541830.0,109000.0,confirmed,employee_count
22,静岡県,2018,2,1541090.0,121600.0,confirmed,employee_count
23,愛知県,2018,2,1285170.0,228250.0,confirmed,employee_count
24,三重県,2018,2,620250.0,26970.0,confirmed,employee_count
25,滋賀県,2018,2,266320.0,31090.0,confirmed,employee_count
26,京都府,2018,2,1344730.0,342510.0,confirmed,employee_count
27,大阪府,2018,2,2861030.0,940930.0,confirmed,employee_count
28,兵庫県,2018,2,999260.0,105560.0,confirmed,employee_count
29,奈良県,2018,2,147770.0,26170.0,confirmed,employee_count
30,和歌山県,2018,2,343150.0,27860.0,confirmed,employee_count
31,鳥取県,2018,2,233370.0,12860.0,confirmed,employee_count
32,島根県,2018,2,194520.0,3880.0,confirmed,employee_count
33,岡山県,2018,2,370830.0,32740.0,confirmed,employee_count
34,広島県,2018,2,651740.0,45470.0,confirmed,employee_count
35,山口県,2018,2,294970.0,9550.0,confirmed,employee_count
36,徳島県,2018,2,138820.0,7110.0,confirmed,employee_count
37,香川県,2018,2,285020.0,29110.0,confirmed,employee_count
38,愛媛県,2018,2,311550.0,16600.0,confirmed,employee_count
39,高知県,2018,2,197780.0,7590.0,confirmed,employee_count
40,福岡県,2018,2,1325900.0,261170.0,confirmed,employee_count
41,佐賀県,2018,2,213110.0,33470.0,confirmed,employee_count
42,長崎県,2018,2,524910.0,42770.0,confirmed,employee_count
43,熊本県,2018,2,560300.0,80560.0,confirmed,employee_count
44,大分県,2018,2,596400.0,113460.0,confirmed,employee_count
45,宮崎県,2018,2,370170.0,22170.0,confirmed,employee_count
46,鹿児島県,2018,2,672230.0,69320.0,confirmed,employee_count
47,沖縄県,2018,2,1932180.0,362480.0,confirmed,employee_count
01,北海道,2018,3,2740050.0,599510.0,confirmed,employee_count
02,青森県,2018,3,356310.0,13860.0,confirmed,employee_count
03,岩手県,2018,3,461860.0,10930.0,confirmed,employee_count
04,宮城県,2018,3,879740.0,19450.0,confirmed,employee_count
05,秋田県,2018,3,228430.0,6850.0,confirmed,employee_count
06,山形県,2018,3,429140.0,10250.0,confirmed,employee_count
07,福島県,2018,3,890990.0,16980.0,confirmed,employee_count
08,茨城県,2018,3,508870.0,17800.0,confirmed,employee_count
09,栃木県,2018,3,809880.0,22620.0,confirmed,employee_count
10,群馬県,2018,3,694950.0,21510.0,confirmed,employee_count
11,埼玉県,2018,3,436840.0,14010.0,confirmed,employee_count
12,千葉県,2018,3,2290360.0,287680.0,confirmed,employee_count
13,東京都,2018,3,5648390.0,1851620.0,confirmed,employee_count
14,神奈川県,2018,3,2022060.0,194000.0,confirmed,employee_count
15,新潟県,2018,3,834620.0,17410.0,confirmed,employee_count
16,富山県,2018,3,267960.0,10900.0,confirmed,employee_count
17,石川県,2018,3,807470.0,58110.0,confirmed,employee_count
18,福井県,2018,3,322200.0,4280.0,confirmed,employee_count
19,山梨県,2018,3,635760.0,131990.0,confirmed,employee_count
20,長野県,2018,3,1332680.0,77630.0,confirmed,employee_count
21,岐阜県,2018,3,543300.0,70410.0,confirmed,employee_count
22,静岡県,2018,3,1995900.0,120620.0,confirmed,employee_count
23,愛知県,2018,3,1472930.0,217130.0,confirmed,employee_count
24,三重県,2018,3,781150.0,29460.0,confirmed,employee_count
25,滋賀県,2018,3,369230.0,34230.0,confirmed,employee_count
26,京都府,2018,3,1739290.0,428850.0,confirmed,employee_count
27,大阪府,2018,3,3331480.0,925750.0,confirmed,employee_count
28,兵庫県,2018,3,1213450.0,96830.0,confirmed,employee_count
29,奈良県,2018,3,213430.0,24650.0,confirmed,employee_count
30,和歌山県,2018,3,487290.0,38600.0,confirmed,employee_count
31,鳥取県,2018,3,262060.0,13070.0,confirmed,employee_count
32,島根県,2018,3,267220.0,5010.0,confirmed,employee_count
33,岡山県,2018,3,478800.0,40100.0,confirmed,employee_count
34,広島県,2018,3,844800.0,91160.0,confirmed,employee_count
35,山口県,2018,3,389150.0,9310.0,confirmed,employee_count
36,徳島県,2018,3,207850.0,9140.0,confirmed,employee_count
37,香川県,2018,3,375910.0,32190.0,confirmed,employee_count
38,愛媛県,2018,3,393340.0,17680.0,confirmed,employee_count
39,高知県,2018,3,267720.0,6940.0,confirmed,employee_count
40,福岡県,2018,3,1477490.0,269910.0,confirmed,employee_count
41,佐賀県,2018,3,250080.0,32460.0,confirmed,employee_count
42,長崎県,2018,3,722040.0,47590.0,confirmed,employee_count
43,熊本県,2018,3,702570.0,86080.0,confirmed,employee_count
44,大分県,2018,3,753630.0,103270.0,confirmed,employee_count
45,宮崎県,2018,3,376440.0,30890.0,confirmed,employee_count
46,鹿児島県,2018,3,760320.0,63540.0,confirmed,employee_count
47,沖縄県,2018,3,2369460.0,377720.0,confirmed,employee_count
01,北海道,2018,4,2135820.0,400630.0,confirmed,employee_count
02,青森県,2018,4,396700.0,35520.0,confirmed,employee_count
03,岩手県,2018,4,452920.0,29470.0,confirmed,employee_count
04,宮城県,2018,4,832330.0,44000.0,confirmed,employee_count
05,秋田県,2018,4,241950.0,12860.0,confirmed,employee_count
06,山形県,2018,4,368460.0,8850.0,confirmed,employee_count
07,福島県,2018,4,889840.0,18000.0,confirmed,employee_count
08,茨城県,2018,4,476290.0,23180.0,confirmed,employee_count
09,栃木県,2018,4,724780.0,28990.0,confirmed,employee_count
10,群馬県,2018,4,592010.0,35610.0,confirmed,employee_count
11,埼玉県,2018,4,415400.0,16930.0,confirmed,employee_count
12,千葉県,2018,4,2038620.0,380690.0,confirmed,employee_count
13,東京都,2018,4,5617020.0,2108210.0,confirmed,employee_count
14,神奈川県,2018,4,1898860.0,253270.0,confirmed,employee_count
15,新潟県,2018,4,631800.0,21780.0,confirmed,employee_count
16,富山県,2018,4,305100.0,45340.0,confirmed,employee_count
17,石川県,2018,4,750860.0,121630.0,confirmed,employee_count
18,福井県,2018,4,273320.0,9790.0,confirmed,employee_count
19,山梨県,2018,4,677430.0,180630.0,confirmed,employee_count
20,長野県,2018,4,1102730.0,136150.0,confirmed,employee_count
21,岐阜県,2018,4,548500.0,133490.0,confirmed,employee_count
22,静岡県,2018,4,1669300.0,153540.0,confirmed,employee_count
23,愛知県,2018,4,1406600.0,248710.0,confirmed,employee_count
24,三重県,2018,4,690600.0,34520.0,confirmed,employee_count
25,滋賀県,2018,4,431300.0,59830.0,confirmed,employee_count
26,京都府,2018,4,1849940.0,587380.0,confirmed,employee_count
27,大阪府,2018,4,3283580.0,1222570.0,confirmed,employee_count
28,兵庫県,2018,4,1069810.0,121680.0,confirmed,employee_count
29,奈良県,2018,4,239010.0,40640.0,confirmed,employee_count
30,和歌山県,2018,4,442990.0,48530.0,confirmed,employee_count
31,鳥取県,2018,4,272470.0,12960.0,confirmed,employee_count
32,島根県,2018,4,245050.0,8660.0,confirmed,employee_count
33,岡山県,2018,4,459050.0,50610.0,confirmed,employee_count
34,広島県,2018,4,887390.0,124550.0,confirmed,employee_count
35,山口県,2018,4,352470.0,9440.0,confirmed,employee_count
36,徳島県,2018,4,194310.0,8610.0,confirmed,employee_count
37,香川県,2018,4,328680.0,41640.0,confirmed,employee_count
38,愛媛県,2018,4,361830.0,21940.0,confirmed,employee_count
39,高知県,2018,4,243790.0,6180.0,confirmed,employee_count
40,福岡県,2018,4,1407800.0,309400.0,confirmed,employee_count
41,佐賀県,2018,4,227860.0,36270.0,confirmed,employee_count
42,長崎県,2018,4,652130.0,63820.0,confirmed,employee_count
43,熊本県,2018,4,679780.0,89660.0,confirmed,employee_count
44,大分県,2018,4,635130.0,106860.0,confirmed,employee_count
45,宮崎県,2018,4,305830.0,27450.0,confirmed,employee_count
46,鹿児島県,2018,4,696570.0,61120.0,confirmed,employee_count
47,沖縄県,2018,4,2105270.0,419410.0,confirmed,employee_count
01,北海道,2018,5,2731360.0,526100.0,confirmed,employee_count
02,青森県,2018,5,430620.0,19580.0,confirmed,employee_count
03,岩手県,2018,5,494010.0,11080.0,confirmed,employee_count
04,宮城県,2018,5,832060.0,24940.0,confirmed,employee_count
05,秋田県,2018,5,324230.0,6590.0,confirmed,employee_count
06,山形県,2018,5,425950.0,6250.0,confirmed,employee_count
07,福島県,2018,5,920080.0,7800.0,confirmed,employee_count
08,茨城県,2018,5,532050.0,19580.0,confirmed,employee_count
09,栃木県,2018,5,843390.0,23130.0,confirmed,employee_count
10,群馬県,2018,5,659460.0,33530.0,confirmed,employee_count
11,埼玉県,2018,5,399700.0,13050.0,confirmed,employee_count
12,千葉県,2018,5,2125780.0,357300.0,confirmed,employee_count
13,東京都,2018,5,5405620.0,1755950.0,confirmed,employee_count
14,神奈川県,2018,5,1895260.0,198800.0,confirmed,employee_count
15,新潟県,2018,5,729030.0,15960.0,confirmed,employee_count
16,富山県,2018,5,349230.0,50890.0,confirmed,employee_count
17,石川県,2018,5,740580.0,85890.0,confirmed,employee_count
18,福井県,2018,5,298540.0,7410.0,confirmed,employee_count
19,山梨県,2018,5,702140.0,144390.0,confirmed,employee_count
20,長野県,2018,5,1401220.0,122100.0,confirmed,employee_count
21,岐阜県,2018,5,566400.0,112190.0,confirmed,employee_count
22,静岡県,2018,5,1703300.0,134380.0,confirmed,employee_count
23,愛知県,2018,5,1413200.0,223860.0,confirmed,employee_count
24,三重県,2018,5,661280.0,25280.0,confirmed,employee_count
25,滋賀県,2018,5,420900.0,34270.0,confirmed,employee_count
26,京都府,2018,5,1938690.0,471350.0,confirmed,employee_count
27,大阪府,2018,5,3214130.0,1152340.0,confirmed,employee_count
28,兵庫県,2018,5,1080430.0,95220.0,confirmed,employee_count
29,奈良県,2018,5,264090.0,30170.0,confirmed,employee_count
30,和歌山県,2018,5,462000.0,34670.0,confirmed,employee_count
31,鳥取県,2018,5,297400.0,10470.0,confirmed,employee_count
32,島根県,2018,5,275860.0,5810.0,confirmed,employee_count
33,岡山県,2018,5,488450.0,39050.0,confirmed,employee_count
34,広島県,2018,5,899510.0,85010.0,confirmed,employee_count
35,山口県,2018,5,379120.0,7560.0,confirmed,employee_count
36,徳島県,2018,5,209420.0,6750.0,confirmed,employee_count
37,香川県,2018,5,337440.0,35500.0,confirmed,employee_count
38,愛媛県,2018,5,372140.0,19620.0,confirmed,employee_count
39,高知県,2018,5,284260.0,5720.0,confirmed,employee_count
40,福岡県,2018,5,1411720.0,273560.0,confirmed,employee_count
41,佐賀県,2018,5,245450.0,32010.0,confirmed,employee_count
42,長崎県,2018,5,712240.0,45140.0,confirmed,employee_count
43,熊本県,2018,5,706780.0,67170.0,confirmed,employee_count
44,大分県,2018,5,654830.0,91020.0,confirmed,employee_count
45,宮崎県,2018,5,351210.0,26260.0,confirmed,employee_count
46,鹿児島県,2018,5,796270.0,56360.0,confirmed,employee_count
47,沖縄県,2018,5,2058330.0,441420.0,confirmed,employee_count
01,北海道,2018,6,3095940.0,599230.0,confirmed,employee_count
02,青森県,2018,6,435670.0,19520.0,confirmed,employee_count
03,岩手県,2018,6,488330.0,12910.0,confirmed,employee_count
04,宮城県,2018,6,840220.0,24580.0,confirmed,employee_count
05,秋田県,2018,6,320750.0,5490.0,confirmed,employee_count
06,山形県,2018,6,453500.0,5260.0,confirmed,employee_count
07,福島県,2018,6,909990.0,6390.0,confirmed,employee_count
08,茨城県,2018,6,482840.0,15860.0,confirmed,employee_count
09,栃木県,2018,6,716130.0,13930.0,confirmed,employee_count
10,群馬県,2018,6,605810.0,15890.0,confirmed,employee_count
11,埼玉県,2018,6,369330.0,12530.0,confirmed,employee_count
12,千葉県,2018,6,2054290.0,402100.0,confirmed,employee_count
13,東京都,2018,6,5318470.0,1887300.0,confirmed,employee_count
14,神奈川県,2018,6,1798920.0,215190.0,confirmed,employee_count
15,新潟県,2018,6,652620.0,13480.0,confirmed,employee_count
16,富山県,2018,6,269410.0,23890.0,confirmed,employee_count
17,石川県,2018,6,701440.0,56290.0,confirmed,employee_count
18,福井県,2018,6,289420.0,6290.0,confirmed,employee_count
19,山梨県,2018,6,628710.0,140530.0,confirmed,employee_count
20,長野県,2018,6,1206270.0,74830.0,confirmed,employee_count
21,岐阜県,2018,6,467100.0,86970.0,confirmed,employee_count
22,静岡県,2018,6,1532600.0,142650.0,confirmed,employee_count
23,愛知県,2018,6,1337900.0,227090.0,confirmed,employee_count
24,三重県,2018,6,589940.0,25320.0,confirmed,employee_count
25,滋賀県,2018,6,350270.0,31710.0,confirmed,employee_count
26,京都府,2018,6,1657930.0,470540.0,confirmed,employee_count
27,大阪府,2018,6,3077580.0,1151850.0,confirmed,employee_count
28,兵庫県,2018,6,977770.0,91710.0,confirmed,employee_count
29,奈良県,2018,6,204720.0,30950.0,confirmed,employee_count
30,和歌山県,2018,6,338720.0,34420.0,confirmed,employee_count
31,鳥取県,2018,6,244610.0,11080.0,confirmed,employee_count
32,島根県,2018,6,222960.0,5810.0,confirmed,employee_count
33,岡山県,2018,6,426370.0,35200.0,confirmed,employee_count
34,広島県,2018,6,774260.0,72770.0,confirmed,employee_count
35,山口県,2018,6,334730.0,5590.0,confirmed,employee_count
36,徳島県,2018,6,154390.0,5930.0,confirmed,employee_count
37,香川県,2018,6,292220.0,34110.0,confirmed,employee_count
38,愛媛県,2018,6,325070.0,18230.0,confirmed,employee_count
39,高知県,2018,6,200940.0,3990.0,confirmed,employee_count
40,福岡県,2018,6,1306080.0,255050.0,confirmed,employee_count
41,佐賀県,2018,6,199050.0,26690.0,confirmed,employee_count
42,長崎県,2018,6,522810.0,42610.0,confirmed,employee_count
43,熊本県,2018,6,587590.0,65450.0,confirmed,employee_count
44,大分県,2018,6,552520.0,77610.0,confirmed,employee_count
45,宮崎県,2018,6,257690.0,20480.0,confirmed,employee_count
46,鹿児島県,2018,6,638950.0,50640.0,confirmed,employee_count
47,沖縄県,2018,6,2193470.0,491230.0,confirmed,employee_count
01,北海道,2018,7,3626480.0,803700.0,confirmed,employee_count
02,青森県,2018,7,451650.0,25310.0,confirmed,employee_count
03,岩手県,2018,7,518990.0,15010.0,confirmed,employee_count
04,宮城県,2018,7,878830.0,31490.0,confirmed,employee_count
05,秋田県,2018,7,317720.0,8220.0,confirmed,employee_count
06,山形県,2018,7,489530.0,6080.0,confirmed,employee_count
07,福島県,2018,7,931090.0,6500.0,confirmed,employee_count
08,茨城県,2018,7,490390.0,16270.0,confirmed,employee_count
09,栃木県,2018,7,847770.0,25620.0,confirmed,employee_count
10,群馬県,2018,7,716870.0,15420.0,confirmed,employee_count
11,埼玉県,2018,7,384700.0,14950.0,confirmed,employee_count
12,千葉県,2018,7,2313840.0,454950.0,confirmed,employee_count
13,東京都,2018,7,5868390.0,2132710.0,confirmed,employee_count
14,神奈川県,2018,7,1931700.0,244340.0,confirmed,employee_count
15,新潟県,2018,7,863510.0,19730.0,confirmed,employee_count
16,富山県,2018,7,335060.0,16150.0,confirmed,employee_count
17,石川県,2018,7,715140.0,58820.0,confirmed,employee_count
18,福井県,2018,7,354910.0,5080.0,confirmed,employee_count
19,山梨県,2018,7,911360.0,158050.0,confirmed,employee_count
20,長野県,2018,7,1790160.0,74380.0,confirmed,employee_count
21,岐阜県,2018,7,523930.0,81670.0,confirmed,employee_count
22,静岡県,2018,7,1942910.0,175500.0,confirmed,employee_count
23,愛知県,2018,7,1475950.0,247270.0,confirmed,employee_count
24,三重県,2018,7,780100.0,28820.0,confirmed,employee_count
25,滋賀県,2018,7,421070.0,34000.0,confirmed,employee_count
26,京都府,2018,7,1680710.0,542900.0,confirmed,employee_count
27,大阪府,2018,7,3555730.0,1230780.0,confirmed,employee_count
28,兵庫県,2018,7,1073870.0,92990.0,confirmed,employee_count
29,奈良県,2018,7,208680.0,36940.0,confirmed,employee_count
30,和歌山県,2018,7,464690.0,36670.0,confirmed,employee_count
31,鳥取県,2018,7,284140.0,15030.0,confirmed,employee_count
32,島根県,2018,7,219640.0,4980.0,confirmed,employee_count
33,岡山県,2018,7,457120.0,40650.0,confirmed,employee_count
34,広島県,2018,7,790440.0,73790.0,confirmed,employee_count
35,山口県,2018,7,330040.0,6840.0,confirmed,employee_count
36,徳島県,2018,7,176850.0,7910.0,confirmed,employee_count
37,香川県,2018,7,322940.0,36010.0,confirmed,employee_count
38,愛媛県,2018,7,348260.0,17290.0,confirmed,employee_count
39,高知県,2018,7,228710.0,4080.0,confirmed,employee_count
40,福岡県,2018,7,1428530.0,292770.0,confirmed,employee_count
41,佐賀県,2018,7,210640.0,30120.0,confirmed,employee_count
42,長崎県,2018,7,628850.0,55140.0,confirmed,employee_count
43,熊本県,2018,7,663490.0,69650.0,confirmed,employee_count
44,大分県,2018,7,605410.0,72350.0,confirmed,employee_count
45,宮崎県,2018,7,345760.0,21760.0,confirmed,employee_count
46,鹿児島県,2018,7,746340.0,50540.0,confirmed,employee_count
47,沖縄県,2018,7,2489970.0,473200.0,confirmed,employee_count
01,北海道,2018,8,3952410.0,691290.0,confirmed,employee_count
02,青森県,2018,8,575770.0,25060.0,confirmed,employee_count
03,岩手県,2018,8,695680.0,14470.0,confirmed,employee_count
04,宮城県,2018,8,1085290.0,32140.0,confirmed,employee_count
05,秋田県,2018,8,416640.0,8580.0,confirmed,employee_count
06,山形県,2018,8,619050.0,6270.0,confirmed,employee_count
07,福島県,2018,8,1224880.0,8040.0,confirmed,employee_count
08,茨城県,2018,8,681870.0,13630.0,confirmed,employee_count
09,栃木県,2018,8,1148630.0,13820.0,confirmed,employee_count
10,群馬県,2018,8,1068050.0,15820.0,confirmed,employee_count
11,埼玉県,2018,8,489240.0,14420.0,confirmed,employee_count
12,千葉県,2018,8,2784580.0,382270.0,confirmed,employee_count
13,東京都,2018,8,6018460.0,1850820.0,confirmed,employee_count
14,神奈川県,2018,8,2547450.0,204320.0,confirmed,employee_count
15,新潟県,2018,8,1294110.0,16680.0,confirmed,employee_count
16,富山県,2018,8,481940.0,18660.0,confirmed,employee_count
17,石川県,2018,8,1017110.0,55570.0,confirmed,employee_count
18,福井県,2018,8,545320.0,3940.0,confirmed,employee_count
19,山梨県,2018,8,1347620.0,148450.0,confirmed,employee_count
20,長野県,2018,8,2856890.0,53960.0,confirmed,employee_count
21,岐阜県,2018,8,844920.0,88680.0,confirmed,employee_count
22,静岡県,2018,8,2814050.0,151420.0,confirmed,employee_count
23,愛知県,2018,8,1701410.0,221090.0,confirmed,employee_count
24,三重県,2018,8,1149420.0,21090.0,confirmed,employee_count
25,滋賀県,2018,8,664480.0,27850.0,confirmed,employee_count
26,京都府,2018,8,1928680.0,507850.0,confirmed,employee_count
27,大阪府,2018,8,4099470.0,1171510.0,confirmed,employee_count
28,兵庫県,2018,8,1566410.0,92390.0,confirmed,employee_count
29,奈良県,2018,8,291370.0,39300.0,confirmed,employee_count
30,和歌山県,2018,8,719300.0,37460.0,confirmed,employee_count
31,鳥取県,2018,8,476210.0,12410.0,confirmed,employee_count
32,島根県,2018,8,328200.0,4550.0,confirmed,employee_count
33,岡山県,2018,8,584130.0,34910.0,confirmed,employee_count
34,広島県,2018,8,988860.0,76290.0,confirmed,employee_count
35,山口県,2018,8,457660.0,6000.0,confirmed,employee_count
36,徳島県,2018,8,265940.0,7300.0,confirmed,employee_count
37,香川県,2018,8,482680.0,36530.0,confirmed,employee_count
38,愛媛県,2018,8,425780.0,16580.0,confirmed,employee_count
39,高知県,2018,8,383110.0,4080.0,confirmed,employee_count
40,福岡県,2018,8,1598200.0,270690.0,confirmed,employee_count
41,佐賀県,2018,8,264080.0,28400.0,confirmed,employee_count
42,長崎県,2018,8,902700.0,50060.0,confirmed,employee_count
43,熊本県,2018,8,867300.0,74300.0,confirmed,employee_count
44,大分県,2018,8,783220.0,64020.0,confirmed,employee_count
45,宮崎県,2018,8,454870.0,23090.0,confirmed,employee_count
46,鹿児島県,2018,8,922020.0,49850.0,confirmed,employee_count
47,沖縄県,2018,8,2900190.0,491300.0,confirmed,employee_count
01,北海道,2018,9,2547810.0,313520.0,confirmed,employee_count
02,青森県,2018,9,453660.0,18300.0,confirmed,employee_count
03,岩手県,2018,9,518080.0,11360.0,confirmed,employee_count
04,宮城県,2018,9,924930.0,23500.0,confirmed,employee_count
05,秋田県,2018,9,334240.0,5940.0,confirmed,employee_count
06,山形県,2018,9,505000.0,5870.0,confirmed,employee_count
07,福島県,2018,9,926560.0,7490.0,confirmed,employee_count
08,茨城県,2018,9,446150.0,20680.0,confirmed,employee_count
09,栃木県,2018,9,823380.0,14630.0,confirmed,employee_count
10,群馬県,2018,9,696940.0,18530.0,confirmed,employee_count
11,埼玉県,2018,9,411020.0,14340.0,confirmed,employee_count
12,千葉県,2018,9,2173300.0,310510.0,confirmed,employee_count
13,東京都,2018,9,5635660.0,1941790.0,confirmed,employee_count
14,神奈川県,2018,9,1949930.0,194280.0,confirmed,employee_count
15,新潟県,2018,9,785350.0,17470.0,confirmed,employee_count
16,富山県,2018,9,355650.0,17870.0,confirmed,employee_count
17,石川県,2018,9,767960.0,56800.0,confirmed,employee_count
18,福井県,2018,9,370370.0,2920.0,confirmed,employee_count
19,山梨県,2018,9,763650.0,94010.0,confirmed,employee_count
20,長野県,2018,9,1606300.0,61040.0,confirmed,employee_count
21,岐阜県,2018,9,570620.0,81310.0,confirmed,employee_count
22,静岡県,2018,9,1697270.0,105700.0,confirmed,employee_count
23,愛知県,2018,9,1359350.0,182160.0,confirmed,employee_count
24,三重県,2018,9,711030.0,19860.0,confirmed,employee_count
25,滋賀県,2018,9,426370.0,20860.0,confirmed,employee_count
26,京都府,2018,9,1575490.0,358280.0,confirmed,employee_count
27,大阪府,2018,9,3122800.0,762860.0,confirmed,employee_count
28,兵庫県,2018,9,1023350.0,69630.0,confirmed,employee_count
29,奈良県,2018,9,200730.0,25400.0,confirmed,employee_count
30,和歌山県,2018,9,358960.0,19180.0,confirmed,employee_count
31,鳥取県,2018,9,315090.0,10460.0,confirmed,employee_count
32,島根県,2018,9,249990.0,3760.0,confirmed,employee_count
33,岡山県,2018,9,503320.0,33900.0,confirmed,employee_count
34,広島県,2018,9,852300.0,74880.0,confirmed,employee_count
35,山口県,2018,9,368230.0,6950.0,confirmed,employee_count
36,徳島県,2018,9,179450.0,5060.0,confirmed,employee_count
37,香川県,2018,9,334740.0,35800.0,confirmed,employee_count
38,愛媛県,2018,9,331590.0,13310.0,confirmed,employee_count
39,高知県,2018,9,255880.0,3800.0,confirmed,employee_count
40,福岡県,2018,9,1387470.0,247550.0,confirmed,employee_count
41,佐賀県,2018,9,206870.0,27500.0,confirmed,employee_count
42,長崎県,2018,9,609440.0,33820.0,confirmed,employee_count
43,熊本県,2018,9,658880.0,59480.0,confirmed,employee_count
44,大分県,2018,9,621030.0,71540.0,confirmed,employee_count
45,宮崎県,2018,9,340320.0,21190.0,confirmed,employee_count
46,鹿児島県,2018,9,739350.0,47720.0,confirmed,employee_count
47,沖縄県,2018,9,2444030.0,418610.0,confirmed,employee_count
01,北海道,2018,10,2886370.0,466230.0,confirmed,employee_count
02,青森県,2018,10,529340.0,52330.0,confirmed,employee_count
03,岩手県,2018,10,574060.0,38930.0,confirmed,employee_count
04,宮城県,2018,10,928900.0,46350.0,confirmed,employee_count
05,秋田県,2018,10,380970.0,19120.0,confirmed,employee_count
06,山形県,2018,10,511490.0,10690.0,confirmed,employee_count
07,福島県,2018,10,1109820.0,20600.0,confirmed,employee_count
08,茨城県,2018,10,478820.0,23270.0,confirmed,employee_count
09,栃木県,2018,10,904630.0,33880.0,confirmed,employee_count
10,群馬県,2018,10,701570.0,24900.0,confirmed,employee_count
11,埼玉県,2018,10,412980.0,15330.0,confirmed,employee_count
12,千葉県,2018,10,2107810.0,339380.0,confirmed,employee_count
13,東京都,2018,10,5706720.0,2053380.0,confirmed,employee_count
14,神奈川県,2018,10,1927210.0,239930.0,confirmed,employee_count
15,新潟県,2018,10,840500.0,20360.0,confirmed,employee_count
16,富山県,2018,10,351850.0,28750.0,confirmed,employee_count
17,石川県,2018,10,865410.0,86540.0,confirmed,employee_count
18,福井県,2018,10,403040.0,4540.0,confirmed,employee_count
19,山梨県,2018,10,703380.0,128110.0,confirmed,employee_count
20,長野県,2018,10,1578230.0,102650.0,confirmed,employee_count
21,岐阜県,2018,10,605600.0,104940.0,confirmed,employee_count
22,静岡県,2018,10,1717250.0,130170.0,confirmed,employee_count
23,愛知県,2018,10,1415220.0,245880.0,confirmed,employee_count
24,三重県,2018,10,755180.0,33210.0,confirmed,employee_count
25,滋賀県,2018,10,412190.0,33250.0,confirmed,employee_count
26,京都府,2018,10,1844280.0,467550.0,confirmed,employee_count
27,大阪府,2018,10,3508420.0,1100910.0,confirmed,employee_count
28,兵庫県,2018,10,1075750.0,114160.0,confirmed,employee_count
29,奈良県,2018,10,234500.0,27150.0,confirmed,employee_count
30,和歌山県,2018,10,399220.0,36550.0,confirmed,employee_count
31,鳥取県,2018,10,317150.0,12950.0,confirmed,employee_count
32,島根県,2018,10,271320.0,6690.0,confirmed,employee_count
33,岡山県,2018,10,506980.0,42830.0,confirmed,employee_count
34,広島県,2018,10,903060.0,93030.0,confirmed,employee_count
35,山口県,2018,10,401880.0,7380.0,confirmed,employee_count
36,徳島県,2018,10,205890.0,7920.0,confirmed,employee_count
37,香川県,2018,10,337200.0,39720.0,confirmed,employee_count
38,愛媛県,2018,10,366630.0,20100.0,confirmed,employee_count
39,高知県,2018,10,261510.0,5670.0,confirmed,employee_count
40,福岡県,2018,10,1351870.0,255120.0,confirmed,employee_count
41,佐賀県,2018,10,236890.0,35430.0,confirmed,employee_count
42,長崎県,2018,10,688460.0,50170.0,confirmed,employee_count
43,熊本県,2018,10,697680.0,80840.0,confirmed,employee_count
44,大分県,2018,10,666690.0,93580.0,confirmed,employee_count
45,宮崎県,2018,10,351560.0,28160.0,confirmed,employee_count
46,鹿児島県,2018,10,781700.0,52990.0,confirmed,employee_count
47,沖縄県,2018,10,2365710.0,396330.0,confirmed,employee_count
01,北海道,2018,11,2505860.0,398810.0,confirmed,employee_count
02,青森県,2018,11,394630.0,26510.0,confirmed,employee_count
03,岩手県,2018,11,500970.0,28070.0,confirmed,employee_count
04,宮城県,2018,11,897770.0,37590.0,confirmed,employee_count
05,秋田県,2018,11,284840.0,12950.0,confirmed,employee_count
06,山形県,2018,11,442510.0,11210.0,confirmed,employee_count
07,福島県,2018,11,1030700.0,18960.0,confirmed,employee_count
08,茨城県,2018,11,488360.0,17910.0,confirmed,employee_count
09,栃木県,2018,11,783760.0,25450.0,confirmed,employee_count
10,群馬県,2018,11,686390.0,24860.0,confirmed,employee_count
11,埼玉県,2018,11,416030.0,15790.0,confirmed,employee_count
12,千葉県,2018,11,2053380.0,310940.0,confirmed,employee_count
13,東京都,2018,11,5657260.0,1948020.0,confirmed,employee_count
14,神奈川県,2018,11,1933650.0,218920.0,confirmed,employee_count
15,新潟県,2018,11,714810.0,16320.0,confirmed,employee_count
16,富山県,2018,11,334730.0,18340.0,confirmed,employee_count
17,石川県,2018,11,872450.0,79050.0,confirmed,employee_count
18,福井県,2018,11,368060.0,6590.0,confirmed,employee_count
19,山梨県,2018,11,695170.0,143030.0,confirmed,employee_count
20,長野県,2018,11,1151140.0,73920.0,confirmed,employee_count
21,岐阜県,2018,11,576640.0,99090.0,confirmed,employee_count
22,静岡県,2018,11,1823010.0,136410.0,confirmed,employee_count
23,愛知県,2018,11,1429660.0,234210.0,confirmed,employee_count
24,三重県,2018,11,778340.0,28130.0,confirmed,employee_count
25,滋賀県,2018,11,448110.0,36050.0,confirmed,employee_count
26,京都府,2018,11,1903740.0,391460.0,confirmed,employee_count
27,大阪府,2018,11,3530400.0,1081280.0,confirmed,employee_count
28,兵庫県,2018,11,1175010.0,118030.0,confirmed,employee_count
29,奈良県,2018,11,242990.0,25910.0,confirmed,employee_count
30,和歌山県,2018,11,432300.0,41740.0,confirmed,employee_count
31,鳥取県,2018,11,354140.0,15010.0,confirmed,employee_count
32,島根県,2018,11,291640.0,7550.0,confirmed,employee_count
33,岡山県,2018,11,525460.0,37110.0,confirmed,employee_count
34,広島県,2018,11,883590.0,77300.0,confirmed,employee_count
35,山口県,2018,11,401220.0,10180.0,confirmed,employee_count
36,徳島県,2018,11,200220.0,10100.0,confirmed,employee_count
37,香川県,2018,11,365710.0,42830.0,confirmed,employee_count
38,愛媛県,2018,11,395970.0,21660.0,confirmed,employee_count
39,高知県,2018,11,276590.0,8550.0,confirmed,employee_count
40,福岡県,2018,11,1401030.0,217080.0,confirmed,employee_count
41,佐賀県,2018,11,256430.0,33420.0,confirmed,employee_count
42,長崎県,2018,11,712990.0,53410.0,confirmed,employee_count
43,熊本県,2018,11,718870.0,79870.0,confirmed,employee_count
44,大分県,2018,11,663550.0,92250.0,confirmed,employee_count
45,宮崎県,2018,11,367770.0,29330.0,confirmed,employee_count
46,鹿児島県,2018,11,790780.0,57450.0,confirmed,employee_count
47,沖縄県,2018,11,2124010.0,302300.0,confirmed,employee_count
01,北海道,2018,12,2984680.0,974150.0,confirmed,employee_count
02,青森県,2018,12,363060.0,15310.0,confirmed,employee_count
03,岩手県,2018,12,471490.0,19460.0,confirmed,employee_count
04,宮城県,2018,12,856000.0,30660.0,confirmed,employee_count
05,秋田県,2018,12,239570.0,6550.0,confirmed,employee_count
06,山形県,2018,12,405550.0,14620.0,confirmed,employee_count
07,福島県,2018,12,926020.0,9910.0,confirmed,employee_count
08,茨城県,2018,12,505150.0,14600.0,confirmed,employee_count
09,栃木県,2018,12,674100.0,14980.0,confirmed,employee_count
10,群馬県,2018,12,669320.0,22770.0,confirmed,employee_count
11,埼玉県,2018,12,441640.0,12010.0,confirmed,employee_count
12,千葉県,2018,12,2110260.0,301320.0,confirmed,employee_count
13,東京都,2018,12,5882550.0,1995440.0,confirmed,employee_count
14,神奈川県,2018,12,1930980.0,181330.0,confirmed,employee_count
15,新潟県,2018,12,722350.0,41210.0,confirmed,employee_count
16,富山県,2018,12,259800.0,11580.0,confirmed,employee_count
17,石川県,2018,12,702040.0,67120.0,confirmed,employee_count
18,福井県,2018,12,343910.0,5310.0,confirmed,employee_count
19,山梨県,2018,12,583450.0,124960.0,confirmed,employee_count
20,長野県,2018,12,1213450.0,113440.0,confirmed,employee_count
21,岐阜県,2018,12,548540.0,101530.0,confirmed,employee_count
22,静岡県,2018,12,1805380.0,103680.0,confirmed,employee_count
23,愛知県,2018,12,1457580.0,235480.0,confirmed,employee_count
24,三重県,2018,12,733720.0,24310.0,confirmed,employee_count
25,滋賀県,2018,12,362300.0,31120.0,confirmed,employee_count
26,京都府,2018,12,1693510.0,352510.0,confirmed,employee_count
27,大阪府,2018,12,3594980.0,1158770.0,confirmed,employee_count
28,兵庫県,2018,12,1145110.0,99050.0,confirmed,employee_count
29,奈良県,2018,12,182000.0,20330.0,confirmed,employee_count
30,和歌山県,2018,12,346440.0,27820.0,confirmed,employee_count
31,鳥取県,2018,12,297730.0,13260.0,confirmed,employee_count
32,島根県,2018,12,222150.0,4680.0,confirmed,employee_count
33,岡山県,2018,12,447730.0,30100.0,confirmed,employee_count
34,広島県,2018,12,782940.0,58880.0,confirmed,employee_count
35,山口県,2018,12,358290.0,11910.0,confirmed,employee_count
36,徳島県,2018,12,164260.0,6890.0,confirmed,employee_count
37,香川県,2018,12,327310.0,33910.0,confirmed,employee_count
38,愛媛県,2018,12,328550.0,14640.0,confirmed,employee_count
39,高知県,2018,12,233360.0,4120.0,confirmed,employee_count
40,福岡県,2018,12,1368280.0,257180.0,confirmed,employee_count
41,佐賀県,2018,12,231780.0,32370.0,confirmed,employee_count
42,長崎県,2018,12,656960.0,49070.0,confirmed,employee_count
43,熊本県,2018,12,655580.0,78250.0,confirmed,employee_count
44,大分県,2018,12,657660.0,105490.0,confirmed,employee_count
45,宮崎県,2018,12,336930.0,29370.0,confirmed,employee_count
46,鹿児島県,2018,12,708020.0,73020.0,confirmed,employee_count
47,沖縄県,2018,12,2035470.0,351340.0,confirmed,employee_count
01,北海道,2019,1,3195090.0,1090200.0,confirmed,employee_count
02,青森県,2019,1,298500.0,23630.0,confirmed,employee_count
03,岩手県,2019,1,494980.0,28510.0,confirmed,employee_count
04,宮城県,2019,1,739430.0,38320.0,confirmed,employee_count
05,秋田県,2019,1,217210.0,7470.0,confirmed,employee_count
06,山形県,2019,1,392460.0,25710.0,confirmed,employee_count
07,福島県,2019,1,946600.0,13900.0,confirmed,employee_count
08,茨城県,2019,1,442490.0,10700.0,confirmed,employee_count
09,栃木県,2019,1,603200.0,15630.0,confirmed,employee_count
10,群馬県,2019,1,639770.0,24590.0,confirmed,employee_count
11,埼玉県,2019,1,388170.0,11600.0,confirmed,employee_count
12,千葉県,2019,1,2061230.0,320850.0,confirmed,employee_count
13,東京都,2019,1,5720130.0,1988040.0,confirmed,employee_count
14,神奈川県,2019,1,1754120.0,189210.0,confirmed,employee_count
15,新潟県,2019,1,901300.0,80970.0,confirmed,employee_count
16,富山県,2019,1,209350.0,12450.0,confirmed,employee_count
17,石川県,2019,1,609700.0,64530.0,confirmed,employee_count
18,福井県,2019,1,272100.0,5370.0,confirmed,employee_count
19,山梨県,2019,1,550480.0,132770.0,confirmed,employee_count
20,長野県,2019,1,1613410.0,165750.0,confirmed,employee_count
21,岐阜県,2019,1,556170.0,100420.0,confirmed,employee_count
22,静岡県,2019,1,1675450.0,130390.0,confirmed,employee_count
23,愛知県,2019,1,1375060.0,236770.0,confirmed,employee_count
24,三重県,2019,1,589710.0,19380.0,confirmed,employee_count
25,滋賀県,2019,1,290440.0,25960.0,confirmed,employee_count
26,京都府,2019,1,1987960.0,521710.0,confirmed,employee_count
27,大阪府,2019,1,3390460.0,1244450.0,confirmed,employee_count
28,兵庫県,2019,1,1057540.0,100500.0,confirmed,employee_count
29,奈良県,2019,1,143250.0,26430.0,confirmed,employee_count
30,和歌山県,2019,1,335700.0,20310.0,confirmed,employee_count
31,鳥取県,2019,1,182380.0,12350.0,confirmed,employee_count
32,島根県,2019,1,232620.0,4650.0,confirmed,employee_count
33,岡山県,2019,1,365640.0,24410.0,confirmed,employee_count
34,広島県,2019,1,744220.0,55830.0,confirmed,employee_count
35,山口県,2019,1,260760.0,10250.0,confirmed,employee_count
36,徳島県,2019,1,158890.0,6460.0,confirmed,employee_count
37,香川県,2019,1,273730.0,27300.0,confirmed,employee_count
38,愛媛県,2019,1,297380.0,16540.0,confirmed,employee_count
39,高知県,2019,1,165440.0,4040.0,confirmed,employee_count
40,福岡県,2019,1,1504090.0,348610.0,confirmed,employee_count
41,佐賀県,2019,1,209920.0,37120.0,confirmed,employee_count
42,長崎県,2019,1,485020.0,44200.0,confirmed,employee_count
43,熊本県,2019,1,532310.0,66580.0,confirmed,employee_count
44,大分県,2019,1,605380.0,112110.0,confirmed,employee_count
45,宮崎県,2019,1,292190.0,31000.0,confirmed,employee_count
46,鹿児島県,2019,1,630900.0,71460.0,confirmed,employee_count
47,沖縄県,2019,1,2292420.0,468900.0,confirmed,employee_count
01,北海道,2019,2,3211400.0,1103760.0,confirmed,employee_count
02,青森県,2019,2,306000.0,30610.0,confirmed,employee_count
03,岩手県,2019,2,476730.0,35950.0,confirmed,employee_count
04,宮城県,2019,2,741020.0,40850.0,confirmed,employee_count
05,秋田県,2019,2,230190.0,12900.0,confirmed,employee_count
06,山形県,2019,2,447990.0,29540.0,confirmed,employee_count
07,福島県,2019,2,964830.0,21010.0,confirmed,employee_count
08,茨城県,2019,2,447750.0,12960.0,confirmed,employee_count
09,栃木県,2019,2,584920.0,19730.0,confirmed,employee_count
10,群馬県,2019,2,663900.0,27800.0,confirmed,employee_count
11,埼玉県,2019,2,393980.0,11100.0,confirmed,employee_count
12,千葉県,2019,2,2054430.0,333260.0,confirmed,employee_count
13,東京都,2019,2,5722490.0,1868000.0,confirmed,employee_count
14,神奈川県,2019,2,1758330.0,217000.0,confirmed,employee_count
15,新潟県,2019,2,920040.0,62530.0,confirmed,employee_count
16,富山県,2019,2,233520.0,14640.0,confirmed,employee_count
17,石川県,2019,2,643100.0,60180.0,confirmed,employee_count
18,福井県,2019,2,294390.0,8590.0,confirmed,employee_count
19,山梨県,2019,2,562700.0,149960.0,confirmed,employee_count
20,長野県,2019,2,1484580.0,150020.0,confirmed,employee_count
21,岐阜県,2019,2,583490.0,117680.0,confirmed,employee_count
22,静岡県,2019,2,1674850.0,146020.0,confirmed,employee_count
23,愛知県,2019,2,1457930.0,283320.0,confirmed,employee_count
24,三重県,2019,2,570820.0,25240.0,confirmed,employee_count
25,滋賀県,2019,2,304360.0,36770.0,confirmed,employee_count
26,京都府,2019,2,2030200.0,544560.0,confirmed,employee_count
27,大阪府,2019,2,3560450.0,1220290.0,confirmed,employee_count
28,兵庫県,2019,2,1099210.0,115570.0,confirmed,employee_count
29,奈良県,2019,2,143220.0,29120.0,confirmed,employee_count
30,和歌山県,2019,2,330270.0,28660.0,confirmed,employee_count
31,鳥取県,2019,2,180480.0,12550.0,confirmed,employee_count
32,島根県,2019,2,233980.0,6050.0,confirmed,employee_count
33,岡山県,2019,2,366680.0,28670.0,confirmed,employee_count
34,広島県,2019,2,771050.0,51110.0,confirmed,employee_count
35,山口県,2019,2,268260.0,11930.0,confirmed,employee_count
36,徳島県,2019,2,157730.0,8160.0,confirmed,employee_count
37,香川県,2019,2,293710.0,34260.0,confirmed,employee_count
38,愛媛県,2019,2,295660.0,16430.0,confirmed,employee_count
39,高知県,2019,2,192980.0,6720.0,confirmed,employee_count
40,福岡県,2019,2,1548200.0,332730.0,confirmed,employee_count
41,佐賀県,2019,2,205460.0,37960.0,confirmed,employee_count
42,長崎県,2019,2,566630.0,56690.0,confirmed,employee_count
43,熊本県,2019,2,520790.0,72280.0,confirmed,employee_count
44,大分県,2019,2,581360.0,116120.0,confirmed,employee_count
45,宮崎県,2019,2,394260.0,30570.0,confirmed,employee_count
46,鹿児島県,2019,2,653790.0,79690.0,confirmed,employee_count
47,沖縄県,2019,2,2411270.0,435960.0,confirmed,employee_count
01,北海道,2019,3,2878620.0,650630.0,confirmed,employee_count
02,青森県,2019,3,302740.0,12370.0,confirmed,employee_count
03,岩手県,2019,3,518030.0,19230.0,confirmed,employee_count
04,宮城県,2019,3,888780.0,30630.0,confirmed,employee_count
05,秋田県,2019,3,241960.0,5160.0,confirmed,employee_count
06,山形県,2019,3,429220.0,13650.0,confirmed,employee_count
07,福島県,2019,3,1133170.0,13600.0,confirmed,employee_count
08,茨城県,2019,3,583020.0,16150.0,confirmed,employee_count
09,栃木県,2019,3,771370.0,17160.0,confirmed,employee_count
10,群馬県,2019,3,740230.0,22890.0,confirmed,employee_count
11,埼玉県,2019,3,483930.0,15210.0,confirmed,employee_count
12,千葉県,2019,3,2644550.0,360450.0,confirmed,employee_count
13,東京都,2019,3,6690740.0,2354830.0,confirmed,employee_count
14,神奈川県,2019,3,2233350.0,249500.0,confirmed,employee_count
15,新潟県,2019,3,894050.0,30880.0,confirmed,employee_count
16,富山県,2019,3,260100.0,12160.0,confirmed,employee_count
17,石川県,2019,3,819850.0,59390.0,confirmed,employee_count
18,福井県,2019,3,335030.0,4840.0,confirmed,employee_count
19,山梨県,2019,3,761000.0,163510.0,confirmed,employee_count
20,長野県,2019,3,1306860.0,83640.0,confirmed,employee_count
21,岐阜県,2019,3,612520.0,96100.0,confirmed,employee_count
22,静岡県,2019,3,2156580.0,171430.0,confirmed,employee_count
23,愛知県,2019,3,1663150.0,298570.0,confirmed,employee_count
24,三重県,2019,3,795230.0,30120.0,confirmed,employee_count
25,滋賀県,2019,3,426020.0,38820.0,confirmed,employee_count
26,京都府,2019,3,2684290.0,746190.0,confirmed,employee_count
27,大阪府,2019,3,4077640.0,1263300.0,confirmed,employee_count
28,兵庫県,2019,3,1339240.0,127700.0,confirmed,employee_count
29,奈良県,2019,3,225210.0,35340.0,confirmed,employee_count
30,和歌山県,2019,3,470220.0,35980.0,confirmed,employee_count
31,鳥取県,2019,3,234090.0,12650.0,confirmed,employee_count
32,島根県,2019,3,314960.0,6430.0,confirmed,employee_count
33,岡山県,2019,3,475230.0,35570.0,confirmed,employee_count
34,広島県,2019,3,1018390.0,93040.0,confirmed,employee_count
35,山口県,2019,3,340690.0,11150.0,confirmed,employee_count
36,徳島県,2019,3,219230.0,10360.0,confirmed,employee_count
37,香川県,2019,3,397340.0,39990.0,confirmed,employee_count
38,愛媛県,2019,3,391220.0,19580.0,confirmed,employee_count
39,高知県,2019,3,266290.0,7370.0,confirmed,employee_count
40,福岡県,2019,3,1782560.0,338690.0,confirmed,employee_count
41,佐賀県,2019,3,261650.0,33700.0,confirmed,employee_count
42,長崎県,2019,3,689220.0,61600.0,confirmed,employee_count
43,熊本県,2019,3,659710.0,87790.0,confirmed,employee_count
44,大分県,2019,3,704900.0,99900.0,confirmed,employee_count
45,宮崎県,2019,3,399510.0,36470.0,confirmed,employee_count
46,鹿児島県,2019,3,794860.0,77210.0,confirmed,employee_count
47,沖縄県,2019,3,2831050.0,433890.0,confirmed,employee_count
01,北海道,2019,4,2415820.0,444830.0,confirmed,employee_count
02,青森県,2019,4,371740.0,35390.0,confirmed,employee_count
03,岩手県,2019,4,490380.0,29030.0,confirmed,employee_count
04,宮城県,2019,4,899770.0,59260.0,confirmed,employee_count
05,秋田県,2019,4,290670.0,12980.0,confirmed,employee_count
06,山形県,2019,4,445110.0,14360.0,confirmed,employee_count
07,福島県,2019,4,1073930.0,30770.0,confirmed,employee_count
08,茨城県,2019,4,545960.0,24220.0,confirmed,employee_count
09,栃木県,2019,4,745920.0,31390.0,confirmed,employee_count
10,群馬県,2019,4,682350.0,33210.0,confirmed,employee_count
11,埼玉県,2019,4,481180.0,20910.0,confirmed,employee_count
12,千葉県,2019,4,2526380.0,452960.0,confirmed,employee_count
13,東京都,2019,4,7053330.0,2796350.0,confirmed,employee_count
14,神奈川県,2019,4,2038780.0,282730.0,confirmed,employee_count
15,新潟県,2019,4,805790.0,27720.0,confirmed,employee_count
16,富山県,2019,4,348800.0,44270.0,confirmed,employee_count
17,石川県,2019,4,775240.0,117350.0,confirmed,employee_count
18,福井県,2019,4,321490.0,9630.0,confirmed,employee_count
19,山梨県,2019,4,852180.0,191500.0,confirmed,employee_count
20,長野県,2019,4,1341910.0,134190.0,confirmed,employee_count
21,岐阜県,2019,4,640600.0,149120.0,confirmed,employee_count
22,静岡県,2019,4,1953780.0,187870.0,confirmed,employee_count
23,愛知県,2019,4,1705640.0,333440.0,confirmed,employee_count
24,三重県,2019,4,749500.0,37880.0,confirmed,employee_count
25,滋賀県,2019,4,472950.0,47640.0,confirmed,employee_count
26,京都府,2019,4,3070530.0,1068440.0,confirmed,employee_count
27,大阪府,2019,4,4129800.0,1457070.0,confirmed,employee_count
28,兵庫県,2019,4,1224250.0,124600.0,confirmed,employee_count
29,奈良県,2019,4,270870.0,49910.0,confirmed,employee_count
30,和歌山県,2019,4,467760.0,40570.0,confirmed,employee_count
31,鳥取県,2019,4,235100.0,13960.0,confirmed,employee_count
32,島根県,2019,4,295170.0,7510.0,confirmed,employee_count
33,岡山県,2019,4,528460.0,49310.0,confirmed,employee_count
34,広島県,2019,4,1087320.0,150290.0,confirmed,employee_count
35,山口県,2019,4,346400.0,11350.0,confirmed,employee_count
36,徳島県,2019,4,227470.0,9030.0,confirmed,employee_count
37,香川県,2019,4,379360.0,47230.0,confirmed,employee_count
38,愛媛県,2019,4,380620.0,20840.0,confirmed,employee_count
39,高知県,2019,4,272600.0,6970.0,confirmed,employee_count
40,福岡県,2019,4,1725370.0,368070.0,confirmed,employee_count
41,佐賀県,2019,4,257160.0,33140.0,confirmed,employee_count
42,長崎県,2019,4,621280.0,64180.0,confirmed,employee_count
43,熊本県,2019,4,661840.0,82730.0,confirmed,employee_count
44,大分県,2019,4,684590.0,94020.0,confirmed,employee_count
45,宮崎県,2019,4,335170.0,24840.0,confirmed,employee_count
46,鹿児島県,2019,4,704000.0,62880.0,confirmed,employee_count
47,沖縄県,2019,4,2784430.0,517100.0,confirmed,employee_count
01,北海道,2019,5,3016680.0,550910.0,confirmed,employee_count
02,青森県,2019,5,415340.0,21260.0,confirmed,employee_count
03,岩手県,2019,5,548490.0,20840.0,confirmed,employee_count
04,宮城県,2019,5,902720.0,34720.0,confirmed,employee_count
05,秋田県,2019,5,361000.0,6810.0,confirmed,employee_count
06,山形県,2019,5,473450.0,7920.0,confirmed,employee_count
07,福島県,2019,5,1024410.0,9940.0,confirmed,employee_count
08,茨城県,2019,5,539610.0,19540.0,confirmed,employee_count
09,栃木県,2019,5,860660.0,20870.0,confirmed,employee_count
10,群馬県,2019,5,727300.0,28500.0,confirmed,employee_count
11,埼玉県,2019,5,475790.0,16150.0,confirmed,employee_count
12,千葉県,2019,5,2439930.0,412780.0,confirmed,employee_count
13,東京都,2019,5,6555570.0,2309670.0,confirmed,employee_count
14,神奈川県,2019,5,1994560.0,238630.0,confirmed,employee_count
15,新潟県,2019,5,862420.0,15770.0,confirmed,employee_count
16,富山県,2019,5,389300.0,47760.0,confirmed,employee_count
17,石川県,2019,5,835020.0,91520.0,confirmed,employee_count
18,福井県,2019,5,332840.0,7400.0,confirmed,employee_count
19,山梨県,2019,5,799180.0,160770.0,confirmed,employee_count
20,長野県,2019,5,1548000.0,126000.0,confirmed,employee_count
21,岐阜県,2019,5,641930.0,123620.0,confirmed,employee_count
22,静岡県,2019,5,1912860.0,186950.0,confirmed,employee_count
23,愛知県,2019,5,1671550.0,312170.0,confirmed,employee_count
24,三重県,2019,5,765290.0,31060.0,confirmed,employee_count
25,滋賀県,2019,5,476860.0,33830.0,confirmed,employee_count
26,京都府,2019,5,2901030.0,785300.0,confirmed,employee_count
27,大阪府,2019,5,3985060.0,1336370.0,confirmed,employee_count
28,兵庫県,2019,5,1218170.0,111590.0,confirmed,employee_count
29,奈良県,2019,5,295820.0,38300.0,confirmed,employee_count
30,和歌山県,2019,5,472770.0,39830.0,confirmed,employee_count
31,鳥取県,2019,5,287900.0,12750.0,confirmed,employee_count
32,島根県,2019,5,341020.0,6300.0,confirmed,employee_count
33,岡山県,2019,5,540530.0,37090.0,confirmed,employee_count
34,広島県,2019,5,1087330.0,99870.0,confirmed,employee_count
35,山口県,2019,5,372090.0,8810.0,confirmed,employee_count
36,徳島県,2019,5,252050.0,6910.0,confirmed,employee_count
37,香川県,2019,5,418610.0,57470.0,confirmed,employee_count
38,愛媛県,2019,5,381230.0,16050.0,confirmed,employee_count
39,高知県,2019,5,287010.0,6510.0,confirmed,employee_count
40,福岡県,2019,5,1725360.0,316510.0,confirmed,employee_count
41,佐賀県,2019,5,267360.0,30220.0,confirmed,employee_count
42,長崎県,2019,5,716900.0,53550.0,confirmed,employee_count
43,熊本県,2019,5,698150.0,72670.0,confirmed,employee_count
44,大分県,2019,5,715300.0,78450.0,confirmed,employee_count
45,宮崎県,2019,5,380570.0,24670.0,confirmed,employee_count
46,鹿児島県,2019,5,766330.0,56280.0,confirmed,employee_count
47,沖縄県,2019,5,2721360.0,540230.0,confirmed,employee_count
01,北海道,2019,6,3086700.0,584100.0,confirmed,employee_count
02,青森県,2019,6,389530.0,19060.0,confirmed,employee_count
03,岩手県,2019,6,498050.0,15900.0,confirmed,employee_count
04,宮城県,2019,6,930330.0,39380.0,confirmed,employee_count
05,秋田県,2019,6,335820.0,6160.0,confirmed,employee_count
06,山形県,2019,6,488070.0,8250.0,confirmed,employee_count
07,福島県,2019,6,986500.0,9450.0,confirmed,employee_count
08,茨城県,2019,6,438920.0,14620.0,confirmed,employee_count
09,栃木県,2019,6,732550.0,16190.0,confirmed,employee_count
10,群馬県,2019,6,618540.0,19200.0,confirmed,employee_count
11,埼玉県,2019,6,436950.0,16670.0,confirmed,employee_count
12,千葉県,2019,6,2280250.0,457790.0,confirmed,employee_count
13,東京都,2019,6,6137790.0,2307100.0,confirmed,employee_count
14,神奈川県,2019,6,1782290.0,224690.0,confirmed,employee_count
15,新潟県,2019,6,757190.0,14450.0,confirmed,employee_count
16,富山県,2019,6,278740.0,27750.0,confirmed,employee_count
17,石川県,2019,6,664260.0,65920.0,confirmed,employee_count
18,福井県,2019,6,282830.0,7240.0,confirmed,employee_count
19,山梨県,2019,6,625210.0,160030.0,confirmed,employee_count
20,長野県,2019,6,1210350.0,86170.0,confirmed,employee_count
21,岐阜県,2019,6,514620.0,96860.0,confirmed,employee_count
22,静岡県,2019,6,1678390.0,186380.0,confirmed,employee_count
23,愛知県,2019,6,1554440.0,334050.0,confirmed,employee_count
24,三重県,2019,6,657770.0,36470.0,confirmed,employee_count
25,滋賀県,2019,6,368370.0,30520.0,confirmed,employee_count
26,京都府,2019,6,2449910.0,751230.0,confirmed,employee_count
27,大阪府,2019,6,3841860.0,1388590.0,confirmed,employee_count
28,兵庫県,2019,6,1041370.0,116630.0,confirmed,employee_count
29,奈良県,2019,6,218230.0,35950.0,confirmed,employee_count
30,和歌山県,2019,6,354040.0,36980.0,confirmed,employee_count
31,鳥取県,2019,6,219210.0,13730.0,confirmed,employee_count
32,島根県,2019,6,275480.0,6310.0,confirmed,employee_count
33,岡山県,2019,6,410260.0,36550.0,confirmed,employee_count
34,広島県,2019,6,875490.0,77620.0,confirmed,employee_count
35,山口県,2019,6,278770.0,8130.0,confirmed,employee_count
36,徳島県,2019,6,184890.0,6250.0,confirmed,employee_count
37,香川県,2019,6,323550.0,41040.0,confirmed,employee_count
38,愛媛県,2019,6,310630.0,12910.0,confirmed,employee_count
39,高知県,2019,6,206790.0,6730.0,confirmed,employee_count
40,福岡県,2019,6,1647080.0,357340.0,confirmed,employee_count
41,佐賀県,2019,6,215400.0,30710.0,confirmed,employee_count
42,長崎県,2019,6,532150.0,53280.0,confirmed,employee_count
43,熊本県,2019,6,533790.0,67640.0,confirmed,employee_count
44,大分県,2019,6,603250.0,74210.0,confirmed,employee_count
45,宮崎県,2019,6,272130.0,21310.0,confirmed,employee_count
46,鹿児島県,2019,6,586270.0,51160.0,confirmed,employee_count
47,沖縄県,2019,6,2695380.0,565660.0,confirmed,employee_count
01,北海道,2019,7,3634090.0,775190.0,confirmed,employee_count
02,青森県,2019,7,415040.0,27720.0,confirmed,employee_count
03,岩手県,2019,7,546750.0,19450.0,confirmed,employee_count
04,宮城県,2019,7,925320.0,40950.0,confirmed,employee_count
05,秋田県,2019,7,321510.0,8240.0,confirmed,employee_count
06,山形県,2019,7,471710.0,8830.0,confirmed,employee_count
07,福島県,2019,7,1059000.0,9430.0,confirmed,employee_count
08,茨城県,2019,7,503810.0,18370.0,confirmed,employee_count
09,栃木県,2019,7,828470.0,16810.0,confirmed,employee_count
10,群馬県,2019,7,736270.0,15330.0,confirmed,employee_count
11,埼玉県,2019,7,451420.0,20270.0,confirmed,employee_count
12,千葉県,2019,7,2550460.0,528300.0,confirmed,employee_count
13,東京都,2019,7,6779110.0,2535980.0,confirmed,employee_count
14,神奈川県,2019,7,1989920.0,273410.0,confirmed,employee_count
15,新潟県,2019,7,941900.0,23390.0,confirmed,employee_count
16,富山県,2019,7,327220.0,23070.0,confirmed,employee_count
17,石川県,2019,7,739930.0,82920.0,confirmed,employee_count
18,福井県,2019,7,371370.0,5070.0,confirmed,employee_count
19,山梨県,2019,7,883560.0,166620.0,confirmed,employee_count
20,長野県,2019,7,1670430.0,76540.0,confirmed,employee_count
21,岐阜県,2019,7,585210.0,95780.0,confirmed,employee_count
22,静岡県,2019,7,2057960.0,229080.0,confirmed,employee_count
23,愛知県,2019,7,1684860.0,327020.0,confirmed,employee_count
24,三重県,2019,7,748530.0,34480.0,confirmed,employee_count
25,滋賀県,2019,7,433930.0,32130.0,confirmed,employee_count
26,京都府,2019,7,2464370.0,789610.0,confirmed,employee_count
27,大阪府,2019,7,4181610.0,1578380.0,confirmed,employee_count
28,兵庫県,2019,7,1216770.0,121210.0,confirmed,employee_count
29,奈良県,2019,7,233290.0,51780.0,confirmed,employee_count
30,和歌山県,2019,7,489980.0,33270.0,confirmed,employee_count
31,鳥取県,2019,7,248510.0,16580.0,confirmed,employee_count
32,島根県,2019,7,286320.0,5260.0,confirmed,employee_count
33,岡山県,2019,7,445830.0,39510.0,confirmed,employee_count
34,広島県,2019,7,942230.0,103760.0,confirmed,employee_count
35,山口県,2019,7,287410.0,7950.0,confirmed,employee_count
36,徳島県,2019,7,209720.0,7760.0,confirmed,employee_count
37,香川県,2019,7,393090.0,49350.0,confirmed,employee_count
38,愛媛県,2019,7,364170.0,17050.0,confirmed,employee_count
39,高知県,2019,7,238330.0,6710.0,confirmed,employee_count
40,福岡県,2019,7,1730190.0,358840.0,confirmed,employee_count
41,佐賀県,2019,7,234120.0,30560.0,confirmed,employee_count
42,長崎県,2019,7,578790.0,50770.0,confirmed,employee_count
43,熊本県,2019,7,619800.0,70830.0,confirmed,employee_count
44,大分県,2019,7,600990.0,66040.0,confirmed,employee_count
45,宮崎県,2019,7,383320.0,21290.0,confirmed,employee_count
46,鹿児島県,2019,7,704820.0,48100.0,confirmed,employee_count
47,沖縄県,2019,7,3269120.0,593790.0,confirmed,employee_count
01,北海道,2019,8,3916250.0,566540.0,confirmed,employee_count
02,青森県,2019,8,523100.0,28700.0,confirmed,employee_count
03,岩手県,2019,8,697840.0,22840.0,confirmed,employee_count
04,宮城県,2019,8,1139710.0,42190.0,confirmed,employee_count
05,秋田県,2019,8,414440.0,9360.0,confirmed,employee_count
06,山形県,2019,8,611210.0,7910.0,confirmed,employee_count
07,福島県,2019,8,1332150.0,8640.0,confirmed,employee_count
08,茨城県,2019,8,699950.0,14510.0,confirmed,employee_count
09,栃木県,2019,8,1184080.0,15930.0,confirmed,employee_count
10,群馬県,2019,8,1104190.0,13410.0,confirmed,employee_count
11,埼玉県,2019,8,524750.0,14800.0,confirmed,employee_count
12,千葉県,2019,8,3022100.0,406890.0,confirmed,employee_count
13,東京都,2019,8,7066900.0,2291820.0,confirmed,employee_count
14,神奈川県,2019,8,2486010.0,254520.0,confirmed,employee_count
15,新潟県,2019,8,1441510.0,14450.0,confirmed,employee_count
16,富山県,2019,8,456830.0,17500.0,confirmed,employee_count
17,石川県,2019,8,1009200.0,63460.0,confirmed,employee_count
18,福井県,2019,8,574600.0,4890.0,confirmed,employee_count
19,山梨県,2019,8,1321380.0,141500.0,confirmed,employee_count
20,長野県,2019,8,2680320.0,56170.0,confirmed,employee_count
21,岐阜県,2019,8,793840.0,91560.0,confirmed,employee_count
22,静岡県,2019,8,2961990.0,203130.0,confirmed,employee_count
23,愛知県,2019,8,1890510.0,306940.0,confirmed,employee_count
24,三重県,2019,8,1025970.0,30600.0,confirmed,employee_count
25,滋賀県,2019,8,633320.0,25070.0,confirmed,employee_count
26,京都府,2019,8,2714820.0,790710.0,confirmed,employee_count
27,大阪府,2019,8,4570020.0,1354660.0,confirmed,employee_count
28,兵庫県,2019,8,1621420.0,94810.0,confirmed,employee_count
29,奈良県,2019,8,298450.0,45040.0,confirmed,employee_count
30,和歌山県,2019,8,686040.0,30480.0,confirmed,employee_count
31,鳥取県,2019,8,325410.0,10900.0,confirmed,employee_count
32,島根県,2019,8,379520.0,4080.0,confirmed,employee_count
33,岡山県,2019,8,597310.0,41320.0,confirmed,employee_count
34,広島県,2019,8,1148430.0,82540.0,confirmed,employee_count
35,山口県,2019,8,391350.0,6240.0,confirmed,employee_count
36,徳島県,2019,8,289220.0,8080.0,confirmed,employee_count
37,香川県,2019,8,540650.0,44110.0,confirmed,employee_count
38,愛媛県,2019,8,466490.0,16030.0,confirmed,employee_count
39,高知県,2019,8,347870.0,6710.0,confirmed,employee_count
40,福岡県,2019,8,1876270.0,280210.0,confirmed,employee_count
41,佐賀県,2019,8,272130.0,20480.0,confirmed,employee_count
42,長崎県,2019,8,752050.0,40380.0,confirmed,employee_count
43,熊本県,2019,8,830840.0,62560.0,confirmed,employee_count
44,大分県,2019,8,792010.0,48580.0,confirmed,employee_count
45,宮崎県,2019,8,455870.0,19660.0,confirmed,employee_count
46,鹿児島県,2019,8,842010.0,46210.0,confirmed,employee_count
47,沖縄県,2019,8,3523720.0,483250.0,confirmed,employee_count
01,北海道,2019,9,3247260.0,370720.0,confirmed,employee_count
02,青森県,2019,9,429800.0,21040.0,confirmed,employee_count
03,岩手県,2019,9,496120.0,14500.0,confirmed,employee_count
04,宮城県,2019,9,902760.0,43430.0,confirmed,employee_count
05,秋田県,2019,9,354830.0,7530.0,confirmed,employee_count
06,山形県,2019,9,473740.0,7550.0,confirmed,employee_count
07,福島県,2019,9,1025740.0,7980.0,confirmed,employee_count
08,茨城県,2019,9,531120.0,16810.0,confirmed,employee_count
09,栃木県,2019,9,867390.0,17860.0,confirmed,employee_count
10,群馬県,2019,9,707300.0,16650.0,confirmed,employee_count
11,埼玉県,2019,9,440340.0,15550.0,confirmed,employee_count
12,千葉県,2019,9,2379900.0,344490.0,confirmed,employee_count
13,東京都,2019,9,6596800.0,2225940.0,confirmed,employee_count
14,神奈川県,2019,9,1997450.0,244270.0,confirmed,employee_count
15,新潟県,2019,9,883260.0,13230.0,confirmed,employee_count
16,富山県,2019,9,356880.0,15860.0,confirmed,employee_count
17,石川県,2019,9,782580.0,64100.0,confirmed,employee_count
18,福井県,2019,9,364880.0,4680.0,confirmed,employee_count
19,山梨県,2019,9,778640.0,112280.0,confirmed,employee_count
20,長野県,2019,9,1523160.0,64450.0,confirmed,employee_count
21,岐阜県,2019,9,607420.0,80970.0,confirmed,employee_count
22,静岡県,2019,9,1893550.0,175560.0,confirmed,employee_count
23,愛知県,2019,9,1519660.0,257340.0,confirmed,employee_count
24,三重県,2019,9,622460.0,19480.0,confirmed,employee_count
25,滋賀県,2019,9,410090.0,25300.0,confirmed,employee_count
26,京都府,2019,9,2455280.0,709440.0,confirmed,employee_count
27,大阪府,2019,9,3768840.0,1175390.0,confirmed,employee_count
28,兵庫県,2019,9,1120280.0,90690.0,confirmed,employee_count
29,奈良県,2019,9,218760.0,36650.0,confirmed,employee_count
30,和歌山県,2019,9,416690.0,29380.0,confirmed,employee_count
31,鳥取県,2019,9,229230.0,8760.0,confirmed,employee_count
32,島根県,2019,9,299070.0,4500.0,confirmed,employee_count
33,岡山県,2019,9,448940.0,32460.0,confirmed,employee_count
34,広島県,2019,9,977150.0,78950.0,confirmed,employee_count
35,山口県,2019,9,289870.0,5990.0,confirmed,employee_count
36,徳島県,2019,9,206710.0,7350.0,confirmed,employee_count
37,香川県,2019,9,405490.0,42590.0,confirmed,employee_count
38,愛媛県,2019,9,343930.0,12850.0,confirmed,employee_count
39,高知県,2019,9,223690.0,6050.0,confirmed,employee_count
40,福岡県,2019,9,1602270.0,220280.0,confirmed,employee_count
41,佐賀県,2019,9,215940.0,16990.0,confirmed,employee_count
42,長崎県,2019,9,527720.0,33160.0,confirmed,employee_count
43,熊本県,2019,9,595300.0,52900.0,confirmed,employee_count
44,大分県,2019,9,573450.0,42100.0,confirmed,employee_count
45,宮崎県,2019,9,318170.0,20400.0,confirmed,employee_count
46,鹿児島県,2019,9,623520.0,43810.0,confirmed,employee_count
47,沖縄県,2019,9,2707780.0,378640.0,confirmed,employee_count
01,北海道,2019,10,3046530.0,500380.0,confirmed,employee_count
02,青森県,2019,10,479260.0,62300.0,confirmed,employee_count
03,岩手県,2019,10,555070.0,50670.0,confirmed,employee_count
04,宮城県,2019,10,959300.0,65640.0,confirmed,employee_count
05,秋田県,2019,10,358250.0,20400.0,confirmed,employee_count
06,山形県,2019,10,484000.0,17690.0,confirmed,employee_count
07,福島県,2019,10,1084710.0,22190.0,confirmed,employee_count
08,茨城県,2019,10,526020.0,24370.0,confirmed,employee_count
09,栃木県,2019,10,822620.0,37900.0,confirmed,employee_count
10,群馬県,2019,10,654630.0,21120.0,confirmed,employee_count
11,埼玉県,2019,10,433940.0,17090.0,confirmed,employee_count
12,千葉県,2019,10,2335030.0,375000.0,confirmed,employee_count
13,東京都,2019,10,6932910.0,2575670.0,confirmed,employee_count
14,神奈川県,2019,10,1900840.0,292200.0,confirmed,employee_count
15,新潟県,2019,10,895440.0,19940.0,confirmed,employee_count
16,富山県,2019,10,351120.0,24750.0,confirmed,employee_count
17,石川県,2019,10,794340.0,101200.0,confirmed,employee_count
18,福井県,2019,10,308520.0,7000.0,confirmed,employee_count
19,山梨県,2019,10,651530.0,129230.0,confirmed,employee_count
20,長野県,2019,10,1308950.0,101630.0,confirmed,employee_count
21,岐阜県,2019,10,600670.0,114300.0,confirmed,employee_count
22,静岡県,2019,10,1699820.0,184890.0,confirmed,employee_count
23,愛知県,2019,10,1532250.0,294490.0,confirmed,employee_count
24,三重県,2019,10,674640.0,33960.0,confirmed,employee_count
25,滋賀県,2019,10,393210.0,32220.0,confirmed,employee_count
26,京都府,2019,10,2777070.0,878220.0,confirmed,employee_count
27,大阪府,2019,10,3975350.0,1302480.0,confirmed,employee_count
28,兵庫県,2019,10,1112570.0,108990.0,confirmed,employee_count
29,奈良県,2019,10,230770.0,34670.0,confirmed,employee_count
30,和歌山県,2019,10,417770.0,33440.0,confirmed,employee_count
31,鳥取県,2019,10,241690.0,12060.0,confirmed,employee_count
32,島根県,2019,10,349190.0,7230.0,confirmed,employee_count
33,岡山県,2019,10,524450.0,44030.0,confirmed,employee_count
34,広島県,2019,10,1114930.0,135810.0,confirmed,employee_count
35,山口県,2019,10,319550.0,6320.0,confirmed,employee_count
36,徳島県,2019,10,241110.0,9420.0,confirmed,employee_count
37,香川県,2019,10,466600.0,71500.0,confirmed,employee_count
38,愛媛県,2019,10,394710.0,20010.0,confirmed,employee_count
39,高知県,2019,10,243410.0,8010.0,confirmed,employee_count
40,福岡県,2019,10,1860600.0,331750.0,confirmed,employee_count
41,佐賀県,2019,10,221860.0,20130.0,confirmed,employee_count
42,長崎県,2019,10,607900.0,41640.0,confirmed,employee_count
43,熊本県,2019,10,676470.0,85010.0,confirmed,employee_count
44,大分県,2019,10,707730.0,91840.0,confirmed,employee_count
45,宮崎県,2019,10,367260.0,24940.0,confirmed,employee_count
46,鹿児島県,2019,10,704810.0,64040.0,confirmed,employee_count
47,沖縄県,2019,10,2713450.0,385840.0,confirmed,employee_count
01,北海道,2019,11,2458660.0,384790.0,confirmed,employee_count
02,青森県,2019,11,370380.0,33870.0,confirmed,employee_count
03,岩手県,2019,11,494120.0,35330.0,confirmed,employee_count
04,宮城県,2019,11,988170.0,52000.0,confirmed,employee_count
05,秋田県,2019,11,295780.0,12910.0,confirmed,employee_count
06,山形県,2019,11,447000.0,18020.0,confirmed,employee_count
07,福島県,2019,11,1062660.0,17950.0,confirmed,employee_count
08,茨城県,2019,11,518500.0,19350.0,confirmed,employee_count
09,栃木県,2019,11,862380.0,34630.0,confirmed,employee_count
10,群馬県,2019,11,704630.0,25370.0,confirmed,employee_count
11,埼玉県,2019,11,463550.0,16060.0,confirmed,employee_count
12,千葉県,2019,11,2387550.0,355320.0,confirmed,employee_count
13,東京都,2019,11,6697010.0,2341060.0,confirmed,employee_count
14,神奈川県,2019,11,1958790.0,257940.0,confirmed,employee_count
15,新潟県,2019,11,835760.0,23640.0,confirmed,employee_count
16,富山県,2019,11,331730.0,23950.0,confirmed,employee_count
17,石川県,2019,11,834610.0,84290.0,confirmed,employee_count
18,福井県,2019,11,361760.0,8570.0,confirmed,employee_count
19,山梨県,2019,11,712380.0,144210.0,confirmed,employee_count
20,長野県,2019,11,1188470.0,77720.0,confirmed,employee_count
21,岐阜県,2019,11,608540.0,110120.0,confirmed,employee_count
22,静岡県,2019,11,1934150.0,172250.0,confirmed,employee_count
23,愛知県,2019,11,1664580.0,302220.0,confirmed,employee_count
24,三重県,2019,11,744950.0,29140.0,confirmed,employee_count
25,滋賀県,2019,11,448960.0,38660.0,confirmed,employee_count
26,京都府,2019,11,2826280.0,776850.0,confirmed,employee_count
27,大阪府,2019,11,3997170.0,1262760.0,confirmed,employee_count
28,兵庫県,2019,11,1213670.0,104870.0,confirmed,employee_count
29,奈良県,2019,11,256320.0,31650.0,confirmed,employee_count
30,和歌山県,2019,11,497460.0,35270.0,confirmed,employee_count
31,鳥取県,2019,11,277740.0,16790.0,confirmed,employee_count
32,島根県,2019,11,362060.0,8940.0,confirmed,employee_count
33,岡山県,2019,11,518080.0,42850.0,confirmed,employee_count
34,広島県,2019,11,1010940.0,84300.0,confirmed,employee_count
35,山口県,2019,11,331130.0,8040.0,confirmed,employee_count
36,徳島県,2019,11,236140.0,11600.0,confirmed,employee_count
37,香川県,2019,11,427490.0,53810.0,confirmed,employee_count
38,愛媛県,2019,11,423560.0,21000.0,confirmed,employee_count
39,高知県,2019,11,262330.0,8980.0,confirmed,employee_count
40,福岡県,2019,11,1777830.0,270820.0,confirmed,employee_count
41,佐賀県,2019,11,237760.0,28400.0,confirmed,employee_count
42,長崎県,2019,11,626230.0,39900.0,confirmed,employee_count
43,熊本県,2019,11,707160.0,74900.0,confirmed,employee_count
44,大分県,2019,11,720460.0,49890.0,confirmed,employee_count
45,宮崎県,2019,11,388170.0,23890.0,confirmed,employee_count
46,鹿児島県,2019,11,724790.0,59810.0,confirmed,employee_count
47,沖縄県,2019,11,2461550.0,281330.0,confirmed,employee_count
01,北海道,2019,12,2876320.0,953700.0,confirmed,employee_count
02,青森県,2019,12,304350.0,21660.0,confirmed,employee_count
03,岩手県,2019,12,460110.0,33190.0,confirmed,employee_count
04,宮城県,2019,12,916790.0,46900.0,confirmed,employee_count
05,秋田県,2019,12,232300.0,9380.0,confirmed,employee_count
06,山形県,2019,12,407900.0,25330.0,confirmed,employee_count
07,福島県,2019,12,963700.0,13950.0,confirmed,employee_count
08,茨城県,2019,12,522700.0,12510.0,confirmed,employee_count
09,栃木県,2019,12,696310.0,21230.0,confirmed,employee_count
10,群馬県,2019,12,669350.0,21030.0,confirmed,employee_count
11,埼玉県,2019,12,462550.0,15440.0,confirmed,employee_count
12,千葉県,2019,12,2547300.0,370030.0,confirmed,employee_count
13,東京都,2019,12,7028940.0,2364360.0,confirmed,employee_count
14,神奈川県,2019,12,1989460.0,232440.0,confirmed,employee_count
15,新潟県,2019,12,791750.0,54940.0,confirmed,employee_count
16,富山県,2019,12,264300.0,12530.0,confirmed,employee_count
17,石川県,2019,12,692830.0,71900.0,confirmed,employee_count
18,福井県,2019,12,324300.0,6160.0,confirmed,employee_count
19,山梨県,2019,12,574120.0,127360.0,confirmed,employee_count
20,長野県,2019,12,1176120.0,122470.0,confirmed,employee_count
21,岐阜県,2019,12,559290.0,104740.0,confirmed,employee_count
22,静岡県,2019,12,1830070.0,139220.0,confirmed,employee_count
23,愛知県,2019,12,1618120.0,290730.0,confirmed,employee_count
24,三重県,2019,12,655020.0,24940.0,confirmed,employee_count
25,滋賀県,2019,12,357640.0,29870.0,confirmed,employee_count
26,京都府,2019,12,2387820.0,586880.0,confirmed,employee_count
27,大阪府,2019,12,3949260.0,1285310.0,confirmed,employee_count
28,兵庫県,2019,12,1152690.0,83990.0,confirmed,employee_count
29,奈良県,2019,12,192130.0,24760.0,confirmed,employee_count
30,和歌山県,2019,12,385630.0,26390.0,confirmed,employee_count
31,鳥取県,2019,12,226180.0,10990.0,confirmed,employee_count
32,島根県,2019,12,272250.0,3770.0,confirmed,employee_count
33,岡山県,2019,12,439280.0,28770.0,confirmed,employee_count
34,広島県,2019,12,853250.0,59570.0,confirmed,employee_count
35,山口県,2019,12,275670.0,5830.0,confirmed,employee_count
36,徳島県,2019,12,185380.0,8500.0,confirmed,employee_count
37,香川県,2019,12,339630.0,33210.0,confirmed,employee_count
38,愛媛県,2019,12,335910.0,14590.0,confirmed,employee_count
39,高知県,2019,12,196370.0,5930.0,confirmed,employee_count
40,福岡県,2019,12,1640550.0,264040.0,confirmed,employee_count
41,佐賀県,2019,12,202960.0,23030.0,confirmed,employee_count
42,長崎県,2019,12,544960.0,38050.0,confirmed,employee_count
43,熊本県,2019,12,597310.0,66840.0,confirmed,employee_count
44,大分県,2019,12,613270.0,59930.0,confirmed,employee_count
45,宮崎県,2019,12,333460.0,27140.0,confirmed,employee_count
46,鹿児島県,2019,12,630250.0,67200.0,confirmed,employee_count
47,沖縄県,2019,12,2454120.0,338860.0,confirmed,employee_count
01,北海道,2020,1,3378400.0,1119410.0,confirmed,employee_count
02,青森県,2020,1,333500.0,33390.0,confirmed,employee_count
03,岩手県,2020,1,481700.0,41820.0,confirmed,employee_count
04,宮城県,2020,1,742170.0,52350.0,confirmed,employee_count
05,秋田県,2020,1,277700.0,8400.0,confirmed,employee_count
06,山形県,2020,1,398480.0,32560.0,confirmed,employee_count
07,福島県,2020,1,1018740.0,18840.0,confirmed,employee_count
08,茨城県,2020,1,434300.0,9490.0,confirmed,employee_count
09,栃木県,2020,1,632040.0,16940.0,confirmed,employee_count
10,群馬県,2020,1,662520.0,30050.0,confirmed,employee_count
11,埼玉県,2020,1,396490.0,11020.0,confirmed,employee_count
12,千葉県,2020,1,2223690.0,383670.0,confirmed,employee_count
13,東京都,2020,1,7048680.0,2234620.0,confirmed,employee_count
14,神奈川県,2020,1,1881630.0,214490.0,confirmed,employee_count
15,新潟県,2020,1,957170.0,92610.0,confirmed,employee_count
16,富山県,2020,1,247940.0,15950.0,confirmed,employee_count
17,石川県,2020,1,645770.0,81000.0,confirmed,employee_count
18,福井県,2020,1,251680.0,7700.0,confirmed,employee_count
19,山梨県,2020,1,597620.0,136070.0,confirmed,employee_count
20,長野県,2020,1,1693900.0,177930.0,confirmed,employee_count
21,岐阜県,2020,1,617850.0,120070.0,confirmed,employee_count
22,静岡県,2020,1,1719880.0,136530.0,confirmed,employee_count
23,愛知県,2020,1,1705980.0,362600.0,confirmed,employee_count
24,三重県,2020,1,565440.0,22900.0,confirmed,employee_count
25,滋賀県,2020,1,281450.0,28000.0,confirmed,employee_count
26,京都府,2020,1,2248670.0,681050.0,confirmed,employee_count
27,大阪府,2020,1,4443350.0,1348460.0,confirmed,employee_count
28,兵庫県,2020,1,1062120.0,93230.0,confirmed,employee_count
29,奈良県,2020,1,149290.0,28350.0,confirmed,employee_count
30,和歌山県,2020,1,354950.0,22700.0,confirmed,employee_count
31,鳥取県,2020,1,205880.0,10980.0,confirmed,employee_count
32,島根県,2020,1,229290.0,3350.0,confirmed,employee_count
33,岡山県,2020,1,410570.0,28680.0,confirmed,employee_count
34,広島県,2020,1,736300.0,52210.0,confirmed,employee_count
35,山口県,2020,1,301520.0,6280.0,confirmed,employee_count
36,徳島県,2020,1,154620.0,8370.0,confirmed,employee_count
37,香川県,2020,1,283630.0,34480.0,confirmed,employee_count
38,愛媛県,2020,1,328380.0,15740.0,confirmed,employee_count
39,高知県,2020,1,192870.0,6010.0,confirmed,employee_count
40,福岡県,2020,1,1725970.0,290380.0,confirmed,employee_count
41,佐賀県,2020,1,221650.0,25090.0,confirmed,employee_count
42,長崎県,2020,1,506850.0,37730.0,confirmed,employee_count
43,熊本県,2020,1,582140.0,56500.0,confirmed,employee_count
44,大分県,2020,1,601220.0,68160.0,confirmed,employee_count
45,宮崎県,2020,1,359010.0,26730.0,confirmed,employee_count
46,鹿児島県,2020,1,583250.0,55590.0,confirmed,employee_count
47,沖縄県,2020,1,2085670.0,448520.0,confirmed,employee_count
01,北海道,2020,2,2767720.0,610790.0,confirmed,employee_count
02,青森県,2020,2,316860.0,28490.0,confirmed,employee_count
03,岩手県,2020,2,446660.0,30070.0,confirmed,employee_count
04,宮城県,2020,2,737960.0,40340.0,confirmed,employee_count
05,秋田県,2020,2,270860.0,8460.0,confirmed,employee_count
06,山形県,2020,2,413890.0,27540.0,confirmed,employee_count
07,福島県,2020,2,1012260.0,19070.0,confirmed,employee_count
08,茨城県,2020,2,465770.0,9000.0,confirmed,employee_count
09,栃木県,2020,2,599540.0,12830.0,confirmed,employee_count
10,群馬県,2020,2,655580.0,22840.0,confirmed,employee_count
11,埼玉県,2020,2,365410.0,8130.0,confirmed,employee_count
12,千葉県,2020,2,1811020.0,191600.0,confirmed,employee_count
13,東京都,2020,2,5547120.0,1163980.0,confirmed,employee_count
14,神奈川県,2020,2,1597560.0,121270.0,confirmed,employee_count
15,新潟県,2020,2,901100.0,49140.0,confirmed,employee_count
16,富山県,2020,2,247350.0,12020.0,confirmed,employee_count
17,石川県,2020,2,602270.0,49090.0,confirmed,employee_count
18,福井県,2020,2,267760.0,3970.0,confirmed,employee_count
19,山梨県,2020,2,505340.0,52970.0,confirmed,employee_count
20,長野県,2020,2,1571240.0,113210.0,confirmed,employee_count
21,岐阜県,2020,2,524090.0,59820.0,confirmed,employee_count
22,静岡県,2020,2,1559500.0,35120.0,confirmed,employee_count
23,愛知県,2020,2,1420290.0,134110.0,confirmed,employee_count
24,三重県,2020,2,505530.0,7300.0,confirmed,employee_count
25,滋賀県,2020,2,255520.0,12020.0,confirmed,employee_count
26,京都府,2020,2,1788120.0,315830.0,confirmed,employee_count
27,大阪府,2020,2,3131050.0,456820.0,confirmed,employee_count
28,兵庫県,2020,2,964940.0,41810.0,confirmed,employee_count
29,奈良県,2020,2,116010.0,8300.0,confirmed,employee_count
30,和歌山県,2020,2,305270.0,10460.0,confirmed,employee_count
31,鳥取県,2020,2,208940.0,5660.0,confirmed,employee_count
32,島根県,2020,2,228540.0,2380.0,confirmed,employee_count
33,岡山県,2020,2,398160.0,16460.0,confirmed,employee_count
34,広島県,2020,2,726400.0,35500.0,confirmed,employee_count
35,山口県,2020,2,314350.0,4660.0,confirmed,employee_count
36,徳島県,2020,2,149130.0,5050.0,confirmed,employee_count
37,香川県,2020,2,273260.0,17800.0,confirmed,employee_count
38,愛媛県,2020,2,325690.0,7710.0,confirmed,employee_count
39,高知県,2020,2,215500.0,4310.0,confirmed,employee_count
40,福岡県,2020,2,1545480.0,151780.0,confirmed,employee_count
41,佐賀県,2020,2,197990.0,8230.0,confirmed,employee_count
42,長崎県,2020,2,503850.0,19340.0,confirmed,employee_count
43,熊本県,2020,2,530960.0,28620.0,confirmed,employee_count
44,大分県,2020,2,552190.0,28140.0,confirmed,employee_count
45,宮崎県,2020,2,383100.0,14090.0,confirmed,employee_count
46,鹿児島県,2020,2,598830.0,34770.0,confirmed,employee_count
47,沖縄県,2020,2,1990520.0,213300.0,confirmed,employee_count
01,北海道,2020,3,1107160.0,37970.0,confirmed,employee_count
02,青森県,2020,3,252680.0,2910.0,confirmed,employee_count
03,岩手県,2020,3,317850.0,2150.0,confirmed,employee_count
04,宮城県,2020,3,539300.0,6440.0,confirmed,employee_count
05,秋田県,2020,3,195520.0,1150.0,confirmed,employee_count
06,山形県,2020,3,289000.0,1620.0,confirmed,employee_count
07,福島県,2020,3,811880.0,2600.0,confirmed,employee_count
08,茨城県,2020,3,370660.0,3480.0,confirmed,employee_count
09,栃木県,2020,3,503780.0,2820.0,confirmed,employee_count
10,群馬県,2020,3,472380.0,2200.0,confirmed,employee_count
11,埼玉県,2020,3,306310.0,3570.0,confirmed,employee_count
12,千葉県,2020,3,797150.0,60240.0,confirmed,employee_count
13,東京都,2020,3,2890790.0,296950.0,confirmed,employee_count
14,神奈川県,2020,3,1296260.0,54740.0,confirmed,employee_count
15,新潟県,2020,3,514490.0,6780.0,confirmed,employee_count
16,富山県,2020,3,180040.0,4910.0,confirmed,employee_count
17,石川県,2020,3,443810.0,11030.0,confirmed,employee_count
18,福井県,2020,3,204490.0,730.0,confirmed,employee_count
19,山梨県,2020,3,315950.0,6980.0,confirmed,employee_count
20,長野県,2020,3,826180.0,16680.0,confirmed,employee_count
21,岐阜県,2020,3,377440.0,7030.0,confirmed,employee_count
22,静岡県,2020,3,1219750.0,10380.0,confirmed,employee_count
23,愛知県,2020,3,736890.0,19130.0,confirmed,employee_count
24,三重県,2020,3,398030.0,3060.0,confirmed,employee_count
25,滋賀県,2020,3,216450.0,4920.0,confirmed,employee_count
26,京都府,2020,3,1194980.0,103740.0,confirmed,employee_count
27,大阪府,2020,3,1493920.0,92390.0,confirmed,employee_count
28,兵庫県,2020,3,734110.0,8430.0,confirmed,employee_count
29,奈良県,2020,3,96630.0,2940.0,confirmed,employee_count
30,和歌山県,2020,3,240180.0,1640.0,confirmed,employee_count
31,鳥取県,2020,3,177450.0,1600.0,confirmed,employee_count
32,島根県,2020,3,229740.0,1090.0,confirmed,employee_count
33,岡山県,2020,3,331910.0,5510.0,confirmed,employee_count
34,広島県,2020,3,546730.0,19200.0,confirmed,employee_count
35,山口県,2020,3,242010.0,2330.0,confirmed,employee_count
36,徳島県,2020,3,113810.0,1480.0,confirmed,employee_count
37,香川県,2020,3,222040.0,4820.0,confirmed,employee_count
38,愛媛県,2020,3,267190.0,2170.0,confirmed,employee_count
39,高知県,2020,3,156880.0,800.0,confirmed,employee_count
40,福岡県,2020,3,913840.0,23630.0,confirmed,employee_count
41,佐賀県,2020,3,159610.0,750.0,confirmed,employee_count
42,長崎県,2020,3,331870.0,5830.0,confirmed,employee_count
43,熊本県,2020,3,384340.0,5370.0,confirmed,employee_count
44,大分県,2020,3,434720.0,5020.0,confirmed,employee_count
45,宮崎県,2020,3,227640.0,2980.0,confirmed,employee_count
46,鹿児島県,2020,3,457510.0,6060.0,confirmed,employee_count
47,沖縄県,2020,3,1310380.0,36460.0,confirmed,employee_count
01,北海道,2020,4,664940.0,6060.0,confirmed,employee_count
02,青森県,2020,4,119170.0,880.0,confirmed,employee_count
03,岩手県,2020,4,163620.0,760.0,confirmed,employee_count
04,宮城県,2020,4,242140.0,2000.0,confirmed,employee_count
05,秋田県,2020,4,77830.0,250.0,confirmed,employee_count
06,山形県,2020,4,96650.0,530.0,confirmed,employee_count
07,福島県,2020,4,476980.0,680.0,confirmed,employee_count
08,茨城県,2020,4,210510.0,1040.0,confirmed,employee_count
09,栃木県,2020,4,180160.0,1010.0,confirmed,employee_count
10,群馬県,2020,4,143630.0,430.0,confirmed,employee_count
11,埼玉県,2020,4,171850.0,2260.0,confirmed,employee_count
12,千葉県,2020,4,441380.0,25630.0,confirmed,employee_count
13,東京都,2020,4,1365240.0,46980.0,confirmed,employee_count
14,神奈川県,2020,4,585550.0,12050.0,confirmed,employee_count
15,新潟県,2020,4,227070.0,700.0,confirmed,employee_count
16,富山県,2020,4,71000.0,620.0,confirmed,employee_count
17,石川県,2020,4,123800.0,1610.0,confirmed,employee_count
18,福井県,2020,4,91980.0,320.0,confirmed,employee_count
19,山梨県,2020,4,104540.0,1300.0,confirmed,employee_count
20,長野県,2020,4,241530.0,1000.0,confirmed,employee_count
21,岐阜県,2020,4,131030.0,710.0,confirmed,employee_count
22,静岡県,2020,4,461070.0,2970.0,confirmed,employee_count
23,愛知県,2020,4,402480.0,3600.0,confirmed,employee_count
24,三重県,2020,4,144930.0,1140.0,confirmed,employee_count
25,滋賀県,2020,4,92890.0,1130.0,confirmed,employee_count
26,京都府,2020,4,294180.0,5170.0,confirmed,employee_count
27,大阪府,2020,4,672150.0,14010.0,confirmed,employee_count
28,兵庫県,2020,4,266240.0,1640.0,confirmed,employee_count
29,奈良県,2020,4,42470.0,410.0,confirmed,employee_count
30,和歌山県,2020,4,90090.0,240.0,confirmed,employee_count
31,鳥取県,2020,4,79300.0,730.0,confirmed,employee_count
32,島根県,2020,4,91430.0,310.0,confirmed,employee_count
33,岡山県,2020,4,156650.0,1100.0,confirmed,employee_count
34,広島県,2020,4,265140.0,2180.0,confirmed,employee_count
35,山口県,2020,4,108880.0,610.0,confirmed,employee_count
36,徳島県,2020,4,45270.0,250.0,confirmed,employee_count
37,香川県,2020,4,75980.0,990.0,confirmed,employee_count
38,愛媛県,2020,4,100100.0,500.0,confirmed,employee_count
39,高知県,2020,4,60340.0,180.0,confirmed,employee_count
40,福岡県,2020,4,291780.0,4190.0,confirmed,employee_count
41,佐賀県,2020,4,66440.0,430.0,confirmed,employee_count
42,長崎県,2020,4,130690.0,2360.0,confirmed,employee_count
43,熊本県,2020,4,148750.0,1020.0,confirmed,employee_count
44,大分県,2020,4,133390.0,660.0,confirmed,employee_count
45,宮崎県,2020,4,112810.0,450.0,confirmed,employee_count
46,鹿児島県,2020,4,183190.0,860.0,confirmed,employee_count
47,沖縄県,2020,4,360660.0,9350.0,confirmed,employee_count
01,北海道,2020,5,529310.0,2260.0,confirmed,employee_count
02,青森県,2020,5,110930.0,490.0,confirmed,employee_count
03,岩手県,2020,5,138800.0,410.0,confirmed,employee_count
04,宮城県,2020,5,206100.0,1260.0,confirmed,employee_count
05,秋田県,2020,5,51500.0,180.0,confirmed,employee_count
06,山形県,2020,5,69240.0,200.0,confirmed,employee_count
07,福島県,2020,5,412260.0,560.0,confirmed,employee_count
08,茨城県,2020,5,218180.0,560.0,confirmed,employee_count
09,栃木県,2020,5,147830.0,900.0,confirmed,employee_count
10,群馬県,2020,5,102080.0,460.0,confirmed,employee_count
11,埼玉県,2020,5,158840.0,890.0,confirmed,employee_count
12,千葉県,2020,5,406080.0,20990.0,confirmed,employee_count
13,東京都,2020,5,1228800.0,26970.0,confirmed,employee_count
14,神奈川県,2020,5,535340.0,8860.0,confirmed,employee_count
15,新潟県,2020,5,178540.0,510.0,confirmed,employee_count
16,富山県,2020,5,53270.0,440.0,confirmed,employee_count
17,石川県,2020,5,87710.0,780.0,confirmed,employee_count
18,福井県,2020,5,100440.0,360.0,confirmed,employee_count
19,山梨県,2020,5,86280.0,400.0,confirmed,employee_count
20,長野県,2020,5,163750.0,890.0,confirmed,employee_count
21,岐阜県,2020,5,125850.0,310.0,confirmed,employee_count
22,静岡県,2020,5,385770.0,2640.0,confirmed,employee_count
23,愛知県,2020,5,373210.0,2210.0,confirmed,employee_count
24,三重県,2020,5,119740.0,860.0,confirmed,employee_count
25,滋賀県,2020,5,83210.0,930.0,confirmed,employee_count
26,京都府,2020,5,229640.0,2140.0,confirmed,employee_count
27,大阪府,2020,5,484290.0,11670.0,confirmed,employee_count
28,兵庫県,2020,5,251210.0,1050.0,confirmed,employee_count
29,奈良県,2020,5,37250.0,370.0,confirmed,employee_count
30,和歌山県,2020,5,68290.0,220.0,confirmed,employee_count
31,鳥取県,2020,5,49990.0,650.0,confirmed,employee_count
32,島根県,2020,5,68380.0,360.0,confirmed,employee_count
33,岡山県,2020,5,132180.0,740.0,confirmed,employee_count
34,広島県,2020,5,209370.0,1710.0,confirmed,employee_count
35,山口県,2020,5,100660.0,620.0,confirmed,employee_count
36,徳島県,2020,5,32980.0,60.0,confirmed,employee_count
37,香川県,2020,5,56040.0,350.0,confirmed,employee_count
38,愛媛県,2020,5,82240.0,320.0,confirmed,employee_count
39,高知県,2020,5,43430.0,160.0,confirmed,employee_count
40,福岡県,2020,5,234980.0,4730.0,confirmed,employee_count
41,佐賀県,2020,5,38290.0,150.0,confirmed,employee_count
42,長崎県,2020,5,109410.0,1630.0,confirmed,employee_count
43,熊本県,2020,5,118120.0,970.0,confirmed,employee_count
44,大分県,2020,5,127620.0,480.0,confirmed,employee_count
45,宮崎県,2020,5,86440.0,360.0,confirmed,employee_count
46,鹿児島県,2020,5,121120.0,1210.0,confirmed,employee_count
47,沖縄県,2020,5,171200.0,6430.0,confirmed,employee_count
01,北海道,2020,6,943550.0,2020.0,confirmed,employee_count
02,青森県,2020,6,192700.0,700.0,confirmed,employee_count
03,岩手県,2020,6,242170.0,280.0,confirmed,employee_count
04,宮城県,2020,6,352290.0,1560.0,confirmed,employee_count
05,秋田県,2020,6,112600.0,190.0,confirmed,employee_count
06,山形県,2020,6,178900.0,280.0,confirmed,employee_count
07,福島県,2020,6,569960.0,1180.0,confirmed,employee_count
08,茨城県,2020,6,305770.0,560.0,confirmed,employee_count
09,栃木県,2020,6,290960.0,1110.0,confirmed,employee_count
10,群馬県,2020,6,264430.0,630.0,confirmed,employee_count
11,埼玉県,2020,6,220260.0,890.0,confirmed,employee_count
12,千葉県,2020,6,563080.0,25860.0,confirmed,employee_count
13,東京都,2020,6,1902800.0,29350.0,confirmed,employee_count
14,神奈川県,2020,6,807050.0,11890.0,confirmed,employee_count
15,新潟県,2020,6,369310.0,650.0,confirmed,employee_count
16,富山県,2020,6,115290.0,740.0,confirmed,employee_count
17,石川県,2020,6,205670.0,1550.0,confirmed,employee_count
18,福井県,2020,6,135310.0,370.0,confirmed,employee_count
19,山梨県,2020,6,147220.0,350.0,confirmed,employee_count
20,長野県,2020,6,423340.0,1350.0,confirmed,employee_count
21,岐阜県,2020,6,229370.0,600.0,confirmed,employee_count
22,静岡県,2020,6,670620.0,2720.0,confirmed,employee_count
23,愛知県,2020,6,598430.0,3720.0,confirmed,employee_count
24,三重県,2020,6,227700.0,1330.0,confirmed,employee_count
25,滋賀県,2020,6,128480.0,570.0,confirmed,employee_count
26,京都府,2020,6,517280.0,5530.0,confirmed,employee_count
27,大阪府,2020,6,854850.0,13970.0,confirmed,employee_count
28,兵庫県,2020,6,435280.0,1580.0,confirmed,employee_count
29,奈良県,2020,6,70990.0,410.0,confirmed,employee_count
30,和歌山県,2020,6,142950.0,180.0,confirmed,employee_count
31,鳥取県,2020,6,99720.0,190.0,confirmed,employee_count
32,島根県,2020,6,129260.0,470.0,confirmed,employee_count
33,岡山県,2020,6,217810.0,820.0,confirmed,employee_count
34,広島県,2020,6,343930.0,1840.0,confirmed,employee_count
35,山口県,2020,6,161410.0,780.0,confirmed,employee_count
36,徳島県,2020,6,71530.0,80.0,confirmed,employee_count
37,香川県,2020,6,110800.0,820.0,confirmed,employee_count
38,愛媛県,2020,6,145340.0,1090.0,confirmed,employee_count
39,高知県,2020,6,92230.0,390.0,confirmed,employee_count
40,福岡県,2020,6,427280.0,1940.0,confirmed,employee_count
41,佐賀県,2020,6,78510.0,220.0,confirmed,employee_count
42,長崎県,2020,6,231670.0,1850.0,confirmed,employee_count
43,熊本県,2020,6,227360.0,950.0,confirmed,employee_count
44,大分県,2020,6,250980.0,2400.0,confirmed,employee_count
45,宮崎県,2020,6,162410.0,600.0,confirmed,employee_count
46,鹿児島県,2020,6,256710.0,990.0,confirmed,employee_count
47,沖縄県,2020,6,554090.0,12040.0,confirmed,employee_count
01,北海道,2020,7,1737680.0,4570.0,confirmed,employee_count
02,青森県,2020,7,279080.0,700.0,confirmed,employee_count
03,岩手県,2020,7,355780.0,620.0,confirmed,employee_count
04,宮城県,2020,7,492040.0,2070.0,confirmed,employee_count
05,秋田県,2020,7,220200.0,360.0,confirmed,employee_count
06,山形県,2020,7,271110.0,360.0,confirmed,employee_count
07,福島県,2020,7,745850.0,1340.0,confirmed,employee_count
08,茨城県,2020,7,321830.0,580.0,confirmed,employee_count
09,栃木県,2020,7,472030.0,1090.0,confirmed,employee_count
10,群馬県,2020,7,510850.0,550.0,confirmed,employee_count
11,埼玉県,2020,7,234950.0,880.0,confirmed,employee_count
12,千葉県,2020,7,870870.0,30870.0,confirmed,employee_count
13,東京都,2020,7,2097350.0,30700.0,confirmed,employee_count
14,神奈川県,2020,7,1020630.0,14670.0,confirmed,employee_count
15,新潟県,2020,7,526950.0,710.0,confirmed,employee_count
16,富山県,2020,7,170850.0,780.0,confirmed,employee_count
17,石川県,2020,7,392370.0,1730.0,confirmed,employee_count
18,福井県,2020,7,223130.0,560.0,confirmed,employee_count
19,山梨県,2020,7,278950.0,360.0,confirmed,employee_count
20,長野県,2020,7,751720.0,1170.0,confirmed,employee_count
21,岐阜県,2020,7,310360.0,480.0,confirmed,employee_count
22,静岡県,2020,7,1049910.0,2800.0,confirmed,employee_count
23,愛知県,2020,7,802740.0,6070.0,confirmed,employee_count
24,三重県,2020,7,374180.0,1520.0,confirmed,employee_count
25,滋賀県,2020,7,194530.0,720.0,confirmed,employee_count
26,京都府,2020,7,766590.0,6000.0,confirmed,employee_count
27,大阪府,2020,7,1059480.0,14440.0,confirmed,employee_count
28,兵庫県,2020,7,654850.0,3050.0,confirmed,employee_count
29,奈良県,2020,7,106820.0,370.0,confirmed,employee_count
30,和歌山県,2020,7,272550.0,370.0,confirmed,employee_count
31,鳥取県,2020,7,175060.0,680.0,confirmed,employee_count
32,島根県,2020,7,192270.0,420.0,confirmed,employee_count
33,岡山県,2020,7,307340.0,860.0,confirmed,employee_count
34,広島県,2020,7,535430.0,3000.0,confirmed,employee_count
35,山口県,2020,7,227800.0,530.0,confirmed,employee_count
36,徳島県,2020,7,120280.0,240.0,confirmed,employee_count
37,香川県,2020,7,213610.0,400.0,confirmed,employee_count
38,愛媛県,2020,7,232500.0,560.0,confirmed,employee_count
39,高知県,2020,7,164040.0,230.0,confirmed,employee_count
40,福岡県,2020,7,693350.0,2740.0,confirmed,employee_count
41,佐賀県,2020,7,122690.0,240.0,confirmed,employee_count
42,長崎県,2020,7,393640.0,4730.0,confirmed,employee_count
43,熊本県,2020,7,367760.0,1300.0,confirmed,employee_count
44,大分県,2020,7,325990.0,1240.0,confirmed,employee_count
45,宮崎県,2020,7,228680.0,670.0,confirmed,employee_count
46,鹿児島県,2020,7,334900.0,1180.0,confirmed,employee_count
47,沖縄県,2020,7,1186080.0,24050.0,confirmed,employee_count
01,北海道,2020,8,2327030.0,4170.0,confirmed,employee_count
02,青森県,2020,8,320320.0,970.0,confirmed,employee_count
03,岩手県,2020,8,369880.0,540.0,confirmed,employee_count
04,宮城県,2020,8,594030.0,2120.0,confirmed,employee_count
05,秋田県,2020,8,227630.0,190.0,confirmed,employee_count
06,山形県,2020,8,328520.0,590.0,confirmed,employee_count
07,福島県,2020,8,845470.0,1410.0,confirmed,employee_count
08,茨城県,2020,8,375250.0,830.0,confirmed,employee_count
09,栃木県,2020,8,713400.0,1120.0,confirmed,employee_count
10,群馬県,2020,8,559790.0,720.0,confirmed,employee_count
11,埼玉県,2020,8,298350.0,990.0,confirmed,employee_count
12,千葉県,2020,8,1292000.0,34960.0,confirmed,employee_count
13,東京都,2020,8,2283210.0,40370.0,confirmed,employee_count
14,神奈川県,2020,8,1418410.0,10850.0,confirmed,employee_count
15,新潟県,2020,8,667760.0,920.0,confirmed,employee_count
16,富山県,2020,8,213310.0,460.0,confirmed,employee_count
17,石川県,2020,8,445230.0,1730.0,confirmed,employee_count
18,福井県,2020,8,266850.0,650.0,confirmed,employee_count
19,山梨県,2020,8,492450.0,370.0,confirmed,employee_count
20,長野県,2020,8,1232790.0,1620.0,confirmed,employee_count
21,岐阜県,2020,8,407540.0,560.0,confirmed,employee_count
22,静岡県,2020,8,1560170.0,4010.0,confirmed,employee_count
23,愛知県,2020,8,851820.0,4930.0,confirmed,employee_count
24,三重県,2020,8,513030.0,1230.0,confirmed,employee_count
25,滋賀県,2020,8,305430.0,710.0,confirmed,employee_count
26,京都府,2020,8,972450.0,5320.0,confirmed,employee_count
27,大阪府,2020,8,1048040.0,16510.0,confirmed,employee_count
28,兵庫県,2020,8,925800.0,3610.0,confirmed,employee_count
29,奈良県,2020,8,190980.0,400.0,confirmed,employee_count
30,和歌山県,2020,8,434800.0,570.0,confirmed,employee_count
31,鳥取県,2020,8,213760.0,850.0,confirmed,employee_count
32,島根県,2020,8,221480.0,400.0,confirmed,employee_count
33,岡山県,2020,8,321250.0,980.0,confirmed,employee_count
34,広島県,2020,8,605210.0,3050.0,confirmed,employee_count
35,山口県,2020,8,273370.0,840.0,confirmed,employee_count
36,徳島県,2020,8,154310.0,220.0,confirmed,employee_count
37,香川県,2020,8,243700.0,590.0,confirmed,employee_count
38,愛媛県,2020,8,268030.0,800.0,confirmed,employee_count
39,高知県,2020,8,239470.0,240.0,confirmed,employee_count
40,福岡県,2020,8,688850.0,3800.0,confirmed,employee_count
41,佐賀県,2020,8,138390.0,300.0,confirmed,employee_count
42,長崎県,2020,8,338080.0,2000.0,confirmed,employee_count
43,熊本県,2020,8,408670.0,1090.0,confirmed,employee_count
44,大分県,2020,8,390160.0,750.0,confirmed,employee_count
45,宮崎県,2020,8,237260.0,760.0,confirmed,employee_count
46,鹿児島県,2020,8,408140.0,770.0,confirmed,employee_count
47,沖縄県,2020,8,971850.0,23780.0,confirmed,employee_count
01,北海道,2020,9,2372470.0,2830.0,confirmed,employee_count
02,青森県,2020,9,339500.0,1110.0,confirmed,employee_count
03,岩手県,2020,9,446990.0,620.0,confirmed,employee_count
04,宮城県,2020,9,577650.0,2570.0,confirmed,employee_count
05,秋田県,2020,9,255090.0,140.0,confirmed,employee_count
06,山形県,2020,9,334410.0,480.0,confirmed,employee_count
07,福島県,2020,9,859270.0,950.0,confirmed,employee_count
08,茨城県,2020,9,349020.0,630.0,confirmed,employee_count
09,栃木県,2020,9,644440.0,880.0,confirmed,employee_count
10,群馬県,2020,9,485410.0,950.0,confirmed,employee_count
11,埼玉県,2020,9,291570.0,1060.0,confirmed,employee_count
12,千葉県,2020,9,1185300.0,35920.0,confirmed,employee_count
13,東京都,2020,9,2454690.0,32460.0,confirmed,employee_count
14,神奈川県,2020,9,1344690.0,9880.0,confirmed,employee_count
15,新潟県,2020,9,619290.0,1340.0,confirmed,employee_count
16,富山県,2020,9,225580.0,500.0,confirmed,employee_count
17,石川県,2020,9,467380.0,1830.0,confirmed,employee_count
18,福井県,2020,9,211140.0,340.0,confirmed,employee_count
19,山梨県,2020,9,438720.0,260.0,confirmed,employee_count
20,長野県,2020,9,1078150.0,1340.0,confirmed,employee_count
21,岐阜県,2020,9,405410.0,410.0,confirmed,employee_count
22,静岡県,2020,9,1223100.0,4690.0,confirmed,employee_count
23,愛知県,2020,9,939150.0,4760.0,confirmed,employee_count
24,三重県,2020,9,460250.0,1440.0,confirmed,employee_count
25,滋賀県,2020,9,261110.0,710.0,confirmed,employee_count
26,京都府,2020,9,1124520.0,5600.0,confirmed,employee_count
27,大阪府,2020,9,1324680.0,16500.0,confirmed,employee_count
28,兵庫県,2020,9,823570.0,3230.0,confirmed,employee_count
29,奈良県,2020,9,161130.0,340.0,confirmed,employee_count
30,和歌山県,2020,9,325990.0,270.0,confirmed,employee_count
31,鳥取県,2020,9,186620.0,380.0,confirmed,employee_count
32,島根県,2020,9,220350.0,490.0,confirmed,employee_count
33,岡山県,2020,9,336240.0,540.0,confirmed,employee_count
34,広島県,2020,9,696140.0,2160.0,confirmed,employee_count
35,山口県,2020,9,351050.0,1010.0,confirmed,employee_count
36,徳島県,2020,9,127490.0,240.0,confirmed,employee_count
37,香川県,2020,9,233140.0,440.0,confirmed,employee_count
38,愛媛県,2020,9,269050.0,660.0,confirmed,employee_count
39,高知県,2020,9,193440.0,390.0,confirmed,employee_count
40,福岡県,2020,9,808960.0,3430.0,confirmed,employee_count
41,佐賀県,2020,9,169190.0,160.0,confirmed,employee_count
42,長崎県,2020,9,394220.0,2240.0,confirmed,employee_count
43,熊本県,2020,9,414280.0,1510.0,confirmed,employee_count
44,大分県,2020,9,435830.0,600.0,confirmed,employee_count
45,宮崎県,2020,9,237290.0,590.0,confirmed,employee_count
46,鹿児島県,2020,9,428950.0,640.0,confirmed,employee_count
47,沖縄県,2020,9,1015980.0,19210.0,confirmed,employee_count
01,北海道,2020,10,2567290.0,3440.0,confirmed,employee_count
02,青森県,2020,10,410560.0,1370.0,confirmed,employee_count
03,岩手県,2020,10,520290.0,450.0,confirmed,employee_count
04,宮城県,2020,10,730180.0,2360.0,confirmed,employee_count
05,秋田県,2020,10,335910.0,200.0,confirmed,employee_count
06,山形県,2020,10,421590.0,460.0,confirmed,employee_count
07,福島県,2020,10,990420.0,1160.0,confirmed,employee_count
08,茨城県,2020,10,414190.0,2270.0,confirmed,employee_count
09,栃木県,2020,10,811640.0,1100.0,confirmed,employee_count
10,群馬県,2020,10,607470.0,810.0,confirmed,employee_count
11,埼玉県,2020,10,340210.0,1120.0,confirmed,employee_count
12,千葉県,2020,10,1388970.0,57820.0,confirmed,employee_count
13,東京都,2020,10,3451200.0,46190.0,confirmed,employee_count
14,神奈川県,2020,10,1567050.0,16590.0,confirmed,employee_count
15,新潟県,2020,10,749670.0,1010.0,confirmed,employee_count
16,富山県,2020,10,251220.0,510.0,confirmed,employee_count
17,石川県,2020,10,541510.0,1970.0,confirmed,employee_count
18,福井県,2020,10,258080.0,350.0,confirmed,employee_count
19,山梨県,2020,10,483580.0,540.0,confirmed,employee_count
20,長野県,2020,10,1268470.0,2120.0,confirmed,employee_count
21,岐阜県,2020,10,494410.0,660.0,confirmed,employee_count
22,静岡県,2020,10,1454390.0,3340.0,confirmed,employee_count
23,愛知県,2020,10,1087590.0,5900.0,confirmed,employee_count
24,三重県,2020,10,577390.0,1350.0,confirmed,employee_count
25,滋賀県,2020,10,289770.0,1470.0,confirmed,employee_count
26,京都府,2020,10,1361370.0,9750.0,confirmed,employee_count
27,大阪府,2020,10,1809460.0,23180.0,confirmed,employee_count
28,兵庫県,2020,10,924800.0,3800.0,confirmed,employee_count
29,奈良県,2020,10,170220.0,300.0,confirmed,employee_count
30,和歌山県,2020,10,378070.0,320.0,confirmed,employee_count
31,鳥取県,2020,10,236260.0,520.0,confirmed,employee_count
32,島根県,2020,10,291760.0,510.0,confirmed,employee_count
33,岡山県,2020,10,402990.0,1160.0,confirmed,employee_count
34,広島県,2020,10,733520.0,3330.0,confirmed,employee_count
35,山口県,2020,10,388730.0,930.0,confirmed,employee_count
36,徳島県,2020,10,146480.0,110.0,confirmed,employee_count
37,香川県,2020,10,277030.0,1210.0,confirmed,employee_count
38,愛媛県,2020,10,336290.0,1830.0,confirmed,employee_count
39,高知県,2020,10,210760.0,190.0,confirmed,employee_count
40,福岡県,2020,10,1033800.0,4660.0,confirmed,employee_count
41,佐賀県,2020,10,206760.0,310.0,confirmed,employee_count
42,長崎県,2020,10,520280.0,3530.0,confirmed,employee_count
43,熊本県,2020,10,486340.0,770.0,confirmed,employee_count
44,大分県,2020,10,537140.0,1320.0,confirmed,employee_count
45,宮崎県,2020,10,339840.0,860.0,confirmed,employee_count
46,鹿児島県,2020,10,575330.0,680.0,confirmed,employee_count
47,沖縄県,2020,10,1388860.0,24130.0,confirmed,employee_count
01,北海道,2020,11,1800370.0,2420.0,confirmed,employee_count
02,青森県,2020,11,357290.0,1610.0,confirmed,employee_count
03,岩手県,2020,11,467560.0,1530.0,confirmed,employee_count
04,宮城県,2020,11,746140.0,4580.0,confirmed,employee_count
05,秋田県,2020,11,292640.0,270.0,confirmed,employee_count
06,山形県,2020,11,416980.0,570.0,confirmed,employee_count
07,福島県,2020,11,993380.0,1750.0,confirmed,employee_count
08,茨城県,2020,11,462580.0,4410.0,confirmed,employee_count
09,栃木県,2020,11,856820.0,1590.0,confirmed,employee_count
10,群馬県,2020,11,655290.0,1000.0,confirmed,employee_count
11,埼玉県,2020,11,360920.0,1260.0,confirmed,employee_count
12,千葉県,2020,11,1603190.0,99650.0,confirmed,employee_count
13,東京都,2020,11,3888860.0,101660.0,confirmed,employee_count
14,神奈川県,2020,11,1603270.0,18870.0,confirmed,employee_count
15,新潟県,2020,11,695000.0,1560.0,confirmed,employee_count
16,富山県,2020,11,261760.0,1050.0,confirmed,employee_count
17,石川県,2020,11,717430.0,3330.0,confirmed,employee_count
18,福井県,2020,11,315090.0,500.0,confirmed,employee_count
19,山梨県,2020,11,541710.0,900.0,confirmed,employee_count
20,長野県,2020,11,1125930.0,1600.0,confirmed,employee_count
21,岐阜県,2020,11,501650.0,1290.0,confirmed,employee_count
22,静岡県,2020,11,1636660.0,3820.0,confirmed,employee_count
23,愛知県,2020,11,1142450.0,7220.0,confirmed,employee_count
24,三重県,2020,11,653010.0,2220.0,confirmed,employee_count
25,滋賀県,2020,11,329380.0,1510.0,confirmed,employee_count
26,京都府,2020,11,2025370.0,14940.0,confirmed,employee_count
27,大阪府,2020,11,2022580.0,44630.0,confirmed,employee_count
28,兵庫県,2020,11,1036390.0,4800.0,confirmed,employee_count
29,奈良県,2020,11,201880.0,380.0,confirmed,employee_count
30,和歌山県,2020,11,446030.0,310.0,confirmed,employee_count
31,鳥取県,2020,11,272230.0,1750.0,confirmed,employee_count
32,島根県,2020,11,321420.0,600.0,confirmed,employee_count
33,岡山県,2020,11,424140.0,1950.0,confirmed,employee_count
34,広島県,2020,11,786820.0,4150.0,confirmed,employee_count
35,山口県,2020,11,352280.0,1120.0,confirmed,employee_count
36,徳島県,2020,11,171330.0,160.0,confirmed,employee_count
37,香川県,2020,11,313820.0,1150.0,confirmed,employee_count
38,愛媛県,2020,11,367090.0,2160.0,confirmed,employee_count
39,高知県,2020,11,233920.0,280.0,confirmed,employee_count
40,福岡県,2020,11,1202640.0,6230.0,confirmed,employee_count
41,佐賀県,2020,11,229580.0,400.0,confirmed,employee_count
42,長崎県,2020,11,619170.0,4400.0,confirmed,employee_count
43,熊本県,2020,11,583520.0,2140.0,confirmed,employee_count
44,大分県,2020,11,610880.0,750.0,confirmed,employee_count
45,宮崎県,2020,11,384780.0,710.0,confirmed,employee_count
46,鹿児島県,2020,11,643770.0,900.0,confirmed,employee_count
47,沖縄県,2020,11,1479530.0,23960.0,confirmed,employee_count
01,北海道,2020,12,1247290.0,2890.0,confirmed,employee_count
02,青森県,2020,12,282870.0,1190.0,confirmed,employee_count
03,岩手県,2020,12,360700.0,1430.0,confirmed,employee_count
04,宮城県,2020,12,610850.0,4160.0,confirmed,employee_count
05,秋田県,2020,12,228030.0,220.0,confirmed,employee_count
06,山形県,2020,12,294450.0,810.0,confirmed,employee_count
07,福島県,2020,12,799600.0,1640.0,confirmed,employee_count
08,茨城県,2020,12,414510.0,3540.0,confirmed,employee_count
09,栃木県,2020,12,624500.0,2570.0,confirmed,employee_count
10,群馬県,2020,12,515150.0,4520.0,confirmed,employee_count
11,埼玉県,2020,12,343700.0,2000.0,confirmed,employee_count
12,千葉県,2020,12,1548610.0,100060.0,confirmed,employee_count
13,東京都,2020,12,3604480.0,117640.0,confirmed,employee_count
14,神奈川県,2020,12,1472200.0,20380.0,confirmed,employee_count
15,新潟県,2020,12,562770.0,1770.0,confirmed,employee_count
16,富山県,2020,12,190410.0,910.0,confirmed,employee_count
17,石川県,2020,12,530840.0,2290.0,confirmed,employee_count
18,福井県,2020,12,237770.0,520.0,confirmed,employee_count
19,山梨県,2020,12,369860.0,1010.0,confirmed,employee_count
20,長野県,2020,12,865400.0,4670.0,confirmed,employee_count
21,岐阜県,2020,12,374930.0,1270.0,confirmed,employee_count
22,静岡県,2020,12,1428300.0,4140.0,confirmed,employee_count
23,愛知県,2020,12,1006970.0,13360.0,confirmed,employee_count
24,三重県,2020,12,529840.0,2470.0,confirmed,employee_count
25,滋賀県,2020,12,245700.0,1080.0,confirmed,employee_count
26,京都府,2020,12,1375160.0,12720.0,confirmed,employee_count
27,大阪府,2020,12,1373160.0,66010.0,confirmed,employee_count
28,兵庫県,2020,12,896980.0,5630.0,confirmed,employee_count
29,奈良県,2020,12,136150.0,530.0,confirmed,employee_count
30,和歌山県,2020,12,334330.0,310.0,confirmed,employee_count
31,鳥取県,2020,12,215040.0,650.0,confirmed,employee_count
32,島根県,2020,12,227120.0,550.0,confirmed,employee_count
33,岡山県,2020,12,335620.0,2670.0,confirmed,employee_count
34,広島県,2020,12,560990.0,3010.0,confirmed,employee_count
35,山口県,2020,12,290880.0,1220.0,confirmed,employee_count
36,徳島県,2020,12,161560.0,140.0,confirmed,employee_count
37,香川県,2020,12,225760.0,1380.0,confirmed,employee_count
38,愛媛県,2020,12,276250.0,2010.0,confirmed,employee_count
39,高知県,2020,12,160490.0,210.0,confirmed,employee_count
40,福岡県,2020,12,1025750.0,6640.0,confirmed,employee_count
41,佐賀県,2020,12,194200.0,590.0,confirmed,employee_count
42,長崎県,2020,12,504730.0,5490.0,confirmed,employee_count
43,熊本県,2020,12,479260.0,3140.0,confirmed,employee_count
44,大分県,2020,12,460350.0,1200.0,confirmed,employee_count
45,宮崎県,2020,12,313620.0,380.0,confirmed,employee_count
46,鹿児島県,2020,12,534810.0,1360.0,confirmed,employee_count
47,沖縄県,2020,12,1275310.0,20740.0,confirmed,employee_count
01,北海道,2021,1,978230.0,2410.0,confirmed,employee_count
02,青森県,2021,1,220840.0,900.0,confirmed,employee_count
03,岩手県,2021,1,288190.0,1070.0,confirmed,employee_count
04,宮城県,2021,1,354450.0,3920.0,confirmed,employee_count
05,秋田県,2021,1,159350.0,190.0,confirmed,employee_count
06,山形県,2021,1,206920.0,840.0,confirmed,employee_count
07,福島県,2021,1,582390.0,1550.0,confirmed,employee_count
08,茨城県,2021,1,266710.0,2010.0,confirmed,employee_count
09,栃木県,2021,1,297920.0,4450.0,confirmed,employee_count
10,群馬県,2021,1,260860.0,1700.0,confirmed,employee_count
11,埼玉県,2021,1,221830.0,1340.0,confirmed,employee_count
12,千葉県,2021,1,798150.0,65640.0,confirmed,employee_count
13,東京都,2021,1,2020550.0,89010.0,confirmed,employee_count
14,神奈川県,2021,1,897770.0,17640.0,confirmed,employee_count
15,新潟県,2021,1,372140.0,1100.0,confirmed,employee_count
16,富山県,2021,1,112100.0,1120.0,confirmed,employee_count
17,石川県,2021,1,209740.0,1550.0,confirmed,employee_count
18,福井県,2021,1,114400.0,880.0,confirmed,employee_count
19,山梨県,2021,1,201490.0,910.0,confirmed,employee_count
20,長野県,2021,1,607390.0,3130.0,confirmed,employee_count
21,岐阜県,2021,1,217780.0,2940.0,confirmed,employee_count
22,静岡県,2021,1,752190.0,4280.0,confirmed,employee_count
23,愛知県,2021,1,668890.0,15580.0,confirmed,employee_count
24,三重県,2021,1,285040.0,4150.0,confirmed,employee_count
25,滋賀県,2021,1,142220.0,900.0,confirmed,employee_count
26,京都府,2021,1,531780.0,7280.0,confirmed,employee_count
27,大阪府,2021,1,1019080.0,57550.0,confirmed,employee_count
28,兵庫県,2021,1,491090.0,4600.0,confirmed,employee_count
29,奈良県,2021,1,74410.0,330.0,confirmed,employee_count
30,和歌山県,2021,1,178560.0,250.0,confirmed,employee_count
31,鳥取県,2021,1,126520.0,570.0,confirmed,employee_count
32,島根県,2021,1,125920.0,790.0,confirmed,employee_count
33,岡山県,2021,1,249800.0,5110.0,confirmed,employee_count
34,広島県,2021,1,307570.0,2900.0,confirmed,employee_count
35,山口県,2021,1,213500.0,1460.0,confirmed,employee_count
36,徳島県,2021,1,76940.0,180.0,confirmed,employee_count
37,香川県,2021,1,112710.0,1270.0,confirmed,employee_count
38,愛媛県,2021,1,139080.0,2000.0,confirmed,employee_count
39,高知県,2021,1,92360.0,200.0,confirmed,employee_count
40,福岡県,2021,1,588790.0,10220.0,confirmed,employee_count
41,佐賀県,2021,1,87290.0,220.0,confirmed,employee_count
42,長崎県,2021,1,247680.0,2940.0,confirmed,employee_count
43,熊本県,2021,1,247020.0,1240.0,confirmed,employee_count
44,大分県,2021,1,208880.0,2460.0,confirmed,employee_count
45,宮崎県,2021,1,148510.0,290.0,confirmed,employee_count
46,鹿児島県,2021,1,265360.0,730.0,confirmed,employee_count
47,沖縄県,2021,1,627330.0,14060.0,confirmed,employee_count
01,北海道,2021,2,1083490.0,3250.0,confirmed,employee_count
02,青森県,2021,2,226130.0,1270.0,confirmed,employee_count
03,岩手県,2021,2,300750.0,1140.0,confirmed,employee_count
04,宮城県,2021,2,396110.0,2000.0,confirmed,employee_count
05,秋田県,2021,2,174370.0,320.0,confirmed,employee_count
06,山形県,2021,2,235620.0,750.0,confirmed,employee_count
07,福島県,2021,2,587510.0,2120.0,confirmed,employee_count
08,茨城県,2021,2,265200.0,1030.0,confirmed,employee_count
09,栃木県,2021,2,291900.0,720.0,confirmed,employee_count
10,群馬県,2021,2,270090.0,1270.0,confirmed,employee_count
11,埼玉県,2021,2,212370.0,1000.0,confirmed,employee_count
12,千葉県,2021,2,702380.0,24240.0,confirmed,employee_count
13,東京都,2021,2,2166110.0,31930.0,confirmed,employee_count
14,神奈川県,2021,2,880890.0,14100.0,confirmed,employee_count
15,新潟県,2021,2,406660.0,840.0,confirmed,employee_count
16,富山県,2021,2,112000.0,790.0,confirmed,employee_count
17,石川県,2021,2,229670.0,650.0,confirmed,employee_count
18,福井県,2021,2,125660.0,350.0,confirmed,employee_count
19,山梨県,2021,2,181480.0,490.0,confirmed,employee_count
20,長野県,2021,2,662020.0,2260.0,confirmed,employee_count
21,岐阜県,2021,2,221630.0,1140.0,confirmed,employee_count
22,静岡県,2021,2,751980.0,3900.0,confirmed,employee_count
23,愛知県,2021,2,625130.0,7200.0,confirmed,employee_count
24,三重県,2021,2,260970.0,1420.0,confirmed,employee_count
25,滋賀県,2021,2,157380.0,760.0,confirmed,employee_count
26,京都府,2021,2,590550.0,3910.0,confirmed,employee_count
27,大阪府,2021,2,921810.0,15850.0,confirmed,employee_count
28,兵庫県,2021,2,501770.0,3010.0,confirmed,employee_count
29,奈良県,2021,2,82730.0,310.0,confirmed,employee_count
30,和歌山県,2021,2,177780.0,200.0,confirmed,employee_count
31,鳥取県,2021,2,135830.0,570.0,confirmed,employee_count
32,島根県,2021,2,142560.0,600.0,confirmed,employee_count
33,岡山県,2021,2,259870.0,1660.0,confirmed,employee_count
34,広島県,2021,2,367040.0,1560.0,confirmed,employee_count
35,山口県,2021,2,205330.0,1130.0,confirmed,employee_count
36,徳島県,2021,2,93770.0,250.0,confirmed,employee_count
37,香川県,2021,2,119690.0,660.0,confirmed,employee_count
38,愛媛県,2021,2,144760.0,1550.0,confirmed,employee_count
39,高知県,2021,2,111280.0,140.0,confirmed,employee_count
40,福岡県,2021,2,516140.0,4810.0,confirmed,employee_count
41,佐賀県,2021,2,90460.0,450.0,confirmed,employee_count
42,長崎県,2021,2,250550.0,3100.0,confirmed,employee_count
43,熊本県,2021,2,257780.0,870.0,confirmed,employee_count
44,大分県,2021,2,220340.0,1020.0,confirmed,employee_count
45,宮崎県,2021,2,210940.0,430.0,confirmed,employee_count
46,鹿児島県,2021,2,284550.0,760.0,confirmed,employee_count
47,沖縄県,2021,2,611810.0,13870.0,confirmed,employee_count
01,北海道,2021,3,1445680.0,3140.0,confirmed,employee_count
02,青森県,2021,3,268700.0,690.0,confirmed,employee_count
03,岩手県,2021,3,380520.0,860.0,confirmed,employee_count
04,宮城県,2021,3,537110.0,2610.0,confirmed,employee_count
05,秋田県,2021,3,176850.0,190.0,confirmed,employee_count
06,山形県,2021,3,309440.0,470.0,confirmed,employee_count
07,福島県,2021,3,786450.0,1440.0,confirmed,employee_count
08,茨城県,2021,3,384020.0,1170.0,confirmed,employee_count
09,栃木県,2021,3,553760.0,850.0,confirmed,employee_count
10,群馬県,2021,3,435060.0,780.0,confirmed,employee_count
11,埼玉県,2021,3,280580.0,1420.0,confirmed,employee_count
12,千葉県,2021,3,1030950.0,29980.0,confirmed,employee_count
13,東京都,2021,3,2863640.0,33940.0,confirmed,employee_count
14,神奈川県,2021,3,1161060.0,14560.0,confirmed,employee_count
15,新潟県,2021,3,556560.0,8700.0,confirmed,employee_count
16,富山県,2021,3,204850.0,940.0,confirmed,employee_count
17,石川県,2021,3,411760.0,880.0,confirmed,employee_count
18,福井県,2021,3,208810.0,340.0,confirmed,employee_count
19,山梨県,2021,3,357610.0,620.0,confirmed,employee_count
20,長野県,2021,3,950970.0,1940.0,confirmed,employee_count
21,岐阜県,2021,3,348990.0,1090.0,confirmed,employee_count
22,静岡県,2021,3,1230320.0,3390.0,confirmed,employee_count
23,愛知県,2021,3,991090.0,8630.0,confirmed,employee_count
24,三重県,2021,3,476610.0,570.0,confirmed,employee_count
25,滋賀県,2021,3,227410.0,900.0,confirmed,employee_count
26,京都府,2021,3,1160510.0,15520.0,confirmed,employee_count
27,大阪府,2021,3,1586870.0,18510.0,confirmed,employee_count
28,兵庫県,2021,3,802890.0,4540.0,confirmed,employee_count
29,奈良県,2021,3,147910.0,600.0,confirmed,employee_count
30,和歌山県,2021,3,321700.0,250.0,confirmed,employee_count
31,鳥取県,2021,3,230770.0,500.0,confirmed,employee_count
32,島根県,2021,3,250460.0,760.0,confirmed,employee_count
33,岡山県,2021,3,375690.0,1480.0,confirmed,employee_count
34,広島県,2021,3,510790.0,2980.0,confirmed,employee_count
35,山口県,2021,3,281690.0,1580.0,confirmed,employee_count
36,徳島県,2021,3,149630.0,490.0,confirmed,employee_count
37,香川県,2021,3,227940.0,740.0,confirmed,employee_count
38,愛媛県,2021,3,242630.0,770.0,confirmed,employee_count
39,高知県,2021,3,171400.0,180.0,confirmed,employee_count
40,福岡県,2021,3,868040.0,5440.0,confirmed,employee_count
41,佐賀県,2021,3,140030.0,320.0,confirmed,employee_count
42,長崎県,2021,3,447010.0,5690.0,confirmed,employee_count
43,熊本県,2021,3,420140.0,1050.0,confirmed,employee_count
44,大分県,2021,3,384630.0,1780.0,confirmed,employee_count
45,宮崎県,2021,3,292920.0,550.0,confirmed,employee_count
46,鹿児島県,2021,3,460100.0,880.0,confirmed,employee_count
47,沖縄県,2021,3,1091450.0,11800.0,confirmed,employee_count
01,北海道,2021,4,1221760.0,1660.0,confirmed,employee_count
02,青森県,2021,4,243820.0,1400.0,confirmed,employee_count
03,岩手県,2021,4,295120.0,510.0,confirmed,employee_count
04,宮城県,2021,4,383330.0,1490.0,confirmed,employee_count
05,秋田県,2021,4,171740.0,300.0,confirmed,employee_count
06,山形県,2021,4,191690.0,570.0,confirmed,employee_count
07,福島県,2021,4,606770.0,1650.0,confirmed,employee_count
08,茨城県,2021,4,337570.0,1080.0,confirmed,employee_count
09,栃木県,2021,4,471090.0,1170.0,confirmed,employee_count
10,群馬県,2021,4,389280.0,720.0,confirmed,employee_count
11,埼玉県,2021,4,277100.0,1280.0,confirmed,employee_count
12,千葉県,2021,4,1032990.0,29110.0,confirmed,employee_count
13,東京都,2021,4,2851110.0,42260.0,confirmed,employee_count
14,神奈川県,2021,4,1068120.0,13810.0,confirmed,employee_count
15,新潟県,2021,4,415170.0,900.0,confirmed,employee_count
16,富山県,2021,4,177370.0,550.0,confirmed,employee_count
17,石川県,2021,4,321370.0,600.0,confirmed,employee_count
18,福井県,2021,4,145970.0,390.0,confirmed,employee_count
19,山梨県,2021,4,288790.0,420.0,confirmed,employee_count
20,長野県,2021,4,592400.0,890.0,confirmed,employee_count
21,岐阜県,2021,4,271170.0,890.0,confirmed,employee_count
22,静岡県,2021,4,1035970.0,3460.0,confirmed,employee_count
23,愛知県,2021,4,854090.0,7260.0,confirmed,employee_count
24,三重県,2021,4,352590.0,980.0,confirmed,employee_count
25,滋賀県,2021,4,186330.0,700.0,confirmed,employee_count
26,京都府,2021,4,722020.0,4420.0,confirmed,employee_count
27,大阪府,2021,4,1135270.0,14570.0,confirmed,employee_count
28,兵庫県,2021,4,561680.0,3630.0,confirmed,employee_count
29,奈良県,2021,4,106940.0,450.0,confirmed,employee_count
30,和歌山県,2021,4,218300.0,270.0,confirmed,employee_count
31,鳥取県,2021,4,167640.0,300.0,confirmed,employee_count
32,島根県,2021,4,211250.0,820.0,confirmed,employee_count
33,岡山県,2021,4,263820.0,880.0,confirmed,employee_count
34,広島県,2021,4,434250.0,3060.0,confirmed,employee_count
35,山口県,2021,4,243890.0,890.0,confirmed,employee_count
36,徳島県,2021,4,125390.0,220.0,confirmed,employee_count
37,香川県,2021,4,152360.0,480.0,confirmed,employee_count
38,愛媛県,2021,4,167910.0,490.0,confirmed,employee_count
39,高知県,2021,4,137860.0,210.0,confirmed,employee_count
40,福岡県,2021,4,756980.0,4370.0,confirmed,employee_count
41,佐賀県,2021,4,107930.0,970.0,confirmed,employee_count
42,長崎県,2021,4,364150.0,7510.0,confirmed,employee_count
43,熊本県,2021,4,405320.0,850.0,confirmed,employee_count
44,大分県,2021,4,321530.0,730.0,confirmed,employee_count
45,宮崎県,2021,4,240490.0,300.0,confirmed,employee_count
46,鹿児島県,2021,4,349250.0,630.0,confirmed,employee_count
47,沖縄県,2021,4,947490.0,9630.0,confirmed,employee_count
01,北海道,2021,5,1168190.0,1780.0,confirmed,employee_count
02,青森県,2021,5,242360.0,1410.0,confirmed,employee_count
03,岩手県,2021,5,351070.0,590.0,confirmed,employee_count
04,宮城県,2021,5,416960.0,2500.0,confirmed,employee_count
05,秋田県,2021,5,208440.0,680.0,confirmed,employee_count
06,山形県,2021,5,241630.0,890.0,confirmed,employee_count
07,福島県,2021,5,579190.0,990.0,confirmed,employee_count
08,茨城県,2021,5,341480.0,1070.0,confirmed,employee_count
09,栃木県,2021,5,521420.0,1500.0,confirmed,employee_count
10,群馬県,2021,5,350190.0,620.0,confirmed,employee_count
11,埼玉県,2021,5,260720.0,940.0,confirmed,employee_count
12,千葉県,2021,5,984570.0,31950.0,confirmed,employee_count
13,東京都,2021,5,2485260.0,41970.0,confirmed,employee_count
14,神奈川県,2021,5,1075320.0,15760.0,confirmed,employee_count
15,新潟県,2021,5,458730.0,1080.0,confirmed,employee_count
16,富山県,2021,5,156810.0,550.0,confirmed,employee_count
17,石川県,2021,5,264120.0,700.0,confirmed,employee_count
18,福井県,2021,5,141120.0,580.0,confirmed,employee_count
19,山梨県,2021,5,361650.0,340.0,confirmed,employee_count
20,長野県,2021,5,702050.0,1140.0,confirmed,employee_count
21,岐阜県,2021,5,266660.0,730.0,confirmed,employee_count
22,静岡県,2021,5,1095250.0,3940.0,confirmed,employee_count
23,愛知県,2021,5,774890.0,8530.0,confirmed,employee_count
24,三重県,2021,5,346260.0,400.0,confirmed,employee_count
25,滋賀県,2021,5,193780.0,750.0,confirmed,employee_count
26,京都府,2021,5,522470.0,2710.0,confirmed,employee_count
27,大阪府,2021,5,816850.0,19580.0,confirmed,employee_count
28,兵庫県,2021,5,444880.0,4020.0,confirmed,employee_count
29,奈良県,2021,5,100250.0,190.0,confirmed,employee_count
30,和歌山県,2021,5,212090.0,250.0,confirmed,employee_count
31,鳥取県,2021,5,167890.0,800.0,confirmed,employee_count
32,島根県,2021,5,213170.0,750.0,confirmed,employee_count
33,岡山県,2021,5,218710.0,860.0,confirmed,employee_count
34,広島県,2021,5,375720.0,2800.0,confirmed,employee_count
35,山口県,2021,5,246210.0,1530.0,confirmed,employee_count
36,徳島県,2021,5,100500.0,160.0,confirmed,employee_count
37,香川県,2021,5,133840.0,980.0,confirmed,employee_count
38,愛媛県,2021,5,143970.0,1800.0,confirmed,employee_count
39,高知県,2021,5,139910.0,190.0,confirmed,employee_count
40,福岡県,2021,5,561570.0,5130.0,confirmed,employee_count
41,佐賀県,2021,5,97390.0,140.0,confirmed,employee_count
42,長崎県,2021,5,257640.0,4680.0,confirmed,employee_count
43,熊本県,2021,5,334310.0,1000.0,confirmed,employee_count
44,大分県,2021,5,258310.0,610.0,confirmed,employee_count
45,宮崎県,2021,5,178620.0,270.0,confirmed,employee_count
46,鹿児島県,2021,5,353650.0,1020.0,confirmed,employee_count
47,沖縄県,2021,5,859680.0,10520.0,confirmed,employee_count
01,北海道,2021,6,1086360.0,1130.0,confirmed,employee_count
02,青森県,2021,6,253410.0,760.0,confirmed,employee_count
03,岩手県,2021,6,344270.0,430.0,confirmed,employee_count
04,宮城県,2021,6,459250.0,2050.0,confirmed,employee_count
05,秋田県,2021,6,198060.0,320.0,confirmed,employee_count
06,山形県,2021,6,247590.0,540.0,confirmed,employee_count
07,福島県,2021,6,568360.0,1110.0,confirmed,employee_count
08,茨城県,2021,6,308430.0,760.0,confirmed,employee_count
09,栃木県,2021,6,456960.0,1590.0,confirmed,employee_count
10,群馬県,2021,6,283630.0,640.0,confirmed,employee_count
11,埼玉県,2021,6,242060.0,870.0,confirmed,employee_count
12,千葉県,2021,6,926990.0,39340.0,confirmed,employee_count
13,東京都,2021,6,2785890.0,55820.0,confirmed,employee_count
14,神奈川県,2021,6,1014460.0,12920.0,confirmed,employee_count
15,新潟県,2021,6,454290.0,1110.0,confirmed,employee_count
16,富山県,2021,6,142480.0,430.0,confirmed,employee_count
17,石川県,2021,6,218600.0,460.0,confirmed,employee_count
18,福井県,2021,6,144470.0,560.0,confirmed,employee_count
19,山梨県,2021,6,280300.0,320.0,confirmed,employee_count
20,長野県,2021,6,605770.0,820.0,confirmed,employee_count
21,岐阜県,2021,6,195340.0,1060.0,confirmed,employee_count
22,静岡県,2021,6,919150.0,7450.0,confirmed,employee_count
23,愛知県,2021,6,759620.0,7430.0,confirmed,employee_count
24,三重県,2021,6,326290.0,840.0,confirmed,employee_count
25,滋賀県,2021,6,168710.0,560.0,confirmed,employee_count
26,京都府,2021,6,613150.0,3780.0,confirmed,employee_count
27,大阪府,2021,6,1062550.0,14940.0,confirmed,employee_count
28,兵庫県,2021,6,506580.0,5010.0,confirmed,employee_count
29,奈良県,2021,6,81720.0,150.0,confirmed,employee_count
30,和歌山県,2021,6,202060.0,190.0,confirmed,employee_count
31,鳥取県,2021,6,154960.0,500.0,confirmed,employee_count
32,島根県,2021,6,185360.0,650.0,confirmed,employee_count
33,岡山県,2021,6,240340.0,540.0,confirmed,employee_count
34,広島県,2021,6,298030.0,1830.0,confirmed,employee_count
35,山口県,2021,6,215460.0,1310.0,confirmed,employee_count
36,徳島県,2021,6,101200.0,200.0,confirmed,employee_count
37,香川県,2021,6,121620.0,670.0,confirmed,employee_count
38,愛媛県,2021,6,171020.0,890.0,confirmed,employee_count
39,高知県,2021,6,97960.0,80.0,confirmed,employee_count
40,福岡県,2021,6,561410.0,6330.0,confirmed,employee_count
41,佐賀県,2021,6,88590.0,140.0,confirmed,employee_count
42,長崎県,2021,6,243970.0,2120.0,confirmed,employee_count
43,熊本県,2021,6,274870.0,660.0,confirmed,employee_count
44,大分県,2021,6,215570.0,1000.0,confirmed,employee_count
45,宮崎県,2021,6,199570.0,420.0,confirmed,employee_count
46,鹿児島県,2021,6,289400.0,460.0,confirmed,employee_count
47,沖縄県,2021,6,587230.0,12700.0,confirmed,employee_count
01,北海道,2021,7,2016500.0,12120.0,confirmed,employee_count
02,青森県,2021,7,334600.0,730.0,confirmed,employee_count
03,岩手県,2021,7,428690.0,1950.0,confirmed,employee_count
04,宮城県,2021,7,615920.0,7050.0,confirmed,employee_count
05,秋田県,2021,7,257040.0,680.0,confirmed,employee_count
06,山形県,2021,7,320210.0,930.0,confirmed,employee_count
07,福島県,2021,7,732480.0,3970.0,confirmed,employee_count
08,茨城県,2021,7,390700.0,3920.0,confirmed,employee_count
09,栃木県,2021,7,658920.0,2370.0,confirmed,employee_count
10,群馬県,2021,7,465010.0,1850.0,confirmed,employee_count
11,埼玉県,2021,7,334270.0,7230.0,confirmed,employee_count
12,千葉県,2021,7,1358800.0,62650.0,confirmed,employee_count
13,東京都,2021,7,3825180.0,430880.0,confirmed,employee_count
14,神奈川県,2021,7,1293110.0,35550.0,confirmed,employee_count
15,新潟県,2021,7,659820.0,1590.0,confirmed,employee_count
16,富山県,2021,7,239240.0,1440.0,confirmed,employee_count
17,石川県,2021,7,438850.0,1970.0,confirmed,employee_count
18,福井県,2021,7,241450.0,700.0,confirmed,employee_count
19,山梨県,2021,7,481320.0,3760.0,confirmed,employee_count
20,長野県,2021,7,1127580.0,1960.0,confirmed,employee_count
21,岐阜県,2021,7,366010.0,4860.0,confirmed,employee_count
22,静岡県,2021,7,1372520.0,18930.0,confirmed,employee_count
23,愛知県,2021,7,1040370.0,6310.0,confirmed,employee_count
24,三重県,2021,7,493180.0,1220.0,confirmed,employee_count
25,滋賀県,2021,7,282150.0,1050.0,confirmed,employee_count
26,京都府,2021,7,1037200.0,5830.0,confirmed,employee_count
27,大阪府,2021,7,1553660.0,18050.0,confirmed,employee_count
28,兵庫県,2021,7,860790.0,6780.0,confirmed,employee_count
29,奈良県,2021,7,141890.0,270.0,confirmed,employee_count
30,和歌山県,2021,7,387180.0,740.0,confirmed,employee_count
31,鳥取県,2021,7,216910.0,550.0,confirmed,employee_count
32,島根県,2021,7,236380.0,790.0,confirmed,employee_count
33,岡山県,2021,7,349510.0,1820.0,confirmed,employee_count
34,広島県,2021,7,496850.0,3660.0,confirmed,employee_count
35,山口県,2021,7,294560.0,1780.0,confirmed,employee_count
36,徳島県,2021,7,153480.0,1140.0,confirmed,employee_count
37,香川県,2021,7,217280.0,1450.0,confirmed,employee_count
38,愛媛県,2021,7,247250.0,790.0,confirmed,employee_count
39,高知県,2021,7,171730.0,740.0,confirmed,employee_count
40,福岡県,2021,7,884530.0,7820.0,confirmed,employee_count
41,佐賀県,2021,7,149380.0,1760.0,confirmed,employee_count
42,長崎県,2021,7,442030.0,2820.0,confirmed,employee_count
43,熊本県,2021,7,436460.0,1880.0,confirmed,employee_count
44,大分県,2021,7,378080.0,2850.0,confirmed,employee_count
45,宮崎県,2021,7,326250.0,2190.0,confirmed,employee_count
46,鹿児島県,2021,7,471120.0,740.0,confirmed,employee_count
47,沖縄県,2021,7,972310.0,26540.0,confirmed,employee_count
01,北海道,2021,8,2176770.0,10330.0,confirmed,employee_count
02,青森県,2021,8,358910.0,2920.0,confirmed,employee_count
03,岩手県,2021,8,377510.0,990.0,confirmed,employee_count
04,宮城県,2021,8,614730.0,4040.0,confirmed,employee_count
05,秋田県,2021,8,251720.0,550.0,confirmed,employee_count
06,山形県,2021,8,379450.0,690.0,confirmed,employee_count
07,福島県,2021,8,724300.0,2050.0,confirmed,employee_count
08,茨城県,2021,8,358470.0,1310.0,confirmed,employee_count
09,栃木県,2021,8,701520.0,740.0,confirmed,employee_count
10,群馬県,2021,8,555010.0,1110.0,confirmed,employee_count
11,埼玉県,2021,8,338000.0,5320.0,confirmed,employee_count
12,千葉県,2021,8,1460110.0,59540.0,confirmed,employee_count
13,東京都,2021,8,3535150.0,298590.0,confirmed,employee_count
14,神奈川県,2021,8,1428000.0,28730.0,confirmed,employee_count
15,新潟県,2021,8,767990.0,1160.0,confirmed,employee_count
16,富山県,2021,8,263900.0,860.0,confirmed,employee_count
17,石川県,2021,8,402470.0,1170.0,confirmed,employee_count
18,福井県,2021,8,281160.0,800.0,confirmed,employee_count
19,山梨県,2021,8,584120.0,2790.0,confirmed,employee_count
20,長野県,2021,8,1325890.0,1840.0,confirmed,employee_count
21,岐阜県,2021,8,399810.0,7510.0,confirmed,employee_count
22,静岡県,2021,8,1652560.0,12840.0,confirmed,employee_count
23,愛知県,2021,8,1039110.0,7090.0,confirmed,employee_count
24,三重県,2021,8,598410.0,1250.0,confirmed,employee_count
25,滋賀県,2021,8,322550.0,1260.0,confirmed,employee_count
26,京都府,2021,8,1013070.0,5070.0,confirmed,employee_count
27,大阪府,2021,8,1534560.0,17730.0,confirmed,employee_count
28,兵庫県,2021,8,970590.0,5340.0,confirmed,employee_count
29,奈良県,2021,8,179960.0,400.0,confirmed,employee_count
30,和歌山県,2021,8,478840.0,430.0,confirmed,employee_count
31,鳥取県,2021,8,200570.0,230.0,confirmed,employee_count
32,島根県,2021,8,230730.0,920.0,confirmed,employee_count
33,岡山県,2021,8,296570.0,860.0,confirmed,employee_count
34,広島県,2021,8,485080.0,2760.0,confirmed,employee_count
35,山口県,2021,8,305750.0,1150.0,confirmed,employee_count
36,徳島県,2021,8,158690.0,490.0,confirmed,employee_count
37,香川県,2021,8,237630.0,820.0,confirmed,employee_count
38,愛媛県,2021,8,237580.0,1010.0,confirmed,employee_count
39,高知県,2021,8,209450.0,130.0,confirmed,employee_count
40,福岡県,2021,8,760870.0,4260.0,confirmed,employee_count
41,佐賀県,2021,8,154850.0,610.0,confirmed,employee_count
42,長崎県,2021,8,378090.0,3270.0,confirmed,employee_count
43,熊本県,2021,8,384400.0,710.0,confirmed,employee_count
44,大分県,2021,8,389810.0,1540.0,confirmed,employee_count
45,宮崎県,2021,8,250480.0,650.0,confirmed,employee_count
46,鹿児島県,2021,8,456330.0,700.0,confirmed,employee_count
47,沖縄県,2021,8,1080320.0,20670.0,confirmed,employee_count
01,北海道,2021,9,1560640.0,2130.0,confirmed,employee_count
02,青森県,2021,9,283430.0,1190.0,confirmed,employee_count
03,岩手県,2021,9,285750.0,460.0,confirmed,employee_count
04,宮城県,2021,9,454450.0,1950.0,confirmed,employee_count
05,秋田県,2021,9,226890.0,90.0,confirmed,employee_count
06,山形県,2021,9,293540.0,520.0,confirmed,employee_count
07,福島県,2021,9,633590.0,1030.0,confirmed,employee_count
08,茨城県,2021,9,298360.0,1990.0,confirmed,employee_count
09,栃木県,2021,9,468080.0,780.0,confirmed,employee_count
10,群馬県,2021,9,348920.0,1070.0,confirmed,employee_count
11,埼玉県,2021,9,259480.0,1120.0,confirmed,employee_count
12,千葉県,2021,9,1078300.0,50070.0,confirmed,employee_count
13,東京都,2021,9,2906810.0,70320.0,confirmed,employee_count
14,神奈川県,2021,9,1136980.0,12130.0,confirmed,employee_count
15,新潟県,2021,9,494150.0,760.0,confirmed,employee_count
16,富山県,2021,9,175060.0,710.0,confirmed,employee_count
17,石川県,2021,9,265570.0,1020.0,confirmed,employee_count
18,福井県,2021,9,168260.0,680.0,confirmed,employee_count
19,山梨県,2021,9,371010.0,1730.0,confirmed,employee_count
20,長野県,2021,9,873970.0,1430.0,confirmed,employee_count
21,岐阜県,2021,9,240940.0,460.0,confirmed,employee_count
22,静岡県,2021,9,941220.0,3550.0,confirmed,employee_count
23,愛知県,2021,9,771890.0,5970.0,confirmed,employee_count
24,三重県,2021,9,311920.0,1190.0,confirmed,employee_count
25,滋賀県,2021,9,174760.0,700.0,confirmed,employee_count
26,京都府,2021,9,756800.0,4000.0,confirmed,employee_count
27,大阪府,2021,9,1328260.0,22510.0,confirmed,employee_count
28,兵庫県,2021,9,604680.0,4040.0,confirmed,employee_count
29,奈良県,2021,9,124300.0,420.0,confirmed,employee_count
30,和歌山県,2021,9,289670.0,390.0,confirmed,employee_count
31,鳥取県,2021,9,161010.0,170.0,confirmed,employee_count
32,島根県,2021,9,189110.0,590.0,confirmed,employee_count
33,岡山県,2021,9,229260.0,1010.0,confirmed,employee_count
34,広島県,2021,9,351260.0,2430.0,confirmed,employee_count
35,山口県,2021,9,216920.0,1140.0,confirmed,employee_count
36,徳島県,2021,9,123670.0,200.0,confirmed,employee_count
37,香川県,2021,9,150540.0,200.0,confirmed,employee_count
38,愛媛県,2021,9,164140.0,770.0,confirmed,employee_count
39,高知県,2021,9,136430.0,110.0,confirmed,employee_count
40,福岡県,2021,9,638470.0,7690.0,confirmed,employee_count
41,佐賀県,2021,9,110130.0,330.0,confirmed,employee_count
42,長崎県,2021,9,274910.0,3600.0,confirmed,employee_count
43,熊本県,2021,9,300830.0,990.0,confirmed,employee_count
44,大分県,2021,9,285440.0,720.0,confirmed,employee_count
45,宮崎県,2021,9,182610.0,330.0,confirmed,employee_count
46,鹿児島県,2021,9,321570.0,440.0,confirmed,employee_count
47,沖縄県,2021,9,800400.0,12100.0,confirmed,employee_count
01,北海道,2021,10,2132300.0,2130.0,confirmed,employee_count
02,青森県,2021,10,390730.0,770.0,confirmed,employee_count
03,岩手県,2021,10,450370.0,1440.0,confirmed,employee_count
04,宮城県,2021,10,679830.0,1760.0,confirmed,employee_count
05,秋田県,2021,10,305340.0,420.0,confirmed,employee_count
06,山形県,2021,10,355980.0,730.0,confirmed,employee_count
07,福島県,2021,10,902300.0,2510.0,confirmed,employee_count
08,茨城県,2021,10,400370.0,1380.0,confirmed,employee_count
09,栃木県,2021,10,793930.0,1270.0,confirmed,employee_count
10,群馬県,2021,10,512790.0,860.0,confirmed,employee_count
11,埼玉県,2021,10,313300.0,1310.0,confirmed,employee_count
12,千葉県,2021,10,1296630.0,49210.0,confirmed,employee_count
13,東京都,2021,10,3538150.0,70340.0,confirmed,employee_count
14,神奈川県,2021,10,1421780.0,13170.0,confirmed,employee_count
15,新潟県,2021,10,707400.0,1080.0,confirmed,employee_count
16,富山県,2021,10,252540.0,700.0,confirmed,employee_count
17,石川県,2021,10,454360.0,1140.0,confirmed,employee_count
18,福井県,2021,10,233250.0,590.0,confirmed,employee_count
19,山梨県,2021,10,491270.0,440.0,confirmed,employee_count
20,長野県,2021,10,1241670.0,1160.0,confirmed,employee_count
21,岐阜県,2021,10,368180.0,420.0,confirmed,employee_count
22,静岡県,2021,10,1243690.0,3200.0,confirmed,employee_count
23,愛知県,2021,10,1156190.0,5290.0,confirmed,employee_count
24,三重県,2021,10,489560.0,1190.0,confirmed,employee_count
25,滋賀県,2021,10,269360.0,450.0,confirmed,employee_count
26,京都府,2021,10,1246980.0,7010.0,confirmed,employee_count
27,大阪府,2021,10,1915560.0,21930.0,confirmed,employee_count
28,兵庫県,2021,10,850050.0,3600.0,confirmed,employee_count
29,奈良県,2021,10,151290.0,730.0,confirmed,employee_count
30,和歌山県,2021,10,351790.0,810.0,confirmed,employee_count
31,鳥取県,2021,10,223290.0,170.0,confirmed,employee_count
32,島根県,2021,10,262540.0,620.0,confirmed,employee_count
33,岡山県,2021,10,342660.0,1010.0,confirmed,employee_count
34,広島県,2021,10,636860.0,3090.0,confirmed,employee_count
35,山口県,2021,10,344450.0,1230.0,confirmed,employee_count
36,徳島県,2021,10,162420.0,150.0,confirmed,employee_count
37,香川県,2021,10,227770.0,340.0,confirmed,employee_count
38,愛媛県,2021,10,246130.0,1270.0,confirmed,employee_count
39,高知県,2021,10,187370.0,100.0,confirmed,employee_count
40,福岡県,2021,10,989620.0,18390.0,confirmed,employee_count
41,佐賀県,2021,10,153200.0,220.0,confirmed,employee_count
42,長崎県,2021,10,510740.0,3860.0,confirmed,employee_count
43,熊本県,2021,10,507740.0,870.0,confirmed,employee_count
44,大分県,2021,10,432680.0,2090.0,confirmed,employee_count
45,宮崎県,2021,10,323320.0,350.0,confirmed,employee_count
46,鹿児島県,2021,10,481660.0,440.0,confirmed,employee_count
47,沖縄県,2021,10,1122890.0,12310.0,confirmed,employee_count
01,北海道,2021,11,2021940.0,1500.0,confirmed,employee_count
02,青森県,2021,11,399080.0,620.0,confirmed,employee_count
03,岩手県,2021,11,479750.0,890.0,confirmed,employee_count
04,宮城県,2021,11,753920.0,2430.0,confirmed,employee_count
05,秋田県,2021,11,261340.0,410.0,confirmed,employee_count
06,山形県,2021,11,346860.0,720.0,confirmed,employee_count
07,福島県,2021,11,881500.0,970.0,confirmed,employee_count
08,茨城県,2021,11,460850.0,1090.0,confirmed,employee_count
09,栃木県,2021,11,920300.0,1280.0,confirmed,employee_count
10,群馬県,2021,11,615870.0,840.0,confirmed,employee_count
11,埼玉県,2021,11,348430.0,1070.0,confirmed,employee_count
12,千葉県,2021,11,1593780.0,58210.0,confirmed,employee_count
13,東京都,2021,11,4171900.0,72140.0,confirmed,employee_count
14,神奈川県,2021,11,1610550.0,15380.0,confirmed,employee_count
15,新潟県,2021,11,706080.0,720.0,confirmed,employee_count
16,富山県,2021,11,293050.0,590.0,confirmed,employee_count
17,石川県,2021,11,614090.0,800.0,confirmed,employee_count
18,福井県,2021,11,267320.0,440.0,confirmed,employee_count
19,山梨県,2021,11,548210.0,480.0,confirmed,employee_count
20,長野県,2021,11,1081570.0,940.0,confirmed,employee_count
21,岐阜県,2021,11,451140.0,830.0,confirmed,employee_count
22,静岡県,2021,11,1561240.0,3750.0,confirmed,employee_count
23,愛知県,2021,11,1241310.0,6150.0,confirmed,employee_count
24,三重県,2021,11,630680.0,1040.0,confirmed,employee_count
25,滋賀県,2021,11,315170.0,860.0,confirmed,employee_count
26,京都府,2021,11,1953140.0,10560.0,confirmed,employee_count
27,大阪府,2021,11,2221740.0,27970.0,confirmed,employee_count
28,兵庫県,2021,11,1080760.0,3090.0,confirmed,employee_count
29,奈良県,2021,11,195450.0,1200.0,confirmed,employee_count
30,和歌山県,2021,11,410510.0,400.0,confirmed,employee_count
31,鳥取県,2021,11,264040.0,290.0,confirmed,employee_count
32,島根県,2021,11,307370.0,600.0,confirmed,employee_count
33,岡山県,2021,11,456940.0,880.0,confirmed,employee_count
34,広島県,2021,11,768390.0,4580.0,confirmed,employee_count
35,山口県,2021,11,369100.0,1100.0,confirmed,employee_count
36,徳島県,2021,11,164000.0,130.0,confirmed,employee_count
37,香川県,2021,11,276070.0,360.0,confirmed,employee_count
38,愛媛県,2021,11,318930.0,790.0,confirmed,employee_count
39,高知県,2021,11,226480.0,200.0,confirmed,employee_count
40,福岡県,2021,11,1167780.0,7820.0,confirmed,employee_count
41,佐賀県,2021,11,196120.0,470.0,confirmed,employee_count
42,長崎県,2021,11,620740.0,2870.0,confirmed,employee_count
43,熊本県,2021,11,567530.0,950.0,confirmed,employee_count
44,大分県,2021,11,524430.0,980.0,confirmed,employee_count
45,宮崎県,2021,11,393890.0,410.0,confirmed,employee_count
46,鹿児島県,2021,11,594490.0,850.0,confirmed,employee_count
47,沖縄県,2021,11,1286680.0,14590.0,confirmed,employee_count
01,北海道,2021,12,2168160.0,4800.0,confirmed,employee_count
02,青森県,2021,12,376760.0,600.0,confirmed,employee_count
03,岩手県,2021,12,451540.0,1130.0,confirmed,employee_count
04,宮城県,2021,12,768470.0,3770.0,confirmed,employee_count
05,秋田県,2021,12,234590.0,320.0,confirmed,employee_count
06,山形県,2021,12,322460.0,1040.0,confirmed,employee_count
07,福島県,2021,12,886760.0,1000.0,confirmed,employee_count
08,茨城県,2021,12,481780.0,830.0,confirmed,employee_count
09,栃木県,2021,12,814120.0,1140.0,confirmed,employee_count
10,群馬県,2021,12,614470.0,850.0,confirmed,employee_count
11,埼玉県,2021,12,386580.0,950.0,confirmed,employee_count
12,千葉県,2021,12,1821220.0,36090.0,confirmed,employee_count
13,東京都,2021,12,5089560.0,56350.0,confirmed,employee_count
14,神奈川県,2021,12,1825370.0,14490.0,confirmed,employee_count
15,新潟県,2021,12,718180.0,1130.0,confirmed,employee_count
16,富山県,2021,12,265070.0,620.0,confirmed,employee_count
17,石川県,2021,12,621440.0,1210.0,confirmed,employee_count
18,福井県,2021,12,258310.0,480.0,confirmed,employee_count
19,山梨県,2021,12,457870.0,720.0,confirmed,employee_count
20,長野県,2021,12,1070540.0,2140.0,confirmed,employee_count
21,岐阜県,2021,12,412940.0,1220.0,confirmed,employee_count
22,静岡県,2021,12,1707000.0,3340.0,confirmed,employee_count
23,愛知県,2021,12,1419890.0,7750.0,confirmed,employee_count
24,三重県,2021,12,606890.0,1120.0,confirmed,employee_count
25,滋賀県,2021,12,286860.0,650.0,confirmed,employee_count
26,京都府,2021,12,1771970.0,7740.0,confirmed,employee_count
27,大阪府,2021,12,2762530.0,25660.0,confirmed,employee_count
28,兵庫県,2021,12,1113390.0,2510.0,confirmed,employee_count
29,奈良県,2021,12,165000.0,930.0,confirmed,employee_count
30,和歌山県,2021,12,402860.0,430.0,confirmed,employee_count
31,鳥取県,2021,12,236490.0,150.0,confirmed,employee_count
32,島根県,2021,12,268840.0,620.0,confirmed,employee_count
33,岡山県,2021,12,422090.0,830.0,confirmed,employee_count
34,広島県,2021,12,807200.0,4320.0,confirmed,employee_count
35,山口県,2021,12,364770.0,940.0,confirmed,employee_count
36,徳島県,2021,12,189910.0,150.0,confirmed,employee_count
37,香川県,2021,12,292480.0,230.0,confirmed,employee_count
38,愛媛県,2021,12,314340.0,7230.0,confirmed,employee_count
39,高知県,2021,12,227430.0,120.0,confirmed,employee_count
40,福岡県,2021,12,1326330.0,6420.0,confirmed,employee_count
41,佐賀県,2021,12,195020.0,350.0,confirmed,employee_count
42,長崎県,2021,12,632030.0,5700.0,confirmed,employee_count
43,熊本県,2021,12,600560.0,5720.0,confirmed,employee_count
44,大分県,2021,12,540090.0,500.0,confirmed,employee_count
45,宮崎県,2021,12,402690.0,380.0,confirmed,employee_count
46,鹿児島県,2021,12,598280.0,1040.0,confirmed,employee_count
47,沖縄県,2021,12,1484910.0,15740.0,confirmed,employee_count
01,北海道,2022,1,1837970.0,3770.0,confirmed,employee_count
02,青森県,2022,1,253640.0,570.0,confirmed,employee_count
03,岩手県,2022,1,368930.0,480.0,confirmed,employee_count
04,宮城県,2022,1,591410.0,1310.0,confirmed,employee_count
05,秋田県,2022,1,177690.0,120.0,confirmed,employee_count
06,山形県,2022,1,276140.0,890.0,confirmed,employee_count
07,福島県,2022,1,693430.0,990.0,confirmed,employee_count
08,茨城県,2022,1,386630.0,910.0,confirmed,employee_count
09,栃木県,2022,1,574440.0,1100.0,confirmed,employee_count
10,群馬県,2022,1,512890.0,790.0,confirmed,employee_count
11,埼玉県,2022,1,326110.0,820.0,confirmed,employee_count
12,千葉県,2022,1,1427820.0,32700.0,confirmed,employee_count
13,東京都,2022,1,3479900.0,38100.0,confirmed,employee_count
14,神奈川県,2022,1,1489580.0,8770.0,confirmed,employee_count
15,新潟県,2022,1,601050.0,970.0,confirmed,employee_count
16,富山県,2022,1,184520.0,460.0,confirmed,employee_count
17,石川県,2022,1,383850.0,490.0,confirmed,employee_count
18,福井県,2022,1,159820.0,290.0,confirmed,employee_count
19,山梨県,2022,1,328710.0,230.0,confirmed,employee_count
20,長野県,2022,1,999580.0,2370.0,confirmed,employee_count
21,岐阜県,2022,1,320130.0,1160.0,confirmed,employee_count
22,静岡県,2022,1,1302770.0,2960.0,confirmed,employee_count
23,愛知県,2022,1,1048840.0,5170.0,confirmed,employee_count
24,三重県,2022,1,423830.0,1100.0,confirmed,employee_count
25,滋賀県,2022,1,197810.0,800.0,confirmed,employee_count
26,京都府,2022,1,1033190.0,4620.0,confirmed,employee_count
27,大阪府,2022,1,1736780.0,22120.0,confirmed,employee_count
28,兵庫県,2022,1,904910.0,1250.0,confirmed,employee_count
29,奈良県,2022,1,123100.0,730.0,confirmed,employee_count
30,和歌山県,2022,1,261550.0,200.0,confirmed,employee_count
31,鳥取県,2022,1,107120.0,110.0,confirmed,employee_count
32,島根県,2022,1,179140.0,590.0,confirmed,employee_count
33,岡山県,2022,1,257270.0,970.0,confirmed,employee_count
34,広島県,2022,1,479880.0,2310.0,confirmed,employee_count
35,山口県,2022,1,214020.0,810.0,confirmed,employee_count
36,徳島県,2022,1,108920.0,150.0,confirmed,employee_count
37,香川県,2022,1,191730.0,200.0,confirmed,employee_count
38,愛媛県,2022,1,206130.0,1670.0,confirmed,employee_count
39,高知県,2022,1,178450.0,70.0,confirmed,employee_count
40,福岡県,2022,1,871190.0,4890.0,confirmed,employee_count
41,佐賀県,2022,1,138660.0,150.0,confirmed,employee_count
42,長崎県,2022,1,347380.0,2660.0,confirmed,employee_count
43,熊本県,2022,1,374500.0,760.0,confirmed,employee_count
44,大分県,2022,1,400780.0,1320.0,confirmed,employee_count
45,宮崎県,2022,1,230540.0,250.0,confirmed,employee_count
46,鹿児島県,2022,1,423800.0,860.0,confirmed,employee_count
47,沖縄県,2022,1,737530.0,6950.0,confirmed,employee_count
01,北海道,2022,2,1457740.0,4050.0,confirmed,employee_count
02,青森県,2022,2,183470.0,660.0,confirmed,employee_count
03,岩手県,2022,2,293150.0,370.0,confirmed,employee_count
04,宮城県,2022,2,457170.0,900.0,confirmed,employee_count
05,秋田県,2022,2,154220.0,110.0,confirmed,employee_count
06,山形県,2022,2,237240.0,600.0,confirmed,employee_count
07,福島県,2022,2,508710.0,740.0,confirmed,employee_count
08,茨城県,2022,2,304530.0,850.0,confirmed,employee_count
09,栃木県,2022,2,423860.0,1120.0,confirmed,employee_count
10,群馬県,2022,2,368050.0,670.0,confirmed,employee_count
11,埼玉県,2022,2,275790.0,770.0,confirmed,employee_count
12,千葉県,2022,2,1222090.0,31580.0,confirmed,employee_count
13,東京都,2022,2,3288370.0,29870.0,confirmed,employee_count
14,神奈川県,2022,2,1343760.0,10880.0,confirmed,employee_count
15,新潟県,2022,2,497310.0,590.0,confirmed,employee_count
16,富山県,2022,2,155840.0,490.0,confirmed,employee_count
17,石川県,2022,2,259210.0,360.0,confirmed,employee_count
18,福井県,2022,2,135100.0,260.0,confirmed,employee_count
19,山梨県,2022,2,255980.0,200.0,confirmed,employee_count
20,長野県,2022,2,799320.0,1490.0,confirmed,employee_count
21,岐阜県,2022,2,245660.0,690.0,confirmed,employee_count
22,静岡県,2022,2,966690.0,3290.0,confirmed,employee_count
23,愛知県,2022,2,895810.0,6270.0,confirmed,employee_count
24,三重県,2022,2,342330.0,1230.0,confirmed,employee_count
25,滋賀県,2022,2,180290.0,510.0,confirmed,employee_count
26,京都府,2022,2,809310.0,3560.0,confirmed,employee_count
27,大阪府,2022,2,1414730.0,20400.0,confirmed,employee_count
28,兵庫県,2022,2,669900.0,1140.0,confirmed,employee_count
29,奈良県,2022,2,98680.0,530.0,confirmed,employee_count
30,和歌山県,2022,2,180240.0,180.0,confirmed,employee_count
31,鳥取県,2022,2,82760.0,160.0,confirmed,employee_count
32,島根県,2022,2,151120.0,540.0,confirmed,employee_count
33,岡山県,2022,2,220480.0,640.0,confirmed,employee_count
34,広島県,2022,2,415360.0,2340.0,confirmed,employee_count
35,山口県,2022,2,205720.0,1060.0,confirmed,employee_count
36,徳島県,2022,2,94070.0,180.0,confirmed,employee_count
37,香川県,2022,2,152950.0,230.0,confirmed,employee_count
38,愛媛県,2022,2,181090.0,1040.0,confirmed,employee_count
39,高知県,2022,2,148040.0,160.0,confirmed,employee_count
40,福岡県,2022,2,680940.0,5040.0,confirmed,employee_count
41,佐賀県,2022,2,90220.0,160.0,confirmed,employee_count
42,長崎県,2022,2,260130.0,4220.0,confirmed,employee_count
43,熊本県,2022,2,304100.0,420.0,confirmed,employee_count
44,大分県,2022,2,298400.0,1420.0,confirmed,employee_count
45,宮崎県,2022,2,186940.0,150.0,confirmed,employee_count
46,鹿児島県,2022,2,322340.0,370.0,confirmed,employee_count
47,沖縄県,2022,2,726090.0,18820.0,confirmed,employee_count
01,北海道,2022,3,1880890.0,3640.0,confirmed,employee_count
02,青森県,2022,3,217040.0,680.0,confirmed,employee_count
03,岩手県,2022,3,357690.0,370.0,confirmed,employee_count
04,宮城県,2022,3,555170.0,1310.0,confirmed,employee_count
05,秋田県,2022,3,157750.0,380.0,confirmed,employee_count
06,山形県,2022,3,296410.0,570.0,confirmed,employee_count
07,福島県,2022,3,644450.0,840.0,confirmed,employee_count
08,茨城県,2022,3,441900.0,2430.0,confirmed,employee_count
09,栃木県,2022,3,693270.0,1070.0,confirmed,employee_count
10,群馬県,2022,3,525540.0,590.0,confirmed,employee_count
11,埼玉県,2022,3,369650.0,1330.0,confirmed,employee_count
12,千葉県,2022,3,1746880.0,45110.0,confirmed,employee_count
13,東京都,2022,3,4232280.0,76990.0,confirmed,employee_count
14,神奈川県,2022,3,1660750.0,12850.0,confirmed,employee_count
15,新潟県,2022,3,640080.0,2450.0,confirmed,employee_count
16,富山県,2022,3,225300.0,720.0,confirmed,employee_count
17,石川県,2022,3,473650.0,210.0,confirmed,employee_count
18,福井県,2022,3,200890.0,440.0,confirmed,employee_count
19,山梨県,2022,3,419970.0,250.0,confirmed,employee_count
20,長野県,2022,3,960320.0,1370.0,confirmed,employee_count
21,岐阜県,2022,3,373480.0,290.0,confirmed,employee_count
22,静岡県,2022,3,1462170.0,3050.0,confirmed,employee_count
23,愛知県,2022,3,1273160.0,10020.0,confirmed,employee_count
24,三重県,2022,3,613050.0,830.0,confirmed,employee_count
25,滋賀県,2022,3,291730.0,1070.0,confirmed,employee_count
26,京都府,2022,3,1500430.0,11970.0,confirmed,employee_count
27,大阪府,2022,3,2118170.0,26050.0,confirmed,employee_count
28,兵庫県,2022,3,1015430.0,2010.0,confirmed,employee_count
29,奈良県,2022,3,158130.0,720.0,confirmed,employee_count
30,和歌山県,2022,3,280970.0,290.0,confirmed,employee_count
31,鳥取県,2022,3,122860.0,280.0,confirmed,employee_count
32,島根県,2022,3,217910.0,360.0,confirmed,employee_count
33,岡山県,2022,3,356350.0,1560.0,confirmed,employee_count
34,広島県,2022,3,649200.0,2440.0,confirmed,employee_count
35,山口県,2022,3,341830.0,1900.0,confirmed,employee_count
36,徳島県,2022,3,138820.0,320.0,confirmed,employee_count
37,香川県,2022,3,268980.0,470.0,confirmed,employee_count
38,愛媛県,2022,3,308820.0,1340.0,confirmed,employee_count
39,高知県,2022,3,170790.0,150.0,confirmed,employee_count
40,福岡県,2022,3,1041600.0,10340.0,confirmed,employee_count
41,佐賀県,2022,3,137470.0,660.0,confirmed,employee_count
42,長崎県,2022,3,482650.0,4540.0,confirmed,employee_count
43,熊本県,2022,3,450310.0,1850.0,confirmed,employee_count
44,大分県,2022,3,541270.0,1680.0,confirmed,employee_count
45,宮崎県,2022,3,259130.0,2730.0,confirmed,employee_count
46,鹿児島県,2022,3,515870.0,840.0,confirmed,employee_count
47,沖縄県,2022,3,1394130.0,23640.0,confirmed,employee_count
01,北海道,2022,4,1728330.0,2600.0,confirmed,employee_count
02,青森県,2022,4,307110.0,1430.0,confirmed,employee_count
03,岩手県,2022,4,360690.0,670.0,confirmed,employee_count
04,宮城県,2022,4,654130.0,1410.0,confirmed,employee_count
05,秋田県,2022,4,209520.0,470.0,confirmed,employee_count
06,山形県,2022,4,274230.0,1130.0,confirmed,employee_count
07,福島県,2022,4,715100.0,1560.0,confirmed,employee_count
08,茨城県,2022,4,422520.0,2730.0,confirmed,employee_count
09,栃木県,2022,4,696620.0,2900.0,confirmed,employee_count
10,群馬県,2022,4,530730.0,1030.0,confirmed,employee_count
11,埼玉県,2022,4,382290.0,1930.0,confirmed,employee_count
12,千葉県,2022,4,1679860.0,69480.0,confirmed,employee_count
13,東京都,2022,4,4338780.0,172670.0,confirmed,employee_count
14,神奈川県,2022,4,1721880.0,19480.0,confirmed,employee_count
15,新潟県,2022,4,618060.0,1820.0,confirmed,employee_count
16,富山県,2022,4,255330.0,950.0,confirmed,employee_count
17,石川県,2022,4,469870.0,1420.0,confirmed,employee_count
18,福井県,2022,4,175470.0,240.0,confirmed,employee_count
19,山梨県,2022,4,496340.0,330.0,confirmed,employee_count
20,長野県,2022,4,849160.0,1280.0,confirmed,employee_count
21,岐阜県,2022,4,387710.0,1050.0,confirmed,employee_count
22,静岡県,2022,4,1405260.0,4750.0,confirmed,employee_count
23,愛知県,2022,4,1183270.0,15380.0,confirmed,employee_count
24,三重県,2022,4,532190.0,1930.0,confirmed,employee_count
25,滋賀県,2022,4,249290.0,1150.0,confirmed,employee_count
26,京都府,2022,4,1413320.0,12360.0,confirmed,employee_count
27,大阪府,2022,4,2046910.0,32510.0,confirmed,employee_count
28,兵庫県,2022,4,965130.0,3860.0,confirmed,employee_count
29,奈良県,2022,4,171900.0,540.0,confirmed,employee_count
30,和歌山県,2022,4,294440.0,470.0,confirmed,employee_count
31,鳥取県,2022,4,144670.0,440.0,confirmed,employee_count
32,島根県,2022,4,232420.0,400.0,confirmed,employee_count
33,岡山県,2022,4,388770.0,2070.0,confirmed,employee_count
34,広島県,2022,4,662150.0,4110.0,confirmed,employee_count
35,山口県,2022,4,313810.0,1650.0,confirmed,employee_count
36,徳島県,2022,4,141740.0,450.0,confirmed,employee_count
37,香川県,2022,4,223780.0,750.0,confirmed,employee_count
38,愛媛県,2022,4,272470.0,760.0,confirmed,employee_count
39,高知県,2022,4,208750.0,80.0,confirmed,employee_count
40,福岡県,2022,4,1042780.0,11040.0,confirmed,employee_count
41,佐賀県,2022,4,168830.0,530.0,confirmed,employee_count
42,長崎県,2022,4,511000.0,5020.0,confirmed,employee_count
43,熊本県,2022,4,477930.0,1990.0,confirmed,employee_count
44,大分県,2022,4,463620.0,2610.0,confirmed,employee_count
45,宮崎県,2022,4,274190.0,690.0,confirmed,employee_count
46,鹿児島県,2022,4,426100.0,660.0,confirmed,employee_count
47,沖縄県,2022,4,1267730.0,19530.0,confirmed,employee_count
01,北海道,2022,5,2207100.0,5510.0,confirmed,employee_count
02,青森県,2022,5,347840.0,800.0,confirmed,employee_count
03,岩手県,2022,5,442360.0,1090.0,confirmed,employee_count
04,宮城県,2022,5,716190.0,2930.0,confirmed,employee_count
05,秋田県,2022,5,259720.0,1200.0,confirmed,employee_count
06,山形県,2022,5,322870.0,1110.0,confirmed,employee_count
07,福島県,2022,5,745080.0,1990.0,confirmed,employee_count
08,茨城県,2022,5,451010.0,3290.0,confirmed,employee_count
09,栃木県,2022,5,815800.0,2380.0,confirmed,employee_count
10,群馬県,2022,5,626460.0,1200.0,confirmed,employee_count
11,埼玉県,2022,5,371610.0,1960.0,confirmed,employee_count
12,千葉県,2022,5,1818820.0,68160.0,confirmed,employee_count
13,東京都,2022,5,4307640.0,212470.0,confirmed,employee_count
14,神奈川県,2022,5,1779860.0,22190.0,confirmed,employee_count
15,新潟県,2022,5,717400.0,2770.0,confirmed,employee_count
16,富山県,2022,5,266280.0,1180.0,confirmed,employee_count
17,石川県,2022,5,572190.0,2460.0,confirmed,employee_count
18,福井県,2022,5,221660.0,850.0,confirmed,employee_count
19,山梨県,2022,5,626540.0,830.0,confirmed,employee_count
20,長野県,2022,5,1220900.0,1930.0,confirmed,employee_count
21,岐阜県,2022,5,492950.0,940.0,confirmed,employee_count
22,静岡県,2022,5,1493790.0,5930.0,confirmed,employee_count
23,愛知県,2022,5,1350180.0,19780.0,confirmed,employee_count
24,三重県,2022,5,608320.0,2270.0,confirmed,employee_count
25,滋賀県,2022,5,291080.0,1190.0,confirmed,employee_count
26,京都府,2022,5,1766450.0,18880.0,confirmed,employee_count
27,大阪府,2022,5,2458050.0,45130.0,confirmed,employee_count
28,兵庫県,2022,5,1094890.0,4020.0,confirmed,employee_count
29,奈良県,2022,5,195070.0,600.0,confirmed,employee_count
30,和歌山県,2022,5,334900.0,310.0,confirmed,employee_count
31,鳥取県,2022,5,154790.0,850.0,confirmed,employee_count
32,島根県,2022,5,263150.0,450.0,confirmed,employee_count
33,岡山県,2022,5,410180.0,2600.0,confirmed,employee_count
34,広島県,2022,5,734080.0,4350.0,confirmed,employee_count
35,山口県,2022,5,377000.0,1840.0,confirmed,employee_count
36,徳島県,2022,5,152550.0,720.0,confirmed,employee_count
37,香川県,2022,5,265670.0,970.0,confirmed,employee_count
38,愛媛県,2022,5,325530.0,2280.0,confirmed,employee_count
39,高知県,2022,5,240960.0,250.0,confirmed,employee_count
40,福岡県,2022,5,1097830.0,16310.0,confirmed,employee_count
41,佐賀県,2022,5,187920.0,680.0,confirmed,employee_count
42,長崎県,2022,5,557920.0,5240.0,confirmed,employee_count
43,熊本県,2022,5,525450.0,1700.0,confirmed,employee_count
44,大分県,2022,5,495480.0,1460.0,confirmed,employee_count
45,宮崎県,2022,5,273080.0,590.0,confirmed,employee_count
46,鹿児島県,2022,5,533950.0,990.0,confirmed,employee_count
47,沖縄県,2022,5,1285330.0,45770.0,confirmed,employee_count
01,北海道,2022,6,2431430.0,6780.0,confirmed,employee_count
02,青森県,2022,6,369460.0,970.0,confirmed,employee_count
03,岩手県,2022,6,440170.0,720.0,confirmed,employee_count
04,宮城県,2022,6,693680.0,2880.0,confirmed,employee_count
05,秋田県,2022,6,244680.0,1050.0,confirmed,employee_count
06,山形県,2022,6,324130.0,930.0,confirmed,employee_count
07,福島県,2022,6,727510.0,1820.0,confirmed,employee_count
08,茨城県,2022,6,455010.0,3000.0,confirmed,employee_count
09,栃木県,2022,6,721640.0,2790.0,confirmed,employee_count
10,群馬県,2022,6,528750.0,1110.0,confirmed,employee_count
11,埼玉県,2022,6,379340.0,2620.0,confirmed,employee_count
12,千葉県,2022,6,1765050.0,43020.0,confirmed,employee_count
13,東京都,2022,6,4489500.0,212890.0,confirmed,employee_count
14,神奈川県,2022,6,1622890.0,25690.0,confirmed,employee_count
15,新潟県,2022,6,621900.0,2280.0,confirmed,employee_count
16,富山県,2022,6,226210.0,1150.0,confirmed,employee_count
17,石川県,2022,6,461200.0,1830.0,confirmed,employee_count
18,福井県,2022,6,191740.0,450.0,confirmed,employee_count
19,山梨県,2022,6,513410.0,670.0,confirmed,employee_count
20,長野県,2022,6,973900.0,1490.0,confirmed,employee_count
21,岐阜県,2022,6,403120.0,770.0,confirmed,employee_count
22,静岡県,2022,6,1151230.0,4960.0,confirmed,employee_count
23,愛知県,2022,6,1143270.0,12800.0,confirmed,employee_count
24,三重県,2022,6,452640.0,1640.0,confirmed,employee_count
25,滋賀県,2022,6,253160.0,1400.0,confirmed,employee_count
26,京都府,2022,6,1644300.0,19400.0,confirmed,employee_count
27,大阪府,2022,6,2306900.0,36290.0,confirmed,employee_count
28,兵庫県,2022,6,894300.0,4440.0,confirmed,employee_count
29,奈良県,2022,6,145250.0,550.0,confirmed,employee_count
30,和歌山県,2022,6,265680.0,500.0,confirmed,employee_count
31,鳥取県,2022,6,158450.0,330.0,confirmed,employee_count
32,島根県,2022,6,227490.0,550.0,confirmed,employee_count
33,岡山県,2022,6,335330.0,2610.0,confirmed,employee_count
34,広島県,2022,6,615230.0,5220.0,confirmed,employee_count
35,山口県,2022,6,312390.0,1840.0,confirmed,employee_count
36,徳島県,2022,6,127610.0,360.0,confirmed,employee_count
37,香川県,2022,6,220920.0,640.0,confirmed,employee_count
38,愛媛県,2022,6,300160.0,1450.0,confirmed,employee_count
39,高知県,2022,6,191620.0,330.0,confirmed,employee_count
40,福岡県,2022,6,960240.0,10870.0,confirmed,employee_count
41,佐賀県,2022,6,152010.0,450.0,confirmed,employee_count
42,長崎県,2022,6,437170.0,4470.0,confirmed,employee_count
43,熊本県,2022,6,489480.0,3710.0,confirmed,employee_count
44,大分県,2022,6,432650.0,2380.0,confirmed,employee_count
45,宮崎県,2022,6,240830.0,570.0,confirmed,employee_count
46,鹿児島県,2022,6,410330.0,1590.0,confirmed,employee_count
47,沖縄県,2022,6,1442040.0,52810.0,confirmed,employee_count
01,北海道,2022,7,3051480.0,13460.0,confirmed,employee_count
02,青森県,2022,7,404760.0,1340.0,confirmed,employee_count
03,岩手県,2022,7,437900.0,1130.0,confirmed,employee_count
04,宮城県,2022,7,717400.0,2350.0,confirmed,employee_count
05,秋田県,2022,7,255400.0,720.0,confirmed,employee_count
06,山形県,2022,7,361840.0,1230.0,confirmed,employee_count
07,福島県,2022,7,776390.0,2540.0,confirmed,employee_count
08,茨城県,2022,7,424890.0,2780.0,confirmed,employee_count
09,栃木県,2022,7,794130.0,2030.0,confirmed,employee_count
10,群馬県,2022,7,600090.0,1930.0,confirmed,employee_count
11,埼玉県,2022,7,395770.0,3670.0,confirmed,employee_count
12,千葉県,2022,7,1932730.0,63880.0,confirmed,employee_count
13,東京都,2022,7,4848600.0,254470.0,confirmed,employee_count
14,神奈川県,2022,7,1921860.0,34760.0,confirmed,employee_count
15,新潟県,2022,7,763800.0,3290.0,confirmed,employee_count
16,富山県,2022,7,263250.0,1360.0,confirmed,employee_count
17,石川県,2022,7,534470.0,1790.0,confirmed,employee_count
18,福井県,2022,7,251900.0,1130.0,confirmed,employee_count
19,山梨県,2022,7,710540.0,1780.0,confirmed,employee_count
20,長野県,2022,7,1350560.0,3070.0,confirmed,employee_count
21,岐阜県,2022,7,440660.0,870.0,confirmed,employee_count
22,静岡県,2022,7,1697140.0,7430.0,confirmed,employee_count
23,愛知県,2022,7,1392290.0,17830.0,confirmed,employee_count
24,三重県,2022,7,547620.0,1620.0,confirmed,employee_count
25,滋賀県,2022,7,320820.0,2700.0,confirmed,employee_count
26,京都府,2022,7,1712370.0,25500.0,confirmed,employee_count
27,大阪府,2022,7,2625090.0,50550.0,confirmed,employee_count
28,兵庫県,2022,7,1050550.0,5980.0,confirmed,employee_count
29,奈良県,2022,7,172940.0,650.0,confirmed,employee_count
30,和歌山県,2022,7,387140.0,750.0,confirmed,employee_count
31,鳥取県,2022,7,162020.0,210.0,confirmed,employee_count
32,島根県,2022,7,228030.0,670.0,confirmed,employee_count
33,岡山県,2022,7,391540.0,2120.0,confirmed,employee_count
34,広島県,2022,7,756830.0,6850.0,confirmed,employee_count
35,山口県,2022,7,324200.0,1780.0,confirmed,employee_count
36,徳島県,2022,7,207450.0,360.0,confirmed,employee_count
37,香川県,2022,7,305250.0,990.0,confirmed,employee_count
38,愛媛県,2022,7,335320.0,1100.0,confirmed,employee_count
39,高知県,2022,7,228780.0,130.0,confirmed,employee_count
40,福岡県,2022,7,1202970.0,13180.0,confirmed,employee_count
41,佐賀県,2022,7,174080.0,600.0,confirmed,employee_count
42,長崎県,2022,7,545000.0,6050.0,confirmed,employee_count
43,熊本県,2022,7,530810.0,3180.0,confirmed,employee_count
44,大分県,2022,7,515080.0,2050.0,confirmed,employee_count
45,宮崎県,2022,7,284300.0,2230.0,confirmed,employee_count
46,鹿児島県,2022,7,513820.0,940.0,confirmed,employee_count
47,沖縄県,2022,7,1999010.0,27700.0,confirmed,employee_count
01,北海道,2022,8,3445260.0,18110.0,confirmed,employee_count
02,青森県,2022,8,421730.0,1390.0,confirmed,employee_count
03,岩手県,2022,8,534690.0,1160.0,confirmed,employee_count
04,宮城県,2022,8,849950.0,5810.0,confirmed,employee_count
05,秋田県,2022,8,276380.0,390.0,confirmed,employee_count
06,山形県,2022,8,434350.0,860.0,confirmed,employee_count
07,福島県,2022,8,862180.0,1670.0,confirmed,employee_count
08,茨城県,2022,8,477180.0,3330.0,confirmed,employee_count
09,栃木県,2022,8,1051860.0,1540.0,confirmed,employee_count
10,群馬県,2022,8,837890.0,1420.0,confirmed,employee_count
11,埼玉県,2022,8,462560.0,2900.0,confirmed,employee_count
12,千葉県,2022,8,2349750.0,53900.0,confirmed,employee_count
13,東京都,2022,8,4998110.0,260520.0,confirmed,employee_count
14,神奈川県,2022,8,2248500.0,27880.0,confirmed,employee_count
15,新潟県,2022,8,964390.0,2490.0,confirmed,employee_count
16,富山県,2022,8,330340.0,2330.0,confirmed,employee_count
17,石川県,2022,8,771080.0,3080.0,confirmed,employee_count
18,福井県,2022,8,324190.0,1120.0,confirmed,employee_count
19,山梨県,2022,8,891690.0,3340.0,confirmed,employee_count
20,長野県,2022,8,1892500.0,3250.0,confirmed,employee_count
21,岐阜県,2022,8,664190.0,1310.0,confirmed,employee_count
22,静岡県,2022,8,2405740.0,8510.0,confirmed,employee_count
23,愛知県,2022,8,1531570.0,16690.0,confirmed,employee_count
24,三重県,2022,8,753340.0,2620.0,confirmed,employee_count
25,滋賀県,2022,8,380960.0,1940.0,confirmed,employee_count
26,京都府,2022,8,1825870.0,29420.0,confirmed,employee_count
27,大阪府,2022,8,2742990.0,51540.0,confirmed,employee_count
28,兵庫県,2022,8,1311170.0,6120.0,confirmed,employee_count
29,奈良県,2022,8,203020.0,580.0,confirmed,employee_count
30,和歌山県,2022,8,520510.0,800.0,confirmed,employee_count
31,鳥取県,2022,8,215160.0,370.0,confirmed,employee_count
32,島根県,2022,8,297010.0,690.0,confirmed,employee_count
33,岡山県,2022,8,471060.0,2300.0,confirmed,employee_count
34,広島県,2022,8,876170.0,8190.0,confirmed,employee_count
35,山口県,2022,8,371380.0,1850.0,confirmed,employee_count
36,徳島県,2022,8,253270.0,650.0,confirmed,employee_count
37,香川県,2022,8,419560.0,1190.0,confirmed,employee_count
38,愛媛県,2022,8,394960.0,1030.0,confirmed,employee_count
39,高知県,2022,8,282730.0,450.0,confirmed,employee_count
40,福岡県,2022,8,1356860.0,11220.0,confirmed,employee_count
41,佐賀県,2022,8,194440.0,390.0,confirmed,employee_count
42,長崎県,2022,8,649340.0,6310.0,confirmed,employee_count
43,熊本県,2022,8,661060.0,3690.0,confirmed,employee_count
44,大分県,2022,8,660370.0,2320.0,confirmed,employee_count
45,宮崎県,2022,8,301240.0,730.0,confirmed,employee_count
46,鹿児島県,2022,8,650340.0,1280.0,confirmed,employee_count
47,沖縄県,2022,8,2049320.0,27180.0,confirmed,employee_count
01,北海道,2022,9,3092360.0,16110.0,confirmed,employee_count
02,青森県,2022,9,384480.0,1610.0,confirmed,employee_count
03,岩手県,2022,9,446640.0,1040.0,confirmed,employee_count
04,宮城県,2022,9,749770.0,4050.0,confirmed,employee_count
05,秋田県,2022,9,256490.0,720.0,confirmed,employee_count
06,山形県,2022,9,400170.0,720.0,confirmed,employee_count
07,福島県,2022,9,772570.0,2120.0,confirmed,employee_count
08,茨城県,2022,9,422240.0,8440.0,confirmed,employee_count
09,栃木県,2022,9,849240.0,3160.0,confirmed,employee_count
10,群馬県,2022,9,619440.0,1300.0,confirmed,employee_count
11,埼玉県,2022,9,381370.0,4730.0,confirmed,employee_count
12,千葉県,2022,9,1990010.0,54900.0,confirmed,employee_count
13,東京都,2022,9,4796310.0,311730.0,confirmed,employee_count
14,神奈川県,2022,9,1964550.0,38000.0,confirmed,employee_count
15,新潟県,2022,9,726340.0,3180.0,confirmed,employee_count
16,富山県,2022,9,275360.0,2150.0,confirmed,employee_count
17,石川県,2022,9,600780.0,4300.0,confirmed,employee_count
18,福井県,2022,9,216340.0,1430.0,confirmed,employee_count
19,山梨県,2022,9,670050.0,3430.0,confirmed,employee_count
20,長野県,2022,9,1291300.0,3950.0,confirmed,employee_count
21,岐阜県,2022,9,506550.0,2470.0,confirmed,employee_count
22,静岡県,2022,9,1524870.0,12400.0,confirmed,employee_count
23,愛知県,2022,9,1324020.0,22380.0,confirmed,employee_count
24,三重県,2022,9,559000.0,2580.0,confirmed,employee_count
25,滋賀県,2022,9,328400.0,2620.0,confirmed,employee_count
26,京都府,2022,9,1883260.0,40740.0,confirmed,employee_count
27,大阪府,2022,9,2648940.0,75920.0,confirmed,employee_count
28,兵庫県,2022,9,1031680.0,6210.0,confirmed,employee_count
29,奈良県,2022,9,166980.0,850.0,confirmed,employee_count
30,和歌山県,2022,9,348390.0,1260.0,confirmed,employee_count
31,鳥取県,2022,9,167330.0,680.0,confirmed,employee_count
32,島根県,2022,9,237160.0,730.0,confirmed,employee_count
33,岡山県,2022,9,414300.0,3180.0,confirmed,employee_count
34,広島県,2022,9,761480.0,7530.0,confirmed,employee_count
35,山口県,2022,9,342240.0,1830.0,confirmed,employee_count
36,徳島県,2022,9,131040.0,410.0,confirmed,employee_count
37,香川県,2022,9,255500.0,1660.0,confirmed,employee_count
38,愛媛県,2022,9,285910.0,1520.0,confirmed,employee_count
39,高知県,2022,9,200550.0,1260.0,confirmed,employee_count
40,福岡県,2022,9,1190600.0,11620.0,confirmed,employee_count
41,佐賀県,2022,9,163200.0,550.0,confirmed,employee_count
42,長崎県,2022,9,553950.0,5860.0,confirmed,employee_count
43,熊本県,2022,9,563580.0,2650.0,confirmed,employee_count
44,大分県,2022,9,517530.0,3980.0,confirmed,employee_count
45,宮崎県,2022,9,299200.0,1300.0,confirmed,employee_count
46,鹿児島県,2022,9,483980.0,1320.0,confirmed,employee_count
47,沖縄県,2022,9,1547830.0,23280.0,confirmed,employee_count
01,北海道,2022,10,2762210.0,41220.0,confirmed,employee_count
02,青森県,2022,10,443020.0,5440.0,confirmed,employee_count
03,岩手県,2022,10,524920.0,4060.0,confirmed,employee_count
04,宮城県,2022,10,821330.0,9200.0,confirmed,employee_count
05,秋田県,2022,10,312740.0,2070.0,confirmed,employee_count
06,山形県,2022,10,407170.0,1880.0,confirmed,employee_count
07,福島県,2022,10,853220.0,6370.0,confirmed,employee_count
08,茨城県,2022,10,498050.0,8050.0,confirmed,employee_count
09,栃木県,2022,10,963650.0,7320.0,confirmed,employee_count
10,群馬県,2022,10,682010.0,5210.0,confirmed,employee_count
11,埼玉県,2022,10,430490.0,6170.0,confirmed,employee_count
12,千葉県,2022,10,2148130.0,78980.0,confirmed,employee_count
13,東京都,2022,10,5943250.0,814470.0,confirmed,employee_count
14,神奈川県,2022,10,2061560.0,63980.0,confirmed,employee_count
15,新潟県,2022,10,828200.0,7280.0,confirmed,employee_count
16,富山県,2022,10,316160.0,3530.0,confirmed,employee_count
17,石川県,2022,10,658670.0,13740.0,confirmed,employee_count
18,福井県,2022,10,275660.0,1290.0,confirmed,employee_count
19,山梨県,2022,10,612940.0,15530.0,confirmed,employee_count
20,長野県,2022,10,1441750.0,14820.0,confirmed,employee_count
21,岐阜県,2022,10,559870.0,10340.0,confirmed,employee_count
22,静岡県,2022,10,1492740.0,18550.0,confirmed,employee_count
23,愛知県,2022,10,1479930.0,35860.0,confirmed,employee_count
24,三重県,2022,10,642900.0,10930.0,confirmed,employee_count
25,滋賀県,2022,10,354240.0,4070.0,confirmed,employee_count
26,京都府,2022,10,2164520.0,168660.0,confirmed,employee_count
27,大阪府,2022,10,3081710.0,224380.0,confirmed,employee_count
28,兵庫県,2022,10,1153030.0,14040.0,confirmed,employee_count
29,奈良県,2022,10,229070.0,2370.0,confirmed,employee_count
30,和歌山県,2022,10,379900.0,4540.0,confirmed,employee_count
31,鳥取県,2022,10,188310.0,900.0,confirmed,employee_count
32,島根県,2022,10,298390.0,1060.0,confirmed,employee_count
33,岡山県,2022,10,448650.0,5210.0,confirmed,employee_count
34,広島県,2022,10,843190.0,13590.0,confirmed,employee_count
35,山口県,2022,10,378190.0,2780.0,confirmed,employee_count
36,徳島県,2022,10,162290.0,1360.0,confirmed,employee_count
37,香川県,2022,10,306120.0,4290.0,confirmed,employee_count
38,愛媛県,2022,10,350220.0,2370.0,confirmed,employee_count
39,高知県,2022,10,239410.0,1030.0,confirmed,employee_count
40,福岡県,2022,10,1364890.0,55070.0,confirmed,employee_count
41,佐賀県,2022,10,182470.0,1550.0,confirmed,employee_count
42,長崎県,2022,10,652480.0,7160.0,confirmed,employee_count
43,熊本県,2022,10,619120.0,7530.0,confirmed,employee_count
44,大分県,2022,10,628340.0,15360.0,confirmed,employee_count
45,宮崎県,2022,10,330610.0,2020.0,confirmed,employee_count
46,鹿児島県,2022,10,607860.0,3230.0,confirmed,employee_count
47,沖縄県,2022,10,1939200.0,31790.0,confirmed,employee_count
01,北海道,2022,11,2359140.0,99430.0,confirmed,employee_count
02,青森県,2022,11,390400.0,6530.0,confirmed,employee_count
03,岩手県,2022,11,422340.0,4380.0,confirmed,employee_count
04,宮城県,2022,11,798290.0,11800.0,confirmed,employee_count
05,秋田県,2022,11,253750.0,1970.0,confirmed,employee_count
06,山形県,2022,11,355660.0,2670.0,confirmed,employee_count
07,福島県,2022,11,782280.0,4540.0,confirmed,employee_count
08,茨城県,2022,11,489650.0,6950.0,confirmed,employee_count
09,栃木県,2022,11,925730.0,9070.0,confirmed,employee_count
10,群馬県,2022,11,641670.0,8070.0,confirmed,employee_count
11,埼玉県,2022,11,424490.0,7740.0,confirmed,employee_count
12,千葉県,2022,11,2289520.0,98810.0,confirmed,employee_count
13,東京都,2022,11,6475300.0,1294810.0,confirmed,employee_count
14,神奈川県,2022,11,2074710.0,92510.0,confirmed,employee_count
15,新潟県,2022,11,706150.0,8960.0,confirmed,employee_count
16,富山県,2022,11,309470.0,5980.0,confirmed,employee_count
17,石川県,2022,11,726570.0,24760.0,confirmed,employee_count
18,福井県,2022,11,306230.0,1590.0,confirmed,employee_count
19,山梨県,2022,11,689160.0,42700.0,confirmed,employee_count
20,長野県,2022,11,1193700.0,30230.0,confirmed,employee_count
21,岐阜県,2022,11,559810.0,19410.0,confirmed,employee_count
22,静岡県,2022,11,1704790.0,26140.0,confirmed,employee_count
23,愛知県,2022,11,1521380.0,64420.0,confirmed,employee_count
24,三重県,2022,11,704710.0,5640.0,confirmed,employee_count
25,滋賀県,2022,11,377660.0,8300.0,confirmed,employee_count
26,京都府,2022,11,2747620.0,336140.0,confirmed,employee_count
27,大阪府,2022,11,3578880.0,496180.0,confirmed,employee_count
28,兵庫県,2022,11,1272320.0,30200.0,confirmed,employee_count
29,奈良県,2022,11,224430.0,4280.0,confirmed,employee_count
30,和歌山県,2022,11,389540.0,9920.0,confirmed,employee_count
31,鳥取県,2022,11,204460.0,2110.0,confirmed,employee_count
32,島根県,2022,11,311880.0,1050.0,confirmed,employee_count
33,岡山県,2022,11,455500.0,7280.0,confirmed,employee_count
34,広島県,2022,11,901530.0,23950.0,confirmed,employee_count
35,山口県,2022,11,388730.0,2900.0,confirmed,employee_count
36,徳島県,2022,11,173470.0,3590.0,confirmed,employee_count
37,香川県,2022,11,333270.0,6940.0,confirmed,employee_count
38,愛媛県,2022,11,411320.0,5740.0,confirmed,employee_count
39,高知県,2022,11,247320.0,1400.0,confirmed,employee_count
40,福岡県,2022,11,1558770.0,139220.0,confirmed,employee_count
41,佐賀県,2022,11,209050.0,4640.0,confirmed,employee_count
42,長崎県,2022,11,705430.0,17530.0,confirmed,employee_count
43,熊本県,2022,11,682250.0,21730.0,confirmed,employee_count
44,大分県,2022,11,681130.0,37080.0,confirmed,employee_count
45,宮崎県,2022,11,319380.0,4830.0,confirmed,employee_count
46,鹿児島県,2022,11,621840.0,6820.0,confirmed,employee_count
47,沖縄県,2022,11,1910370.0,53450.0,confirmed,employee_count
01,北海道,2022,12,2915430.0,526720.0,confirmed,employee_count
02,青森県,2022,12,355310.0,6770.0,confirmed,employee_count
03,岩手県,2022,12,409470.0,7180.0,confirmed,employee_count
04,宮城県,2022,12,778960.0,15170.0,confirmed,employee_count
05,秋田県,2022,12,213870.0,2470.0,confirmed,employee_count
06,山形県,2022,12,350200.0,9280.0,confirmed,employee_count
07,福島県,2022,12,713200.0,5770.0,confirmed,employee_count
08,茨城県,2022,12,501040.0,6780.0,confirmed,employee_count
09,栃木県,2022,12,810100.0,9540.0,confirmed,employee_count
10,群馬県,2022,12,625090.0,12930.0,confirmed,employee_count
11,埼玉県,2022,12,439770.0,9030.0,confirmed,employee_count
12,千葉県,2022,12,2429510.0,145130.0,confirmed,employee_count
13,東京都,2022,12,7838930.0,1948180.0,confirmed,employee_count
14,神奈川県,2022,12,2200910.0,105290.0,confirmed,employee_count
15,新潟県,2022,12,711910.0,21120.0,confirmed,employee_count
16,富山県,2022,12,259390.0,3690.0,confirmed,employee_count
17,石川県,2022,12,639920.0,26320.0,confirmed,employee_count
18,福井県,2022,12,252040.0,1680.0,confirmed,employee_count
19,山梨県,2022,12,651780.0,52550.0,confirmed,employee_count
20,長野県,2022,12,1199210.0,60700.0,confirmed,employee_count
21,岐阜県,2022,12,535540.0,26200.0,confirmed,employee_count
22,静岡県,2022,12,1700410.0,27790.0,confirmed,employee_count
23,愛知県,2022,12,1667840.0,75040.0,confirmed,employee_count
24,三重県,2022,12,700180.0,7690.0,confirmed,employee_count
25,滋賀県,2022,12,330400.0,10800.0,confirmed,employee_count
26,京都府,2022,12,2609800.0,438000.0,confirmed,employee_count
27,大阪府,2022,12,3763340.0,732160.0,confirmed,employee_count
28,兵庫県,2022,12,1270420.0,36370.0,confirmed,employee_count
29,奈良県,2022,12,182940.0,6090.0,confirmed,employee_count
30,和歌山県,2022,12,384990.0,10800.0,confirmed,employee_count
31,鳥取県,2022,12,173940.0,2030.0,confirmed,employee_count
32,島根県,2022,12,228980.0,1170.0,confirmed,employee_count
33,岡山県,2022,12,426710.0,8330.0,confirmed,employee_count
34,広島県,2022,12,835190.0,20820.0,confirmed,employee_count
35,山口県,2022,12,354710.0,4000.0,confirmed,employee_count
36,徳島県,2022,12,151000.0,3240.0,confirmed,employee_count
37,香川県,2022,12,296660.0,7610.0,confirmed,employee_count
38,愛媛県,2022,12,386810.0,4170.0,confirmed,employee_count
39,高知県,2022,12,226690.0,1300.0,confirmed,employee_count
40,福岡県,2022,12,1624910.0,239350.0,confirmed,employee_count
41,佐賀県,2022,12,196370.0,6250.0,confirmed,employee_count
42,長崎県,2022,12,638420.0,21010.0,confirmed,employee_count
43,熊本県,2022,12,622260.0,32670.0,confirmed,employee_count
44,大分県,2022,12,667050.0,51710.0,confirmed,employee_count
45,宮崎県,2022,12,299650.0,4000.0,confirmed,employee_count
46,鹿児島県,2022,12,579240.0,7440.0,confirmed,employee_count
47,沖縄県,2022,12,1934360.0,98830.0,confirmed,employee_count
01,北海道,2023,1,2744780.0,623500.0,confirmed,employee_count
02,青森県,2023,1,266220.0,10360.0,confirmed,employee_count
03,岩手県,2023,1,395450.0,12220.0,confirmed,employee_count
04,宮城県,2023,1,654990.0,24470.0,confirmed,employee_count
05,秋田県,2023,1,179840.0,3840.0,confirmed,employee_count
06,山形県,2023,1,330470.0,18920.0,confirmed,employee_count
07,福島県,2023,1,745430.0,12130.0,confirmed,employee_count
08,茨城県,2023,1,525280.0,12310.0,confirmed,employee_count
09,栃木県,2023,1,742640.0,14310.0,confirmed,employee_count
10,群馬県,2023,1,776610.0,27800.0,confirmed,employee_count
11,埼玉県,2023,1,362410.0,8470.0,confirmed,employee_count
12,千葉県,2023,1,1937420.0,164050.0,confirmed,employee_count
13,東京都,2023,1,7015770.0,1976570.0,confirmed,employee_count
14,神奈川県,2023,1,1957220.0,115820.0,confirmed,employee_count
15,新潟県,2023,1,797780.0,46310.0,confirmed,employee_count
16,富山県,2023,1,204040.0,4540.0,confirmed,employee_count
17,石川県,2023,1,468340.0,31000.0,confirmed,employee_count
18,福井県,2023,1,196860.0,2240.0,confirmed,employee_count
19,山梨県,2023,1,418640.0,59580.0,confirmed,employee_count
20,長野県,2023,1,1595440.0,123020.0,confirmed,employee_count
21,岐阜県,2023,1,462060.0,34990.0,confirmed,employee_count
22,静岡県,2023,1,1525840.0,29950.0,confirmed,employee_count
23,愛知県,2023,1,1377990.0,94070.0,confirmed,employee_count
24,三重県,2023,1,510780.0,6920.0,confirmed,employee_count
25,滋賀県,2023,1,282430.0,21190.0,confirmed,employee_count
26,京都府,2023,1,1817530.0,409500.0,confirmed,employee_count
27,大阪府,2023,1,3247430.0,745160.0,confirmed,employee_count
28,兵庫県,2023,1,1036760.0,51010.0,confirmed,employee_count
29,奈良県,2023,1,167470.0,5800.0,confirmed,employee_count
30,和歌山県,2023,1,318960.0,11710.0,confirmed,employee_count
31,鳥取県,2023,1,127930.0,2120.0,confirmed,employee_count
32,島根県,2023,1,190520.0,1610.0,confirmed,employee_count
33,岡山県,2023,1,343440.0,8190.0,confirmed,employee_count
34,広島県,2023,1,717450.0,23530.0,confirmed,employee_count
35,山口県,2023,1,252570.0,5070.0,confirmed,employee_count
36,徳島県,2023,1,134790.0,3260.0,confirmed,employee_count
37,香川県,2023,1,254460.0,8560.0,confirmed,employee_count
38,愛媛県,2023,1,306130.0,4620.0,confirmed,employee_count
39,高知県,2023,1,222970.0,1820.0,confirmed,employee_count
40,福岡県,2023,1,1509060.0,292630.0,confirmed,employee_count
41,佐賀県,2023,1,177840.0,8000.0,confirmed,employee_count
42,長崎県,2023,1,482690.0,17480.0,confirmed,employee_count
43,熊本県,2023,1,492810.0,38870.0,confirmed,employee_count
44,大分県,2023,1,557260.0,56090.0,confirmed,employee_count
45,宮崎県,2023,1,254700.0,8290.0,confirmed,employee_count
46,鹿児島県,2023,1,536060.0,17030.0,confirmed,employee_count
47,沖縄県,2023,1,2178450.0,161260.0,confirmed,employee_count
01,北海道,2023,2,3020340.0,602600.0,confirmed,employee_count
02,青森県,2023,2,266030.0,10810.0,confirmed,employee_count
03,岩手県,2023,2,385950.0,15800.0,confirmed,employee_count
04,宮城県,2023,2,646070.0,23810.0,confirmed,employee_count
05,秋田県,2023,2,184140.0,4420.0,confirmed,employee_count
06,山形県,2023,2,344880.0,16800.0,confirmed,employee_count
07,福島県,2023,2,726520.0,14990.0,confirmed,employee_count
08,茨城県,2023,2,523260.0,9450.0,confirmed,employee_count
09,栃木県,2023,2,701230.0,16250.0,confirmed,employee_count
10,群馬県,2023,2,774060.0,21060.0,confirmed,employee_count
11,埼玉県,2023,2,352630.0,7050.0,confirmed,employee_count
12,千葉県,2023,2,1957030.0,150650.0,confirmed,employee_count
13,東京都,2023,2,6933090.0,1829590.0,confirmed,employee_count
14,神奈川県,2023,2,1952890.0,100130.0,confirmed,employee_count
15,新潟県,2023,2,813470.0,37030.0,confirmed,employee_count
16,富山県,2023,2,249410.0,4330.0,confirmed,employee_count
17,石川県,2023,2,574710.0,24810.0,confirmed,employee_count
18,福井県,2023,2,201840.0,2310.0,confirmed,employee_count
19,山梨県,2023,2,419300.0,59490.0,confirmed,employee_count
20,長野県,2023,2,1536610.0,103420.0,confirmed,employee_count
21,岐阜県,2023,2,477860.0,34570.0,confirmed,employee_count
22,静岡県,2023,2,1549780.0,41910.0,confirmed,employee_count
23,愛知県,2023,2,1341290.0,83750.0,confirmed,employee_count
24,三重県,2023,2,511170.0,5250.0,confirmed,employee_count
25,滋賀県,2023,2,286280.0,17280.0,confirmed,employee_count
26,京都府,2023,2,1802810.0,347100.0,confirmed,employee_count
27,大阪府,2023,2,3408350.0,759480.0,confirmed,employee_count
28,兵庫県,2023,2,1025020.0,45220.0,confirmed,employee_count
29,奈良県,2023,2,172260.0,4610.0,confirmed,employee_count
30,和歌山県,2023,2,292640.0,9610.0,confirmed,employee_count
31,鳥取県,2023,2,140710.0,2190.0,confirmed,employee_count
32,島根県,2023,2,214820.0,1590.0,confirmed,employee_count
33,岡山県,2023,2,366550.0,7860.0,confirmed,employee_count
34,広島県,2023,2,727760.0,21390.0,confirmed,employee_count
35,山口県,2023,2,253540.0,4490.0,confirmed,employee_count
36,徳島県,2023,2,152780.0,3610.0,confirmed,employee_count
37,香川県,2023,2,275910.0,10680.0,confirmed,employee_count
38,愛媛県,2023,2,336280.0,5470.0,confirmed,employee_count
39,高知県,2023,2,245760.0,3680.0,confirmed,employee_count
40,福岡県,2023,2,1528720.0,292140.0,confirmed,employee_count
41,佐賀県,2023,2,177410.0,7110.0,confirmed,employee_count
42,長崎県,2023,2,512870.0,15050.0,confirmed,employee_count
43,熊本県,2023,2,548620.0,44540.0,confirmed,employee_count
44,大分県,2023,2,557360.0,64090.0,confirmed,employee_count
45,宮崎県,2023,2,291510.0,7250.0,confirmed,employee_count
46,鹿児島県,2023,2,583210.0,14180.0,confirmed,employee_count
47,沖縄県,2023,2,2495710.0,129680.0,confirmed,employee_count
01,北海道,2023,3,3066170.0,420820.0,confirmed,employee_count
02,青森県,2023,3,313680.0,9540.0,confirmed,employee_count
03,岩手県,2023,3,463050.0,9280.0,confirmed,employee_count
04,宮城県,2023,3,856900.0,21240.0,confirmed,employee_count
05,秋田県,2023,3,203360.0,2310.0,confirmed,employee_count
06,山形県,2023,3,376750.0,8310.0,confirmed,employee_count
07,福島県,2023,3,876930.0,11050.0,confirmed,employee_count
08,茨城県,2023,3,652900.0,13520.0,confirmed,employee_count
09,栃木県,2023,3,1083610.0,20720.0,confirmed,employee_count
10,群馬県,2023,3,897820.0,19730.0,confirmed,employee_count
11,埼玉県,2023,3,436150.0,9620.0,confirmed,employee_count
12,千葉県,2023,3,2592350.0,178020.0,confirmed,employee_count
13,東京都,2023,3,8034530.0,2586650.0,confirmed,employee_count
14,神奈川県,2023,3,2530700.0,186330.0,confirmed,employee_count
15,新潟県,2023,3,839840.0,21230.0,confirmed,employee_count
16,富山県,2023,3,300030.0,6570.0,confirmed,employee_count
17,石川県,2023,3,773760.0,49680.0,confirmed,employee_count
18,福井県,2023,3,262620.0,3800.0,confirmed,employee_count
19,山梨県,2023,3,624050.0,78890.0,confirmed,employee_count
20,長野県,2023,3,1408330.0,70540.0,confirmed,employee_count
21,岐阜県,2023,3,559560.0,42740.0,confirmed,employee_count
22,静岡県,2023,3,2042990.0,70010.0,confirmed,employee_count
23,愛知県,2023,3,1681810.0,132430.0,confirmed,employee_count
24,三重県,2023,3,743400.0,10500.0,confirmed,employee_count
25,滋賀県,2023,3,396740.0,16520.0,confirmed,employee_count
26,京都府,2023,3,2752050.0,685890.0,confirmed,employee_count
27,大阪府,2023,3,4175860.0,885440.0,confirmed,employee_count
28,兵庫県,2023,3,1356440.0,65870.0,confirmed,employee_count
29,奈良県,2023,3,201480.0,13510.0,confirmed,employee_count
30,和歌山県,2023,3,441010.0,14110.0,confirmed,employee_count
31,鳥取県,2023,3,214020.0,3710.0,confirmed,employee_count
32,島根県,2023,3,299440.0,2990.0,confirmed,employee_count
33,岡山県,2023,3,499850.0,20550.0,confirmed,employee_count
34,広島県,2023,3,1005980.0,58090.0,confirmed,employee_count
35,山口県,2023,3,337250.0,8650.0,confirmed,employee_count
36,徳島県,2023,3,225450.0,8090.0,confirmed,employee_count
37,香川県,2023,3,406050.0,19170.0,confirmed,employee_count
38,愛媛県,2023,3,462830.0,11590.0,confirmed,employee_count
39,高知県,2023,3,365630.0,5750.0,confirmed,employee_count
40,福岡県,2023,3,1801350.0,295270.0,confirmed,employee_count
41,佐賀県,2023,3,195130.0,9090.0,confirmed,employee_count
42,長崎県,2023,3,696140.0,25830.0,confirmed,employee_count
43,熊本県,2023,3,764890.0,60060.0,confirmed,employee_count
44,大分県,2023,3,671350.0,58530.0,confirmed,employee_count
45,宮崎県,2023,3,325100.0,8730.0,confirmed,employee_count
46,鹿児島県,2023,3,785680.0,24040.0,confirmed,employee_count
47,沖縄県,2023,3,2880790.0,170940.0,confirmed,employee_count
01,北海道,2023,4,2327620.0,287190.0,confirmed,employee_count
02,青森県,2023,4,349370.0,31030.0,confirmed,employee_count
03,岩手県,2023,4,435980.0,26100.0,confirmed,employee_count
04,宮城県,2023,4,771540.0,52890.0,confirmed,employee_count
05,秋田県,2023,4,214260.0,6870.0,confirmed,employee_count
06,山形県,2023,4,288800.0,10070.0,confirmed,employee_count
07,福島県,2023,4,709100.0,15120.0,confirmed,employee_count
08,茨城県,2023,4,593010.0,18500.0,confirmed,employee_count
09,栃木県,2023,4,940430.0,33130.0,confirmed,employee_count
10,群馬県,2023,4,716290.0,25710.0,confirmed,employee_count
11,埼玉県,2023,4,459210.0,14930.0,confirmed,employee_count
12,千葉県,2023,4,2128190.0,328110.0,confirmed,employee_count
13,東京都,2023,4,8269180.0,3009690.0,confirmed,employee_count
14,神奈川県,2023,4,2270790.0,232590.0,confirmed,employee_count
15,新潟県,2023,4,620360.0,19090.0,confirmed,employee_count
16,富山県,2023,4,341430.0,32950.0,confirmed,employee_count
17,石川県,2023,4,682500.0,118010.0,confirmed,employee_count
18,福井県,2023,4,205230.0,6020.0,confirmed,employee_count
19,山梨県,2023,4,579040.0,114320.0,confirmed,employee_count
20,長野県,2023,4,1122120.0,111090.0,confirmed,employee_count
21,岐阜県,2023,4,571440.0,71310.0,confirmed,employee_count
22,静岡県,2023,4,1647850.0,88510.0,confirmed,employee_count
23,愛知県,2023,4,1465060.0,171210.0,confirmed,employee_count
24,三重県,2023,4,525700.0,19190.0,confirmed,employee_count
25,滋賀県,2023,4,402140.0,18080.0,confirmed,employee_count
26,京都府,2023,4,2782500.0,1011560.0,confirmed,employee_count
27,大阪府,2023,4,3713300.0,1140810.0,confirmed,employee_count
28,兵庫県,2023,4,1173140.0,90750.0,confirmed,employee_count
29,奈良県,2023,4,214960.0,20110.0,confirmed,employee_count
30,和歌山県,2023,4,323470.0,21350.0,confirmed,employee_count
31,鳥取県,2023,4,160510.0,4830.0,confirmed,employee_count
32,島根県,2023,4,240170.0,3960.0,confirmed,employee_count
33,岡山県,2023,4,427960.0,27600.0,confirmed,employee_count
34,広島県,2023,4,971620.0,118160.0,confirmed,employee_count
35,山口県,2023,4,286470.0,6970.0,confirmed,employee_count
36,徳島県,2023,4,186610.0,9330.0,confirmed,employee_count
37,香川県,2023,4,333820.0,32350.0,confirmed,employee_count
38,愛媛県,2023,4,366190.0,16750.0,confirmed,employee_count
39,高知県,2023,4,284510.0,7500.0,confirmed,employee_count
40,福岡県,2023,4,1514570.0,305970.0,confirmed,employee_count
41,佐賀県,2023,4,196460.0,12080.0,confirmed,employee_count
42,長崎県,2023,4,577420.0,29740.0,confirmed,employee_count
43,熊本県,2023,4,656360.0,78350.0,confirmed,employee_count
44,大分県,2023,4,599450.0,75310.0,confirmed,employee_count
45,宮崎県,2023,4,262970.0,9200.0,confirmed,employee_count
46,鹿児島県,2023,4,626590.0,21890.0,confirmed,employee_count
47,沖縄県,2023,4,2614920.0,210070.0,confirmed,employee_count
01,北海道,2023,5,3189340.0,345940.0,confirmed,employee_count
02,青森県,2023,5,384600.0,11060.0,confirmed,employee_count
03,岩手県,2023,5,515660.0,11340.0,confirmed,employee_count
04,宮城県,2023,5,866430.0,40310.0,confirmed,employee_count
05,秋田県,2023,5,280460.0,4100.0,confirmed,employee_count
06,山形県,2023,5,363080.0,5630.0,confirmed,employee_count
07,福島県,2023,5,806160.0,9560.0,confirmed,employee_count
08,茨城県,2023,5,612000.0,19350.0,confirmed,employee_count
09,栃木県,2023,5,999800.0,24380.0,confirmed,employee_count
10,群馬県,2023,5,824050.0,19160.0,confirmed,employee_count
11,埼玉県,2023,5,433500.0,12490.0,confirmed,employee_count
12,千葉県,2023,5,2274010.0,229470.0,confirmed,employee_count
13,東京都,2023,5,7950460.0,2569620.0,confirmed,employee_count
14,神奈川県,2023,5,2361510.0,184980.0,confirmed,employee_count
15,新潟県,2023,5,730890.0,14640.0,confirmed,employee_count
16,富山県,2023,5,398810.0,35610.0,confirmed,employee_count
17,石川県,2023,5,714650.0,91220.0,confirmed,employee_count
18,福井県,2023,5,266700.0,5600.0,confirmed,employee_count
19,山梨県,2023,5,659190.0,85530.0,confirmed,employee_count
20,長野県,2023,5,1494670.0,95420.0,confirmed,employee_count
21,岐阜県,2023,5,632800.0,62310.0,confirmed,employee_count
22,静岡県,2023,5,1823970.0,70120.0,confirmed,employee_count
23,愛知県,2023,5,1549640.0,140830.0,confirmed,employee_count
24,三重県,2023,5,575380.0,12680.0,confirmed,employee_count
25,滋賀県,2023,5,418780.0,15270.0,confirmed,employee_count
26,京都府,2023,5,2856080.0,853450.0,confirmed,employee_count
27,大阪府,2023,5,4179300.0,1211420.0,confirmed,employee_count
28,兵庫県,2023,5,1309840.0,80030.0,confirmed,employee_count
29,奈良県,2023,5,252850.0,18230.0,confirmed,employee_count
30,和歌山県,2023,5,386640.0,16390.0,confirmed,employee_count
31,鳥取県,2023,5,198230.0,3310.0,confirmed,employee_count
32,島根県,2023,5,313640.0,3630.0,confirmed,employee_count
33,岡山県,2023,5,484220.0,21820.0,confirmed,employee_count
34,広島県,2023,5,1122800.0,87630.0,confirmed,employee_count
35,山口県,2023,5,335980.0,6080.0,confirmed,employee_count
36,徳島県,2023,5,229380.0,6090.0,confirmed,employee_count
37,香川県,2023,5,391650.0,30780.0,confirmed,employee_count
38,愛媛県,2023,5,442860.0,14390.0,confirmed,employee_count
39,高知県,2023,5,345330.0,5670.0,confirmed,employee_count
40,福岡県,2023,5,1753160.0,344350.0,confirmed,employee_count
41,佐賀県,2023,5,210510.0,11170.0,confirmed,employee_count
42,長崎県,2023,5,674700.0,27620.0,confirmed,employee_count
43,熊本県,2023,5,744230.0,67430.0,confirmed,employee_count
44,大分県,2023,5,654970.0,65910.0,confirmed,employee_count
45,宮崎県,2023,5,302510.0,7020.0,confirmed,employee_count
46,鹿児島県,2023,5,701610.0,16930.0,confirmed,employee_count
47,沖縄県,2023,5,2333310.0,208020.0,confirmed,employee_count
01,北海道,2023,6,3618790.0,455360.0,confirmed,employee_count
02,青森県,2023,6,406920.0,12650.0,confirmed,employee_count
03,岩手県,2023,6,497110.0,16280.0,confirmed,employee_count
04,宮城県,2023,6,819660.0,45370.0,confirmed,employee_count
05,秋田県,2023,6,276410.0,6060.0,confirmed,employee_count
06,山形県,2023,6,368950.0,5470.0,confirmed,employee_count
07,福島県,2023,6,747260.0,12800.0,confirmed,employee_count
08,茨城県,2023,6,549700.0,15620.0,confirmed,employee_count
09,栃木県,2023,6,896130.0,20690.0,confirmed,employee_count
10,群馬県,2023,6,716010.0,15110.0,confirmed,employee_count
11,埼玉県,2023,6,363190.0,11780.0,confirmed,employee_count
12,千葉県,2023,6,2192950.0,309910.0,confirmed,employee_count
13,東京都,2023,6,8124590.0,2846640.0,confirmed,employee_count
14,神奈川県,2023,6,2079640.0,192640.0,confirmed,employee_count
15,新潟県,2023,6,628450.0,13020.0,confirmed,employee_count
16,富山県,2023,6,318660.0,23020.0,confirmed,employee_count
17,石川県,2023,6,590110.0,66120.0,confirmed,employee_count
18,福井県,2023,6,208000.0,3530.0,confirmed,employee_count
19,山梨県,2023,6,580230.0,81830.0,confirmed,employee_count
20,長野県,2023,6,1177610.0,58240.0,confirmed,employee_count
21,岐阜県,2023,6,511550.0,40010.0,confirmed,employee_count
22,静岡県,2023,6,1435490.0,71480.0,confirmed,employee_count
23,愛知県,2023,6,1448770.0,156420.0,confirmed,employee_count
24,三重県,2023,6,479500.0,12220.0,confirmed,employee_count
25,滋賀県,2023,6,340480.0,15470.0,confirmed,employee_count
26,京都府,2023,6,2588050.0,805190.0,confirmed,employee_count
27,大阪府,2023,6,3873510.0,1299720.0,confirmed,employee_count
28,兵庫県,2023,6,1127830.0,70010.0,confirmed,employee_count
29,奈良県,2023,6,200930.0,16860.0,confirmed,employee_count
30,和歌山県,2023,6,322300.0,18010.0,confirmed,employee_count
31,鳥取県,2023,6,190170.0,4620.0,confirmed,employee_count
32,島根県,2023,6,260850.0,3960.0,confirmed,employee_count
33,岡山県,2023,6,415970.0,23090.0,confirmed,employee_count
34,広島県,2023,6,862410.0,62580.0,confirmed,employee_count
35,山口県,2023,6,281730.0,6000.0,confirmed,employee_count
36,徳島県,2023,6,189680.0,5760.0,confirmed,employee_count
37,香川県,2023,6,316230.0,30190.0,confirmed,employee_count
38,愛媛県,2023,6,353420.0,12150.0,confirmed,employee_count
39,高知県,2023,6,256260.0,6170.0,confirmed,employee_count
40,福岡県,2023,6,1612440.0,372870.0,confirmed,employee_count
41,佐賀県,2023,6,185510.0,9460.0,confirmed,employee_count
42,長崎県,2023,6,557170.0,31010.0,confirmed,employee_count
43,熊本県,2023,6,592110.0,67800.0,confirmed,employee_count
44,大分県,2023,6,509880.0,66970.0,confirmed,employee_count
45,宮崎県,2023,6,257850.0,6190.0,confirmed,employee_count
46,鹿児島県,2023,6,565470.0,19410.0,confirmed,employee_count
47,沖縄県,2023,6,2485180.0,233210.0,confirmed,employee_count
01,北海道,2023,7,4374960.0,633900.0,confirmed,employee_count
02,青森県,2023,7,405070.0,18750.0,confirmed,employee_count
03,岩手県,2023,7,512480.0,18670.0,confirmed,employee_count
04,宮城県,2023,7,889120.0,43250.0,confirmed,employee_count
05,秋田県,2023,7,260090.0,6930.0,confirmed,employee_count
06,山形県,2023,7,417350.0,5900.0,confirmed,employee_count
07,福島県,2023,7,804650.0,13270.0,confirmed,employee_count
08,茨城県,2023,7,617620.0,15930.0,confirmed,employee_count
09,栃木県,2023,7,1111140.0,20280.0,confirmed,employee_count
10,群馬県,2023,7,900480.0,19770.0,confirmed,employee_count
11,埼玉県,2023,7,492140.0,15360.0,confirmed,employee_count
12,千葉県,2023,7,2353250.0,343300.0,confirmed,employee_count
13,東京都,2023,7,8636510.0,3176950.0,confirmed,employee_count
14,神奈川県,2023,7,2397920.0,215560.0,confirmed,employee_count
15,新潟県,2023,7,851670.0,12670.0,confirmed,employee_count
16,富山県,2023,7,336090.0,12250.0,confirmed,employee_count
17,石川県,2023,7,653240.0,59630.0,confirmed,employee_count
18,福井県,2023,7,325200.0,3190.0,confirmed,employee_count
19,山梨県,2023,7,856270.0,101620.0,confirmed,employee_count
20,長野県,2023,7,1654060.0,57730.0,confirmed,employee_count
21,岐阜県,2023,7,575800.0,42970.0,confirmed,employee_count
22,静岡県,2023,7,1922030.0,82160.0,confirmed,employee_count
23,愛知県,2023,7,1568990.0,164750.0,confirmed,employee_count
24,三重県,2023,7,549900.0,11660.0,confirmed,employee_count
25,滋賀県,2023,7,419880.0,19290.0,confirmed,employee_count
26,京都府,2023,7,2553080.0,923060.0,confirmed,employee_count
27,大阪府,2023,7,4294500.0,1527160.0,confirmed,employee_count
28,兵庫県,2023,7,1229550.0,70900.0,confirmed,employee_count
29,奈良県,2023,7,227410.0,20990.0,confirmed,employee_count
30,和歌山県,2023,7,432220.0,25870.0,confirmed,employee_count
31,鳥取県,2023,7,181460.0,5190.0,confirmed,employee_count
32,島根県,2023,7,267660.0,3620.0,confirmed,employee_count
33,岡山県,2023,7,467200.0,28090.0,confirmed,employee_count
34,広島県,2023,7,921440.0,88230.0,confirmed,employee_count
35,山口県,2023,7,290450.0,6950.0,confirmed,employee_count
36,徳島県,2023,7,181150.0,6260.0,confirmed,employee_count
37,香川県,2023,7,386310.0,30540.0,confirmed,employee_count
38,愛媛県,2023,7,351020.0,11840.0,confirmed,employee_count
39,高知県,2023,7,307530.0,5850.0,confirmed,employee_count
40,福岡県,2023,7,1717480.0,407790.0,confirmed,employee_count
41,佐賀県,2023,7,223740.0,10280.0,confirmed,employee_count
42,長崎県,2023,7,634540.0,33310.0,confirmed,employee_count
43,熊本県,2023,7,685470.0,60350.0,confirmed,employee_count
44,大分県,2023,7,654040.0,66310.0,confirmed,employee_count
45,宮崎県,2023,7,265360.0,6440.0,confirmed,employee_count
46,鹿児島県,2023,7,711360.0,20700.0,confirmed,employee_count
47,沖縄県,2023,7,3575160.0,277130.0,confirmed,employee_count
01,北海道,2023,8,4552330.0,527250.0,confirmed,employee_count
02,青森県,2023,8,459690.0,20430.0,confirmed,employee_count
03,岩手県,2023,8,657330.0,21000.0,confirmed,employee_count
04,宮城県,2023,8,1077490.0,48290.0,confirmed,employee_count
05,秋田県,2023,8,354550.0,8230.0,confirmed,employee_count
06,山形県,2023,8,531900.0,6330.0,confirmed,employee_count
07,福島県,2023,8,1016270.0,11310.0,confirmed,employee_count
08,茨城県,2023,8,827620.0,15690.0,confirmed,employee_count
09,栃木県,2023,8,1440460.0,20020.0,confirmed,employee_count
10,群馬県,2023,8,1234640.0,16890.0,confirmed,employee_count
11,埼玉県,2023,8,541840.0,13920.0,confirmed,employee_count
12,千葉県,2023,8,2866980.0,292170.0,confirmed,employee_count
13,東京都,2023,8,9057380.0,2977400.0,confirmed,employee_count
14,神奈川県,2023,8,2811730.0,216490.0,confirmed,employee_count
15,新潟県,2023,8,1189290.0,10530.0,confirmed,employee_count
16,富山県,2023,8,425250.0,10800.0,confirmed,employee_count
17,石川県,2023,8,947410.0,73080.0,confirmed,employee_count
18,福井県,2023,8,431140.0,3520.0,confirmed,employee_count
19,山梨県,2023,8,1095700.0,83340.0,confirmed,employee_count
20,長野県,2023,8,2364970.0,47070.0,confirmed,employee_count
21,岐阜県,2023,8,760170.0,39610.0,confirmed,employee_count
22,静岡県,2023,8,2616870.0,79410.0,confirmed,employee_count
23,愛知県,2023,8,1870480.0,159460.0,confirmed,employee_count
24,三重県,2023,8,807830.0,9870.0,confirmed,employee_count
25,滋賀県,2023,8,539040.0,19470.0,confirmed,employee_count
26,京都府,2023,8,2824800.0,883260.0,confirmed,employee_count
27,大阪府,2023,8,4823280.0,1432790.0,confirmed,employee_count
28,兵庫県,2023,8,1604050.0,69510.0,confirmed,employee_count
29,奈良県,2023,8,270710.0,23300.0,confirmed,employee_count
30,和歌山県,2023,8,596610.0,28860.0,confirmed,employee_count
31,鳥取県,2023,8,259550.0,5470.0,confirmed,employee_count
32,島根県,2023,8,341940.0,4740.0,confirmed,employee_count
33,岡山県,2023,8,563440.0,24790.0,confirmed,employee_count
34,広島県,2023,8,1180880.0,92640.0,confirmed,employee_count
35,山口県,2023,8,361240.0,5830.0,confirmed,employee_count
36,徳島県,2023,8,256560.0,7310.0,confirmed,employee_count
37,香川県,2023,8,463750.0,24260.0,confirmed,employee_count
38,愛媛県,2023,8,489930.0,14140.0,confirmed,employee_count
39,高知県,2023,8,433370.0,7130.0,confirmed,employee_count
40,福岡県,2023,8,2003000.0,423990.0,confirmed,employee_count
41,佐賀県,2023,8,204060.0,12530.0,confirmed,employee_count
42,長崎県,2023,8,757770.0,32630.0,confirmed,employee_count
43,熊本県,2023,8,875030.0,79250.0,confirmed,employee_count
44,大分県,2023,8,751640.0,70300.0,confirmed,employee_count
45,宮崎県,2023,8,295750.0,6830.0,confirmed,employee_count
46,鹿児島県,2023,8,779390.0,20710.0,confirmed,employee_count
47,沖縄県,2023,8,3731960.0,232020.0,confirmed,employee_count
01,北海道,2023,9,3664550.0,369920.0,confirmed,employee_count
02,青森県,2023,9,407510.0,16380.0,confirmed,employee_count
03,岩手県,2023,9,504460.0,18830.0,confirmed,employee_count
04,宮城県,2023,9,890250.0,39850.0,confirmed,employee_count
05,秋田県,2023,9,300130.0,5970.0,confirmed,employee_count
06,山形県,2023,9,387060.0,6170.0,confirmed,employee_count
07,福島県,2023,9,791090.0,14020.0,confirmed,employee_count
08,茨城県,2023,9,599600.0,24090.0,confirmed,employee_count
09,栃木県,2023,9,1071940.0,22760.0,confirmed,employee_count
10,群馬県,2023,9,878330.0,19270.0,confirmed,employee_count
11,埼玉県,2023,9,428880.0,11740.0,confirmed,employee_count
12,千葉県,2023,9,2227560.0,229350.0,confirmed,employee_count
13,東京都,2023,9,8289650.0,3011420.0,confirmed,employee_count
14,神奈川県,2023,9,2364850.0,207160.0,confirmed,employee_count
15,新潟県,2023,9,823160.0,14650.0,confirmed,employee_count
16,富山県,2023,9,356500.0,15390.0,confirmed,employee_count
17,石川県,2023,9,776460.0,77100.0,confirmed,employee_count
18,福井県,2023,9,281850.0,4240.0,confirmed,employee_count
19,山梨県,2023,9,727320.0,82190.0,confirmed,employee_count
20,長野県,2023,9,1530330.0,57950.0,confirmed,employee_count
21,岐阜県,2023,9,539480.0,45560.0,confirmed,employee_count
22,静岡県,2023,9,1790400.0,70300.0,confirmed,employee_count
23,愛知県,2023,9,1598530.0,160070.0,confirmed,employee_count
24,三重県,2023,9,621210.0,16600.0,confirmed,employee_count
25,滋賀県,2023,9,417990.0,20910.0,confirmed,employee_count
26,京都府,2023,9,2738170.0,921690.0,confirmed,employee_count
27,大阪府,2023,9,4365720.0,1378350.0,confirmed,employee_count
28,兵庫県,2023,9,1261370.0,78170.0,confirmed,employee_count
29,奈良県,2023,9,212010.0,21010.0,confirmed,employee_count
30,和歌山県,2023,9,370430.0,23450.0,confirmed,employee_count
31,鳥取県,2023,9,185030.0,4040.0,confirmed,employee_count
32,島根県,2023,9,273920.0,4260.0,confirmed,employee_count
33,岡山県,2023,9,481340.0,24150.0,confirmed,employee_count
34,広島県,2023,9,945450.0,90640.0,confirmed,employee_count
35,山口県,2023,9,297290.0,6250.0,confirmed,employee_count
36,徳島県,2023,9,198490.0,7580.0,confirmed,employee_count
37,香川県,2023,9,396930.0,32310.0,confirmed,employee_count
38,愛媛県,2023,9,365770.0,12620.0,confirmed,employee_count
39,高知県,2023,9,308270.0,8040.0,confirmed,employee_count
40,福岡県,2023,9,1727230.0,381550.0,confirmed,employee_count
41,佐賀県,2023,9,209570.0,9910.0,confirmed,employee_count
42,長崎県,2023,9,638040.0,27820.0,confirmed,employee_count
43,熊本県,2023,9,724950.0,70140.0,confirmed,employee_count
44,大分県,2023,9,593140.0,86880.0,confirmed,employee_count
45,宮崎県,2023,9,277410.0,7350.0,confirmed,employee_count
46,鹿児島県,2023,9,658020.0,20880.0,confirmed,employee_count
47,沖縄県,2023,9,2678610.0,231210.0,confirmed,employee_count
01,北海道,2023,10,3285280.0,494240.0,confirmed,employee_count
02,青森県,2023,10,458110.0,59940.0,confirmed,employee_count
03,岩手県,2023,10,569780.0,55910.0,confirmed,employee_count
04,宮城県,2023,10,907670.0,66210.0,confirmed,employee_count
05,秋田県,2023,10,316920.0,15480.0,confirmed,employee_count
06,山形県,2023,10,439490.0,15600.0,confirmed,employee_count
07,福島県,2023,10,885110.0,23780.0,confirmed,employee_count
08,茨城県,2023,10,662270.0,28310.0,confirmed,employee_count
09,栃木県,2023,10,1157790.0,48770.0,confirmed,employee_count
10,群馬県,2023,10,861270.0,30940.0,confirmed,employee_count
11,埼玉県,2023,10,445120.0,18260.0,confirmed,employee_count
12,千葉県,2023,10,2381930.0,308480.0,confirmed,employee_count
13,東京都,2023,10,9110630.0,3594150.0,confirmed,employee_count
14,神奈川県,2023,10,2517790.0,268530.0,confirmed,employee_count
15,新潟県,2023,10,828930.0,19350.0,confirmed,employee_count
16,富山県,2023,10,387350.0,34980.0,confirmed,employee_count
17,石川県,2023,10,857670.0,121220.0,confirmed,employee_count
18,福井県,2023,10,290210.0,7270.0,confirmed,employee_count
19,山梨県,2023,10,706320.0,111310.0,confirmed,employee_count
20,長野県,2023,10,1565310.0,126070.0,confirmed,employee_count
21,岐阜県,2023,10,672090.0,78880.0,confirmed,employee_count
22,静岡県,2023,10,1741960.0,92460.0,confirmed,employee_count
23,愛知県,2023,10,1577050.0,196680.0,confirmed,employee_count
24,三重県,2023,10,662940.0,18340.0,confirmed,employee_count
25,滋賀県,2023,10,446130.0,34990.0,confirmed,employee_count
26,京都府,2023,10,3127380.0,1133000.0,confirmed,employee_count
27,大阪府,2023,10,4849210.0,1752870.0,confirmed,employee_count
28,兵庫県,2023,10,1324080.0,96310.0,confirmed,employee_count
29,奈良県,2023,10,252270.0,23890.0,confirmed,employee_count
30,和歌山県,2023,10,374230.0,27590.0,confirmed,employee_count
31,鳥取県,2023,10,197890.0,6540.0,confirmed,employee_count
32,島根県,2023,10,316280.0,5610.0,confirmed,employee_count
33,岡山県,2023,10,483150.0,30930.0,confirmed,employee_count
34,広島県,2023,10,1094770.0,116370.0,confirmed,employee_count
35,山口県,2023,10,308920.0,9770.0,confirmed,employee_count
36,徳島県,2023,10,197530.0,12500.0,confirmed,employee_count
37,香川県,2023,10,406760.0,48650.0,confirmed,employee_count
38,愛媛県,2023,10,425200.0,19190.0,confirmed,employee_count
39,高知県,2023,10,357790.0,8870.0,confirmed,employee_count
40,福岡県,2023,10,1939240.0,465180.0,confirmed,employee_count
41,佐賀県,2023,10,223710.0,14870.0,confirmed,employee_count
42,長崎県,2023,10,697990.0,36260.0,confirmed,employee_count
43,熊本県,2023,10,797600.0,108160.0,confirmed,employee_count
44,大分県,2023,10,649930.0,93140.0,confirmed,employee_count
45,宮崎県,2023,10,301360.0,14990.0,confirmed,employee_count
46,鹿児島県,2023,10,782130.0,23290.0,confirmed,employee_count
47,沖縄県,2023,10,3269450.0,234300.0,confirmed,employee_count
01,北海道,2023,11,2635560.0,414270.0,confirmed,employee_count
02,青森県,2023,11,369970.0,32910.0,confirmed,employee_count
03,岩手県,2023,11,496010.0,35720.0,confirmed,employee_count
04,宮城県,2023,11,887350.0,55850.0,confirmed,employee_count
05,秋田県,2023,11,238640.0,8980.0,confirmed,employee_count
06,山形県,2023,11,366980.0,12920.0,confirmed,employee_count
07,福島県,2023,11,834860.0,22460.0,confirmed,employee_count
08,茨城県,2023,11,667390.0,20790.0,confirmed,employee_count
09,栃木県,2023,11,1171380.0,32940.0,confirmed,employee_count
10,群馬県,2023,11,871110.0,30670.0,confirmed,employee_count
11,埼玉県,2023,11,463110.0,16120.0,confirmed,employee_count
12,千葉県,2023,11,2374540.0,274090.0,confirmed,employee_count
13,東京都,2023,11,8738110.0,3363470.0,confirmed,employee_count
14,神奈川県,2023,11,2316840.0,267180.0,confirmed,employee_count
15,新潟県,2023,11,742430.0,19480.0,confirmed,employee_count
16,富山県,2023,11,343260.0,21500.0,confirmed,employee_count
17,石川県,2023,11,934560.0,125160.0,confirmed,employee_count
18,福井県,2023,11,308050.0,7750.0,confirmed,employee_count
19,山梨県,2023,11,737260.0,146720.0,confirmed,employee_count
20,長野県,2023,11,1278430.0,98340.0,confirmed,employee_count
21,岐阜県,2023,11,658120.0,78400.0,confirmed,employee_count
22,静岡県,2023,11,1898740.0,113610.0,confirmed,employee_count
23,愛知県,2023,11,1665650.0,223410.0,confirmed,employee_count
24,三重県,2023,11,709790.0,18570.0,confirmed,employee_count
25,滋賀県,2023,11,464170.0,36510.0,confirmed,employee_count
26,京都府,2023,11,3353820.0,1087550.0,confirmed,employee_count
27,大阪府,2023,11,4835000.0,1679470.0,confirmed,employee_count
28,兵庫県,2023,11,1385630.0,97920.0,confirmed,employee_count
29,奈良県,2023,11,274970.0,29420.0,confirmed,employee_count
30,和歌山県,2023,11,425220.0,30330.0,confirmed,employee_count
31,鳥取県,2023,11,215000.0,8400.0,confirmed,employee_count
32,島根県,2023,11,332260.0,6690.0,confirmed,employee_count
33,岡山県,2023,11,529060.0,40380.0,confirmed,employee_count
34,広島県,2023,11,1115280.0,119060.0,confirmed,employee_count
35,山口県,2023,11,328940.0,11500.0,confirmed,employee_count
36,徳島県,2023,11,210100.0,13360.0,confirmed,employee_count
37,香川県,2023,11,402650.0,49620.0,confirmed,employee_count
38,愛媛県,2023,11,440100.0,29320.0,confirmed,employee_count
39,高知県,2023,11,359440.0,10080.0,confirmed,employee_count
40,福岡県,2023,11,2023600.0,504110.0,confirmed,employee_count
41,佐賀県,2023,11,222710.0,18190.0,confirmed,employee_count
42,長崎県,2023,11,715620.0,42050.0,confirmed,employee_count
43,熊本県,2023,11,815500.0,115510.0,confirmed,employee_count
44,大分県,2023,11,736530.0,101270.0,confirmed,employee_count
45,宮崎県,2023,11,290860.0,15000.0,confirmed,employee_count
46,鹿児島県,2023,11,738630.0,34620.0,confirmed,employee_count
47,沖縄県,2023,11,2552400.0,215860.0,confirmed,employee_count
01,北海道,2023,12,3155030.0,1009810.0,confirmed,employee_count
02,青森県,2023,12,307250.0,21380.0,confirmed,employee_count
03,岩手県,2023,12,422070.0,21740.0,confirmed,employee_count
04,宮城県,2023,12,804660.0,53040.0,confirmed,employee_count
05,秋田県,2023,12,192160.0,5320.0,confirmed,employee_count
06,山形県,2023,12,350930.0,25540.0,confirmed,employee_count
07,福島県,2023,12,743510.0,18700.0,confirmed,employee_count
08,茨城県,2023,12,677480.0,13590.0,confirmed,employee_count
09,栃木県,2023,12,933900.0,19920.0,confirmed,employee_count
10,群馬県,2023,12,804740.0,30550.0,confirmed,employee_count
11,埼玉県,2023,12,464190.0,16900.0,confirmed,employee_count
12,千葉県,2023,12,2487540.0,323040.0,confirmed,employee_count
13,東京都,2023,12,9287330.0,3436400.0,confirmed,employee_count
14,神奈川県,2023,12,2705490.0,236980.0,confirmed,employee_count
15,新潟県,2023,12,720690.0,46890.0,confirmed,employee_count
16,富山県,2023,12,273070.0,12600.0,confirmed,employee_count
17,石川県,2023,12,752770.0,95840.0,confirmed,employee_count
18,福井県,2023,12,267100.0,6350.0,confirmed,employee_count
19,山梨県,2023,12,562670.0,141470.0,confirmed,employee_count
20,長野県,2023,12,1238970.0,115780.0,confirmed,employee_count
21,岐阜県,2023,12,592570.0,76320.0,confirmed,employee_count
22,静岡県,2023,12,1859300.0,93930.0,confirmed,employee_count
23,愛知県,2023,12,1712840.0,236680.0,confirmed,employee_count
24,三重県,2023,12,638130.0,20280.0,confirmed,employee_count
25,滋賀県,2023,12,384710.0,23670.0,confirmed,employee_count
26,京都府,2023,12,2929040.0,888790.0,confirmed,employee_count
27,大阪府,2023,12,4936020.0,1857250.0,confirmed,employee_count
28,兵庫県,2023,12,1297710.0,92610.0,confirmed,employee_count
29,奈良県,2023,12,201470.0,21010.0,confirmed,employee_count
30,和歌山県,2023,12,342520.0,19250.0,confirmed,employee_count
31,鳥取県,2023,12,158800.0,7080.0,confirmed,employee_count
32,島根県,2023,12,255110.0,4280.0,confirmed,employee_count
33,岡山県,2023,12,488730.0,27980.0,confirmed,employee_count
34,広島県,2023,12,903720.0,66520.0,confirmed,employee_count
35,山口県,2023,12,284880.0,8090.0,confirmed,employee_count
36,徳島県,2023,12,175860.0,7070.0,confirmed,employee_count
37,香川県,2023,12,331940.0,37550.0,confirmed,employee_count
38,愛媛県,2023,12,352950.0,21390.0,confirmed,employee_count
39,高知県,2023,12,264950.0,7300.0,confirmed,employee_count
40,福岡県,2023,12,1994010.0,544480.0,confirmed,employee_count
41,佐賀県,2023,12,202750.0,19640.0,confirmed,employee_count
42,長崎県,2023,12,643970.0,37220.0,confirmed,employee_count
43,熊本県,2023,12,702360.0,101740.0,confirmed,employee_count
44,大分県,2023,12,688490.0,115790.0,confirmed,employee_count
45,宮崎県,2023,12,250790.0,10050.0,confirmed,employee_count
46,鹿児島県,2023,12,684650.0,36300.0,confirmed,employee_count
47,沖縄県,2023,12,2083780.0,232940.0,confirmed,employee_count
01,北海道,2024,1,3296700.0,1078170.0,confirmed,employee_count
02,青森県,2024,1,262960.0,23540.0,confirmed,employee_count
03,岩手県,2024,1,408860.0,35250.0,confirmed,employee_count
04,宮城県,2024,1,707490.0,59350.0,confirmed,employee_count
05,秋田県,2024,1,180870.0,6060.0,confirmed,employee_count
06,山形県,2024,1,371830.0,40770.0,confirmed,employee_count
07,福島県,2024,1,692590.0,40330.0,confirmed,employee_count
08,茨城県,2024,1,480880.0,11390.0,confirmed,employee_count
09,栃木県,2024,1,679330.0,20070.0,confirmed,employee_count
10,群馬県,2024,1,724740.0,28360.0,confirmed,employee_count
11,埼玉県,2024,1,419200.0,12670.0,confirmed,employee_count
12,千葉県,2024,1,2066140.0,307690.0,confirmed,employee_count
13,東京都,2024,1,8055590.0,3178690.0,confirmed,employee_count
14,神奈川県,2024,1,2106210.0,194540.0,confirmed,employee_count
15,新潟県,2024,1,806670.0,88780.0,confirmed,employee_count
16,富山県,2024,1,218820.0,9800.0,confirmed,employee_count
17,石川県,2024,1,805090.0,68240.0,confirmed,employee_count
18,福井県,2024,1,190020.0,4640.0,confirmed,employee_count
19,山梨県,2024,1,441050.0,98110.0,confirmed,employee_count
20,長野県,2024,1,1622880.0,202030.0,confirmed,employee_count
21,岐阜県,2024,1,568850.0,83090.0,confirmed,employee_count
22,静岡県,2024,1,1626550.0,76590.0,confirmed,employee_count
23,愛知県,2024,1,1505430.0,213310.0,confirmed,employee_count
24,三重県,2024,1,587050.0,12910.0,confirmed,employee_count
25,滋賀県,2024,1,293220.0,22330.0,confirmed,employee_count
26,京都府,2024,1,2087870.0,699210.0,confirmed,employee_count
27,大阪府,2024,1,3955610.0,1526210.0,confirmed,employee_count
28,兵庫県,2024,1,1093650.0,81690.0,confirmed,employee_count
29,奈良県,2024,1,164690.0,16030.0,confirmed,employee_count
30,和歌山県,2024,1,325730.0,15220.0,confirmed,employee_count
31,鳥取県,2024,1,145040.0,5890.0,confirmed,employee_count
32,島根県,2024,1,193840.0,3390.0,confirmed,employee_count
33,岡山県,2024,1,368350.0,22520.0,confirmed,employee_count
34,広島県,2024,1,732340.0,60240.0,confirmed,employee_count
35,山口県,2024,1,244580.0,9020.0,confirmed,employee_count
36,徳島県,2024,1,152720.0,3920.0,confirmed,employee_count
37,香川県,2024,1,262340.0,27930.0,confirmed,employee_count
38,愛媛県,2024,1,277410.0,22120.0,confirmed,employee_count
39,高知県,2024,1,173890.0,5550.0,confirmed,employee_count
40,福岡県,2024,1,1696850.0,507400.0,confirmed,employee_count
41,佐賀県,2024,1,192270.0,20260.0,confirmed,employee_count
42,長崎県,2024,1,490990.0,33010.0,confirmed,employee_count
43,熊本県,2024,1,567970.0,94360.0,confirmed,employee_count
44,大分県,2024,1,672510.0,101610.0,confirmed,employee_count
45,宮崎県,2024,1,241880.0,10960.0,confirmed,employee_count
46,鹿児島県,2024,1,545700.0,32930.0,confirmed,employee_count
47,沖縄県,2024,1,1808360.0,282650.0,confirmed,employee_count
01,北海道,2024,2,3592690.0,1114870.0,confirmed,employee_count
02,青森県,2024,2,286910.0,31970.0,confirmed,employee_count
03,岩手県,2024,2,396070.0,42080.0,confirmed,employee_count
04,宮城県,2024,2,749890.0,72530.0,confirmed,employee_count
05,秋田県,2024,2,190460.0,8130.0,confirmed,employee_count
06,山形県,2024,2,409140.0,43120.0,confirmed,employee_count
07,福島県,2024,2,764890.0,38480.0,confirmed,employee_count
08,茨城県,2024,2,502360.0,17240.0,confirmed,employee_count
09,栃木県,2024,2,723810.0,23190.0,confirmed,employee_count
10,群馬県,2024,2,718720.0,34630.0,confirmed,employee_count
11,埼玉県,2024,2,416720.0,15770.0,confirmed,employee_count
12,千葉県,2024,2,2081180.0,252600.0,confirmed,employee_count
13,東京都,2024,2,8363770.0,3193860.0,confirmed,employee_count
14,神奈川県,2024,2,2267480.0,244340.0,confirmed,employee_count
15,新潟県,2024,2,914530.0,96400.0,confirmed,employee_count
16,富山県,2024,2,258660.0,12440.0,confirmed,employee_count
17,石川県,2024,2,875900.0,77270.0,confirmed,employee_count
18,福井県,2024,2,261110.0,5300.0,confirmed,employee_count
19,山梨県,2024,2,466330.0,107810.0,confirmed,employee_count
20,長野県,2024,2,1734860.0,177680.0,confirmed,employee_count
21,岐阜県,2024,2,598610.0,91280.0,confirmed,employee_count
22,静岡県,2024,2,1748550.0,113690.0,confirmed,employee_count
23,愛知県,2024,2,1598350.0,236810.0,confirmed,employee_count
24,三重県,2024,2,584290.0,12550.0,confirmed,employee_count
25,滋賀県,2024,2,302050.0,20230.0,confirmed,employee_count
26,京都府,2024,2,2203160.0,761120.0,confirmed,employee_count
27,大阪府,2024,2,4101860.0,1528030.0,confirmed,employee_count
28,兵庫県,2024,2,1161990.0,94210.0,confirmed,employee_count
29,奈良県,2024,2,161010.0,19200.0,confirmed,employee_count
30,和歌山県,2024,2,346100.0,21760.0,confirmed,employee_count
31,鳥取県,2024,2,168290.0,7460.0,confirmed,employee_count
32,島根県,2024,2,226440.0,3780.0,confirmed,employee_count
33,岡山県,2024,2,393460.0,23920.0,confirmed,employee_count
34,広島県,2024,2,795310.0,70180.0,confirmed,employee_count
35,山口県,2024,2,271690.0,10910.0,confirmed,employee_count
36,徳島県,2024,2,158280.0,6000.0,confirmed,employee_count
37,香川県,2024,2,301190.0,31910.0,confirmed,employee_count
38,愛媛県,2024,2,295070.0,18410.0,confirmed,employee_count
39,高知県,2024,2,192330.0,8310.0,confirmed,employee_count
40,福岡県,2024,2,1779220.0,503290.0,confirmed,employee_count
41,佐賀県,2024,2,187210.0,20900.0,confirmed,employee_count
42,長崎県,2024,2,567400.0,37050.0,confirmed,employee_count
43,熊本県,2024,2,583510.0,94800.0,confirmed,employee_count
44,大分県,2024,2,687170.0,109630.0,confirmed,employee_count
45,宮崎県,2024,2,320160.0,12110.0,confirmed,employee_count
46,鹿児島県,2024,2,651200.0,39030.0,confirmed,employee_count
47,沖縄県,2024,2,2366870.0,307330.0,confirmed,employee_count
01,北海道,2024,3,3072240.0,622430.0,confirmed,employee_count
02,青森県,2024,3,295930.0,13420.0,confirmed,employee_count
03,岩手県,2024,3,427670.0,20050.0,confirmed,employee_count
04,宮城県,2024,3,867860.0,60860.0,confirmed,employee_count
05,秋田県,2024,3,203540.0,4490.0,confirmed,employee_count
06,山形県,2024,3,391930.0,16320.0,confirmed,employee_count
07,福島県,2024,3,707930.0,24360.0,confirmed,employee_count
08,茨城県,2024,3,632660.0,20080.0,confirmed,employee_count
09,栃木県,2024,3,848690.0,20870.0,confirmed,employee_count
10,群馬県,2024,3,777720.0,23040.0,confirmed,employee_count
11,埼玉県,2024,3,509550.0,21860.0,confirmed,employee_count
12,千葉県,2024,3,2497440.0,298870.0,confirmed,employee_count
13,東京都,2024,3,9672730.0,4011710.0,confirmed,employee_count
14,神奈川県,2024,3,2315990.0,349760.0,confirmed,employee_count
15,新潟県,2024,3,931420.0,38360.0,confirmed,employee_count
16,富山県,2024,3,313320.0,11310.0,confirmed,employee_count
17,石川県,2024,3,1098250.0,116740.0,confirmed,employee_count
18,福井県,2024,3,340140.0,6170.0,confirmed,employee_count
19,山梨県,2024,3,726350.0,125180.0,confirmed,employee_count
20,長野県,2024,3,1424550.0,116830.0,confirmed,employee_count
21,岐阜県,2024,3,713050.0,86830.0,confirmed,employee_count
22,静岡県,2024,3,2086550.0,130770.0,confirmed,employee_count
23,愛知県,2024,3,1838080.0,262930.0,confirmed,employee_count
24,三重県,2024,3,788540.0,16470.0,confirmed,employee_count
25,滋賀県,2024,3,410620.0,54070.0,confirmed,employee_count
26,京都府,2024,3,3041430.0,1177780.0,confirmed,employee_count
27,大阪府,2024,3,4759650.0,1648530.0,confirmed,employee_count
28,兵庫県,2024,3,1532910.0,115690.0,confirmed,employee_count
29,奈良県,2024,3,240570.0,31550.0,confirmed,employee_count
30,和歌山県,2024,3,486840.0,30220.0,confirmed,employee_count
31,鳥取県,2024,3,216950.0,6940.0,confirmed,employee_count
32,島根県,2024,3,299480.0,5580.0,confirmed,employee_count
33,岡山県,2024,3,549930.0,50990.0,confirmed,employee_count
34,広島県,2024,3,1060950.0,162860.0,confirmed,employee_count
35,山口県,2024,3,339000.0,13210.0,confirmed,employee_count
36,徳島県,2024,3,228670.0,13460.0,confirmed,employee_count
37,香川県,2024,3,421410.0,54070.0,confirmed,employee_count
38,愛媛県,2024,3,399660.0,30160.0,confirmed,employee_count
39,高知県,2024,3,274810.0,9450.0,confirmed,employee_count
40,福岡県,2024,3,1994520.0,520510.0,confirmed,employee_count
41,佐賀県,2024,3,212510.0,19480.0,confirmed,employee_count
42,長崎県,2024,3,667270.0,39570.0,confirmed,employee_count
43,熊本県,2024,3,729870.0,137610.0,confirmed,employee_count
44,大分県,2024,3,755460.0,87150.0,confirmed,employee_count
45,宮崎県,2024,3,321760.0,15180.0,confirmed,employee_count
46,鹿児島県,2024,3,730400.0,49190.0,confirmed,employee_count
47,沖縄県,2024,3,2380710.0,286000.0,confirmed,employee_count
01,北海道,2024,4,2526130.0,446790.0,confirmed,employee_count
02,青森県,2024,4,385200.0,43330.0,confirmed,employee_count
03,岩手県,2024,4,429710.0,35640.0,confirmed,employee_count
04,宮城県,2024,4,773790.0,66330.0,confirmed,employee_count
05,秋田県,2024,4,240290.0,9670.0,confirmed,employee_count
06,山形県,2024,4,337540.0,14520.0,confirmed,employee_count
07,福島県,2024,4,696190.0,26670.0,confirmed,employee_count
08,茨城県,2024,4,608300.0,25250.0,confirmed,employee_count
09,栃木県,2024,4,899100.0,34840.0,confirmed,employee_count
10,群馬県,2024,4,665700.0,25420.0,confirmed,employee_count
11,埼玉県,2024,4,459460.0,21740.0,confirmed,employee_count
12,千葉県,2024,4,2265110.0,418390.0,confirmed,employee_count
13,東京都,2024,4,9265950.0,4266850.0,confirmed,employee_count
14,神奈川県,2024,4,2080780.0,370770.0,confirmed,employee_count
15,新潟県,2024,4,834560.0,22180.0,confirmed,employee_count
16,富山県,2024,4,377380.0,35950.0,confirmed,employee_count
17,石川県,2024,4,1002350.0,207650.0,confirmed,employee_count
18,福井県,2024,4,297190.0,8590.0,confirmed,employee_count
19,山梨県,2024,4,691710.0,147240.0,confirmed,employee_count
20,長野県,2024,4,1296220.0,150510.0,confirmed,employee_count
21,岐阜県,2024,4,699730.0,132420.0,confirmed,employee_count
22,静岡県,2024,4,1795290.0,160620.0,confirmed,employee_count
23,愛知県,2024,4,1770210.0,327190.0,confirmed,employee_count
24,三重県,2024,4,660570.0,29430.0,confirmed,employee_count
25,滋賀県,2024,4,423910.0,35360.0,confirmed,employee_count
26,京都府,2024,4,3084660.0,1426440.0,confirmed,employee_count
27,大阪府,2024,4,4840640.0,1967240.0,confirmed,employee_count
28,兵庫県,2024,4,1223690.0,123450.0,confirmed,employee_count
29,奈良県,2024,4,243650.0,40440.0,confirmed,employee_count
30,和歌山県,2024,4,395480.0,36410.0,confirmed,employee_count
31,鳥取県,2024,4,196080.0,6030.0,confirmed,employee_count
32,島根県,2024,4,289940.0,10190.0,confirmed,employee_count
33,岡山県,2024,4,483700.0,45290.0,confirmed,employee_count
34,広島県,2024,4,992650.0,187760.0,confirmed,employee_count
35,山口県,2024,4,287360.0,12370.0,confirmed,employee_count
36,徳島県,2024,4,208760.0,12450.0,confirmed,employee_count
37,香川県,2024,4,425330.0,67160.0,confirmed,employee_count
38,愛媛県,2024,4,366850.0,34960.0,confirmed,employee_count
39,高知県,2024,4,231710.0,10590.0,confirmed,employee_count
40,福岡県,2024,4,1859990.0,570100.0,confirmed,employee_count
41,佐賀県,2024,4,202440.0,19680.0,confirmed,employee_count
42,長崎県,2024,4,615180.0,54230.0,confirmed,employee_count
43,熊本県,2024,4,624960.0,116210.0,confirmed,employee_count
44,大分県,2024,4,662980.0,85100.0,confirmed,employee_count
45,宮崎県,2024,4,269500.0,13120.0,confirmed,employee_count
46,鹿児島県,2024,4,630400.0,43640.0,confirmed,employee_count
47,沖縄県,2024,4,2462700.0,330580.0,confirmed,employee_count
01,北海道,2024,5,3260670.0,535150.0,confirmed,employee_count
02,青森県,2024,5,395080.0,22320.0,confirmed,employee_count
03,岩手県,2024,5,474380.0,16220.0,confirmed,employee_count
04,宮城県,2024,5,817550.0,43010.0,confirmed,employee_count
05,秋田県,2024,5,278240.0,5460.0,confirmed,employee_count
06,山形県,2024,5,373670.0,8760.0,confirmed,employee_count
07,福島県,2024,5,733480.0,15030.0,confirmed,employee_count
08,茨城県,2024,5,602120.0,19420.0,confirmed,employee_count
09,栃木県,2024,5,988560.0,25680.0,confirmed,employee_count
10,群馬県,2024,5,766350.0,18740.0,confirmed,employee_count
11,埼玉県,2024,5,439140.0,17660.0,confirmed,employee_count
12,千葉県,2024,5,2294330.0,316290.0,confirmed,employee_count
13,東京都,2024,5,9113980.0,4005130.0,confirmed,employee_count
14,神奈川県,2024,5,2118380.0,338940.0,confirmed,employee_count
15,新潟県,2024,5,766610.0,16000.0,confirmed,employee_count
16,富山県,2024,5,322810.0,34690.0,confirmed,employee_count
17,石川県,2024,5,965520.0,196000.0,confirmed,employee_count
18,福井県,2024,5,339170.0,7800.0,confirmed,employee_count
19,山梨県,2024,5,768990.0,122100.0,confirmed,employee_count
20,長野県,2024,5,1584400.0,146210.0,confirmed,employee_count
21,岐阜県,2024,5,769410.0,129370.0,confirmed,employee_count
22,静岡県,2024,5,1810310.0,138030.0,confirmed,employee_count
23,愛知県,2024,5,1741360.0,283190.0,confirmed,employee_count
24,三重県,2024,5,688040.0,19050.0,confirmed,employee_count
25,滋賀県,2024,5,450050.0,19810.0,confirmed,employee_count
26,京都府,2024,5,3238870.0,1314350.0,confirmed,employee_count
27,大阪府,2024,5,4837810.0,1886250.0,confirmed,employee_count
28,兵庫県,2024,5,1332260.0,141760.0,confirmed,employee_count
29,奈良県,2024,5,281510.0,31470.0,confirmed,employee_count
30,和歌山県,2024,5,435920.0,36320.0,confirmed,employee_count
31,鳥取県,2024,5,227040.0,7030.0,confirmed,employee_count
32,島根県,2024,5,320760.0,6060.0,confirmed,employee_count
33,岡山県,2024,5,471240.0,37930.0,confirmed,employee_count
34,広島県,2024,5,1090000.0,155580.0,confirmed,employee_count
35,山口県,2024,5,327010.0,9070.0,confirmed,employee_count
36,徳島県,2024,5,236040.0,12580.0,confirmed,employee_count
37,香川県,2024,5,403150.0,67270.0,confirmed,employee_count
38,愛媛県,2024,5,370550.0,27050.0,confirmed,employee_count
39,高知県,2024,5,262200.0,8860.0,confirmed,employee_count
40,福岡県,2024,5,1999830.0,616110.0,confirmed,employee_count
41,佐賀県,2024,5,208960.0,19530.0,confirmed,employee_count
42,長崎県,2024,5,694410.0,39300.0,confirmed,employee_count
43,熊本県,2024,5,693220.0,111210.0,confirmed,employee_count
44,大分県,2024,5,700060.0,79100.0,confirmed,employee_count
45,宮崎県,2024,5,306150.0,11050.0,confirmed,employee_count
46,鹿児島県,2024,5,702310.0,40450.0,confirmed,employee_count
47,沖縄県,2024,5,2365550.0,356160.0,confirmed,employee_count
01,北海道,2024,6,3871340.0,638700.0,confirmed,employee_count
02,青森県,2024,6,394790.0,22950.0,confirmed,employee_count
03,岩手県,2024,6,492210.0,16920.0,confirmed,employee_count
04,宮城県,2024,6,826500.0,47750.0,confirmed,employee_count
05,秋田県,2024,6,276870.0,7400.0,confirmed,employee_count
06,山形県,2024,6,426440.0,9200.0,confirmed,employee_count
07,福島県,2024,6,752700.0,13030.0,confirmed,employee_count
08,茨城県,2024,6,559260.0,15530.0,confirmed,employee_count
09,栃木県,2024,6,865620.0,21620.0,confirmed,employee_count
10,群馬県,2024,6,659550.0,12510.0,confirmed,employee_count
11,埼玉県,2024,6,418190.0,18090.0,confirmed,employee_count
12,千葉県,2024,6,2229270.0,432470.0,confirmed,employee_count
13,東京都,2024,6,8934800.0,4025890.0,confirmed,employee_count
14,神奈川県,2024,6,1937880.0,326580.0,confirmed,employee_count
15,新潟県,2024,6,728370.0,18440.0,confirmed,employee_count
16,富山県,2024,6,252780.0,16060.0,confirmed,employee_count
17,石川県,2024,6,805810.0,118660.0,confirmed,employee_count
18,福井県,2024,6,308880.0,5200.0,confirmed,employee_count
19,山梨県,2024,6,635580.0,109900.0,confirmed,employee_count
20,長野県,2024,6,1291800.0,91030.0,confirmed,employee_count
21,岐阜県,2024,6,607900.0,93540.0,confirmed,employee_count
22,静岡県,2024,6,1547340.0,139120.0,confirmed,employee_count
23,愛知県,2024,6,1644600.0,315680.0,confirmed,employee_count
24,三重県,2024,6,551460.0,17610.0,confirmed,employee_count
25,滋賀県,2024,6,379260.0,26030.0,confirmed,employee_count
26,京都府,2024,6,2800400.0,1195910.0,confirmed,employee_count
27,大阪府,2024,6,4662520.0,2020960.0,confirmed,employee_count
28,兵庫県,2024,6,1177250.0,106570.0,confirmed,employee_count
29,奈良県,2024,6,205400.0,25160.0,confirmed,employee_count
30,和歌山県,2024,6,340590.0,32540.0,confirmed,employee_count
31,鳥取県,2024,6,181300.0,7160.0,confirmed,employee_count
32,島根県,2024,6,270150.0,6160.0,confirmed,employee_count
33,岡山県,2024,6,371170.0,36820.0,confirmed,employee_count
34,広島県,2024,6,912890.0,113110.0,confirmed,employee_count
35,山口県,2024,6,271740.0,8240.0,confirmed,employee_count
36,徳島県,2024,6,168960.0,9250.0,confirmed,employee_count
37,香川県,2024,6,334750.0,63930.0,confirmed,employee_count
38,愛媛県,2024,6,304470.0,30080.0,confirmed,employee_count
39,高知県,2024,6,191720.0,8400.0,confirmed,employee_count
40,福岡県,2024,6,1871840.0,596080.0,confirmed,employee_count
41,佐賀県,2024,6,154720.0,16510.0,confirmed,employee_count
42,長崎県,2024,6,516250.0,34340.0,confirmed,employee_count
43,熊本県,2024,6,544650.0,93320.0,confirmed,employee_count
44,大分県,2024,6,613720.0,73850.0,confirmed,employee_count
45,宮崎県,2024,6,247730.0,10270.0,confirmed,employee_count
46,鹿児島県,2024,6,578390.0,33050.0,confirmed,employee_count
47,沖縄県,2024,6,2527310.0,403090.0,confirmed,employee_count
01,北海道,2024,7,4646590.0,856160.0,confirmed,employee_count
02,青森県,2024,7,400550.0,34090.0,confirmed,employee_count
03,岩手県,2024,7,500110.0,23670.0,confirmed,employee_count
04,宮城県,2024,7,873710.0,56410.0,confirmed,employee_count
05,秋田県,2024,7,271760.0,8380.0,confirmed,employee_count
06,山形県,2024,7,410030.0,9410.0,confirmed,employee_count
07,福島県,2024,7,814000.0,15980.0,confirmed,employee_count
08,茨城県,2024,7,670750.0,21570.0,confirmed,employee_count
09,栃木県,2024,7,1028610.0,33490.0,confirmed,employee_count
10,群馬県,2024,7,856980.0,18990.0,confirmed,employee_count
11,埼玉県,2024,7,476440.0,19210.0,confirmed,employee_count
12,千葉県,2024,7,2462140.0,510660.0,confirmed,employee_count
13,東京都,2024,7,9153090.0,4190130.0,confirmed,employee_count
14,神奈川県,2024,7,2097430.0,353570.0,confirmed,employee_count
15,新潟県,2024,7,916650.0,17980.0,confirmed,employee_count
16,富山県,2024,7,292360.0,15970.0,confirmed,employee_count
17,石川県,2024,7,857050.0,115930.0,confirmed,employee_count
18,福井県,2024,7,387590.0,4360.0,confirmed,employee_count
19,山梨県,2024,7,1084160.0,136280.0,confirmed,employee_count
20,長野県,2024,7,1816670.0,83500.0,confirmed,employee_count
21,岐阜県,2024,7,718980.0,100500.0,confirmed,employee_count
22,静岡県,2024,7,2054640.0,172270.0,confirmed,employee_count
23,愛知県,2024,7,1897410.0,351350.0,confirmed,employee_count
24,三重県,2024,7,714390.0,18870.0,confirmed,employee_count
25,滋賀県,2024,7,410040.0,19120.0,confirmed,employee_count
26,京都府,2024,7,2705920.0,1225570.0,confirmed,employee_count
27,大阪府,2024,7,5010420.0,2204620.0,confirmed,employee_count
28,兵庫県,2024,7,1396280.0,120240.0,confirmed,employee_count
29,奈良県,2024,7,227260.0,28810.0,confirmed,employee_count
30,和歌山県,2024,7,453090.0,40000.0,confirmed,employee_count
31,鳥取県,2024,7,214130.0,9070.0,confirmed,employee_count
32,島根県,2024,7,288500.0,4880.0,confirmed,employee_count
33,岡山県,2024,7,459020.0,38680.0,confirmed,employee_count
34,広島県,2024,7,952520.0,124520.0,confirmed,employee_count
35,山口県,2024,7,303640.0,8830.0,confirmed,employee_count
36,徳島県,2024,7,196590.0,10430.0,confirmed,employee_count
37,香川県,2024,7,392820.0,73340.0,confirmed,employee_count
38,愛媛県,2024,7,360860.0,31880.0,confirmed,employee_count
39,高知県,2024,7,274340.0,8000.0,confirmed,employee_count
40,福岡県,2024,7,2015980.0,577460.0,confirmed,employee_count
41,佐賀県,2024,7,155450.0,10930.0,confirmed,employee_count
42,長崎県,2024,7,636490.0,47140.0,confirmed,employee_count
43,熊本県,2024,7,622180.0,99850.0,confirmed,employee_count
44,大分県,2024,7,650180.0,87990.0,confirmed,employee_count
45,宮崎県,2024,7,316120.0,9790.0,confirmed,employee_count
46,鹿児島県,2024,7,715140.0,31340.0,confirmed,employee_count
47,沖縄県,2024,7,3066780.0,433240.0,confirmed,employee_count
01,北海道,2024,8,4980390.0,769300.0,confirmed,employee_count
02,青森県,2024,8,504690.0,31350.0,confirmed,employee_count
03,岩手県,2024,8,656040.0,21440.0,confirmed,employee_count
04,宮城県,2024,8,1054870.0,61430.0,confirmed,employee_count
05,秋田県,2024,8,372040.0,10100.0,confirmed,employee_count
06,山形県,2024,8,528890.0,9990.0,confirmed,employee_count
07,福島県,2024,8,1035090.0,16290.0,confirmed,employee_count
08,茨城県,2024,8,766640.0,15430.0,confirmed,employee_count
09,栃木県,2024,8,1340030.0,19370.0,confirmed,employee_count
10,群馬県,2024,8,1139770.0,15400.0,confirmed,employee_count
11,埼玉県,2024,8,515320.0,12620.0,confirmed,employee_count
12,千葉県,2024,8,2878510.0,416780.0,confirmed,employee_count
13,東京都,2024,8,9339220.0,3664650.0,confirmed,employee_count
14,神奈川県,2024,8,2395200.0,288870.0,confirmed,employee_count
15,新潟県,2024,8,1262990.0,12740.0,confirmed,employee_count
16,富山県,2024,8,405610.0,12620.0,confirmed,employee_count
17,石川県,2024,8,1121800.0,137060.0,confirmed,employee_count
18,福井県,2024,8,538530.0,3510.0,confirmed,employee_count
19,山梨県,2024,8,1468250.0,114330.0,confirmed,employee_count
20,長野県,2024,8,2629650.0,65370.0,confirmed,employee_count
21,岐阜県,2024,8,925770.0,97090.0,confirmed,employee_count
22,静岡県,2024,8,2582040.0,136360.0,confirmed,employee_count
23,愛知県,2024,8,2120840.0,295040.0,confirmed,employee_count
24,三重県,2024,8,897940.0,14740.0,confirmed,employee_count
25,滋賀県,2024,8,558900.0,14970.0,confirmed,employee_count
26,京都府,2024,8,2834130.0,1138050.0,confirmed,employee_count
27,大阪府,2024,8,5064450.0,1926360.0,confirmed,employee_count
28,兵庫県,2024,8,1726740.0,104590.0,confirmed,employee_count
29,奈良県,2024,8,275550.0,28340.0,confirmed,employee_count
30,和歌山県,2024,8,535120.0,30400.0,confirmed,employee_count
31,鳥取県,2024,8,299290.0,7500.0,confirmed,employee_count
32,島根県,2024,8,363870.0,4120.0,confirmed,employee_count
33,岡山県,2024,8,584790.0,35770.0,confirmed,employee_count
34,広島県,2024,8,1153830.0,112740.0,confirmed,employee_count
35,山口県,2024,8,380960.0,7940.0,confirmed,employee_count
36,徳島県,2024,8,274810.0,9330.0,confirmed,employee_count
37,香川県,2024,8,531920.0,63830.0,confirmed,employee_count
38,愛媛県,2024,8,442930.0,22710.0,confirmed,employee_count
39,高知県,2024,8,354970.0,7240.0,confirmed,employee_count
40,福岡県,2024,8,2211260.0,595700.0,confirmed,employee_count
41,佐賀県,2024,8,222330.0,15030.0,confirmed,employee_count
42,長崎県,2024,8,800230.0,51250.0,confirmed,employee_count
43,熊本県,2024,8,813690.0,100080.0,confirmed,employee_count
44,大分県,2024,8,787960.0,69950.0,confirmed,employee_count
45,宮崎県,2024,8,366680.0,9060.0,confirmed,employee_count
46,鹿児島県,2024,8,840020.0,30310.0,confirmed,employee_count
47,沖縄県,2024,8,3378020.0,399720.0,confirmed,employee_count
01,北海道,2024,9,4284780.0,545930.0,confirmed,employee_count
02,青森県,2024,9,421360.0,27630.0,confirmed,employee_count
03,岩手県,2024,9,528940.0,20440.0,confirmed,employee_count
04,宮城県,2024,9,887120.0,51930.0,confirmed,employee_count
05,秋田県,2024,9,304010.0,8240.0,confirmed,employee_count
06,山形県,2024,9,426810.0,9540.0,confirmed,employee_count
07,福島県,2024,9,831700.0,16580.0,confirmed,employee_count
08,茨城県,2024,9,583400.0,20430.0,confirmed,employee_count
09,栃木県,2024,9,1035990.0,25270.0,confirmed,employee_count
10,群馬県,2024,9,846910.0,18870.0,confirmed,employee_count
11,埼玉県,2024,9,466740.0,14180.0,confirmed,employee_count
12,千葉県,2024,9,2240560.0,348330.0,confirmed,employee_count
13,東京都,2024,9,8721300.0,3560300.0,confirmed,employee_count
14,神奈川県,2024,9,2063280.0,302080.0,confirmed,employee_count
15,新潟県,2024,9,915100.0,16170.0,confirmed,employee_count
16,富山県,2024,9,341510.0,14440.0,confirmed,employee_count
17,石川県,2024,9,869110.0,127460.0,confirmed,employee_count
18,福井県,2024,9,307370.0,3780.0,confirmed,employee_count
19,山梨県,2024,9,903340.0,102160.0,confirmed,employee_count
20,長野県,2024,9,1912900.0,74790.0,confirmed,employee_count
21,岐阜県,2024,9,706790.0,96180.0,confirmed,employee_count
22,静岡県,2024,9,1808450.0,120360.0,confirmed,employee_count
23,愛知県,2024,9,1730030.0,236730.0,confirmed,employee_count
24,三重県,2024,9,666750.0,13560.0,confirmed,employee_count
25,滋賀県,2024,9,392100.0,17090.0,confirmed,employee_count
26,京都府,2024,9,2770900.0,1112090.0,confirmed,employee_count
27,大阪府,2024,9,4641320.0,1758500.0,confirmed,employee_count
28,兵庫県,2024,9,1384850.0,107680.0,confirmed,employee_count
29,奈良県,2024,9,228740.0,25740.0,confirmed,employee_count
30,和歌山県,2024,9,391200.0,35940.0,confirmed,employee_count
31,鳥取県,2024,9,225270.0,6350.0,confirmed,employee_count
32,島根県,2024,9,283360.0,4320.0,confirmed,employee_count
33,岡山県,2024,9,499720.0,34420.0,confirmed,employee_count
34,広島県,2024,9,1078880.0,138380.0,confirmed,employee_count
35,山口県,2024,9,321280.0,7730.0,confirmed,employee_count
36,徳島県,2024,9,203630.0,9550.0,confirmed,employee_count
37,香川県,2024,9,427070.0,64100.0,confirmed,employee_count
38,愛媛県,2024,9,376490.0,28740.0,confirmed,employee_count
39,高知県,2024,9,244410.0,8140.0,confirmed,employee_count
40,福岡県,2024,9,1964310.0,522360.0,confirmed,employee_count
41,佐賀県,2024,9,175800.0,12530.0,confirmed,employee_count
42,長崎県,2024,9,601060.0,35640.0,confirmed,employee_count
43,熊本県,2024,9,674000.0,100380.0,confirmed,employee_count
44,大分県,2024,9,636700.0,76180.0,confirmed,employee_count
45,宮崎県,2024,9,275110.0,7480.0,confirmed,employee_count
46,鹿児島県,2024,9,724180.0,34260.0,confirmed,employee_count
47,沖縄県,2024,9,2760470.0,407950.0,confirmed,employee_count
01,北海道,2024,10,4013260.0,685780.0,confirmed,employee_count
02,青森県,2024,10,481940.0,58260.0,confirmed,employee_count
03,岩手県,2024,10,601260.0,50280.0,confirmed,employee_count
04,宮城県,2024,10,971370.0,75860.0,confirmed,employee_count
05,秋田県,2024,10,338770.0,16040.0,confirmed,employee_count
06,山形県,2024,10,464200.0,12350.0,confirmed,employee_count
07,福島県,2024,10,940060.0,28410.0,confirmed,employee_count
08,茨城県,2024,10,615790.0,25440.0,confirmed,employee_count
09,栃木県,2024,10,1121360.0,47440.0,confirmed,employee_count
10,群馬県,2024,10,907950.0,33960.0,confirmed,employee_count
11,埼玉県,2024,10,493530.0,19610.0,confirmed,employee_count
12,千葉県,2024,10,2418140.0,377720.0,confirmed,employee_count
13,東京都,2024,10,9867730.0,4629980.0,confirmed,employee_count
14,神奈川県,2024,10,2210530.0,373970.0,confirmed,employee_count
15,新潟県,2024,10,922800.0,24440.0,confirmed,employee_count
16,富山県,2024,10,387830.0,34540.0,confirmed,employee_count
17,石川県,2024,10,1078400.0,234590.0,confirmed,employee_count
18,福井県,2024,10,339310.0,7700.0,confirmed,employee_count
19,山梨県,2024,10,795600.0,148740.0,confirmed,employee_count
20,長野県,2024,10,1851530.0,147310.0,confirmed,employee_count
21,岐阜県,2024,10,805240.0,168120.0,confirmed,employee_count
22,静岡県,2024,10,1888110.0,144680.0,confirmed,employee_count
23,愛知県,2024,10,1771280.0,319520.0,confirmed,employee_count
24,三重県,2024,10,705780.0,17870.0,confirmed,employee_count
25,滋賀県,2024,10,433070.0,23160.0,confirmed,employee_count
26,京都府,2024,10,3204330.0,1525310.0,confirmed,employee_count
27,大阪府,2024,10,5227090.0,2118380.0,confirmed,employee_count
28,兵庫県,2024,10,1475370.0,153310.0,confirmed,employee_count
29,奈良県,2024,10,282300.0,37050.0,confirmed,employee_count
30,和歌山県,2024,10,441980.0,56380.0,confirmed,employee_count
31,鳥取県,2024,10,251260.0,8350.0,confirmed,employee_count
32,島根県,2024,10,313050.0,5930.0,confirmed,employee_count
33,岡山県,2024,10,551750.0,48250.0,confirmed,employee_count
34,広島県,2024,10,1192990.0,204570.0,confirmed,employee_count
35,山口県,2024,10,369500.0,10980.0,confirmed,employee_count
36,徳島県,2024,10,237720.0,15360.0,confirmed,employee_count
37,香川県,2024,10,435820.0,81190.0,confirmed,employee_count
38,愛媛県,2024,10,403250.0,34170.0,confirmed,employee_count
39,高知県,2024,10,247420.0,10450.0,confirmed,employee_count
40,福岡県,2024,10,2159020.0,583380.0,confirmed,employee_count
41,佐賀県,2024,10,217320.0,15040.0,confirmed,employee_count
42,長崎県,2024,10,702950.0,43510.0,confirmed,employee_count
43,熊本県,2024,10,751230.0,121410.0,confirmed,employee_count
44,大分県,2024,10,686520.0,90930.0,confirmed,employee_count
45,宮崎県,2024,10,316150.0,14720.0,confirmed,employee_count
46,鹿児島県,2024,10,773160.0,45450.0,confirmed,employee_count
47,沖縄県,2024,10,2913970.0,425540.0,confirmed,employee_count
01,北海道,2024,11,3206980.0,600420.0,confirmed,employee_count
02,青森県,2024,11,377890.0,48910.0,confirmed,employee_count
03,岩手県,2024,11,519880.0,49520.0,confirmed,employee_count
04,宮城県,2024,11,915860.0,74410.0,confirmed,employee_count
05,秋田県,2024,11,276590.0,14670.0,confirmed,employee_count
06,山形県,2024,11,398420.0,13230.0,confirmed,employee_count
07,福島県,2024,11,807240.0,29640.0,confirmed,employee_count
08,茨城県,2024,11,628510.0,20420.0,confirmed,employee_count
09,栃木県,2024,11,1192170.0,54160.0,confirmed,employee_count
10,群馬県,2024,11,875260.0,31340.0,confirmed,employee_count
11,埼玉県,2024,11,475910.0,22210.0,confirmed,employee_count
12,千葉県,2024,11,2408260.0,317080.0,confirmed,employee_count
13,東京都,2024,11,9706350.0,4233460.0,confirmed,employee_count
14,神奈川県,2024,11,2256240.0,354250.0,confirmed,employee_count
15,新潟県,2024,11,792490.0,24370.0,confirmed,employee_count
16,富山県,2024,11,332060.0,20260.0,confirmed,employee_count
17,石川県,2024,11,1131840.0,228000.0,confirmed,employee_count
18,福井県,2024,11,419030.0,10440.0,confirmed,employee_count
19,山梨県,2024,11,826970.0,166620.0,confirmed,employee_count
20,長野県,2024,11,1530660.0,151210.0,confirmed,employee_count
21,岐阜県,2024,11,660120.0,150470.0,confirmed,employee_count
22,静岡県,2024,11,2033660.0,160260.0,confirmed,employee_count
23,愛知県,2024,11,1785460.0,331830.0,confirmed,employee_count
24,三重県,2024,11,787420.0,24120.0,confirmed,employee_count
25,滋賀県,2024,11,461810.0,29210.0,confirmed,employee_count
26,京都府,2024,11,3224560.0,1315990.0,confirmed,employee_count
27,大阪府,2024,11,5185790.0,2069510.0,confirmed,employee_count
28,兵庫県,2024,11,1520880.0,145000.0,confirmed,employee_count
29,奈良県,2024,11,292460.0,37020.0,confirmed,employee_count
30,和歌山県,2024,11,476950.0,59880.0,confirmed,employee_count
31,鳥取県,2024,11,264680.0,15340.0,confirmed,employee_count
32,島根県,2024,11,342880.0,8490.0,confirmed,employee_count
33,岡山県,2024,11,557110.0,58740.0,confirmed,employee_count
34,広島県,2024,11,1169200.0,177430.0,confirmed,employee_count
35,山口県,2024,11,366600.0,12760.0,confirmed,employee_count
36,徳島県,2024,11,255400.0,18320.0,confirmed,employee_count
37,香川県,2024,11,452510.0,91210.0,confirmed,employee_count
38,愛媛県,2024,11,445290.0,48410.0,confirmed,employee_count
39,高知県,2024,11,269120.0,13040.0,confirmed,employee_count
40,福岡県,2024,11,2190920.0,604680.0,confirmed,employee_count
41,佐賀県,2024,11,215960.0,27070.0,confirmed,employee_count
42,長崎県,2024,11,706720.0,50260.0,confirmed,employee_count
43,熊本県,2024,11,785240.0,131290.0,confirmed,employee_count
44,大分県,2024,11,764450.0,103260.0,confirmed,employee_count
45,宮崎県,2024,11,325610.0,21580.0,confirmed,employee_count
46,鹿児島県,2024,11,794460.0,52020.0,confirmed,employee_count
47,沖縄県,2024,11,2708400.0,375790.0,confirmed,employee_count
01,北海道,2024,12,3876740.0,1393260.0,confirmed,employee_count
02,青森県,2024,12,305250.0,31270.0,confirmed,employee_count
03,岩手県,2024,12,442080.0,33270.0,confirmed,employee_count
04,宮城県,2024,12,819620.0,73490.0,confirmed,employee_count
05,秋田県,2024,12,216130.0,9230.0,confirmed,employee_count
06,山形県,2024,12,338790.0,23870.0,confirmed,employee_count
07,福島県,2024,12,764200.0,24350.0,confirmed,employee_count
08,茨城県,2024,12,619320.0,15160.0,confirmed,employee_count
09,栃木県,2024,12,954100.0,24830.0,confirmed,employee_count
10,群馬県,2024,12,811570.0,31370.0,confirmed,employee_count
11,埼玉県,2024,12,485730.0,20590.0,confirmed,employee_count
12,千葉県,2024,12,2445530.0,350670.0,confirmed,employee_count
13,東京都,2024,12,10152820.0,4472080.0,confirmed,employee_count
14,神奈川県,2024,12,2247830.0,345880.0,confirmed,employee_count
15,新潟県,2024,12,732040.0,58660.0,confirmed,employee_count
16,富山県,2024,12,256580.0,15880.0,confirmed,employee_count
17,石川県,2024,12,880770.0,154360.0,confirmed,employee_count
18,福井県,2024,12,298900.0,6000.0,confirmed,employee_count
19,山梨県,2024,12,675610.0,155200.0,confirmed,employee_count
20,長野県,2024,12,1409180.0,167820.0,confirmed,employee_count
21,岐阜県,2024,12,589450.0,153710.0,confirmed,employee_count
22,静岡県,2024,12,2014410.0,142680.0,confirmed,employee_count
23,愛知県,2024,12,1920230.0,352500.0,confirmed,employee_count
24,三重県,2024,12,738030.0,17780.0,confirmed,employee_count
25,滋賀県,2024,12,382900.0,23950.0,confirmed,employee_count
26,京都府,2024,12,3014490.0,1205230.0,confirmed,employee_count
27,大阪府,2024,12,5144360.0,2009880.0,confirmed,employee_count
28,兵庫県,2024,12,1479780.0,129190.0,confirmed,employee_count
29,奈良県,2024,12,231320.0,28430.0,confirmed,employee_count
30,和歌山県,2024,12,383280.0,38930.0,confirmed,employee_count
31,鳥取県,2024,12,209950.0,10480.0,confirmed,employee_count
32,島根県,2024,12,252420.0,4770.0,confirmed,employee_count
33,岡山県,2024,12,493450.0,50050.0,confirmed,employee_count
34,広島県,2024,12,940880.0,103180.0,confirmed,employee_count
35,山口県,2024,12,302220.0,9610.0,confirmed,employee_count
36,徳島県,2024,12,216620.0,13590.0,confirmed,employee_count
37,香川県,2024,12,358400.0,75830.0,confirmed,employee_count
38,愛媛県,2024,12,329930.0,38600.0,confirmed,employee_count
39,高知県,2024,12,205110.0,8560.0,confirmed,employee_count
40,福岡県,2024,12,2206280.0,651980.0,confirmed,employee_count
41,佐賀県,2024,12,199960.0,23640.0,confirmed,employee_count
42,長崎県,2024,12,638890.0,45210.0,confirmed,employee_count
43,熊本県,2024,12,689060.0,129830.0,confirmed,employee_count
44,大分県,2024,12,710890.0,114080.0,confirmed,employee_count
45,宮崎県,2024,12,302040.0,19980.0,confirmed,employee_count
46,鹿児島県,2024,12,693200.0,53690.0,confirmed,employee_count
47,沖縄県,2024,12,2536470.0,372280.0,confirmed,employee_count
01,北海道,2025,1,4110380.0,1724790.0,confirmed,employee_count
02,青森県,2025,1,313060.0,47500.0,confirmed,employee_count
03,岩手県,2025,1,433810.0,54410.0,confirmed,employee_count
04,宮城県,2025,1,705790.0,90870.0,confirmed,employee_count
05,秋田県,2025,1,181310.0,9780.0,confirmed,employee_count
06,山形県,2025,1,348720.0,53860.0,confirmed,employee_count
07,福島県,2025,1,660230.0,39700.0,confirmed,employee_count
08,茨城県,2025,1,509410.0,13000.0,confirmed,employee_count
09,栃木県,2025,1,683420.0,25190.0,confirmed,employee_count
10,群馬県,2025,1,654400.0,40960.0,confirmed,employee_count
11,埼玉県,2025,1,389700.0,18040.0,confirmed,employee_count
12,千葉県,2025,1,2224620.0,379890.0,confirmed,employee_count
13,東京都,2025,1,8462840.0,4090050.0,confirmed,employee_count
14,神奈川県,2025,1,1848620.0,310240.0,confirmed,employee_count
15,新潟県,2025,1,893500.0,128040.0,confirmed,employee_count
16,富山県,2025,1,214650.0,22760.0,confirmed,employee_count
17,石川県,2025,1,594970.0,134250.0,confirmed,employee_count
18,福井県,2025,1,227950.0,10100.0,confirmed,employee_count
19,山梨県,2025,1,579250.0,153700.0,confirmed,employee_count
20,長野県,2025,1,1672530.0,287360.0,confirmed,employee_count
21,岐阜県,2025,1,644910.0,165320.0,confirmed,employee_count
22,静岡県,2025,1,1621850.0,124750.0,confirmed,employee_count
23,愛知県,2025,1,1718660.0,402970.0,confirmed,employee_count
24,三重県,2025,1,641670.0,14020.0,confirmed,employee_count
25,滋賀県,2025,1,296860.0,20310.0,confirmed,employee_count
26,京都府,2025,1,2221780.0,968930.0,confirmed,employee_count
27,大阪府,2025,1,4526770.0,2008420.0,confirmed,employee_count
28,兵庫県,2025,1,1153700.0,128930.0,confirmed,employee_count
29,奈良県,2025,1,182340.0,26270.0,confirmed,employee_count
30,和歌山県,2025,1,309700.0,32560.0,confirmed,employee_count
31,鳥取県,2025,1,158760.0,10580.0,confirmed,employee_count
32,島根県,2025,1,189790.0,5110.0,confirmed,employee_count
33,岡山県,2025,1,387920.0,41530.0,confirmed,employee_count
34,広島県,2025,1,691270.0,78020.0,confirmed,employee_count
35,山口県,2025,1,257280.0,15760.0,confirmed,employee_count
36,徳島県,2025,1,170870.0,13420.0,confirmed,employee_count
37,香川県,2025,1,319460.0,64390.0,confirmed,employee_count
38,愛媛県,2025,1,327190.0,39780.0,confirmed,employee_count
39,高知県,2025,1,171990.0,7340.0,confirmed,employee_count
40,福岡県,2025,1,1949500.0,661840.0,confirmed,employee_count
41,佐賀県,2025,1,184900.0,26010.0,confirmed,employee_count
42,長崎県,2025,1,489240.0,43600.0,confirmed,employee_count
43,熊本県,2025,1,570130.0,110090.0,confirmed,employee_count
44,大分県,2025,1,618710.0,111260.0,confirmed,employee_count
45,宮崎県,2025,1,280140.0,14300.0,confirmed,employee_count
46,鹿児島県,2025,1,616150.0,57430.0,confirmed,employee_count
47,沖縄県,2025,1,2227090.0,425620.0,confirmed,employee_count
01,北海道,2025,2,4081420.0,1487940.0,confirmed,employee_count
02,青森県,2025,2,328480.0,48120.0,confirmed,employee_count
03,岩手県,2025,2,415290.0,47710.0,confirmed,employee_count
04,宮城県,2025,2,715950.0,92780.0,confirmed,employee_count
05,秋田県,2025,2,181210.0,11770.0,confirmed,employee_count
06,山形県,2025,2,337080.0,52340.0,confirmed,employee_count
07,福島県,2025,2,690050.0,48940.0,confirmed,employee_count
08,茨城県,2025,2,513710.0,15970.0,confirmed,employee_count
09,栃木県,2025,2,676640.0,26940.0,confirmed,employee_count
10,群馬県,2025,2,646620.0,31460.0,confirmed,employee_count
11,埼玉県,2025,2,381610.0,18120.0,confirmed,employee_count
12,千葉県,2025,2,2172640.0,310310.0,confirmed,employee_count
13,東京都,2025,2,7903260.0,3625950.0,confirmed,employee_count
14,神奈川県,2025,2,1829440.0,269120.0,confirmed,employee_count
15,新潟県,2025,2,894360.0,100450.0,confirmed,employee_count
16,富山県,2025,2,218960.0,19440.0,confirmed,employee_count
17,石川県,2025,2,607670.0,116660.0,confirmed,employee_count
18,福井県,2025,2,238190.0,8760.0,confirmed,employee_count
19,山梨県,2025,2,564500.0,135780.0,confirmed,employee_count
20,長野県,2025,2,1671100.0,241330.0,confirmed,employee_count
21,岐阜県,2025,2,646960.0,143730.0,confirmed,employee_count
22,静岡県,2025,2,1647360.0,139040.0,confirmed,employee_count
23,愛知県,2025,2,1618310.0,349310.0,confirmed,employee_count
24,三重県,2025,2,570910.0,12560.0,confirmed,employee_count
25,滋賀県,2025,2,286610.0,19310.0,confirmed,employee_count
26,京都府,2025,2,2103810.0,878900.0,confirmed,employee_count
27,大阪府,2025,2,4238150.0,1765600.0,confirmed,employee_count
28,兵庫県,2025,2,1128860.0,115590.0,confirmed,employee_count
29,奈良県,2025,2,190790.0,26230.0,confirmed,employee_count
30,和歌山県,2025,2,298520.0,22160.0,confirmed,employee_count
31,鳥取県,2025,2,158010.0,8240.0,confirmed,employee_count
32,島根県,2025,2,180600.0,4410.0,confirmed,employee_count
33,岡山県,2025,2,403460.0,37590.0,confirmed,employee_count
34,広島県,2025,2,712190.0,73300.0,confirmed,employee_count
35,山口県,2025,2,270530.0,13340.0,confirmed,employee_count
36,徳島県,2025,2,180530.0,12440.0,confirmed,employee_count
37,香川県,2025,2,311350.0,60710.0,confirmed,employee_count
38,愛媛県,2025,2,319640.0,30210.0,confirmed,employee_count
39,高知県,2025,2,178430.0,8130.0,confirmed,employee_count
40,福岡県,2025,2,1954140.0,540410.0,confirmed,employee_count
41,佐賀県,2025,2,171730.0,19520.0,confirmed,employee_count
42,長崎県,2025,2,561390.0,36650.0,confirmed,employee_count
43,熊本県,2025,2,600460.0,113910.0,confirmed,employee_count
44,大分県,2025,2,647740.0,106710.0,confirmed,employee_count
45,宮崎県,2025,2,349680.0,15860.0,confirmed,employee_count
46,鹿児島県,2025,2,670570.0,44030.0,confirmed,employee_count
47,沖縄県,2025,2,2497100.0,366730.0,confirmed,employee_count
01,北海道,2025,3,3529520.0,834450.0,confirmed,employee_count
02,青森県,2025,3,322620.0,22170.0,confirmed,employee_count
03,岩手県,2025,3,429360.0,29840.0,confirmed,employee_count
04,宮城県,2025,3,840930.0,69020.0,confirmed,employee_count
05,秋田県,2025,3,186810.0,7270.0,confirmed,employee_count
06,山形県,2025,3,371990.0,26280.0,confirmed,employee_count
07,福島県,2025,3,778510.0,26940.0,confirmed,employee_count
08,茨城県,2025,3,648900.0,22520.0,confirmed,employee_count
09,栃木県,2025,3,927520.0,32650.0,confirmed,employee_count
10,群馬県,2025,3,711540.0,31410.0,confirmed,employee_count
11,埼玉県,2025,3,466130.0,22810.0,confirmed,employee_count
12,千葉県,2025,3,2577390.0,372950.0,confirmed,employee_count
13,東京都,2025,3,9058690.0,4444750.0,confirmed,employee_count
14,神奈川県,2025,3,2228820.0,359590.0,confirmed,employee_count
15,新潟県,2025,3,903290.0,62350.0,confirmed,employee_count
16,富山県,2025,3,280040.0,16170.0,confirmed,employee_count
17,石川県,2025,3,791140.0,125700.0,confirmed,employee_count
18,福井県,2025,3,329860.0,8450.0,confirmed,employee_count
19,山梨県,2025,3,744480.0,154560.0,confirmed,employee_count
20,長野県,2025,3,1362930.0,121260.0,confirmed,employee_count
21,岐阜県,2025,3,687730.0,124990.0,confirmed,employee_count
22,静岡県,2025,3,2045910.0,166610.0,confirmed,employee_count
23,愛知県,2025,3,1894350.0,371260.0,confirmed,employee_count
24,三重県,2025,3,843980.0,24040.0,confirmed,employee_count
25,滋賀県,2025,3,419340.0,25490.0,confirmed,employee_count
26,京都府,2025,3,2751860.0,1280620.0,confirmed,employee_count
27,大阪府,2025,3,4947120.0,1862010.0,confirmed,employee_count
28,兵庫県,2025,3,1445850.0,128620.0,confirmed,employee_count
29,奈良県,2025,3,278250.0,38360.0,confirmed,employee_count
30,和歌山県,2025,3,474680.0,44990.0,confirmed,employee_count
31,鳥取県,2025,3,207190.0,9140.0,confirmed,employee_count
32,島根県,2025,3,273100.0,7550.0,confirmed,employee_count
33,岡山県,2025,3,503610.0,49280.0,confirmed,employee_count
34,広島県,2025,3,965960.0,160670.0,confirmed,employee_count
35,山口県,2025,3,328500.0,14630.0,confirmed,employee_count
36,徳島県,2025,3,242740.0,20030.0,confirmed,employee_count
37,香川県,2025,3,452850.0,82890.0,confirmed,employee_count
38,愛媛県,2025,3,394350.0,42090.0,confirmed,employee_count
39,高知県,2025,3,232060.0,12630.0,confirmed,employee_count
40,福岡県,2025,3,2212030.0,634680.0,confirmed,employee_count
41,佐賀県,2025,3,198350.0,24610.0,confirmed,employee_count
42,長崎県,2025,3,687890.0,45090.0,confirmed,employee_count
43,熊本県,2025,3,750620.0,151570.0,confirmed,employee_count
44,大分県,2025,3,792680.0,100120.0,confirmed,employee_count
45,宮崎県,2025,3,322180.0,17410.0,confirmed,employee_count
46,鹿児島県,2025,3,762940.0,57360.0,confirmed,employee_count
47,沖縄県,2025,3,3013010.0,408860.0,confirmed,employee_count
01,北海道,2025,4,2607420.0,555150.0,confirmed,employee_count
02,青森県,2025,4,389670.0,51010.0,confirmed,employee_count
03,岩手県,2025,4,427850.0,39550.0,confirmed,employee_count
04,宮城県,2025,4,807280.0,98780.0,confirmed,employee_count
05,秋田県,2025,4,216060.0,12420.0,confirmed,employee_count
06,山形県,2025,4,322820.0,16170.0,confirmed,employee_count
07,福島県,2025,4,712050.0,32310.0,confirmed,employee_count
08,茨城県,2025,4,563170.0,21550.0,confirmed,employee_count
09,栃木県,2025,4,867630.0,42500.0,confirmed,employee_count
10,群馬県,2025,4,621080.0,26360.0,confirmed,employee_count
11,埼玉県,2025,4,454380.0,29070.0,confirmed,employee_count
12,千葉県,2025,4,2300510.0,474770.0,confirmed,employee_count
13,東京都,2025,4,9270950.0,4850290.0,confirmed,employee_count
14,神奈川県,2025,4,2403340.0,462580.0,confirmed,employee_count
15,新潟県,2025,4,669300.0,29940.0,confirmed,employee_count
16,富山県,2025,4,328520.0,59740.0,confirmed,employee_count
17,石川県,2025,4,802540.0,222280.0,confirmed,employee_count
18,福井県,2025,4,313020.0,11430.0,confirmed,employee_count
19,山梨県,2025,4,799200.0,192890.0,confirmed,employee_count
20,長野県,2025,4,1172280.0,170520.0,confirmed,employee_count
21,岐阜県,2025,4,678170.0,185610.0,confirmed,employee_count
22,静岡県,2025,4,1733900.0,214630.0,confirmed,employee_count
23,愛知県,2025,4,1935760.0,461380.0,confirmed,employee_count
24,三重県,2025,4,737460.0,42620.0,confirmed,employee_count
25,滋賀県,2025,4,415260.0,37890.0,confirmed,employee_count
26,京都府,2025,4,3139470.0,1798040.0,confirmed,employee_count
27,大阪府,2025,4,5042020.0,2311520.0,confirmed,employee_count
28,兵庫県,2025,4,1263440.0,175540.0,confirmed,employee_count
29,奈良県,2025,4,291690.0,61610.0,confirmed,employee_count
30,和歌山県,2025,4,393870.0,57480.0,confirmed,employee_count
31,鳥取県,2025,4,194830.0,13280.0,confirmed,employee_count
32,島根県,2025,4,247110.0,7640.0,confirmed,employee_count
33,岡山県,2025,4,469140.0,63270.0,confirmed,employee_count
34,広島県,2025,4,1012560.0,264390.0,confirmed,employee_count
35,山口県,2025,4,293000.0,16540.0,confirmed,employee_count
36,徳島県,2025,4,236510.0,22570.0,confirmed,employee_count
37,香川県,2025,4,392290.0,88980.0,confirmed,employee_count
38,愛媛県,2025,4,358150.0,44730.0,confirmed,employee_count
39,高知県,2025,4,227010.0,13180.0,confirmed,employee_count
40,福岡県,2025,4,2101870.0,723450.0,confirmed,employee_count
41,佐賀県,2025,4,203260.0,21930.0,confirmed,employee_count
42,長崎県,2025,4,593980.0,56300.0,confirmed,employee_count
43,熊本県,2025,4,673270.0,145870.0,confirmed,employee_count
44,大分県,2025,4,644650.0,97520.0,confirmed,employee_count
45,宮崎県,2025,4,287650.0,18700.0,confirmed,employee_count
46,鹿児島県,2025,4,655030.0,50140.0,confirmed,employee_count
47,沖縄県,2025,4,2647610.0,530070.0,confirmed,employee_count
01,北海道,2025,5,3492960.0,603730.0,confirmed,employee_count
02,青森県,2025,5,440010.0,29880.0,confirmed,employee_count
03,岩手県,2025,5,462630.0,21780.0,confirmed,employee_count
04,宮城県,2025,5,855670.0,63740.0,confirmed,employee_count
05,秋田県,2025,5,276790.0,7860.0,confirmed,employee_count
06,山形県,2025,5,406370.0,13450.0,confirmed,employee_count
07,福島県,2025,5,781750.0,19350.0,confirmed,employee_count
08,茨城県,2025,5,595210.0,20790.0,confirmed,employee_count
09,栃木県,2025,5,967980.0,32920.0,confirmed,employee_count
10,群馬県,2025,5,717040.0,23380.0,confirmed,employee_count
11,埼玉県,2025,5,462570.0,20570.0,confirmed,employee_count
12,千葉県,2025,5,2315130.0,383080.0,confirmed,employee_count
13,東京都,2025,5,9326890.0,4743820.0,confirmed,employee_count
14,神奈川県,2025,5,2039570.0,367280.0,confirmed,employee_count
15,新潟県,2025,5,768280.0,16680.0,confirmed,employee_count
16,富山県,2025,5,361080.0,52910.0,confirmed,employee_count
17,石川県,2025,5,855380.0,193170.0,confirmed,employee_count
18,福井県,2025,5,329390.0,9540.0,confirmed,employee_count
19,山梨県,2025,5,811900.0,143590.0,confirmed,employee_count
20,長野県,2025,5,1486740.0,147670.0,confirmed,employee_count
21,岐阜県,2025,5,676870.0,142910.0,confirmed,employee_count
22,静岡県,2025,5,1838730.0,171410.0,confirmed,employee_count
23,愛知県,2025,5,1930930.0,417570.0,confirmed,employee_count
24,三重県,2025,5,853220.0,28690.0,confirmed,employee_count
25,滋賀県,2025,5,444340.0,24910.0,confirmed,employee_count
26,京都府,2025,5,3150980.0,1505840.0,confirmed,employee_count
27,大阪府,2025,5,5319930.0,2156390.0,confirmed,employee_count
28,兵庫県,2025,5,1381770.0,177160.0,confirmed,employee_count
29,奈良県,2025,5,330010.0,46540.0,confirmed,employee_count
30,和歌山県,2025,5,459180.0,53100.0,confirmed,employee_count
31,鳥取県,2025,5,215580.0,16730.0,confirmed,employee_count
32,島根県,2025,5,289630.0,7700.0,confirmed,employee_count
33,岡山県,2025,5,519040.0,56810.0,confirmed,employee_count
34,広島県,2025,5,1074590.0,203850.0,confirmed,employee_count
35,山口県,2025,5,320760.0,12420.0,confirmed,employee_count
36,徳島県,2025,5,239540.0,17470.0,confirmed,employee_count
37,香川県,2025,5,431350.0,92340.0,confirmed,employee_count
38,愛媛県,2025,5,371920.0,35600.0,confirmed,employee_count
39,高知県,2025,5,252890.0,10480.0,confirmed,employee_count
40,福岡県,2025,5,2208140.0,687180.0,confirmed,employee_count
41,佐賀県,2025,5,220440.0,21910.0,confirmed,employee_count
42,長崎県,2025,5,691090.0,48340.0,confirmed,employee_count
43,熊本県,2025,5,734350.0,131540.0,confirmed,employee_count
44,大分県,2025,5,697380.0,89500.0,confirmed,employee_count
45,宮崎県,2025,5,344020.0,18180.0,confirmed,employee_count
46,鹿児島県,2025,5,723210.0,43460.0,confirmed,employee_count
47,沖縄県,2025,5,2599340.0,548980.0,confirmed,employee_count
01,北海道,2025,6,3832360.0,689740.0,confirmed,employee_count
02,青森県,2025,6,420480.0,26820.0,confirmed,employee_count
03,岩手県,2025,6,441110.0,26350.0,confirmed,employee_count
04,宮城県,2025,6,818990.0,59070.0,confirmed,employee_count
05,秋田県,2025,6,252320.0,8750.0,confirmed,employee_count
06,山形県,2025,6,393880.0,11340.0,confirmed,employee_count
07,福島県,2025,6,754950.0,18360.0,confirmed,employee_count
08,茨城県,2025,6,530840.0,16890.0,confirmed,employee_count
09,栃木県,2025,6,815610.0,24380.0,confirmed,employee_count
10,群馬県,2025,6,654290.0,16140.0,confirmed,employee_count
11,埼玉県,2025,6,409330.0,19620.0,confirmed,employee_count
12,千葉県,2025,6,2128280.0,400510.0,confirmed,employee_count
13,東京都,2025,6,8753160.0,4319690.0,confirmed,employee_count
14,神奈川県,2025,6,1859790.0,321280.0,confirmed,employee_count
15,新潟県,2025,6,693700.0,17590.0,confirmed,employee_count
16,富山県,2025,6,279530.0,28100.0,confirmed,employee_count
17,石川県,2025,6,660750.0,118780.0,confirmed,employee_count
18,福井県,2025,6,263390.0,7040.0,confirmed,employee_count
19,山梨県,2025,6,630900.0,115660.0,confirmed,employee_count
20,長野県,2025,6,1219110.0,83000.0,confirmed,employee_count
21,岐阜県,2025,6,522350.0,91250.0,confirmed,employee_count
22,静岡県,2025,6,1464000.0,158270.0,confirmed,employee_count
23,愛知県,2025,6,1672810.0,348880.0,confirmed,employee_count
24,三重県,2025,6,655550.0,28850.0,confirmed,employee_count
25,滋賀県,2025,6,327750.0,18120.0,confirmed,employee_count
26,京都府,2025,6,2726560.0,1296460.0,confirmed,employee_count
27,大阪府,2025,6,4774280.0,1974210.0,confirmed,employee_count
28,兵庫県,2025,6,1209820.0,147610.0,confirmed,employee_count
29,奈良県,2025,6,252350.0,40240.0,confirmed,employee_count
30,和歌山県,2025,6,374290.0,48830.0,confirmed,employee_count
31,鳥取県,2025,6,191890.0,12320.0,confirmed,employee_count
32,島根県,2025,6,240570.0,6280.0,confirmed,employee_count
33,岡山県,2025,6,439190.0,44790.0,confirmed,employee_count
34,広島県,2025,6,885090.0,132240.0,confirmed,employee_count
35,山口県,2025,6,263800.0,11120.0,confirmed,employee_count
36,徳島県,2025,6,178740.0,14260.0,confirmed,employee_count
37,香川県,2025,6,351240.0,58620.0,confirmed,employee_count
38,愛媛県,2025,6,289930.0,37010.0,confirmed,employee_count
39,高知県,2025,6,184400.0,8010.0,confirmed,employee_count
40,福岡県,2025,6,1963100.0,664930.0,confirmed,employee_count
41,佐賀県,2025,6,176080.0,19010.0,confirmed,employee_count
42,長崎県,2025,6,496230.0,35820.0,confirmed,employee_count
43,熊本県,2025,6,563920.0,109850.0,confirmed,employee_count
44,大分県,2025,6,553900.0,68290.0,confirmed,employee_count
45,宮崎県,2025,6,258100.0,11350.0,confirmed,employee_count
46,鹿児島県,2025,6,576620.0,31440.0,confirmed,employee_count
47,沖縄県,2025,6,2637890.0,570140.0,confirmed,employee_count
01,北海道,2025,7,4678690.0,917720.0,confirmed,employee_count
02,青森県,2025,7,467820.0,41490.0,confirmed,employee_count
03,岩手県,2025,7,503130.0,27030.0,confirmed,employee_count
04,宮城県,2025,7,870080.0,64900.0,confirmed,employee_count
05,秋田県,2025,7,298490.0,9900.0,confirmed,employee_count
06,山形県,2025,7,417070.0,11770.0,confirmed,employee_count
07,福島県,2025,7,819870.0,14560.0,confirmed,employee_count
08,茨城県,2025,7,601380.0,19350.0,confirmed,employee_count
09,栃木県,2025,7,955800.0,23050.0,confirmed,employee_count
10,群馬県,2025,7,828210.0,14240.0,confirmed,employee_count
11,埼玉県,2025,7,439250.0,16500.0,confirmed,employee_count
12,千葉県,2025,7,2389790.0,448450.0,confirmed,employee_count
13,東京都,2025,7,8806300.0,3904150.0,confirmed,employee_count
14,神奈川県,2025,7,2362040.0,299770.0,confirmed,employee_count
15,新潟県,2025,7,886100.0,16690.0,confirmed,employee_count
16,富山県,2025,7,349920.0,25020.0,confirmed,employee_count
17,石川県,2025,7,758640.0,107770.0,confirmed,employee_count
18,福井県,2025,7,353100.0,5220.0,confirmed,employee_count
19,山梨県,2025,7,1142960.0,124760.0,confirmed,employee_count
20,長野県,2025,7,1818160.0,97870.0,confirmed,employee_count
21,岐阜県,2025,7,694290.0,100840.0,confirmed,employee_count
22,静岡県,2025,7,1940780.0,170250.0,confirmed,employee_count
23,愛知県,2025,7,1895530.0,342110.0,confirmed,employee_count
24,三重県,2025,7,810340.0,19350.0,confirmed,employee_count
25,滋賀県,2025,7,395260.0,18010.0,confirmed,employee_count
26,京都府,2025,7,2592310.0,1278330.0,confirmed,employee_count
27,大阪府,2025,7,4822850.0,1914990.0,confirmed,employee_count
28,兵庫県,2025,7,1356510.0,149420.0,confirmed,employee_count
29,奈良県,2025,7,256520.0,38030.0,confirmed,employee_count
30,和歌山県,2025,7,430950.0,48180.0,confirmed,employee_count
31,鳥取県,2025,7,238640.0,14520.0,confirmed,employee_count
32,島根県,2025,7,305110.0,7150.0,confirmed,employee_count
33,岡山県,2025,7,488920.0,44990.0,confirmed,employee_count
34,広島県,2025,7,943150.0,132460.0,confirmed,employee_count
35,山口県,2025,7,313170.0,10420.0,confirmed,employee_count
36,徳島県,2025,7,231180.0,14220.0,confirmed,employee_count
37,香川県,2025,7,366110.0,51620.0,confirmed,employee_count
38,愛媛県,2025,7,328010.0,32670.0,confirmed,employee_count
39,高知県,2025,7,238000.0,7570.0,confirmed,employee_count
40,福岡県,2025,7,2022010.0,560300.0,confirmed,employee_count
41,佐賀県,2025,7,192400.0,13530.0,confirmed,employee_count
42,長崎県,2025,7,597850.0,40460.0,confirmed,employee_count
43,熊本県,2025,7,661730.0,101060.0,confirmed,employee_count
44,大分県,2025,7,582530.0,62120.0,confirmed,employee_count
45,宮崎県,2025,7,330810.0,11600.0,confirmed,employee_count
46,鹿児島県,2025,7,631630.0,28450.0,confirmed,employee_count
47,沖縄県,2025,7,3236990.0,574270.0,confirmed,employee_count
01,北海道,2025,8,5016410.0,800270.0,confirmed,employee_count
02,青森県,2025,8,584410.0,39270.0,confirmed,employee_count
03,岩手県,2025,8,627000.0,29550.0,confirmed,employee_count
04,宮城県,2025,8,1097020.0,74010.0,confirmed,employee_count
05,秋田県,2025,8,359730.0,10980.0,confirmed,employee_count
06,山形県,2025,8,536570.0,10240.0,confirmed,employee_count
07,福島県,2025,8,1048240.0,14950.0,confirmed,employee_count
08,茨城県,2025,8,783210.0,22070.0,confirmed,employee_count
09,栃木県,2025,8,1291380.0,18990.0,confirmed,employee_count
10,群馬県,2025,8,1025230.0,12910.0,confirmed,employee_count
11,埼玉県,2025,8,528930.0,20010.0,confirmed,employee_count
12,千葉県,2025,8,2810190.0,332900.0,confirmed,employee_count
13,東京都,2025,8,9214280.0,3906110.0,confirmed,employee_count
14,神奈川県,2025,8,2715310.0,312500.0,confirmed,employee_count
15,新潟県,2025,8,1177070.0,16900.0,confirmed,employee_count
16,富山県,2025,8,514400.0,20280.0,confirmed,employee_count
17,石川県,2025,8,961380.0,115830.0,confirmed,employee_count
18,福井県,2025,8,495810.0,4110.0,confirmed,employee_count
19,山梨県,2025,8,1552870.0,112700.0,confirmed,employee_count
20,長野県,2025,8,2447110.0,75370.0,confirmed,employee_count
21,岐阜県,2025,8,877100.0,104310.0,confirmed,employee_count
22,静岡県,2025,8,2527970.0,152530.0,confirmed,employee_count
23,愛知県,2025,8,2184290.0,347530.0,confirmed,employee_count
24,三重県,2025,8,1040230.0,21190.0,confirmed,employee_count
25,滋賀県,2025,8,542690.0,14100.0,confirmed,employee_count
26,京都府,2025,8,2853520.0,1300760.0,confirmed,employee_count
27,大阪府,2025,8,5505080.0,1895670.0,confirmed,employee_count
28,兵庫県,2025,8,1710510.0,133540.0,confirmed,employee_count
29,奈良県,2025,8,308230.0,29810.0,confirmed,employee_count
30,和歌山県,2025,8,554310.0,48170.0,confirmed,employee_count
31,鳥取県,2025,8,288470.0,11960.0,confirmed,employee_count
32,島根県,2025,8,386320.0,6450.0,confirmed,employee_count
33,岡山県,2025,8,610960.0,44070.0,confirmed,employee_count
34,広島県,2025,8,1159420.0,144520.0,confirmed,employee_count
35,山口県,2025,8,377170.0,7010.0,confirmed,employee_count
36,徳島県,2025,8,285230.0,12920.0,confirmed,employee_count
37,香川県,2025,8,588670.0,61850.0,confirmed,employee_count
38,愛媛県,2025,8,424110.0,29260.0,confirmed,employee_count
39,高知県,2025,8,348170.0,6420.0,confirmed,employee_count
40,福岡県,2025,8,2295190.0,643620.0,confirmed,employee_count
41,佐賀県,2025,8,226120.0,11550.0,confirmed,employee_count
42,長崎県,2025,8,805430.0,36620.0,confirmed,employee_count
43,熊本県,2025,8,794520.0,112470.0,confirmed,employee_count
44,大分県,2025,8,791810.0,58480.0,confirmed,employee_count
45,宮崎県,2025,8,406370.0,12140.0,confirmed,employee_count
46,鹿児島県,2025,8,815150.0,27030.0,confirmed,employee_count
47,沖縄県,2025,8,3710930.0,653350.0,confirmed,employee_count
01,北海道,2025,9,4052320.0,579790.0,confirmed,employee_count
02,青森県,2025,9,474290.0,34250.0,confirmed,employee_count
03,岩手県,2025,9,466520.0,24300.0,confirmed,employee_count
04,宮城県,2025,9,877380.0,59350.0,confirmed,employee_count
05,秋田県,2025,9,268180.0,6930.0,confirmed,employee_count
06,山形県,2025,9,401800.0,11090.0,confirmed,employee_count
07,福島県,2025,9,822650.0,16980.0,confirmed,employee_count
08,茨城県,2025,9,608060.0,29710.0,confirmed,employee_count
09,栃木県,2025,9,941130.0,27190.0,confirmed,employee_count
10,群馬県,2025,9,730740.0,17710.0,confirmed,employee_count
11,埼玉県,2025,9,431700.0,19670.0,confirmed,employee_count
12,千葉県,2025,9,2205580.0,288360.0,confirmed,employee_count
13,東京都,2025,9,8706370.0,3872510.0,confirmed,employee_count
14,神奈川県,2025,9,1868910.0,330720.0,confirmed,employee_count
15,新潟県,2025,9,834960.0,13480.0,confirmed,employee_count
16,富山県,2025,9,343230.0,21140.0,confirmed,employee_count
17,石川県,2025,9,734640.0,118380.0,confirmed,employee_count
18,福井県,2025,9,314540.0,5090.0,confirmed,employee_count
19,山梨県,2025,9,874480.0,98240.0,confirmed,employee_count
20,長野県,2025,9,1681800.0,82670.0,confirmed,employee_count
21,岐阜県,2025,9,659470.0,95970.0,confirmed,employee_count
22,静岡県,2025,9,1726690.0,130080.0,confirmed,employee_count
23,愛知県,2025,9,1897120.0,308030.0,confirmed,employee_count
24,三重県,2025,9,697740.0,28510.0,confirmed,employee_count
25,滋賀県,2025,9,419050.0,15320.0,confirmed,employee_count
26,京都府,2025,9,2776300.0,1255580.0,confirmed,employee_count
27,大阪府,2025,9,5017860.0,1419730.0,confirmed,employee_count
28,兵庫県,2025,9,1342930.0,162330.0,confirmed,employee_count
29,奈良県,2025,9,254440.0,29920.0,confirmed,employee_count
30,和歌山県,2025,9,387420.0,49240.0,confirmed,employee_count
31,鳥取県,2025,9,197400.0,10910.0,confirmed,employee_count
32,島根県,2025,9,300500.0,7340.0,confirmed,employee_count
33,岡山県,2025,9,449490.0,46170.0,confirmed,employee_count
34,広島県,2025,9,977240.0,156440.0,confirmed,employee_count
35,山口県,2025,9,290170.0,10990.0,confirmed,employee_count
36,徳島県,2025,9,211960.0,12150.0,confirmed,employee_count
37,香川県,2025,9,391050.0,67060.0,confirmed,employee_count
38,愛媛県,2025,9,349390.0,30460.0,confirmed,employee_count
39,高知県,2025,9,258150.0,8780.0,confirmed,employee_count
40,福岡県,2025,9,2032500.0,593280.0,confirmed,employee_count
41,佐賀県,2025,9,185330.0,14880.0,confirmed,employee_count
42,長崎県,2025,9,557180.0,33190.0,confirmed,employee_count
43,熊本県,2025,9,703730.0,123860.0,confirmed,employee_count
44,大分県,2025,9,591290.0,60880.0,confirmed,employee_count
45,宮崎県,2025,9,261220.0,10190.0,confirmed,employee_count
46,鹿児島県,2025,9,663770.0,36170.0,confirmed,employee_count
47,沖縄県,2025,9,3000120.0,585250.0,confirmed,employee_count
01,北海道,2025,10,3965080.0,811040.0,confirmed,employee_count
02,青森県,2025,10,527130.0,72580.0,confirmed,employee_count
03,岩手県,2025,10,503630.0,46940.0,confirmed,employee_count
04,宮城県,2025,10,992750.0,96350.0,confirmed,employee_count
05,秋田県,2025,10,325820.0,18130.0,confirmed,employee_count
06,山形県,2025,10,462360.0,20890.0,confirmed,employee_count
07,福島県,2025,10,927080.0,26990.0,confirmed,employee_count
08,茨城県,2025,10,650710.0,39960.0,confirmed,employee_count
09,栃木県,2025,10,1070660.0,52660.0,confirmed,employee_count
10,群馬県,2025,10,747250.0,23290.0,confirmed,employee_count
11,埼玉県,2025,10,472050.0,25860.0,confirmed,employee_count
12,千葉県,2025,10,2277840.0,392590.0,confirmed,employee_count
13,東京都,2025,10,9417350.0,4613900.0,confirmed,employee_count
14,神奈川県,2025,10,2569260.0,467040.0,confirmed,employee_count
15,新潟県,2025,10,888990.0,24240.0,confirmed,employee_count
16,富山県,2025,10,401750.0,41150.0,confirmed,employee_count
17,石川県,2025,10,928970.0,221030.0,confirmed,employee_count
18,福井県,2025,10,355610.0,8580.0,confirmed,employee_count
19,山梨県,2025,10,822130.0,156570.0,confirmed,employee_count
20,長野県,2025,10,1706090.0,180920.0,confirmed,employee_count
21,岐阜県,2025,10,741190.0,165080.0,confirmed,employee_count
22,静岡県,2025,10,1881750.0,190000.0,confirmed,employee_count
23,愛知県,2025,10,2002260.0,421870.0,confirmed,employee_count
24,三重県,2025,10,787290.0,31570.0,confirmed,employee_count
25,滋賀県,2025,10,461870.0,23240.0,confirmed,employee_count
26,京都府,2025,10,3148680.0,1499470.0,confirmed,employee_count
27,大阪府,2025,10,5228530.0,2055280.0,confirmed,employee_count
28,兵庫県,2025,10,1496860.0,236190.0,confirmed,employee_count
29,奈良県,2025,10,302920.0,46760.0,confirmed,employee_count
30,和歌山県,2025,10,445370.0,78530.0,confirmed,employee_count
31,鳥取県,2025,10,251490.0,15730.0,confirmed,employee_count
32,島根県,2025,10,369810.0,11090.0,confirmed,employee_count
33,岡山県,2025,10,556030.0,72960.0,confirmed,employee_count
34,広島県,2025,10,1140230.0,229710.0,confirmed,employee_count
35,山口県,2025,10,344660.0,14920.0,confirmed,employee_count
36,徳島県,2025,10,235120.0,20850.0,confirmed,employee_count
37,香川県,2025,10,471780.0,113950.0,confirmed,employee_count
38,愛媛県,2025,10,410570.0,51870.0,confirmed,employee_count
39,高知県,2025,10,260460.0,12250.0,confirmed,employee_count
40,福岡県,2025,10,2299820.0,717500.0,confirmed,employee_count
41,佐賀県,2025,10,191260.0,22510.0,confirmed,employee_count
42,長崎県,2025,10,728100.0,53090.0,confirmed,employee_count
43,熊本県,2025,10,837470.0,167820.0,confirmed,employee_count
44,大分県,2025,10,717510.0,117790.0,confirmed,employee_count
45,宮崎県,2025,10,344360.0,17810.0,confirmed,employee_count
46,鹿児島県,2025,10,744400.0,57470.0,confirmed,employee_count
47,沖縄県,2025,10,3316110.0,647170.0,confirmed,employee_count
01,北海道,2025,11,3124500.0,649760.0,confirmed,employee_count
02,青森県,2025,11,442520.0,54210.0,confirmed,employee_count
03,岩手県,2025,11,442720.0,40370.0,confirmed,employee_count
04,宮城県,2025,11,961790.0,100680.0,confirmed,employee_count
05,秋田県,2025,11,261540.0,14470.0,confirmed,employee_count
06,山形県,2025,11,396560.0,18500.0,confirmed,employee_count
07,福島県,2025,11,851870.0,35720.0,confirmed,employee_count
08,茨城県,2025,11,650530.0,31960.0,confirmed,employee_count
09,栃木県,2025,11,1048590.0,51580.0,confirmed,employee_count
10,群馬県,2025,11,752140.0,30970.0,confirmed,employee_count
11,埼玉県,2025,11,491680.0,25190.0,confirmed,employee_count
12,千葉県,2025,11,2411690.0,261520.0,confirmed,employee_count
13,東京都,2025,11,9165150.0,4247930.0,confirmed,employee_count
14,神奈川県,2025,11,2505880.0,350320.0,confirmed,employee_count
15,新潟県,2025,11,812340.0,24450.0,confirmed,employee_count
16,富山県,2025,11,352160.0,32030.0,confirmed,employee_count
17,石川県,2025,11,986260.0,217620.0,confirmed,employee_count
18,福井県,2025,11,404810.0,10350.0,confirmed,employee_count
19,山梨県,2025,11,756040.0,142780.0,confirmed,employee_count
20,長野県,2025,11,1381640.0,139700.0,confirmed,employee_count
21,岐阜県,2025,11,702000.0,148210.0,confirmed,employee_count
22,静岡県,2025,11,2035460.0,168770.0,confirmed,employee_count
23,愛知県,2025,11,2026580.0,399300.0,confirmed,employee_count
24,三重県,2025,11,936580.0,35960.0,confirmed,employee_count
25,滋賀県,2025,11,444530.0,30690.0,confirmed,employee_count
26,京都府,2025,11,2940760.0,1347000.0,confirmed,employee_count
27,大阪府,2025,11,4773060.0,1955030.0,confirmed,employee_count
28,兵庫県,2025,11,1504870.0,184460.0,confirmed,employee_count
29,奈良県,2025,11,289370.0,33680.0,confirmed,employee_count
30,和歌山県,2025,11,456590.0,62300.0,confirmed,employee_count
31,鳥取県,2025,11,252690.0,12420.0,confirmed,employee_count
32,島根県,2025,11,334320.0,10130.0,confirmed,employee_count
33,岡山県,2025,11,539340.0,69200.0,confirmed,employee_count
34,広島県,2025,11,1132400.0,192000.0,confirmed,employee_count
35,山口県,2025,11,353720.0,15370.0,confirmed,employee_count
36,徳島県,2025,11,243480.0,21550.0,confirmed,employee_count
37,香川県,2025,11,466520.0,106300.0,confirmed,employee_count
38,愛媛県,2025,11,420500.0,53170.0,confirmed,employee_count
39,高知県,2025,11,260380.0,12250.0,confirmed,employee_count
40,福岡県,2025,11,2293220.0,644420.0,confirmed,employee_count
41,佐賀県,2025,11,215960.0,22850.0,confirmed,employee_count
42,長崎県,2025,11,769920.0,53700.0,confirmed,employee_count
43,熊本県,2025,11,824880.0,162160.0,confirmed,employee_count
44,大分県,2025,11,758370.0,106410.0,confirmed,employee_count
45,宮崎県,2025,11,367840.0,21970.0,confirmed,employee_count
46,鹿児島県,2025,11,831110.0,62970.0,confirmed,employee_count
47,沖縄県,2025,11,2664610.0,479460.0,confirmed,employee_count
01,北海道,2025,12,4012550.0,1556600.0,confirmed,employee_count
02,青森県,2025,12,366830.0,40780.0,confirmed,employee_count
03,岩手県,2025,12,398540.0,42130.0,confirmed,employee_count
04,宮城県,2025,12,873750.0,101500.0,confirmed,employee_count
05,秋田県,2025,12,186150.0,7450.0,confirmed,employee_count
06,山形県,2025,12,344340.0,39440.0,confirmed,employee_count
07,福島県,2025,12,751850.0,30420.0,confirmed,employee_count
08,茨城県,2025,12,613990.0,17070.0,confirmed,employee_count
09,栃木県,2025,12,846480.0,26170.0,confirmed,employee_count
10,群馬県,2025,12,677640.0,34850.0,confirmed,employee_count
11,埼玉県,2025,12,475960.0,22760.0,confirmed,employee_count
12,千葉県,2025,12,2430540.0,293990.0,confirmed,employee_count
13,東京都,2025,12,9815380.0,4519610.0,confirmed,employee_count
14,神奈川県,2025,12,2564030.0,304440.0,confirmed,employee_count
15,新潟県,2025,12,783210.0,68530.0,confirmed,employee_count
16,富山県,2025,12,284170.0,22550.0,confirmed,employee_count
17,石川県,2025,12,833980.0,143040.0,confirmed,employee_count
18,福井県,2025,12,303900.0,9180.0,confirmed,employee_count
19,山梨県,2025,12,657260.0,155630.0,confirmed,employee_count
20,長野県,2025,12,1428500.0,213820.0,confirmed,employee_count
21,岐阜県,2025,12,607300.0,123030.0,confirmed,employee_count
22,静岡県,2025,12,1942750.0,128230.0,confirmed,employee_count
23,愛知県,2025,12,1974060.0,361330.0,confirmed,employee_count
24,三重県,2025,12,793590.0,29700.0,confirmed,employee_count
25,滋賀県,2025,12,380210.0,26430.0,confirmed,employee_count
26,京都府,2025,12,2751260.0,1181500.0,confirmed,employee_count
27,大阪府,2025,12,4577170.0,1860320.0,confirmed,employee_count
28,兵庫県,2025,12,1400710.0,158480.0,confirmed,employee_count
29,奈良県,2025,12,240310.0,25070.0,confirmed,employee_count
30,和歌山県,2025,12,371040.0,37590.0,confirmed,employee_count
31,鳥取県,2025,12,216900.0,13850.0,confirmed,employee_count
32,島根県,2025,12,311270.0,9290.0,confirmed,employee_count
33,岡山県,2025,12,477970.0,55130.0,confirmed,employee_count
34,広島県,2025,12,937430.0,132020.0,confirmed,employee_count
35,山口県,2025,12,303610.0,13850.0,confirmed,employee_count
36,徳島県,2025,12,207300.0,18970.0,confirmed,employee_count
37,香川県,2025,12,389030.0,75120.0,confirmed,employee_count
38,愛媛県,2025,12,369540.0,48620.0,confirmed,employee_count
39,高知県,2025,12,201300.0,8900.0,confirmed,employee_count
40,福岡県,2025,12,2151680.0,760200.0,confirmed,employee_count
41,佐賀県,2025,12,191010.0,22030.0,confirmed,employee_count
42,長崎県,2025,12,678950.0,47090.0,confirmed,employee_count
43,熊本県,2025,12,722450.0,135640.0,confirmed,employee_count
44,大分県,2025,12,732320.0,118000.0,confirmed,employee_count
45,宮崎県,2025,12,335310.0,19280.0,confirmed,employee_count
46,鹿児島県,2025,12,761880.0,66580.0,confirmed,employee_count
47,沖縄県,2025,12,2311260.0,440220.0,confirmed,employee_count
01,北海道,2026,1,3562590.0,1520020.0,preliminary,room_count
02,青森県,2026,1,359820.0,42770.0,preliminary,room_count
03,岩手県,2026,1,411870.0,59670.0,preliminary,room_count
04,宮城県,2026,1,740730.0,105190.0,preliminary,room_count
05,秋田県,2026,1,176550.0,7730.0,preliminary,room_count
06,山形県,2026,1,342940.0,51070.0,preliminary,room_count
07,福島県,2026,1,774450.0,64040.0,preliminary,room_count
08,茨城県,2026,1,644780.0,21720.0,preliminary,room_count
09,栃木県,2026,1,709970.0,30070.0,preliminary,room_count
10,群馬県,2026,1,693520.0,35540.0,preliminary,room_count
11,埼玉県,2026,1,431310.0,20070.0,preliminary,room_count
12,千葉県,2026,1,2224310.0,325900.0,preliminary,room_count
13,東京都,2026,1,7312150.0,3646340.0,preliminary,room_count
14,神奈川県,2026,1,1762160.0,219420.0,preliminary,room_count
15,新潟県,2026,1,954970.0,139880.0,preliminary,room_count
16,富山県,2026,1,243260.0,12650.0,preliminary,room_count
17,石川県,2026,1,553500.0,92880.0,preliminary,room_count
18,福井県,2026,1,215230.0,8020.0,preliminary,room_count
19,山梨県,2026,1,540650.0,127600.0,preliminary,room_count
20,長野県,2026,1,1644930.0,241880.0,preliminary,room_count
21,岐阜県,2026,1,526110.0,119720.0,preliminary,room_count
22,静岡県,2026,1,1574790.0,89330.0,preliminary,room_count
23,愛知県,2026,1,1550150.0,282700.0,preliminary,room_count
24,三重県,2026,1,614830.0,14380.0,preliminary,room_count
25,滋賀県,2026,1,331550.0,21670.0,preliminary,room_count
26,京都府,2026,1,1991440.0,749040.0,preliminary,room_count
27,大阪府,2026,1,3692230.0,1581910.0,preliminary,room_count
28,兵庫県,2026,1,1176390.0,108310.0,preliminary,room_count
29,奈良県,2026,1,203670.0,22890.0,preliminary,room_count
30,和歌山県,2026,1,323270.0,21310.0,preliminary,room_count
31,鳥取県,2026,1,192410.0,16040.0,preliminary,room_count
32,島根県,2026,1,201610.0,6930.0,preliminary,room_count
33,岡山県,2026,1,338090.0,34180.0,preliminary,room_count
34,広島県,2026,1,718910.0,98210.0,preliminary,room_count
35,山口県,2026,1,307580.0,15580.0,preliminary,room_count
36,徳島県,2026,1,158490.0,9910.0,preliminary,room_count
37,香川県,2026,1,326510.0,61490.0,preliminary,room_count
38,愛媛県,2026,1,356080.0,42710.0,preliminary,room_count
39,高知県,2026,1,213900.0,9330.0,preliminary,room_count
40,福岡県,2026,1,1655710.0,555160.0,preliminary,room_count
41,佐賀県,2026,1,162800.0,14570.0,preliminary,room_count
42,長崎県,2026,1,513130.0,42750.0,preliminary,room_count
43,熊本県,2026,1,557420.0,99060.0,preliminary,room_count
44,大分県,2026,1,559240.0,117680.0,preliminary,room_count
45,宮崎県,2026,1,267210.0,14590.0,preliminary,room_count
46,鹿児島県,2026,1,566580.0,60760.0,preliminary,room_count
47,沖縄県,2026,1,2083000.0,446120.0,preliminary,room_count
01,北海道,2026,2,3889220.0,1564720.0,preliminary,room_count
02,青森県,2026,2,402550.0,67700.0,preliminary,room_count
03,岩手県,2026,2,392870.0,55750.0,preliminary,room_count
04,宮城県,2026,2,784290.0,116340.0,preliminary,room_count
05,秋田県,2026,2,177580.0,11200.0,preliminary,room_count
06,山形県,2026,2,371360.0,54050.0,preliminary,room_count
07,福島県,2026,2,773760.0,58550.0,preliminary,room_count
08,茨城県,2026,2,656330.0,27470.0,preliminary,room_count
09,栃木県,2026,2,703330.0,29570.0,preliminary,room_count
10,群馬県,2026,2,722950.0,44670.0,preliminary,room_count
11,埼玉県,2026,2,412300.0,19110.0,preliminary,room_count
12,千葉県,2026,2,2203560.0,309070.0,preliminary,room_count
13,東京都,2026,2,7595750.0,3715300.0,preliminary,room_count
14,神奈川県,2026,2,1755840.0,259310.0,preliminary,room_count
15,新潟県,2026,2,997380.0,143560.0,preliminary,room_count
16,富山県,2026,2,273520.0,21300.0,preliminary,room_count
17,石川県,2026,2,641300.0,106460.0,preliminary,room_count
18,福井県,2026,2,251660.0,8740.0,preliminary,room_count
19,山梨県,2026,2,597160.0,158990.0,preliminary,room_count
20,長野県,2026,2,1710490.0,260880.0,preliminary,room_count
21,岐阜県,2026,2,568650.0,140140.0,preliminary,room_count
22,静岡県,2026,2,1610460.0,107030.0,preliminary,room_count
23,愛知県,2026,2,1567340.0,300590.0,preliminary,room_count
24,三重県,2026,2,597280.0,22340.0,preliminary,room_count
25,滋賀県,2026,2,339680.0,22890.0,preliminary,room_count
26,京都府,2026,2,1914850.0,796130.0,preliminary,room_count
27,大阪府,2026,2,3988830.0,1799490.0,preliminary,room_count
28,兵庫県,2026,2,1132550.0,121810.0,preliminary,room_count
29,奈良県,2026,2,200250.0,24400.0,preliminary,room_count
30,和歌山県,2026,2,340990.0,31670.0,preliminary,room_count
31,鳥取県,2026,2,196600.0,20780.0,preliminary,room_count
32,島根県,2026,2,217740.0,6890.0,preliminary,room_count
33,岡山県,2026,2,360210.0,37020.0,preliminary,room_count
34,広島県,2026,2,784090.0,106810.0,preliminary,room_count
35,山口県,2026,2,334410.0,17830.0,preliminary,room_count
36,徳島県,2026,2,161460.0,11750.0,preliminary,room_count
37,香川県,2026,2,336620.0,70640.0,preliminary,room_count
38,愛媛県,2026,2,383970.0,48760.0,preliminary,room_count
39,高知県,2026,2,216070.0,15320.0,preliminary,room_count
40,福岡県,2026,2,1779880.0,628450.0,preliminary,room_count
41,佐賀県,2026,2,207660.0,34370.0,preliminary,room_count
42,長崎県,2026,2,604600.0,53500.0,preliminary,room_count
43,熊本県,2026,2,596270.0,108530.0,preliminary,room_count
44,大分県,2026,2,571010.0,123890.0,preliminary,room_count
45,宮崎県,2026,2,379760.0,26090.0,preliminary,room_count
46,鹿児島県,2026,2,671240.0,82620.0,preliminary,room_count
47,沖縄県,2026,2,2277380.0,509850.0,preliminary,room_count
01,北海道,2026,3,3368710.0,991600.0,preliminary,room_count
02,青森県,2026,3,390620.0,30410.0,preliminary,room_count
03,岩手県,2026,3,424400.0,26680.0,preliminary,room_count
04,宮城県,2026,3,854980.0,93920.0,preliminary,room_count
05,秋田県,2026,3,266980.0,8740.0,preliminary,room_count
06,山形県,2026,3,369480.0,31810.0,preliminary,room_count
07,福島県,2026,3,845180.0,41920.0,preliminary,room_count
08,茨城県,2026,3,796800.0,35610.0,preliminary,room_count
09,栃木県,2026,3,1009410.0,27940.0,preliminary,room_count
10,群馬県,2026,3,760240.0,23550.0,preliminary,room_count
11,埼玉県,2026,3,509190.0,28160.0,preliminary,room_count
12,千葉県,2026,3,2744080.0,339600.0,preliminary,room_count
13,東京都,2026,3,7935300.0,4122720.0,preliminary,room_count
14,神奈川県,2026,3,2225410.0,359600.0,preliminary,room_count
15,新潟県,2026,3,919230.0,82050.0,preliminary,room_count
16,富山県,2026,3,348440.0,12520.0,preliminary,room_count
17,石川県,2026,3,849090.0,147760.0,preliminary,room_count
18,福井県,2026,3,298280.0,7750.0,preliminary,room_count
19,山梨県,2026,3,813790.0,178210.0,preliminary,room_count
20,長野県,2026,3,1494490.0,145670.0,preliminary,room_count
21,岐阜県,2026,3,652670.0,133110.0,preliminary,room_count
22,静岡県,2026,3,2077500.0,124490.0,preliminary,room_count
23,愛知県,2026,3,1803840.0,354070.0,preliminary,room_count
24,三重県,2026,3,865600.0,35290.0,preliminary,room_count
25,滋賀県,2026,3,454460.0,29440.0,preliminary,room_count
26,京都府,2026,3,2602210.0,1136630.0,preliminary,room_count
27,大阪府,2026,3,4377790.0,1847130.0,preliminary,room_count
28,兵庫県,2026,3,1487280.0,135990.0,preliminary,room_count
29,奈良県,2026,3,286750.0,37010.0,preliminary,room_count
30,和歌山県,2026,3,482100.0,45070.0,preliminary,room_count
31,鳥取県,2026,3,278910.0,18110.0,preliminary,room_count
32,島根県,2026,3,306890.0,7990.0,preliminary,room_count
33,岡山県,2026,3,487740.0,50960.0,preliminary,room_count
34,広島県,2026,3,994840.0,187700.0,preliminary,room_count
35,山口県,2026,3,400570.0,17570.0,preliminary,room_count
36,徳島県,2026,3,233740.0,15830.0,preliminary,room_count
37,香川県,2026,3,468550.0,79090.0,preliminary,room_count
38,愛媛県,2026,3,486660.0,50300.0,preliminary,room_count
39,高知県,2026,3,304360.0,17960.0,preliminary,room_count
40,福岡県,2026,3,1988850.0,607960.0,preliminary,room_count
41,佐賀県,2026,3,233490.0,29710.0,preliminary,room_count
42,長崎県,2026,3,684630.0,60820.0,preliminary,room_count
43,熊本県,2026,3,741820.0,131180.0,preliminary,room_count
44,大分県,2026,3,703610.0,93840.0,preliminary,room_count
45,宮崎県,2026,3,332540.0,17940.0,preliminary,room_count
46,鹿児島県,2026,3,781410.0,62650.0,preliminary,room_count
47,沖縄県,2026,3,2671790.0,439410.0,preliminary,room_count
01,北海道,2026,4,2403260.0,513710.0,preliminary,room_count
02,青森県,2026,4,448730.0,68170.0,preliminary,room_count
03,岩手県,2026,4,395660.0,39980.0,preliminary,room_count
04,宮城県,2026,4,818460.0,119860.0,preliminary,room_count
05,秋田県,2026,4,273950.0,20260.0,preliminary,room_count
06,山形県,2026,4,306260.0,18220.0,preliminary,room_count
07,福島県,2026,4,788080.0,45760.0,preliminary,room_count
08,茨城県,2026,4,731400.0,42850.0,preliminary,room_count
09,栃木県,2026,4,843650.0,37560.0,preliminary,room_count
10,群馬県,2026,4,600850.0,30350.0,preliminary,room_count
11,埼玉県,2026,4,467730.0,30220.0,preliminary,room_count
12,千葉県,2026,4,2242420.0,436100.0,preliminary,room_count
13,東京都,2026,4,7900810.0,4221740.0,preliminary,room_count
14,神奈川県,2026,4,2070500.0,409710.0,preliminary,room_count
15,新潟県,2026,4,669480.0,31780.0,preliminary,room_count
16,富山県,2026,4,423920.0,76600.0,preliminary,room_count
17,石川県,2026,4,808470.0,234030.0,preliminary,room_count
18,福井県,2026,4,236790.0,11150.0,preliminary,room_count
19,山梨県,2026,4,798450.0,216290.0,preliminary,room_count
20,長野県,2026,4,1177480.0,168400.0,preliminary,room_count
21,岐阜県,2026,4,646540.0,156820.0,preliminary,room_count
22,静岡県,2026,4,1696730.0,153070.0,preliminary,room_count
23,愛知県,2026,4,1635370.0,321290.0,preliminary,room_count
24,三重県,2026,4,724720.0,31650.0,preliminary,room_count
25,滋賀県,2026,4,424130.0,39910.0,preliminary,room_count
26,京都府,2026,4,2687110.0,1431930.0,preliminary,room_count
27,大阪府,2026,4,4157150.0,2053870.0,preliminary,room_count
28,兵庫県,2026,4,1238540.0,161130.0,preliminary,room_count
29,奈良県,2026,4,300710.0,45550.0,preliminary,room_count
30,和歌山県,2026,4,419500.0,54840.0,preliminary,room_count
31,鳥取県,2026,4,241520.0,15910.0,preliminary,room_count
32,島根県,2026,4,276010.0,9600.0,preliminary,room_count
33,岡山県,2026,4,445470.0,63610.0,preliminary,room_count
34,広島県,2026,4,954170.0,250990.0,preliminary,room_count
35,山口県,2026,4,350730.0,18070.0,preliminary,room_count
36,徳島県,2026,4,209100.0,19800.0,preliminary,room_count
37,香川県,2026,4,404080.0,92370.0,preliminary,room_count
38,愛媛県,2026,4,455580.0,73620.0,preliminary,room_count
39,高知県,2026,4,259990.0,10860.0,preliminary,room_count
40,福岡県,2026,4,1809180.0,628930.0,preliminary,room_count
41,佐賀県,2026,4,167920.0,21050.0,preliminary,room_count
42,長崎県,2026,4,599950.0,75430.0,preliminary,room_count
43,熊本県,2026,4,611140.0,110830.0,preliminary,room_count
44,大分県,2026,4,573160.0,120590.0,preliminary,room_count
45,宮崎県,2026,4,283350.0,23570.0,preliminary,room_count
46,鹿児島県,2026,4,634280.0,57910.0,preliminary,room_count
47,沖縄県,2026,4,2492690.0,596180.0,preliminary,room_count
01,北海道,2026,5,3237740.0,614560.0,preliminary,room_count
02,青森県,2026,5,515860.0,40550.0,preliminary,room_count
03,岩手県,2026,5,478230.0,24830.0,preliminary,room_count
04,宮城県,2026,5,893180.0,74700.0,preliminary,room_count
05,秋田県,2026,5,325120.0,10100.0,preliminary,room_count
06,山形県,2026,5,387620.0,12310.0,preliminary,room_count
07,福島県,2026,5,864220.0,20520.0,preliminary,room_count
08,茨城県,2026,5,786250.0,32840.0,preliminary,room_count
09,栃木県,2026,5,993970.0,31010.0,preliminary,room_count
10,群馬県,2026,5,774960.0,22880.0,preliminary,room_count
11,埼玉県,2026,5,507140.0,28480.0,preliminary,room_count
12,千葉県,2026,5,2476250.0,365850.0,preliminary,room_count
13,東京都,2026,5,8242690.0,4326020.0,preliminary,room_count
14,神奈川県,2026,5,2112440.0,372960.0,preliminary,room_count
15,新潟県,2026,5,825380.0,23570.0,preliminary,room_count
16,富山県,2026,5,464510.0,63000.0,preliminary,room_count
17,石川県,2026,5,875610.0,205540.0,preliminary,room_count
18,福井県,2026,5,337950.0,10830.0,preliminary,room_count
19,山梨県,2026,5,889550.0,179310.0,preliminary,room_count
20,長野県,2026,5,1638740.0,152690.0,preliminary,room_count
21,岐阜県,2026,5,735550.0,149130.0,preliminary,room_count
22,静岡県,2026,5,1880650.0,144650.0,preliminary,room_count
23,愛知県,2026,5,1810430.0,341770.0,preliminary,room_count
24,三重県,2026,5,789090.0,26060.0,preliminary,room_count
25,滋賀県,2026,5,467330.0,22420.0,preliminary,room_count
26,京都府,2026,5,2859090.0,1281710.0,preliminary,room_count
27,大阪府,2026,5,4276500.0,1883850.0,preliminary,room_count
28,兵庫県,2026,5,1342400.0,142680.0,preliminary,room_count
29,奈良県,2026,5,340810.0,34100.0,preliminary,room_count
30,和歌山県,2026,5,483040.0,47850.0,preliminary,room_count
31,鳥取県,2026,5,284150.0,15850.0,preliminary,room_count
32,島根県,2026,5,337680.0,9620.0,preliminary,room_count
33,岡山県,2026,5,493720.0,57760.0,preliminary,room_count
34,広島県,2026,5,1011240.0,190100.0,preliminary,room_count
35,山口県,2026,5,400500.0,17790.0,preliminary,room_count
36,徳島県,2026,5,240090.0,17080.0,preliminary,room_count
37,香川県,2026,5,453410.0,86770.0,preliminary,room_count
38,愛媛県,2026,5,499690.0,58000.0,preliminary,room_count
39,高知県,2026,5,317200.0,11160.0,preliminary,room_count
40,福岡県,2026,5,1901110.0,633570.0,preliminary,room_count
41,佐賀県,2026,5,224400.0,17590.0,preliminary,room_count
42,長崎県,2026,5,717090.0,57910.0,preliminary,room_count
43,熊本県,2026,5,723960.0,110390.0,preliminary,room_count
44,大分県,2026,5,614700.0,107330.0,preliminary,room_count
45,宮崎県,2026,5,334450.0,20560.0,preliminary,room_count
46,鹿児島県,2026,5,752590.0,55810.0,preliminary,room_count
47,沖縄県,2026,5,2373240.0,609940.0,preliminary,room_count
01,北海道,2026,6,3542690.0,730250.0,preliminary,room_count
02,青森県,2026,6,483110.0,43160.0,preliminary,room_count
03,岩手県,2026,6,422310.0,21660.0,preliminary,room_count
04,宮城県,2026,6,826960.0,74200.0,preliminary,room_count
05,秋田県,2026,6,339100.0,11400.0,preliminary,room_count
06,山形県,2026,6,383880.0,9530.0,preliminary,room_count
07,福島県,2026,6,796550.0,25650.0,preliminary,room_count
08,茨城県,2026,6,681200.0,28000.0,preliminary,room_count
09,栃木県,2026,6,760820.0,27080.0,preliminary,room_count
10,群馬県,2026,6,636390.0,16130.0,preliminary,room_count
11,埼玉県,2026,6,426500.0,21640.0,preliminary,room_count
12,千葉県,2026,6,1931050.0,313990.0,preliminary,room_count
13,東京都,2026,6,7365780.0,3718990.0,preliminary,room_count
14,神奈川県,2026,6,1785090.0,281880.0,preliminary,room_count
15,新潟県,2026,6,706470.0,28700.0,preliminary,room_count
16,富山県,2026,6,347870.0,23000.0,preliminary,room_count
17,石川県,2026,6,686770.0,121010.0,preliminary,room_count
18,福井県,2026,6,284960.0,8420.0,preliminary,room_count
19,山梨県,2026,6,592390.0,96700.0,preliminary,room_count
20,長野県,2026,6,1220390.0,93520.0,preliminary,room_count
21,岐阜県,2026,6,534720.0,85730.0,preliminary,room_count
22,静岡県,2026,6,1453560.0,109290.0,preliminary,room_count
23,愛知県,2026,6,1534620.0,283260.0,preliminary,room_count
24,三重県,2026,6,529510.0,22480.0,preliminary,room_count
25,滋賀県,2026,6,372400.0,18520.0,preliminary,room_count
26,京都府,2026,6,2316520.0,1095320.0,preliminary,room_count
27,大阪府,2026,6,3636000.0,1608740.0,preliminary,room_count
28,兵庫県,2026,6,1172930.0,129810.0,preliminary,room_count
29,奈良県,2026,6,241940.0,27930.0,preliminary,room_count
30,和歌山県,2026,6,320280.0,35350.0,preliminary,room_count
31,鳥取県,2026,6,227710.0,15560.0,preliminary,room_count
32,島根県,2026,6,243940.0,6490.0,preliminary,room_count
33,岡山県,2026,6,381970.0,48940.0,preliminary,room_count
34,広島県,2026,6,838780.0,155130.0,preliminary,room_count
35,山口県,2026,6,323880.0,14500.0,preliminary,room_count
36,徳島県,2026,6,171760.0,12860.0,preliminary,room_count
37,香川県,2026,6,329890.0,67480.0,preliminary,room_count
38,愛媛県,2026,6,336060.0,28240.0,preliminary,room_count
39,高知県,2026,6,240690.0,10450.0,preliminary,room_count
40,福岡県,2026,6,1689340.0,626430.0,preliminary,room_count
41,佐賀県,2026,6,141780.0,11280.0,preliminary,room_count
42,長崎県,2026,6,499340.0,40030.0,preliminary,room_count
43,熊本県,2026,6,531220.0,74030.0,preliminary,room_count
44,大分県,2026,6,465550.0,74800.0,preliminary,room_count
45,宮崎県,2026,6,275450.0,19490.0,preliminary,room_count
46,鹿児島県,2026,6,569560.0,32630.0,preliminary,room_count
47,沖縄県,2026,6,2215460.0,513800.0,preliminary,room_count
