scenario,date,origin,destination,ready,baseline_feasible,scenario_feasible,baseline_within_budget,scenario_within_budget,elapsed_change_minutes
blue_plus_10,2026-09-15,越前大野駅,kajiso_libre,08:00:00,True,True,False,False,0.0
blue_plus_10,2026-09-15,越前大野駅,kajiso_libre,08:30:00,True,True,False,False,0.0
blue_plus_10,2026-09-15,越前大野駅,kajiso_libre,09:00:00,True,True,True,True,0.0
blue_plus_10,2026-09-15,越前大野駅,kajiso_libre,09:30:00,True,True,True,True,0.0
blue_plus_10,2026-09-15,越前大野駅,kajiso_libre,10:00:00,True,True,False,True,-124.0
blue_plus_10,2026-09-15,越前大野駅,kajiso_libre,10:30:00,True,True,False,False,0.0
blue_plus_10,2026-09-15,越前大野駅,kajiso_libre,11:00:00,True,True,True,True,0.0
blue_plus_10,2026-09-15,越前大野駅,kajiso_libre,11:30:00,True,True,True,True,0.0
blue_plus_10,2026-09-15,越前大野駅,kajiso_libre,12:00:00,True,True,False,False,0.0
blue_plus_10,2026-09-15,越前大野駅,kajiso_libre,12:30:00,True,True,False,False,0.0
blue_plus_10,2026-09-15,越前大野駅,kajiso_libre,13:00:00,True,True,False,False,0.0
blue_plus_10,2026-09-15,越前大野駅,kajiso_libre,13:30:00,True,True,True,True,0.0
blue_plus_10,2026-09-15,越前大野駅,kajiso_libre,14:00:00,False,False,False,False,
blue_plus_10,2026-09-15,越前大野駅,kajiso_libre,14:30:00,False,False,False,False,
blue_plus_10,2026-09-15,越前大野駅,kajiso_libre,15:00:00,False,False,False,False,
blue_plus_10,2026-09-15,越前大野駅,kajiso_libre,15:30:00,False,False,False,False,
blue_plus_10,2026-09-15,越前大野駅,kajiso_libre,16:00:00,False,False,False,False,
blue_plus_10,2026-09-15,越前大野駅,kajiso_vio,08:00:00,True,True,False,False,10.0
blue_plus_10,2026-09-15,越前大野駅,kajiso_vio,08:30:00,True,True,False,False,10.0
blue_plus_10,2026-09-15,越前大野駅,kajiso_vio,09:00:00,True,True,True,True,10.0
blue_plus_10,2026-09-15,越前大野駅,kajiso_vio,09:30:00,True,True,True,True,10.0
blue_plus_10,2026-09-15,越前大野駅,kajiso_vio,10:00:00,True,True,False,False,10.0
blue_plus_10,2026-09-15,越前大野駅,kajiso_vio,10:30:00,True,True,False,False,10.0
blue_plus_10,2026-09-15,越前大野駅,kajiso_vio,11:00:00,True,True,True,True,10.0
blue_plus_10,2026-09-15,越前大野駅,kajiso_vio,11:30:00,True,True,True,True,10.0
blue_plus_10,2026-09-15,越前大野駅,kajiso_vio,12:00:00,True,True,False,False,10.0
blue_plus_10,2026-09-15,越前大野駅,kajiso_vio,12:30:00,True,True,False,False,10.0
blue_plus_10,2026-09-15,越前大野駅,kajiso_vio,13:00:00,True,True,False,False,10.0
blue_plus_10,2026-09-15,越前大野駅,kajiso_vio,13:30:00,True,True,True,True,10.0
blue_plus_10,2026-09-15,越前大野駅,kajiso_vio,14:00:00,False,False,False,False,
blue_plus_10,2026-09-15,越前大野駅,kajiso_vio,14:30:00,False,False,False,False,
blue_plus_10,2026-09-15,越前大野駅,kajiso_vio,15:00:00,False,False,False,False,
blue_plus_10,2026-09-15,越前大野駅,kajiso_vio,15:30:00,False,False,False,False,
blue_plus_10,2026-09-15,越前大野駅,kajiso_vio,16:00:00,False,False,False,False,
blue_plus_10,2026-09-15,結ステーション,kajiso_libre,08:00:00,True,True,False,False,0.0
blue_plus_10,2026-09-15,結ステーション,kajiso_libre,08:30:00,True,True,False,False,0.0
blue_plus_10,2026-09-15,結ステーション,kajiso_libre,09:00:00,True,True,True,True,0.0
blue_plus_10,2026-09-15,結ステーション,kajiso_libre,09:30:00,True,True,True,True,0.0
blue_plus_10,2026-09-15,結ステーション,kajiso_libre,10:00:00,True,True,False,False,0.0
blue_plus_10,2026-09-15,結ステーション,kajiso_libre,10:30:00,True,True,False,False,0.0
blue_plus_10,2026-09-15,結ステーション,kajiso_libre,11:00:00,True,True,True,True,0.0
blue_plus_10,2026-09-15,結ステーション,kajiso_libre,11:30:00,True,True,False,True,-139.0
blue_plus_10,2026-09-15,結ステーション,kajiso_libre,12:00:00,True,True,False,False,0.0
blue_plus_10,2026-09-15,結ステーション,kajiso_libre,12:30:00,True,True,False,False,0.0
blue_plus_10,2026-09-15,結ステーション,kajiso_libre,13:00:00,True,True,False,False,0.0
blue_plus_10,2026-09-15,結ステーション,kajiso_libre,13:30:00,False,True,False,True,
blue_plus_10,2026-09-15,結ステーション,kajiso_libre,14:00:00,False,False,False,False,
blue_plus_10,2026-09-15,結ステーション,kajiso_libre,14:30:00,False,False,False,False,
blue_plus_10,2026-09-15,結ステーション,kajiso_libre,15:00:00,False,False,False,False,
blue_plus_10,2026-09-15,結ステーション,kajiso_libre,15:30:00,False,False,False,False,
blue_plus_10,2026-09-15,結ステーション,kajiso_libre,16:00:00,False,False,False,False,
blue_plus_10,2026-09-15,結ステーション,kajiso_vio,08:00:00,True,True,False,False,10.0
blue_plus_10,2026-09-15,結ステーション,kajiso_vio,08:30:00,True,True,True,False,10.0
blue_plus_10,2026-09-15,結ステーション,kajiso_vio,09:00:00,True,True,True,True,10.0
blue_plus_10,2026-09-15,結ステーション,kajiso_vio,09:30:00,True,True,True,True,10.0
blue_plus_10,2026-09-15,結ステーション,kajiso_vio,10:00:00,True,True,True,True,10.0
blue_plus_10,2026-09-15,結ステーション,kajiso_vio,10:30:00,True,True,False,False,10.0
blue_plus_10,2026-09-15,結ステーション,kajiso_vio,11:00:00,True,True,True,True,10.0
blue_plus_10,2026-09-15,結ステーション,kajiso_vio,11:30:00,True,True,True,True,10.0
blue_plus_10,2026-09-15,結ステーション,kajiso_vio,12:00:00,True,True,False,False,10.0
blue_plus_10,2026-09-15,結ステーション,kajiso_vio,12:30:00,True,True,False,False,10.0
blue_plus_10,2026-09-15,結ステーション,kajiso_vio,13:00:00,True,True,True,False,10.0
blue_plus_10,2026-09-15,結ステーション,kajiso_vio,13:30:00,True,True,True,True,10.0
blue_plus_10,2026-09-15,結ステーション,kajiso_vio,14:00:00,False,False,False,False,
blue_plus_10,2026-09-15,結ステーション,kajiso_vio,14:30:00,False,False,False,False,
blue_plus_10,2026-09-15,結ステーション,kajiso_vio,15:00:00,False,False,False,False,
blue_plus_10,2026-09-15,結ステーション,kajiso_vio,15:30:00,False,False,False,False,
blue_plus_10,2026-09-15,結ステーション,kajiso_vio,16:00:00,False,False,False,False,
blue_plus_10,2026-09-15,下庄小学校,kajiso_libre,08:00:00,True,True,False,False,10.0
blue_plus_10,2026-09-15,下庄小学校,kajiso_libre,08:30:00,True,True,False,False,10.0
blue_plus_10,2026-09-15,下庄小学校,kajiso_libre,09:00:00,True,True,False,False,10.0
blue_plus_10,2026-09-15,下庄小学校,kajiso_libre,09:30:00,True,True,False,False,10.0
blue_plus_10,2026-09-15,下庄小学校,kajiso_libre,10:00:00,True,True,False,False,10.0
blue_plus_10,2026-09-15,下庄小学校,kajiso_libre,10:30:00,True,True,False,False,10.0
blue_plus_10,2026-09-15,下庄小学校,kajiso_libre,11:00:00,True,True,False,False,10.0
blue_plus_10,2026-09-15,下庄小学校,kajiso_libre,11:30:00,True,True,False,False,10.0
blue_plus_10,2026-09-15,下庄小学校,kajiso_libre,12:00:00,True,True,False,False,10.0
blue_plus_10,2026-09-15,下庄小学校,kajiso_libre,12:30:00,True,True,False,False,10.0
blue_plus_10,2026-09-15,下庄小学校,kajiso_libre,13:00:00,True,True,False,False,10.0
blue_plus_10,2026-09-15,下庄小学校,kajiso_libre,13:30:00,False,False,False,False,
blue_plus_10,2026-09-15,下庄小学校,kajiso_libre,14:00:00,False,False,False,False,
blue_plus_10,2026-09-15,下庄小学校,kajiso_libre,14:30:00,False,False,False,False,
blue_plus_10,2026-09-15,下庄小学校,kajiso_libre,15:00:00,False,False,False,False,
blue_plus_10,2026-09-15,下庄小学校,kajiso_libre,15:30:00,False,False,False,False,
blue_plus_10,2026-09-15,下庄小学校,kajiso_libre,16:00:00,False,False,False,False,
blue_plus_10,2026-09-15,下庄小学校,kajiso_vio,08:00:00,True,True,False,False,10.0
blue_plus_10,2026-09-15,下庄小学校,kajiso_vio,08:30:00,True,True,False,False,10.0
blue_plus_10,2026-09-15,下庄小学校,kajiso_vio,09:00:00,True,True,False,False,10.0
blue_plus_10,2026-09-15,下庄小学校,kajiso_vio,09:30:00,True,True,False,False,10.0
blue_plus_10,2026-09-15,下庄小学校,kajiso_vio,10:00:00,True,True,False,False,10.0
blue_plus_10,2026-09-15,下庄小学校,kajiso_vio,10:30:00,True,True,False,False,10.0
blue_plus_10,2026-09-15,下庄小学校,kajiso_vio,11:00:00,True,True,False,False,10.0
blue_plus_10,2026-09-15,下庄小学校,kajiso_vio,11:30:00,True,True,False,False,10.0
blue_plus_10,2026-09-15,下庄小学校,kajiso_vio,12:00:00,True,True,False,False,10.0
blue_plus_10,2026-09-15,下庄小学校,kajiso_vio,12:30:00,True,True,False,False,10.0
blue_plus_10,2026-09-15,下庄小学校,kajiso_vio,13:00:00,True,True,False,False,10.0
blue_plus_10,2026-09-15,下庄小学校,kajiso_vio,13:30:00,False,False,False,False,
blue_plus_10,2026-09-15,下庄小学校,kajiso_vio,14:00:00,False,False,False,False,
blue_plus_10,2026-09-15,下庄小学校,kajiso_vio,14:30:00,False,False,False,False,
blue_plus_10,2026-09-15,下庄小学校,kajiso_vio,15:00:00,False,False,False,False,
blue_plus_10,2026-09-15,下庄小学校,kajiso_vio,15:30:00,False,False,False,False,
blue_plus_10,2026-09-15,下庄小学校,kajiso_vio,16:00:00,False,False,False,False,
blue_plus_10,2026-09-15,青少年教育センター,kajiso_libre,08:00:00,True,True,False,False,10.0
blue_plus_10,2026-09-15,青少年教育センター,kajiso_libre,08:30:00,True,True,False,False,10.0
blue_plus_10,2026-09-15,青少年教育センター,kajiso_libre,09:00:00,True,True,True,False,10.0
blue_plus_10,2026-09-15,青少年教育センター,kajiso_libre,09:30:00,True,True,True,True,10.0
blue_plus_10,2026-09-15,青少年教育センター,kajiso_libre,10:00:00,True,True,False,False,10.0
blue_plus_10,2026-09-15,青少年教育センター,kajiso_libre,10:30:00,True,True,False,False,10.0
blue_plus_10,2026-09-15,青少年教育センター,kajiso_libre,11:00:00,True,True,False,False,10.0
blue_plus_10,2026-09-15,青少年教育センター,kajiso_libre,11:30:00,True,True,False,False,10.0
blue_plus_10,2026-09-15,青少年教育センター,kajiso_libre,12:00:00,True,True,False,False,10.0
blue_plus_10,2026-09-15,青少年教育センター,kajiso_libre,12:30:00,True,True,False,False,10.0
blue_plus_10,2026-09-15,青少年教育センター,kajiso_libre,13:00:00,True,True,False,False,10.0
blue_plus_10,2026-09-15,青少年教育センター,kajiso_libre,13:30:00,False,False,False,False,
blue_plus_10,2026-09-15,青少年教育センター,kajiso_libre,14:00:00,False,False,False,False,
blue_plus_10,2026-09-15,青少年教育センター,kajiso_libre,14:30:00,False,False,False,False,
blue_plus_10,2026-09-15,青少年教育センター,kajiso_libre,15:00:00,False,False,False,False,
blue_plus_10,2026-09-15,青少年教育センター,kajiso_libre,15:30:00,False,False,False,False,
blue_plus_10,2026-09-15,青少年教育センター,kajiso_libre,16:00:00,False,False,False,False,
blue_plus_10,2026-09-15,青少年教育センター,kajiso_vio,08:00:00,True,True,False,False,10.0
blue_plus_10,2026-09-15,青少年教育センター,kajiso_vio,08:30:00,True,True,False,False,10.0
blue_plus_10,2026-09-15,青少年教育センター,kajiso_vio,09:00:00,True,True,True,False,10.0
blue_plus_10,2026-09-15,青少年教育センター,kajiso_vio,09:30:00,True,True,True,True,10.0
blue_plus_10,2026-09-15,青少年教育センター,kajiso_vio,10:00:00,True,True,False,False,10.0
blue_plus_10,2026-09-15,青少年教育センター,kajiso_vio,10:30:00,True,True,False,False,10.0
blue_plus_10,2026-09-15,青少年教育センター,kajiso_vio,11:00:00,True,True,False,False,10.0
blue_plus_10,2026-09-15,青少年教育センター,kajiso_vio,11:30:00,True,True,False,False,10.0
blue_plus_10,2026-09-15,青少年教育センター,kajiso_vio,12:00:00,True,True,False,False,10.0
blue_plus_10,2026-09-15,青少年教育センター,kajiso_vio,12:30:00,True,True,False,False,10.0
blue_plus_10,2026-09-15,青少年教育センター,kajiso_vio,13:00:00,True,True,False,False,10.0
blue_plus_10,2026-09-15,青少年教育センター,kajiso_vio,13:30:00,False,False,False,False,
blue_plus_10,2026-09-15,青少年教育センター,kajiso_vio,14:00:00,False,False,False,False,
blue_plus_10,2026-09-15,青少年教育センター,kajiso_vio,14:30:00,False,False,False,False,
blue_plus_10,2026-09-15,青少年教育センター,kajiso_vio,15:00:00,False,False,False,False,
blue_plus_10,2026-09-15,青少年教育センター,kajiso_vio,15:30:00,False,False,False,False,
blue_plus_10,2026-09-15,青少年教育センター,kajiso_vio,16:00:00,False,False,False,False,
blue_plus_10,2026-09-15,陽明中学校口,kajiso_libre,08:00:00,True,True,False,False,10.0
blue_plus_10,2026-09-15,陽明中学校口,kajiso_libre,08:30:00,True,True,False,False,10.0
blue_plus_10,2026-09-15,陽明中学校口,kajiso_libre,09:00:00,True,True,True,False,10.0
blue_plus_10,2026-09-15,陽明中学校口,kajiso_libre,09:30:00,True,True,True,True,10.0
blue_plus_10,2026-09-15,陽明中学校口,kajiso_libre,10:00:00,True,True,False,False,10.0
blue_plus_10,2026-09-15,陽明中学校口,kajiso_libre,10:30:00,True,True,False,False,10.0
blue_plus_10,2026-09-15,陽明中学校口,kajiso_libre,11:00:00,True,True,True,False,10.0
blue_plus_10,2026-09-15,陽明中学校口,kajiso_libre,11:30:00,True,True,False,False,10.0
blue_plus_10,2026-09-15,陽明中学校口,kajiso_libre,12:00:00,True,True,False,False,10.0
blue_plus_10,2026-09-15,陽明中学校口,kajiso_libre,12:30:00,True,True,False,False,10.0
blue_plus_10,2026-09-15,陽明中学校口,kajiso_libre,13:00:00,True,True,False,False,10.0
blue_plus_10,2026-09-15,陽明中学校口,kajiso_libre,13:30:00,False,False,False,False,
blue_plus_10,2026-09-15,陽明中学校口,kajiso_libre,14:00:00,False,False,False,False,
blue_plus_10,2026-09-15,陽明中学校口,kajiso_libre,14:30:00,False,False,False,False,
blue_plus_10,2026-09-15,陽明中学校口,kajiso_libre,15:00:00,False,False,False,False,
blue_plus_10,2026-09-15,陽明中学校口,kajiso_libre,15:30:00,False,False,False,False,
blue_plus_10,2026-09-15,陽明中学校口,kajiso_libre,16:00:00,False,False,False,False,
blue_plus_10,2026-09-15,陽明中学校口,kajiso_vio,08:00:00,True,True,False,False,10.0
blue_plus_10,2026-09-15,陽明中学校口,kajiso_vio,08:30:00,True,True,False,False,10.0
blue_plus_10,2026-09-15,陽明中学校口,kajiso_vio,09:00:00,True,True,True,False,10.0
blue_plus_10,2026-09-15,陽明中学校口,kajiso_vio,09:30:00,True,True,True,True,10.0
blue_plus_10,2026-09-15,陽明中学校口,kajiso_vio,10:00:00,True,True,False,False,10.0
blue_plus_10,2026-09-15,陽明中学校口,kajiso_vio,10:30:00,True,True,False,False,10.0
blue_plus_10,2026-09-15,陽明中学校口,kajiso_vio,11:00:00,True,True,True,False,10.0
blue_plus_10,2026-09-15,陽明中学校口,kajiso_vio,11:30:00,True,True,False,False,10.0
blue_plus_10,2026-09-15,陽明中学校口,kajiso_vio,12:00:00,True,True,False,False,10.0
blue_plus_10,2026-09-15,陽明中学校口,kajiso_vio,12:30:00,True,True,False,False,10.0
blue_plus_10,2026-09-15,陽明中学校口,kajiso_vio,13:00:00,True,True,False,False,10.0
blue_plus_10,2026-09-15,陽明中学校口,kajiso_vio,13:30:00,False,False,False,False,
blue_plus_10,2026-09-15,陽明中学校口,kajiso_vio,14:00:00,False,False,False,False,
blue_plus_10,2026-09-15,陽明中学校口,kajiso_vio,14:30:00,False,False,False,False,
blue_plus_10,2026-09-15,陽明中学校口,kajiso_vio,15:00:00,False,False,False,False,
blue_plus_10,2026-09-15,陽明中学校口,kajiso_vio,15:30:00,False,False,False,False,
blue_plus_10,2026-09-15,陽明中学校口,kajiso_vio,16:00:00,False,False,False,False,
blue_plus_10,2026-09-15,さくら公園,kajiso_libre,08:00:00,True,True,False,False,10.0
blue_plus_10,2026-09-15,さくら公園,kajiso_libre,08:30:00,True,True,False,False,10.0
blue_plus_10,2026-09-15,さくら公園,kajiso_libre,09:00:00,True,True,True,False,10.0
blue_plus_10,2026-09-15,さくら公園,kajiso_libre,09:30:00,True,True,True,True,10.0
blue_plus_10,2026-09-15,さくら公園,kajiso_libre,10:00:00,True,True,False,False,10.0
blue_plus_10,2026-09-15,さくら公園,kajiso_libre,10:30:00,True,True,False,False,10.0
blue_plus_10,2026-09-15,さくら公園,kajiso_libre,11:00:00,True,True,True,False,10.0
blue_plus_10,2026-09-15,さくら公園,kajiso_libre,11:30:00,True,True,False,False,10.0
blue_plus_10,2026-09-15,さくら公園,kajiso_libre,12:00:00,True,True,False,False,10.0
blue_plus_10,2026-09-15,さくら公園,kajiso_libre,12:30:00,True,True,False,False,10.0
blue_plus_10,2026-09-15,さくら公園,kajiso_libre,13:00:00,True,True,False,False,10.0
blue_plus_10,2026-09-15,さくら公園,kajiso_libre,13:30:00,False,False,False,False,
blue_plus_10,2026-09-15,さくら公園,kajiso_libre,14:00:00,False,False,False,False,
blue_plus_10,2026-09-15,さくら公園,kajiso_libre,14:30:00,False,False,False,False,
blue_plus_10,2026-09-15,さくら公園,kajiso_libre,15:00:00,False,False,False,False,
blue_plus_10,2026-09-15,さくら公園,kajiso_libre,15:30:00,False,False,False,False,
blue_plus_10,2026-09-15,さくら公園,kajiso_libre,16:00:00,False,False,False,False,
blue_plus_10,2026-09-15,さくら公園,kajiso_vio,08:00:00,True,True,False,False,10.0
blue_plus_10,2026-09-15,さくら公園,kajiso_vio,08:30:00,True,True,False,False,10.0
blue_plus_10,2026-09-15,さくら公園,kajiso_vio,09:00:00,True,True,True,False,10.0
blue_plus_10,2026-09-15,さくら公園,kajiso_vio,09:30:00,True,True,True,True,10.0
blue_plus_10,2026-09-15,さくら公園,kajiso_vio,10:00:00,True,True,False,False,10.0
blue_plus_10,2026-09-15,さくら公園,kajiso_vio,10:30:00,True,True,False,False,10.0
blue_plus_10,2026-09-15,さくら公園,kajiso_vio,11:00:00,True,True,True,False,10.0
blue_plus_10,2026-09-15,さくら公園,kajiso_vio,11:30:00,True,True,False,False,10.0
blue_plus_10,2026-09-15,さくら公園,kajiso_vio,12:00:00,True,True,False,False,10.0
blue_plus_10,2026-09-15,さくら公園,kajiso_vio,12:30:00,True,True,False,False,10.0
blue_plus_10,2026-09-15,さくら公園,kajiso_vio,13:00:00,True,True,False,False,10.0
blue_plus_10,2026-09-15,さくら公園,kajiso_vio,13:30:00,False,False,False,False,
blue_plus_10,2026-09-15,さくら公園,kajiso_vio,14:00:00,False,False,False,False,
blue_plus_10,2026-09-15,さくら公園,kajiso_vio,14:30:00,False,False,False,False,
blue_plus_10,2026-09-15,さくら公園,kajiso_vio,15:00:00,False,False,False,False,
blue_plus_10,2026-09-15,さくら公園,kajiso_vio,15:30:00,False,False,False,False,
blue_plus_10,2026-09-15,さくら公園,kajiso_vio,16:00:00,False,False,False,False,
blue_plus_10,2026-09-15,わかくさ,kajiso_libre,08:00:00,True,True,False,False,0.0
blue_plus_10,2026-09-15,わかくさ,kajiso_libre,08:30:00,True,True,False,False,0.0
blue_plus_10,2026-09-15,わかくさ,kajiso_libre,09:00:00,True,True,True,True,0.0
blue_plus_10,2026-09-15,わかくさ,kajiso_libre,09:30:00,True,True,True,True,0.0
blue_plus_10,2026-09-15,わかくさ,kajiso_libre,10:00:00,True,True,False,True,-124.0
blue_plus_10,2026-09-15,わかくさ,kajiso_libre,10:30:00,True,True,False,False,0.0
blue_plus_10,2026-09-15,わかくさ,kajiso_libre,11:00:00,True,True,True,True,0.0
blue_plus_10,2026-09-15,わかくさ,kajiso_libre,11:30:00,True,True,True,True,0.0
blue_plus_10,2026-09-15,わかくさ,kajiso_libre,12:00:00,True,True,False,False,0.0
blue_plus_10,2026-09-15,わかくさ,kajiso_libre,12:30:00,True,True,False,False,0.0
blue_plus_10,2026-09-15,わかくさ,kajiso_libre,13:00:00,True,True,False,False,0.0
blue_plus_10,2026-09-15,わかくさ,kajiso_libre,13:30:00,True,True,True,True,0.0
blue_plus_10,2026-09-15,わかくさ,kajiso_libre,14:00:00,False,False,False,False,
blue_plus_10,2026-09-15,わかくさ,kajiso_libre,14:30:00,False,False,False,False,
blue_plus_10,2026-09-15,わかくさ,kajiso_libre,15:00:00,False,False,False,False,
blue_plus_10,2026-09-15,わかくさ,kajiso_libre,15:30:00,False,False,False,False,
blue_plus_10,2026-09-15,わかくさ,kajiso_libre,16:00:00,False,False,False,False,
blue_plus_10,2026-09-15,わかくさ,kajiso_vio,08:00:00,True,True,False,False,10.0
blue_plus_10,2026-09-15,わかくさ,kajiso_vio,08:30:00,True,True,False,False,10.0
blue_plus_10,2026-09-15,わかくさ,kajiso_vio,09:00:00,True,True,True,True,10.0
blue_plus_10,2026-09-15,わかくさ,kajiso_vio,09:30:00,True,True,True,True,10.0
blue_plus_10,2026-09-15,わかくさ,kajiso_vio,10:00:00,True,True,False,False,10.0
blue_plus_10,2026-09-15,わかくさ,kajiso_vio,10:30:00,True,True,False,False,10.0
blue_plus_10,2026-09-15,わかくさ,kajiso_vio,11:00:00,True,True,True,False,10.0
blue_plus_10,2026-09-15,わかくさ,kajiso_vio,11:30:00,True,True,False,False,10.0
blue_plus_10,2026-09-15,わかくさ,kajiso_vio,12:00:00,True,True,False,False,10.0
blue_plus_10,2026-09-15,わかくさ,kajiso_vio,12:30:00,True,True,False,False,10.0
blue_plus_10,2026-09-15,わかくさ,kajiso_vio,13:00:00,True,True,False,False,10.0
blue_plus_10,2026-09-15,わかくさ,kajiso_vio,13:30:00,False,False,False,False,
blue_plus_10,2026-09-15,わかくさ,kajiso_vio,14:00:00,False,False,False,False,
blue_plus_10,2026-09-15,わかくさ,kajiso_vio,14:30:00,False,False,False,False,
blue_plus_10,2026-09-15,わかくさ,kajiso_vio,15:00:00,False,False,False,False,
blue_plus_10,2026-09-15,わかくさ,kajiso_vio,15:30:00,False,False,False,False,
blue_plus_10,2026-09-15,わかくさ,kajiso_vio,16:00:00,False,False,False,False,
blue_plus_10,2026-09-15,篠座,kajiso_libre,08:00:00,True,True,False,False,0.0
blue_plus_10,2026-09-15,篠座,kajiso_libre,08:30:00,True,True,False,False,0.0
blue_plus_10,2026-09-15,篠座,kajiso_libre,09:00:00,True,True,False,False,0.0
blue_plus_10,2026-09-15,篠座,kajiso_libre,09:30:00,True,True,False,True,-127.0
blue_plus_10,2026-09-15,篠座,kajiso_libre,10:00:00,True,True,False,False,0.0
blue_plus_10,2026-09-15,篠座,kajiso_libre,10:30:00,True,True,False,False,0.0
blue_plus_10,2026-09-15,篠座,kajiso_libre,11:00:00,True,True,False,False,0.0
blue_plus_10,2026-09-15,篠座,kajiso_libre,11:30:00,True,True,False,False,0.0
blue_plus_10,2026-09-15,篠座,kajiso_libre,12:00:00,True,True,False,False,0.0
blue_plus_10,2026-09-15,篠座,kajiso_libre,12:30:00,True,True,False,False,0.0
blue_plus_10,2026-09-15,篠座,kajiso_libre,13:00:00,True,True,False,False,0.0
blue_plus_10,2026-09-15,篠座,kajiso_libre,13:30:00,False,False,False,False,
blue_plus_10,2026-09-15,篠座,kajiso_libre,14:00:00,False,False,False,False,
blue_plus_10,2026-09-15,篠座,kajiso_libre,14:30:00,False,False,False,False,
blue_plus_10,2026-09-15,篠座,kajiso_libre,15:00:00,False,False,False,False,
blue_plus_10,2026-09-15,篠座,kajiso_libre,15:30:00,False,False,False,False,
blue_plus_10,2026-09-15,篠座,kajiso_libre,16:00:00,False,False,False,False,
blue_plus_10,2026-09-15,篠座,kajiso_vio,08:00:00,True,True,False,False,0.0
blue_plus_10,2026-09-15,篠座,kajiso_vio,08:30:00,True,True,False,False,0.0
blue_plus_10,2026-09-15,篠座,kajiso_vio,09:00:00,True,True,False,False,0.0
blue_plus_10,2026-09-15,篠座,kajiso_vio,09:30:00,True,True,False,True,-127.0
blue_plus_10,2026-09-15,篠座,kajiso_vio,10:00:00,True,True,False,False,0.0
blue_plus_10,2026-09-15,篠座,kajiso_vio,10:30:00,True,True,False,False,0.0
blue_plus_10,2026-09-15,篠座,kajiso_vio,11:00:00,True,True,False,False,0.0
blue_plus_10,2026-09-15,篠座,kajiso_vio,11:30:00,True,True,False,False,0.0
blue_plus_10,2026-09-15,篠座,kajiso_vio,12:00:00,True,True,False,False,0.0
blue_plus_10,2026-09-15,篠座,kajiso_vio,12:30:00,True,True,False,False,0.0
blue_plus_10,2026-09-15,篠座,kajiso_vio,13:00:00,True,True,False,False,0.0
blue_plus_10,2026-09-15,篠座,kajiso_vio,13:30:00,False,False,False,False,
blue_plus_10,2026-09-15,篠座,kajiso_vio,14:00:00,False,False,False,False,
blue_plus_10,2026-09-15,篠座,kajiso_vio,14:30:00,False,False,False,False,
blue_plus_10,2026-09-15,篠座,kajiso_vio,15:00:00,False,False,False,False,
blue_plus_10,2026-09-15,篠座,kajiso_vio,15:30:00,False,False,False,False,
blue_plus_10,2026-09-15,篠座,kajiso_vio,16:00:00,False,False,False,False,
blue_plus_10,2026-09-15,いなほこども園,kajiso_libre,08:00:00,True,True,False,False,0.0
blue_plus_10,2026-09-15,いなほこども園,kajiso_libre,08:30:00,True,True,False,False,0.0
blue_plus_10,2026-09-15,いなほこども園,kajiso_libre,09:00:00,True,True,False,False,0.0
blue_plus_10,2026-09-15,いなほこども園,kajiso_libre,09:30:00,True,True,False,True,-127.0
blue_plus_10,2026-09-15,いなほこども園,kajiso_libre,10:00:00,True,True,False,False,0.0
blue_plus_10,2026-09-15,いなほこども園,kajiso_libre,10:30:00,True,True,False,False,0.0
blue_plus_10,2026-09-15,いなほこども園,kajiso_libre,11:00:00,True,True,False,False,0.0
blue_plus_10,2026-09-15,いなほこども園,kajiso_libre,11:30:00,True,True,False,False,0.0
blue_plus_10,2026-09-15,いなほこども園,kajiso_libre,12:00:00,True,True,False,False,0.0
blue_plus_10,2026-09-15,いなほこども園,kajiso_libre,12:30:00,True,True,False,False,0.0
blue_plus_10,2026-09-15,いなほこども園,kajiso_libre,13:00:00,True,True,False,False,0.0
blue_plus_10,2026-09-15,いなほこども園,kajiso_libre,13:30:00,False,False,False,False,
blue_plus_10,2026-09-15,いなほこども園,kajiso_libre,14:00:00,False,False,False,False,
blue_plus_10,2026-09-15,いなほこども園,kajiso_libre,14:30:00,False,False,False,False,
blue_plus_10,2026-09-15,いなほこども園,kajiso_libre,15:00:00,False,False,False,False,
blue_plus_10,2026-09-15,いなほこども園,kajiso_libre,15:30:00,False,False,False,False,
blue_plus_10,2026-09-15,いなほこども園,kajiso_libre,16:00:00,False,False,False,False,
blue_plus_10,2026-09-15,いなほこども園,kajiso_vio,08:00:00,True,True,False,False,0.0
blue_plus_10,2026-09-15,いなほこども園,kajiso_vio,08:30:00,True,True,False,False,0.0
blue_plus_10,2026-09-15,いなほこども園,kajiso_vio,09:00:00,True,True,False,False,0.0
blue_plus_10,2026-09-15,いなほこども園,kajiso_vio,09:30:00,True,True,False,True,-127.0
blue_plus_10,2026-09-15,いなほこども園,kajiso_vio,10:00:00,True,True,False,False,0.0
blue_plus_10,2026-09-15,いなほこども園,kajiso_vio,10:30:00,True,True,False,False,0.0
blue_plus_10,2026-09-15,いなほこども園,kajiso_vio,11:00:00,True,True,False,False,0.0
blue_plus_10,2026-09-15,いなほこども園,kajiso_vio,11:30:00,True,True,False,False,0.0
blue_plus_10,2026-09-15,いなほこども園,kajiso_vio,12:00:00,True,True,False,False,0.0
blue_plus_10,2026-09-15,いなほこども園,kajiso_vio,12:30:00,True,True,False,False,0.0
blue_plus_10,2026-09-15,いなほこども園,kajiso_vio,13:00:00,True,True,False,False,0.0
blue_plus_10,2026-09-15,いなほこども園,kajiso_vio,13:30:00,False,False,False,False,
blue_plus_10,2026-09-15,いなほこども園,kajiso_vio,14:00:00,False,False,False,False,
blue_plus_10,2026-09-15,いなほこども園,kajiso_vio,14:30:00,False,False,False,False,
blue_plus_10,2026-09-15,いなほこども園,kajiso_vio,15:00:00,False,False,False,False,
blue_plus_10,2026-09-15,いなほこども園,kajiso_vio,15:30:00,False,False,False,False,
blue_plus_10,2026-09-15,いなほこども園,kajiso_vio,16:00:00,False,False,False,False,
blue_plus_10,2026-09-15,童子丸郵便局口,kajiso_libre,08:00:00,True,True,False,False,0.0
blue_plus_10,2026-09-15,童子丸郵便局口,kajiso_libre,08:30:00,True,True,False,False,0.0
blue_plus_10,2026-09-15,童子丸郵便局口,kajiso_libre,09:00:00,True,True,False,False,0.0
blue_plus_10,2026-09-15,童子丸郵便局口,kajiso_libre,09:30:00,True,True,False,False,0.0
blue_plus_10,2026-09-15,童子丸郵便局口,kajiso_libre,10:00:00,True,True,False,False,0.0
blue_plus_10,2026-09-15,童子丸郵便局口,kajiso_libre,10:30:00,True,True,False,False,0.0
blue_plus_10,2026-09-15,童子丸郵便局口,kajiso_libre,11:00:00,True,True,False,False,-139.0
blue_plus_10,2026-09-15,童子丸郵便局口,kajiso_libre,11:30:00,True,True,False,False,0.0
blue_plus_10,2026-09-15,童子丸郵便局口,kajiso_libre,12:00:00,True,True,False,False,0.0
blue_plus_10,2026-09-15,童子丸郵便局口,kajiso_libre,12:30:00,True,True,False,False,0.0
blue_plus_10,2026-09-15,童子丸郵便局口,kajiso_libre,13:00:00,False,True,False,False,
blue_plus_10,2026-09-15,童子丸郵便局口,kajiso_libre,13:30:00,False,False,False,False,
blue_plus_10,2026-09-15,童子丸郵便局口,kajiso_libre,14:00:00,False,False,False,False,
blue_plus_10,2026-09-15,童子丸郵便局口,kajiso_libre,14:30:00,False,False,False,False,
blue_plus_10,2026-09-15,童子丸郵便局口,kajiso_libre,15:00:00,False,False,False,False,
blue_plus_10,2026-09-15,童子丸郵便局口,kajiso_libre,15:30:00,False,False,False,False,
blue_plus_10,2026-09-15,童子丸郵便局口,kajiso_libre,16:00:00,False,False,False,False,
blue_plus_10,2026-09-15,童子丸郵便局口,kajiso_vio,08:00:00,True,True,False,False,0.0
blue_plus_10,2026-09-15,童子丸郵便局口,kajiso_vio,08:30:00,True,True,False,False,0.0
blue_plus_10,2026-09-15,童子丸郵便局口,kajiso_vio,09:00:00,True,True,False,False,0.0
blue_plus_10,2026-09-15,童子丸郵便局口,kajiso_vio,09:30:00,True,True,False,False,0.0
blue_plus_10,2026-09-15,童子丸郵便局口,kajiso_vio,10:00:00,True,True,False,False,0.0
blue_plus_10,2026-09-15,童子丸郵便局口,kajiso_vio,10:30:00,True,True,False,False,0.0
blue_plus_10,2026-09-15,童子丸郵便局口,kajiso_vio,11:00:00,True,True,False,False,-139.0
blue_plus_10,2026-09-15,童子丸郵便局口,kajiso_vio,11:30:00,True,True,False,False,0.0
blue_plus_10,2026-09-15,童子丸郵便局口,kajiso_vio,12:00:00,True,True,False,False,0.0
blue_plus_10,2026-09-15,童子丸郵便局口,kajiso_vio,12:30:00,True,True,False,False,0.0
blue_plus_10,2026-09-15,童子丸郵便局口,kajiso_vio,13:00:00,False,True,False,False,
blue_plus_10,2026-09-15,童子丸郵便局口,kajiso_vio,13:30:00,False,False,False,False,
blue_plus_10,2026-09-15,童子丸郵便局口,kajiso_vio,14:00:00,False,False,False,False,
blue_plus_10,2026-09-15,童子丸郵便局口,kajiso_vio,14:30:00,False,False,False,False,
blue_plus_10,2026-09-15,童子丸郵便局口,kajiso_vio,15:00:00,False,False,False,False,
blue_plus_10,2026-09-15,童子丸郵便局口,kajiso_vio,15:30:00,False,False,False,False,
blue_plus_10,2026-09-15,童子丸郵便局口,kajiso_vio,16:00:00,False,False,False,False,
blue_plus_10,2026-09-19,越前大野駅,kajiso_libre,08:00:00,True,True,False,False,10.0
blue_plus_10,2026-09-19,越前大野駅,kajiso_libre,08:30:00,True,True,False,False,10.0
blue_plus_10,2026-09-19,越前大野駅,kajiso_libre,09:00:00,True,True,False,False,10.0
blue_plus_10,2026-09-19,越前大野駅,kajiso_libre,09:30:00,True,True,False,False,0.0
blue_plus_10,2026-09-19,越前大野駅,kajiso_libre,10:00:00,True,True,False,False,0.0
blue_plus_10,2026-09-19,越前大野駅,kajiso_libre,10:30:00,True,True,False,False,0.0
blue_plus_10,2026-09-19,越前大野駅,kajiso_libre,11:00:00,True,True,True,True,0.0
blue_plus_10,2026-09-19,越前大野駅,kajiso_libre,11:30:00,True,True,True,True,0.0
blue_plus_10,2026-09-19,越前大野駅,kajiso_libre,12:00:00,True,True,False,False,10.0
blue_plus_10,2026-09-19,越前大野駅,kajiso_libre,12:30:00,True,True,False,False,10.0
blue_plus_10,2026-09-19,越前大野駅,kajiso_libre,13:00:00,True,True,False,False,10.0
blue_plus_10,2026-09-19,越前大野駅,kajiso_libre,13:30:00,False,False,False,False,
blue_plus_10,2026-09-19,越前大野駅,kajiso_libre,14:00:00,False,False,False,False,
blue_plus_10,2026-09-19,越前大野駅,kajiso_libre,14:30:00,False,False,False,False,
blue_plus_10,2026-09-19,越前大野駅,kajiso_libre,15:00:00,False,False,False,False,
blue_plus_10,2026-09-19,越前大野駅,kajiso_libre,15:30:00,False,False,False,False,
blue_plus_10,2026-09-19,越前大野駅,kajiso_libre,16:00:00,False,False,False,False,
blue_plus_10,2026-09-19,越前大野駅,kajiso_vio,08:00:00,True,True,False,False,10.0
blue_plus_10,2026-09-19,越前大野駅,kajiso_vio,08:30:00,True,True,False,False,10.0
blue_plus_10,2026-09-19,越前大野駅,kajiso_vio,09:00:00,True,True,True,True,10.0
blue_plus_10,2026-09-19,越前大野駅,kajiso_vio,09:30:00,True,True,True,True,10.0
blue_plus_10,2026-09-19,越前大野駅,kajiso_vio,10:00:00,True,True,False,False,0.0
blue_plus_10,2026-09-19,越前大野駅,kajiso_vio,10:30:00,True,True,False,False,0.0
blue_plus_10,2026-09-19,越前大野駅,kajiso_vio,11:00:00,True,True,False,False,-95.0
blue_plus_10,2026-09-19,越前大野駅,kajiso_vio,11:30:00,True,True,False,False,10.0
blue_plus_10,2026-09-19,越前大野駅,kajiso_vio,12:00:00,True,True,False,False,10.0
blue_plus_10,2026-09-19,越前大野駅,kajiso_vio,12:30:00,True,True,False,False,10.0
blue_plus_10,2026-09-19,越前大野駅,kajiso_vio,13:00:00,True,True,False,False,10.0
blue_plus_10,2026-09-19,越前大野駅,kajiso_vio,13:30:00,True,True,True,True,10.0
blue_plus_10,2026-09-19,越前大野駅,kajiso_vio,14:00:00,False,False,False,False,
blue_plus_10,2026-09-19,越前大野駅,kajiso_vio,14:30:00,False,False,False,False,
blue_plus_10,2026-09-19,越前大野駅,kajiso_vio,15:00:00,False,False,False,False,
blue_plus_10,2026-09-19,越前大野駅,kajiso_vio,15:30:00,False,False,False,False,
blue_plus_10,2026-09-19,越前大野駅,kajiso_vio,16:00:00,False,False,False,False,
blue_plus_10,2026-09-19,結ステーション,kajiso_libre,08:00:00,True,True,False,False,10.0
blue_plus_10,2026-09-19,結ステーション,kajiso_libre,08:30:00,True,True,False,False,10.0
blue_plus_10,2026-09-19,結ステーション,kajiso_libre,09:00:00,True,True,False,False,10.0
blue_plus_10,2026-09-19,結ステーション,kajiso_libre,09:30:00,True,True,False,False,0.0
blue_plus_10,2026-09-19,結ステーション,kajiso_libre,10:00:00,True,True,False,False,0.0
blue_plus_10,2026-09-19,結ステーション,kajiso_libre,10:30:00,True,True,False,False,0.0
blue_plus_10,2026-09-19,結ステーション,kajiso_libre,11:00:00,True,True,True,True,0.0
blue_plus_10,2026-09-19,結ステーション,kajiso_libre,11:30:00,True,True,False,True,-153.0
blue_plus_10,2026-09-19,結ステーション,kajiso_libre,12:00:00,True,True,False,False,10.0
blue_plus_10,2026-09-19,結ステーション,kajiso_libre,12:30:00,True,True,False,False,10.0
blue_plus_10,2026-09-19,結ステーション,kajiso_libre,13:00:00,True,True,False,False,10.0
blue_plus_10,2026-09-19,結ステーション,kajiso_libre,13:30:00,False,False,False,False,
blue_plus_10,2026-09-19,結ステーション,kajiso_libre,14:00:00,False,False,False,False,
blue_plus_10,2026-09-19,結ステーション,kajiso_libre,14:30:00,False,False,False,False,
blue_plus_10,2026-09-19,結ステーション,kajiso_libre,15:00:00,False,False,False,False,
blue_plus_10,2026-09-19,結ステーション,kajiso_libre,15:30:00,False,False,False,False,
blue_plus_10,2026-09-19,結ステーション,kajiso_libre,16:00:00,False,False,False,False,
blue_plus_10,2026-09-19,結ステーション,kajiso_vio,08:00:00,True,True,False,False,10.0
blue_plus_10,2026-09-19,結ステーション,kajiso_vio,08:30:00,True,True,True,False,10.0
blue_plus_10,2026-09-19,結ステーション,kajiso_vio,09:00:00,True,True,True,True,10.0
blue_plus_10,2026-09-19,結ステーション,kajiso_vio,09:30:00,True,True,True,True,10.0
blue_plus_10,2026-09-19,結ステーション,kajiso_vio,10:00:00,True,True,True,True,10.0
blue_plus_10,2026-09-19,結ステーション,kajiso_vio,10:30:00,True,True,False,False,10.0
blue_plus_10,2026-09-19,結ステーション,kajiso_vio,11:00:00,True,True,False,False,10.0
blue_plus_10,2026-09-19,結ステーション,kajiso_vio,11:30:00,True,True,False,False,10.0
blue_plus_10,2026-09-19,結ステーション,kajiso_vio,12:00:00,True,True,False,False,10.0
blue_plus_10,2026-09-19,結ステーション,kajiso_vio,12:30:00,True,True,False,False,10.0
blue_plus_10,2026-09-19,結ステーション,kajiso_vio,13:00:00,True,True,True,False,10.0
blue_plus_10,2026-09-19,結ステーション,kajiso_vio,13:30:00,True,True,True,True,10.0
blue_plus_10,2026-09-19,結ステーション,kajiso_vio,14:00:00,False,False,False,False,
blue_plus_10,2026-09-19,結ステーション,kajiso_vio,14:30:00,False,False,False,False,
blue_plus_10,2026-09-19,結ステーション,kajiso_vio,15:00:00,False,False,False,False,
blue_plus_10,2026-09-19,結ステーション,kajiso_vio,15:30:00,False,False,False,False,
blue_plus_10,2026-09-19,結ステーション,kajiso_vio,16:00:00,False,False,False,False,
blue_plus_10,2026-09-19,下庄小学校,kajiso_libre,08:00:00,True,True,False,False,10.0
blue_plus_10,2026-09-19,下庄小学校,kajiso_libre,08:30:00,True,True,False,False,10.0
blue_plus_10,2026-09-19,下庄小学校,kajiso_libre,09:00:00,True,True,False,False,10.0
blue_plus_10,2026-09-19,下庄小学校,kajiso_libre,09:30:00,True,True,False,False,10.0
blue_plus_10,2026-09-19,下庄小学校,kajiso_libre,10:00:00,True,True,False,False,10.0
blue_plus_10,2026-09-19,下庄小学校,kajiso_libre,10:30:00,True,True,False,False,10.0
blue_plus_10,2026-09-19,下庄小学校,kajiso_libre,11:00:00,True,True,False,False,10.0
blue_plus_10,2026-09-19,下庄小学校,kajiso_libre,11:30:00,True,True,False,False,10.0
blue_plus_10,2026-09-19,下庄小学校,kajiso_libre,12:00:00,True,True,False,False,10.0
blue_plus_10,2026-09-19,下庄小学校,kajiso_libre,12:30:00,True,True,False,False,10.0
blue_plus_10,2026-09-19,下庄小学校,kajiso_libre,13:00:00,True,True,False,False,10.0
blue_plus_10,2026-09-19,下庄小学校,kajiso_libre,13:30:00,False,False,False,False,
blue_plus_10,2026-09-19,下庄小学校,kajiso_libre,14:00:00,False,False,False,False,
blue_plus_10,2026-09-19,下庄小学校,kajiso_libre,14:30:00,False,False,False,False,
blue_plus_10,2026-09-19,下庄小学校,kajiso_libre,15:00:00,False,False,False,False,
blue_plus_10,2026-09-19,下庄小学校,kajiso_libre,15:30:00,False,False,False,False,
blue_plus_10,2026-09-19,下庄小学校,kajiso_libre,16:00:00,False,False,False,False,
blue_plus_10,2026-09-19,下庄小学校,kajiso_vio,08:00:00,True,True,False,False,10.0
blue_plus_10,2026-09-19,下庄小学校,kajiso_vio,08:30:00,True,True,False,False,10.0
blue_plus_10,2026-09-19,下庄小学校,kajiso_vio,09:00:00,True,True,False,False,10.0
blue_plus_10,2026-09-19,下庄小学校,kajiso_vio,09:30:00,True,True,False,False,10.0
blue_plus_10,2026-09-19,下庄小学校,kajiso_vio,10:00:00,True,True,False,False,10.0
blue_plus_10,2026-09-19,下庄小学校,kajiso_vio,10:30:00,True,True,False,False,10.0
blue_plus_10,2026-09-19,下庄小学校,kajiso_vio,11:00:00,True,True,False,False,10.0
blue_plus_10,2026-09-19,下庄小学校,kajiso_vio,11:30:00,True,True,False,False,10.0
blue_plus_10,2026-09-19,下庄小学校,kajiso_vio,12:00:00,True,True,False,False,10.0
blue_plus_10,2026-09-19,下庄小学校,kajiso_vio,12:30:00,True,True,False,False,10.0
blue_plus_10,2026-09-19,下庄小学校,kajiso_vio,13:00:00,True,True,False,False,10.0
blue_plus_10,2026-09-19,下庄小学校,kajiso_vio,13:30:00,False,False,False,False,
blue_plus_10,2026-09-19,下庄小学校,kajiso_vio,14:00:00,False,False,False,False,
blue_plus_10,2026-09-19,下庄小学校,kajiso_vio,14:30:00,False,False,False,False,
blue_plus_10,2026-09-19,下庄小学校,kajiso_vio,15:00:00,False,False,False,False,
blue_plus_10,2026-09-19,下庄小学校,kajiso_vio,15:30:00,False,False,False,False,
blue_plus_10,2026-09-19,下庄小学校,kajiso_vio,16:00:00,False,False,False,False,
blue_plus_10,2026-09-19,青少年教育センター,kajiso_libre,08:00:00,True,True,False,False,10.0
blue_plus_10,2026-09-19,青少年教育センター,kajiso_libre,08:30:00,True,True,False,False,10.0
blue_plus_10,2026-09-19,青少年教育センター,kajiso_libre,09:00:00,True,True,True,False,10.0
blue_plus_10,2026-09-19,青少年教育センター,kajiso_libre,09:30:00,True,True,True,True,10.0
blue_plus_10,2026-09-19,青少年教育センター,kajiso_libre,10:00:00,True,True,False,False,10.0
blue_plus_10,2026-09-19,青少年教育センター,kajiso_libre,10:30:00,True,True,False,False,10.0
blue_plus_10,2026-09-19,青少年教育センター,kajiso_libre,11:00:00,True,True,False,False,10.0
blue_plus_10,2026-09-19,青少年教育センター,kajiso_libre,11:30:00,True,True,False,False,10.0
blue_plus_10,2026-09-19,青少年教育センター,kajiso_libre,12:00:00,True,True,False,False,10.0
blue_plus_10,2026-09-19,青少年教育センター,kajiso_libre,12:30:00,True,True,False,False,10.0
blue_plus_10,2026-09-19,青少年教育センター,kajiso_libre,13:00:00,True,True,False,False,10.0
blue_plus_10,2026-09-19,青少年教育センター,kajiso_libre,13:30:00,False,False,False,False,
blue_plus_10,2026-09-19,青少年教育センター,kajiso_libre,14:00:00,False,False,False,False,
blue_plus_10,2026-09-19,青少年教育センター,kajiso_libre,14:30:00,False,False,False,False,
blue_plus_10,2026-09-19,青少年教育センター,kajiso_libre,15:00:00,False,False,False,False,
blue_plus_10,2026-09-19,青少年教育センター,kajiso_libre,15:30:00,False,False,False,False,
blue_plus_10,2026-09-19,青少年教育センター,kajiso_libre,16:00:00,False,False,False,False,
blue_plus_10,2026-09-19,青少年教育センター,kajiso_vio,08:00:00,True,True,False,False,10.0
blue_plus_10,2026-09-19,青少年教育センター,kajiso_vio,08:30:00,True,True,False,False,10.0
blue_plus_10,2026-09-19,青少年教育センター,kajiso_vio,09:00:00,True,True,True,False,10.0
blue_plus_10,2026-09-19,青少年教育センター,kajiso_vio,09:30:00,True,True,True,True,10.0
blue_plus_10,2026-09-19,青少年教育センター,kajiso_vio,10:00:00,True,True,False,False,10.0
blue_plus_10,2026-09-19,青少年教育センター,kajiso_vio,10:30:00,True,True,False,False,10.0
blue_plus_10,2026-09-19,青少年教育センター,kajiso_vio,11:00:00,True,True,False,False,10.0
blue_plus_10,2026-09-19,青少年教育センター,kajiso_vio,11:30:00,True,True,False,False,10.0
blue_plus_10,2026-09-19,青少年教育センター,kajiso_vio,12:00:00,True,True,False,False,10.0
blue_plus_10,2026-09-19,青少年教育センター,kajiso_vio,12:30:00,True,True,False,False,10.0
blue_plus_10,2026-09-19,青少年教育センター,kajiso_vio,13:00:00,True,True,False,False,10.0
blue_plus_10,2026-09-19,青少年教育センター,kajiso_vio,13:30:00,False,False,False,False,
blue_plus_10,2026-09-19,青少年教育センター,kajiso_vio,14:00:00,False,False,False,False,
blue_plus_10,2026-09-19,青少年教育センター,kajiso_vio,14:30:00,False,False,False,False,
blue_plus_10,2026-09-19,青少年教育センター,kajiso_vio,15:00:00,False,False,False,False,
blue_plus_10,2026-09-19,青少年教育センター,kajiso_vio,15:30:00,False,False,False,False,
blue_plus_10,2026-09-19,青少年教育センター,kajiso_vio,16:00:00,False,False,False,False,
blue_plus_10,2026-09-19,陽明中学校口,kajiso_libre,08:00:00,True,True,False,False,10.0
blue_plus_10,2026-09-19,陽明中学校口,kajiso_libre,08:30:00,True,True,False,False,10.0
blue_plus_10,2026-09-19,陽明中学校口,kajiso_libre,09:00:00,True,True,True,False,10.0
blue_plus_10,2026-09-19,陽明中学校口,kajiso_libre,09:30:00,True,True,True,True,10.0
blue_plus_10,2026-09-19,陽明中学校口,kajiso_libre,10:00:00,True,True,False,False,10.0
blue_plus_10,2026-09-19,陽明中学校口,kajiso_libre,10:30:00,True,True,False,False,10.0
blue_plus_10,2026-09-19,陽明中学校口,kajiso_libre,11:00:00,True,True,False,False,10.0
blue_plus_10,2026-09-19,陽明中学校口,kajiso_libre,11:30:00,True,True,False,False,10.0
blue_plus_10,2026-09-19,陽明中学校口,kajiso_libre,12:00:00,True,True,False,False,10.0
blue_plus_10,2026-09-19,陽明中学校口,kajiso_libre,12:30:00,True,True,False,False,10.0
blue_plus_10,2026-09-19,陽明中学校口,kajiso_libre,13:00:00,True,True,False,False,10.0
blue_plus_10,2026-09-19,陽明中学校口,kajiso_libre,13:30:00,False,False,False,False,
blue_plus_10,2026-09-19,陽明中学校口,kajiso_libre,14:00:00,False,False,False,False,
blue_plus_10,2026-09-19,陽明中学校口,kajiso_libre,14:30:00,False,False,False,False,
blue_plus_10,2026-09-19,陽明中学校口,kajiso_libre,15:00:00,False,False,False,False,
blue_plus_10,2026-09-19,陽明中学校口,kajiso_libre,15:30:00,False,False,False,False,
blue_plus_10,2026-09-19,陽明中学校口,kajiso_libre,16:00:00,False,False,False,False,
blue_plus_10,2026-09-19,陽明中学校口,kajiso_vio,08:00:00,True,True,False,False,10.0
blue_plus_10,2026-09-19,陽明中学校口,kajiso_vio,08:30:00,True,True,False,False,10.0
blue_plus_10,2026-09-19,陽明中学校口,kajiso_vio,09:00:00,True,True,True,False,10.0
blue_plus_10,2026-09-19,陽明中学校口,kajiso_vio,09:30:00,True,True,True,True,10.0
blue_plus_10,2026-09-19,陽明中学校口,kajiso_vio,10:00:00,True,True,False,False,10.0
blue_plus_10,2026-09-19,陽明中学校口,kajiso_vio,10:30:00,True,True,False,False,10.0
blue_plus_10,2026-09-19,陽明中学校口,kajiso_vio,11:00:00,True,True,False,False,10.0
blue_plus_10,2026-09-19,陽明中学校口,kajiso_vio,11:30:00,True,True,False,False,10.0
blue_plus_10,2026-09-19,陽明中学校口,kajiso_vio,12:00:00,True,True,False,False,10.0
blue_plus_10,2026-09-19,陽明中学校口,kajiso_vio,12:30:00,True,True,False,False,10.0
blue_plus_10,2026-09-19,陽明中学校口,kajiso_vio,13:00:00,True,True,False,False,10.0
blue_plus_10,2026-09-19,陽明中学校口,kajiso_vio,13:30:00,False,False,False,False,
blue_plus_10,2026-09-19,陽明中学校口,kajiso_vio,14:00:00,False,False,False,False,
blue_plus_10,2026-09-19,陽明中学校口,kajiso_vio,14:30:00,False,False,False,False,
blue_plus_10,2026-09-19,陽明中学校口,kajiso_vio,15:00:00,False,False,False,False,
blue_plus_10,2026-09-19,陽明中学校口,kajiso_vio,15:30:00,False,False,False,False,
blue_plus_10,2026-09-19,陽明中学校口,kajiso_vio,16:00:00,False,False,False,False,
blue_plus_10,2026-09-19,さくら公園,kajiso_libre,08:00:00,True,True,False,False,10.0
blue_plus_10,2026-09-19,さくら公園,kajiso_libre,08:30:00,True,True,False,False,10.0
blue_plus_10,2026-09-19,さくら公園,kajiso_libre,09:00:00,True,True,True,False,10.0
blue_plus_10,2026-09-19,さくら公園,kajiso_libre,09:30:00,True,True,True,True,10.0
blue_plus_10,2026-09-19,さくら公園,kajiso_libre,10:00:00,True,True,False,False,10.0
blue_plus_10,2026-09-19,さくら公園,kajiso_libre,10:30:00,True,True,False,False,10.0
blue_plus_10,2026-09-19,さくら公園,kajiso_libre,11:00:00,True,True,False,False,10.0
blue_plus_10,2026-09-19,さくら公園,kajiso_libre,11:30:00,True,True,False,False,10.0
blue_plus_10,2026-09-19,さくら公園,kajiso_libre,12:00:00,True,True,False,False,10.0
blue_plus_10,2026-09-19,さくら公園,kajiso_libre,12:30:00,True,True,False,False,10.0
blue_plus_10,2026-09-19,さくら公園,kajiso_libre,13:00:00,True,True,False,False,10.0
blue_plus_10,2026-09-19,さくら公園,kajiso_libre,13:30:00,False,False,False,False,
blue_plus_10,2026-09-19,さくら公園,kajiso_libre,14:00:00,False,False,False,False,
blue_plus_10,2026-09-19,さくら公園,kajiso_libre,14:30:00,False,False,False,False,
blue_plus_10,2026-09-19,さくら公園,kajiso_libre,15:00:00,False,False,False,False,
blue_plus_10,2026-09-19,さくら公園,kajiso_libre,15:30:00,False,False,False,False,
blue_plus_10,2026-09-19,さくら公園,kajiso_libre,16:00:00,False,False,False,False,
blue_plus_10,2026-09-19,さくら公園,kajiso_vio,08:00:00,True,True,False,False,10.0
blue_plus_10,2026-09-19,さくら公園,kajiso_vio,08:30:00,True,True,False,False,10.0
blue_plus_10,2026-09-19,さくら公園,kajiso_vio,09:00:00,True,True,True,False,10.0
blue_plus_10,2026-09-19,さくら公園,kajiso_vio,09:30:00,True,True,True,True,10.0
blue_plus_10,2026-09-19,さくら公園,kajiso_vio,10:00:00,True,True,False,False,10.0
blue_plus_10,2026-09-19,さくら公園,kajiso_vio,10:30:00,True,True,False,False,10.0
blue_plus_10,2026-09-19,さくら公園,kajiso_vio,11:00:00,True,True,False,False,10.0
blue_plus_10,2026-09-19,さくら公園,kajiso_vio,11:30:00,True,True,False,False,10.0
blue_plus_10,2026-09-19,さくら公園,kajiso_vio,12:00:00,True,True,False,False,10.0
blue_plus_10,2026-09-19,さくら公園,kajiso_vio,12:30:00,True,True,False,False,10.0
blue_plus_10,2026-09-19,さくら公園,kajiso_vio,13:00:00,True,True,False,False,10.0
blue_plus_10,2026-09-19,さくら公園,kajiso_vio,13:30:00,False,False,False,False,
blue_plus_10,2026-09-19,さくら公園,kajiso_vio,14:00:00,False,False,False,False,
blue_plus_10,2026-09-19,さくら公園,kajiso_vio,14:30:00,False,False,False,False,
blue_plus_10,2026-09-19,さくら公園,kajiso_vio,15:00:00,False,False,False,False,
blue_plus_10,2026-09-19,さくら公園,kajiso_vio,15:30:00,False,False,False,False,
blue_plus_10,2026-09-19,さくら公園,kajiso_vio,16:00:00,False,False,False,False,
blue_plus_10,2026-09-19,わかくさ,kajiso_libre,08:00:00,True,True,False,False,0.0
blue_plus_10,2026-09-19,わかくさ,kajiso_libre,08:30:00,True,True,False,False,0.0
blue_plus_10,2026-09-19,わかくさ,kajiso_libre,09:00:00,True,True,False,False,0.0
blue_plus_10,2026-09-19,わかくさ,kajiso_libre,09:30:00,True,True,False,False,0.0
blue_plus_10,2026-09-19,わかくさ,kajiso_libre,10:00:00,True,True,False,False,0.0
blue_plus_10,2026-09-19,わかくさ,kajiso_libre,10:30:00,True,True,False,False,0.0
blue_plus_10,2026-09-19,わかくさ,kajiso_libre,11:00:00,True,True,True,True,0.0
blue_plus_10,2026-09-19,わかくさ,kajiso_libre,11:30:00,True,True,True,True,0.0
blue_plus_10,2026-09-19,わかくさ,kajiso_libre,12:00:00,False,False,False,False,
blue_plus_10,2026-09-19,わかくさ,kajiso_libre,12:30:00,False,False,False,False,
blue_plus_10,2026-09-19,わかくさ,kajiso_libre,13:00:00,False,False,False,False,
blue_plus_10,2026-09-19,わかくさ,kajiso_libre,13:30:00,False,False,False,False,
blue_plus_10,2026-09-19,わかくさ,kajiso_libre,14:00:00,False,False,False,False,
blue_plus_10,2026-09-19,わかくさ,kajiso_libre,14:30:00,False,False,False,False,
blue_plus_10,2026-09-19,わかくさ,kajiso_libre,15:00:00,False,False,False,False,
blue_plus_10,2026-09-19,わかくさ,kajiso_libre,15:30:00,False,False,False,False,
blue_plus_10,2026-09-19,わかくさ,kajiso_libre,16:00:00,False,False,False,False,
blue_plus_10,2026-09-19,わかくさ,kajiso_vio,08:00:00,True,True,False,False,10.0
blue_plus_10,2026-09-19,わかくさ,kajiso_vio,08:30:00,True,True,False,False,10.0
blue_plus_10,2026-09-19,わかくさ,kajiso_vio,09:00:00,True,True,True,True,10.0
blue_plus_10,2026-09-19,わかくさ,kajiso_vio,09:30:00,True,True,True,True,10.0
blue_plus_10,2026-09-19,わかくさ,kajiso_vio,10:00:00,True,True,False,False,10.0
blue_plus_10,2026-09-19,わかくさ,kajiso_vio,10:30:00,True,True,False,False,10.0
blue_plus_10,2026-09-19,わかくさ,kajiso_vio,11:00:00,True,True,False,False,10.0
blue_plus_10,2026-09-19,わかくさ,kajiso_vio,11:30:00,True,True,False,False,10.0
blue_plus_10,2026-09-19,わかくさ,kajiso_vio,12:00:00,True,True,False,False,10.0
blue_plus_10,2026-09-19,わかくさ,kajiso_vio,12:30:00,True,True,False,False,10.0
blue_plus_10,2026-09-19,わかくさ,kajiso_vio,13:00:00,True,True,False,False,10.0
blue_plus_10,2026-09-19,わかくさ,kajiso_vio,13:30:00,False,False,False,False,
blue_plus_10,2026-09-19,わかくさ,kajiso_vio,14:00:00,False,False,False,False,
blue_plus_10,2026-09-19,わかくさ,kajiso_vio,14:30:00,False,False,False,False,
blue_plus_10,2026-09-19,わかくさ,kajiso_vio,15:00:00,False,False,False,False,
blue_plus_10,2026-09-19,わかくさ,kajiso_vio,15:30:00,False,False,False,False,
blue_plus_10,2026-09-19,わかくさ,kajiso_vio,16:00:00,False,False,False,False,
blue_plus_10,2026-09-19,篠座,kajiso_libre,08:00:00,True,True,False,False,0.0
blue_plus_10,2026-09-19,篠座,kajiso_libre,08:30:00,True,True,False,False,0.0
blue_plus_10,2026-09-19,篠座,kajiso_libre,09:00:00,True,True,False,False,0.0
blue_plus_10,2026-09-19,篠座,kajiso_libre,09:30:00,True,True,False,False,0.0
blue_plus_10,2026-09-19,篠座,kajiso_libre,10:00:00,True,True,False,False,0.0
blue_plus_10,2026-09-19,篠座,kajiso_libre,10:30:00,True,True,False,False,0.0
blue_plus_10,2026-09-19,篠座,kajiso_libre,11:00:00,True,True,False,False,0.0
blue_plus_10,2026-09-19,篠座,kajiso_libre,11:30:00,False,False,False,False,
blue_plus_10,2026-09-19,篠座,kajiso_libre,12:00:00,False,False,False,False,
blue_plus_10,2026-09-19,篠座,kajiso_libre,12:30:00,False,False,False,False,
blue_plus_10,2026-09-19,篠座,kajiso_libre,13:00:00,False,False,False,False,
blue_plus_10,2026-09-19,篠座,kajiso_libre,13:30:00,False,False,False,False,
blue_plus_10,2026-09-19,篠座,kajiso_libre,14:00:00,False,False,False,False,
blue_plus_10,2026-09-19,篠座,kajiso_libre,14:30:00,False,False,False,False,
blue_plus_10,2026-09-19,篠座,kajiso_libre,15:00:00,False,False,False,False,
blue_plus_10,2026-09-19,篠座,kajiso_libre,15:30:00,False,False,False,False,
blue_plus_10,2026-09-19,篠座,kajiso_libre,16:00:00,False,False,False,False,
blue_plus_10,2026-09-19,篠座,kajiso_vio,08:00:00,True,True,False,False,0.0
blue_plus_10,2026-09-19,篠座,kajiso_vio,08:30:00,True,True,False,False,0.0
blue_plus_10,2026-09-19,篠座,kajiso_vio,09:00:00,True,True,False,False,0.0
blue_plus_10,2026-09-19,篠座,kajiso_vio,09:30:00,True,True,False,False,0.0
blue_plus_10,2026-09-19,篠座,kajiso_vio,10:00:00,True,True,False,False,0.0
blue_plus_10,2026-09-19,篠座,kajiso_vio,10:30:00,True,True,False,False,0.0
blue_plus_10,2026-09-19,篠座,kajiso_vio,11:00:00,True,True,False,False,0.0
blue_plus_10,2026-09-19,篠座,kajiso_vio,11:30:00,False,False,False,False,
blue_plus_10,2026-09-19,篠座,kajiso_vio,12:00:00,False,False,False,False,
blue_plus_10,2026-09-19,篠座,kajiso_vio,12:30:00,False,False,False,False,
blue_plus_10,2026-09-19,篠座,kajiso_vio,13:00:00,False,False,False,False,
blue_plus_10,2026-09-19,篠座,kajiso_vio,13:30:00,False,False,False,False,
blue_plus_10,2026-09-19,篠座,kajiso_vio,14:00:00,False,False,False,False,
blue_plus_10,2026-09-19,篠座,kajiso_vio,14:30:00,False,False,False,False,
blue_plus_10,2026-09-19,篠座,kajiso_vio,15:00:00,False,False,False,False,
blue_plus_10,2026-09-19,篠座,kajiso_vio,15:30:00,False,False,False,False,
blue_plus_10,2026-09-19,篠座,kajiso_vio,16:00:00,False,False,False,False,
blue_plus_10,2026-09-19,いなほこども園,kajiso_libre,08:00:00,True,True,False,False,0.0
blue_plus_10,2026-09-19,いなほこども園,kajiso_libre,08:30:00,True,True,False,False,0.0
blue_plus_10,2026-09-19,いなほこども園,kajiso_libre,09:00:00,True,True,False,False,0.0
blue_plus_10,2026-09-19,いなほこども園,kajiso_libre,09:30:00,True,True,False,False,0.0
blue_plus_10,2026-09-19,いなほこども園,kajiso_libre,10:00:00,True,True,False,False,0.0
blue_plus_10,2026-09-19,いなほこども園,kajiso_libre,10:30:00,True,True,False,False,0.0
blue_plus_10,2026-09-19,いなほこども園,kajiso_libre,11:00:00,True,True,False,False,0.0
blue_plus_10,2026-09-19,いなほこども園,kajiso_libre,11:30:00,False,False,False,False,
blue_plus_10,2026-09-19,いなほこども園,kajiso_libre,12:00:00,False,False,False,False,
blue_plus_10,2026-09-19,いなほこども園,kajiso_libre,12:30:00,False,False,False,False,
blue_plus_10,2026-09-19,いなほこども園,kajiso_libre,13:00:00,False,False,False,False,
blue_plus_10,2026-09-19,いなほこども園,kajiso_libre,13:30:00,False,False,False,False,
blue_plus_10,2026-09-19,いなほこども園,kajiso_libre,14:00:00,False,False,False,False,
blue_plus_10,2026-09-19,いなほこども園,kajiso_libre,14:30:00,False,False,False,False,
blue_plus_10,2026-09-19,いなほこども園,kajiso_libre,15:00:00,False,False,False,False,
blue_plus_10,2026-09-19,いなほこども園,kajiso_libre,15:30:00,False,False,False,False,
blue_plus_10,2026-09-19,いなほこども園,kajiso_libre,16:00:00,False,False,False,False,
blue_plus_10,2026-09-19,いなほこども園,kajiso_vio,08:00:00,True,True,False,False,0.0
blue_plus_10,2026-09-19,いなほこども園,kajiso_vio,08:30:00,True,True,False,False,0.0
blue_plus_10,2026-09-19,いなほこども園,kajiso_vio,09:00:00,True,True,False,False,0.0
blue_plus_10,2026-09-19,いなほこども園,kajiso_vio,09:30:00,True,True,False,False,0.0
blue_plus_10,2026-09-19,いなほこども園,kajiso_vio,10:00:00,True,True,False,False,0.0
blue_plus_10,2026-09-19,いなほこども園,kajiso_vio,10:30:00,True,True,False,False,0.0
blue_plus_10,2026-09-19,いなほこども園,kajiso_vio,11:00:00,True,True,False,False,0.0
blue_plus_10,2026-09-19,いなほこども園,kajiso_vio,11:30:00,False,False,False,False,
blue_plus_10,2026-09-19,いなほこども園,kajiso_vio,12:00:00,False,False,False,False,
blue_plus_10,2026-09-19,いなほこども園,kajiso_vio,12:30:00,False,False,False,False,
blue_plus_10,2026-09-19,いなほこども園,kajiso_vio,13:00:00,False,False,False,False,
blue_plus_10,2026-09-19,いなほこども園,kajiso_vio,13:30:00,False,False,False,False,
blue_plus_10,2026-09-19,いなほこども園,kajiso_vio,14:00:00,False,False,False,False,
blue_plus_10,2026-09-19,いなほこども園,kajiso_vio,14:30:00,False,False,False,False,
blue_plus_10,2026-09-19,いなほこども園,kajiso_vio,15:00:00,False,False,False,False,
blue_plus_10,2026-09-19,いなほこども園,kajiso_vio,15:30:00,False,False,False,False,
blue_plus_10,2026-09-19,いなほこども園,kajiso_vio,16:00:00,False,False,False,False,
blue_plus_10,2026-09-19,童子丸郵便局口,kajiso_libre,08:00:00,True,True,False,False,0.0
blue_plus_10,2026-09-19,童子丸郵便局口,kajiso_libre,08:30:00,True,True,False,False,0.0
blue_plus_10,2026-09-19,童子丸郵便局口,kajiso_libre,09:00:00,True,True,False,False,0.0
blue_plus_10,2026-09-19,童子丸郵便局口,kajiso_libre,09:30:00,True,True,False,False,0.0
blue_plus_10,2026-09-19,童子丸郵便局口,kajiso_libre,10:00:00,True,True,False,False,0.0
blue_plus_10,2026-09-19,童子丸郵便局口,kajiso_libre,10:30:00,True,True,False,False,0.0
blue_plus_10,2026-09-19,童子丸郵便局口,kajiso_libre,11:00:00,False,True,False,False,
blue_plus_10,2026-09-19,童子丸郵便局口,kajiso_libre,11:30:00,False,False,False,False,
blue_plus_10,2026-09-19,童子丸郵便局口,kajiso_libre,12:00:00,False,False,False,False,
blue_plus_10,2026-09-19,童子丸郵便局口,kajiso_libre,12:30:00,False,False,False,False,
blue_plus_10,2026-09-19,童子丸郵便局口,kajiso_libre,13:00:00,False,False,False,False,
blue_plus_10,2026-09-19,童子丸郵便局口,kajiso_libre,13:30:00,False,False,False,False,
blue_plus_10,2026-09-19,童子丸郵便局口,kajiso_libre,14:00:00,False,False,False,False,
blue_plus_10,2026-09-19,童子丸郵便局口,kajiso_libre,14:30:00,False,False,False,False,
blue_plus_10,2026-09-19,童子丸郵便局口,kajiso_libre,15:00:00,False,False,False,False,
blue_plus_10,2026-09-19,童子丸郵便局口,kajiso_libre,15:30:00,False,False,False,False,
blue_plus_10,2026-09-19,童子丸郵便局口,kajiso_libre,16:00:00,False,False,False,False,
blue_plus_10,2026-09-19,童子丸郵便局口,kajiso_vio,08:00:00,True,True,False,False,0.0
blue_plus_10,2026-09-19,童子丸郵便局口,kajiso_vio,08:30:00,True,True,False,False,0.0
blue_plus_10,2026-09-19,童子丸郵便局口,kajiso_vio,09:00:00,True,True,False,False,0.0
blue_plus_10,2026-09-19,童子丸郵便局口,kajiso_vio,09:30:00,True,True,False,False,0.0
blue_plus_10,2026-09-19,童子丸郵便局口,kajiso_vio,10:00:00,True,True,False,False,0.0
blue_plus_10,2026-09-19,童子丸郵便局口,kajiso_vio,10:30:00,True,True,False,False,0.0
blue_plus_10,2026-09-19,童子丸郵便局口,kajiso_vio,11:00:00,False,True,False,False,
blue_plus_10,2026-09-19,童子丸郵便局口,kajiso_vio,11:30:00,False,False,False,False,
blue_plus_10,2026-09-19,童子丸郵便局口,kajiso_vio,12:00:00,False,False,False,False,
blue_plus_10,2026-09-19,童子丸郵便局口,kajiso_vio,12:30:00,False,False,False,False,
blue_plus_10,2026-09-19,童子丸郵便局口,kajiso_vio,13:00:00,False,False,False,False,
blue_plus_10,2026-09-19,童子丸郵便局口,kajiso_vio,13:30:00,False,False,False,False,
blue_plus_10,2026-09-19,童子丸郵便局口,kajiso_vio,14:00:00,False,False,False,False,
blue_plus_10,2026-09-19,童子丸郵便局口,kajiso_vio,14:30:00,False,False,False,False,
blue_plus_10,2026-09-19,童子丸郵便局口,kajiso_vio,15:00:00,False,False,False,False,
blue_plus_10,2026-09-19,童子丸郵便局口,kajiso_vio,15:30:00,False,False,False,False,
blue_plus_10,2026-09-19,童子丸郵便局口,kajiso_vio,16:00:00,False,False,False,False,
shopping_30,2026-09-15,越前大野駅,kajiso_libre,08:00:00,True,True,False,False,0.0
shopping_30,2026-09-15,越前大野駅,kajiso_libre,08:30:00,True,True,False,False,0.0
shopping_30,2026-09-15,越前大野駅,kajiso_libre,09:00:00,True,True,True,True,0.0
shopping_30,2026-09-15,越前大野駅,kajiso_libre,09:30:00,True,True,True,True,0.0
shopping_30,2026-09-15,越前大野駅,kajiso_libre,10:00:00,True,True,False,False,0.0
shopping_30,2026-09-15,越前大野駅,kajiso_libre,10:30:00,True,True,False,False,0.0
shopping_30,2026-09-15,越前大野駅,kajiso_libre,11:00:00,True,True,True,True,0.0
shopping_30,2026-09-15,越前大野駅,kajiso_libre,11:30:00,True,True,True,True,0.0
shopping_30,2026-09-15,越前大野駅,kajiso_libre,12:00:00,True,True,False,False,0.0
shopping_30,2026-09-15,越前大野駅,kajiso_libre,12:30:00,True,True,False,False,0.0
shopping_30,2026-09-15,越前大野駅,kajiso_libre,13:00:00,True,True,False,False,0.0
shopping_30,2026-09-15,越前大野駅,kajiso_libre,13:30:00,True,True,True,True,0.0
shopping_30,2026-09-15,越前大野駅,kajiso_libre,14:00:00,False,False,False,False,
shopping_30,2026-09-15,越前大野駅,kajiso_libre,14:30:00,False,False,False,False,
shopping_30,2026-09-15,越前大野駅,kajiso_libre,15:00:00,False,False,False,False,
shopping_30,2026-09-15,越前大野駅,kajiso_libre,15:30:00,False,False,False,False,
shopping_30,2026-09-15,越前大野駅,kajiso_libre,16:00:00,False,False,False,False,
shopping_30,2026-09-15,越前大野駅,kajiso_vio,08:00:00,True,True,False,False,0.0
shopping_30,2026-09-15,越前大野駅,kajiso_vio,08:30:00,True,True,False,False,0.0
shopping_30,2026-09-15,越前大野駅,kajiso_vio,09:00:00,True,True,True,True,0.0
shopping_30,2026-09-15,越前大野駅,kajiso_vio,09:30:00,True,True,True,True,0.0
shopping_30,2026-09-15,越前大野駅,kajiso_vio,10:00:00,True,True,False,False,0.0
shopping_30,2026-09-15,越前大野駅,kajiso_vio,10:30:00,True,True,False,False,0.0
shopping_30,2026-09-15,越前大野駅,kajiso_vio,11:00:00,True,True,True,True,0.0
shopping_30,2026-09-15,越前大野駅,kajiso_vio,11:30:00,True,True,True,True,0.0
shopping_30,2026-09-15,越前大野駅,kajiso_vio,12:00:00,True,True,False,False,0.0
shopping_30,2026-09-15,越前大野駅,kajiso_vio,12:30:00,True,True,False,False,0.0
shopping_30,2026-09-15,越前大野駅,kajiso_vio,13:00:00,True,True,False,False,0.0
shopping_30,2026-09-15,越前大野駅,kajiso_vio,13:30:00,True,True,True,True,0.0
shopping_30,2026-09-15,越前大野駅,kajiso_vio,14:00:00,False,False,False,False,
shopping_30,2026-09-15,越前大野駅,kajiso_vio,14:30:00,False,False,False,False,
shopping_30,2026-09-15,越前大野駅,kajiso_vio,15:00:00,False,False,False,False,
shopping_30,2026-09-15,越前大野駅,kajiso_vio,15:30:00,False,False,False,False,
shopping_30,2026-09-15,越前大野駅,kajiso_vio,16:00:00,False,False,False,False,
shopping_30,2026-09-15,結ステーション,kajiso_libre,08:00:00,True,True,False,False,0.0
shopping_30,2026-09-15,結ステーション,kajiso_libre,08:30:00,True,True,False,False,0.0
shopping_30,2026-09-15,結ステーション,kajiso_libre,09:00:00,True,True,True,True,0.0
shopping_30,2026-09-15,結ステーション,kajiso_libre,09:30:00,True,True,True,True,0.0
shopping_30,2026-09-15,結ステーション,kajiso_libre,10:00:00,True,True,False,False,0.0
shopping_30,2026-09-15,結ステーション,kajiso_libre,10:30:00,True,True,False,False,0.0
shopping_30,2026-09-15,結ステーション,kajiso_libre,11:00:00,True,True,True,True,0.0
shopping_30,2026-09-15,結ステーション,kajiso_libre,11:30:00,True,True,False,False,0.0
shopping_30,2026-09-15,結ステーション,kajiso_libre,12:00:00,True,True,False,False,0.0
shopping_30,2026-09-15,結ステーション,kajiso_libre,12:30:00,True,True,False,False,0.0
shopping_30,2026-09-15,結ステーション,kajiso_libre,13:00:00,True,True,False,False,0.0
shopping_30,2026-09-15,結ステーション,kajiso_libre,13:30:00,False,False,False,False,
shopping_30,2026-09-15,結ステーション,kajiso_libre,14:00:00,False,False,False,False,
shopping_30,2026-09-15,結ステーション,kajiso_libre,14:30:00,False,False,False,False,
shopping_30,2026-09-15,結ステーション,kajiso_libre,15:00:00,False,False,False,False,
shopping_30,2026-09-15,結ステーション,kajiso_libre,15:30:00,False,False,False,False,
shopping_30,2026-09-15,結ステーション,kajiso_libre,16:00:00,False,False,False,False,
shopping_30,2026-09-15,結ステーション,kajiso_vio,08:00:00,True,True,False,False,0.0
shopping_30,2026-09-15,結ステーション,kajiso_vio,08:30:00,True,True,True,True,0.0
shopping_30,2026-09-15,結ステーション,kajiso_vio,09:00:00,True,True,True,True,0.0
shopping_30,2026-09-15,結ステーション,kajiso_vio,09:30:00,True,True,True,True,0.0
shopping_30,2026-09-15,結ステーション,kajiso_vio,10:00:00,True,True,True,True,0.0
shopping_30,2026-09-15,結ステーション,kajiso_vio,10:30:00,True,True,False,False,0.0
shopping_30,2026-09-15,結ステーション,kajiso_vio,11:00:00,True,True,True,True,0.0
shopping_30,2026-09-15,結ステーション,kajiso_vio,11:30:00,True,True,True,True,0.0
shopping_30,2026-09-15,結ステーション,kajiso_vio,12:00:00,True,True,False,False,0.0
shopping_30,2026-09-15,結ステーション,kajiso_vio,12:30:00,True,True,False,False,0.0
shopping_30,2026-09-15,結ステーション,kajiso_vio,13:00:00,True,True,True,True,0.0
shopping_30,2026-09-15,結ステーション,kajiso_vio,13:30:00,True,True,True,True,0.0
shopping_30,2026-09-15,結ステーション,kajiso_vio,14:00:00,False,False,False,False,
shopping_30,2026-09-15,結ステーション,kajiso_vio,14:30:00,False,False,False,False,
shopping_30,2026-09-15,結ステーション,kajiso_vio,15:00:00,False,False,False,False,
shopping_30,2026-09-15,結ステーション,kajiso_vio,15:30:00,False,False,False,False,
shopping_30,2026-09-15,結ステーション,kajiso_vio,16:00:00,False,False,False,False,
shopping_30,2026-09-15,下庄小学校,kajiso_libre,08:00:00,True,True,False,False,0.0
shopping_30,2026-09-15,下庄小学校,kajiso_libre,08:30:00,True,True,False,False,0.0
shopping_30,2026-09-15,下庄小学校,kajiso_libre,09:00:00,True,True,False,False,0.0
shopping_30,2026-09-15,下庄小学校,kajiso_libre,09:30:00,True,True,False,False,0.0
shopping_30,2026-09-15,下庄小学校,kajiso_libre,10:00:00,True,True,False,False,0.0
shopping_30,2026-09-15,下庄小学校,kajiso_libre,10:30:00,True,True,False,False,0.0
shopping_30,2026-09-15,下庄小学校,kajiso_libre,11:00:00,True,True,False,False,0.0
shopping_30,2026-09-15,下庄小学校,kajiso_libre,11:30:00,True,True,False,False,0.0
shopping_30,2026-09-15,下庄小学校,kajiso_libre,12:00:00,True,True,False,False,0.0
shopping_30,2026-09-15,下庄小学校,kajiso_libre,12:30:00,True,True,False,False,0.0
shopping_30,2026-09-15,下庄小学校,kajiso_libre,13:00:00,True,True,False,False,0.0
shopping_30,2026-09-15,下庄小学校,kajiso_libre,13:30:00,False,False,False,False,
shopping_30,2026-09-15,下庄小学校,kajiso_libre,14:00:00,False,False,False,False,
shopping_30,2026-09-15,下庄小学校,kajiso_libre,14:30:00,False,False,False,False,
shopping_30,2026-09-15,下庄小学校,kajiso_libre,15:00:00,False,False,False,False,
shopping_30,2026-09-15,下庄小学校,kajiso_libre,15:30:00,False,False,False,False,
shopping_30,2026-09-15,下庄小学校,kajiso_libre,16:00:00,False,False,False,False,
shopping_30,2026-09-15,下庄小学校,kajiso_vio,08:00:00,True,True,False,False,0.0
shopping_30,2026-09-15,下庄小学校,kajiso_vio,08:30:00,True,True,False,False,0.0
shopping_30,2026-09-15,下庄小学校,kajiso_vio,09:00:00,True,True,False,False,0.0
shopping_30,2026-09-15,下庄小学校,kajiso_vio,09:30:00,True,True,False,False,0.0
shopping_30,2026-09-15,下庄小学校,kajiso_vio,10:00:00,True,True,False,False,0.0
shopping_30,2026-09-15,下庄小学校,kajiso_vio,10:30:00,True,True,False,False,0.0
shopping_30,2026-09-15,下庄小学校,kajiso_vio,11:00:00,True,True,False,False,0.0
shopping_30,2026-09-15,下庄小学校,kajiso_vio,11:30:00,True,True,False,False,0.0
shopping_30,2026-09-15,下庄小学校,kajiso_vio,12:00:00,True,True,False,False,0.0
shopping_30,2026-09-15,下庄小学校,kajiso_vio,12:30:00,True,True,False,False,0.0
shopping_30,2026-09-15,下庄小学校,kajiso_vio,13:00:00,True,True,False,False,0.0
shopping_30,2026-09-15,下庄小学校,kajiso_vio,13:30:00,False,False,False,False,
shopping_30,2026-09-15,下庄小学校,kajiso_vio,14:00:00,False,False,False,False,
shopping_30,2026-09-15,下庄小学校,kajiso_vio,14:30:00,False,False,False,False,
shopping_30,2026-09-15,下庄小学校,kajiso_vio,15:00:00,False,False,False,False,
shopping_30,2026-09-15,下庄小学校,kajiso_vio,15:30:00,False,False,False,False,
shopping_30,2026-09-15,下庄小学校,kajiso_vio,16:00:00,False,False,False,False,
shopping_30,2026-09-15,青少年教育センター,kajiso_libre,08:00:00,True,True,False,False,0.0
shopping_30,2026-09-15,青少年教育センター,kajiso_libre,08:30:00,True,True,False,False,0.0
shopping_30,2026-09-15,青少年教育センター,kajiso_libre,09:00:00,True,True,True,True,0.0
shopping_30,2026-09-15,青少年教育センター,kajiso_libre,09:30:00,True,True,True,True,0.0
shopping_30,2026-09-15,青少年教育センター,kajiso_libre,10:00:00,True,True,False,False,0.0
shopping_30,2026-09-15,青少年教育センター,kajiso_libre,10:30:00,True,True,False,False,0.0
shopping_30,2026-09-15,青少年教育センター,kajiso_libre,11:00:00,True,True,False,False,0.0
shopping_30,2026-09-15,青少年教育センター,kajiso_libre,11:30:00,True,True,False,False,0.0
shopping_30,2026-09-15,青少年教育センター,kajiso_libre,12:00:00,True,True,False,False,0.0
shopping_30,2026-09-15,青少年教育センター,kajiso_libre,12:30:00,True,True,False,False,0.0
shopping_30,2026-09-15,青少年教育センター,kajiso_libre,13:00:00,True,True,False,False,0.0
shopping_30,2026-09-15,青少年教育センター,kajiso_libre,13:30:00,False,False,False,False,
shopping_30,2026-09-15,青少年教育センター,kajiso_libre,14:00:00,False,False,False,False,
shopping_30,2026-09-15,青少年教育センター,kajiso_libre,14:30:00,False,False,False,False,
shopping_30,2026-09-15,青少年教育センター,kajiso_libre,15:00:00,False,False,False,False,
shopping_30,2026-09-15,青少年教育センター,kajiso_libre,15:30:00,False,False,False,False,
shopping_30,2026-09-15,青少年教育センター,kajiso_libre,16:00:00,False,False,False,False,
shopping_30,2026-09-15,青少年教育センター,kajiso_vio,08:00:00,True,True,False,False,0.0
shopping_30,2026-09-15,青少年教育センター,kajiso_vio,08:30:00,True,True,False,False,0.0
shopping_30,2026-09-15,青少年教育センター,kajiso_vio,09:00:00,True,True,True,True,0.0
shopping_30,2026-09-15,青少年教育センター,kajiso_vio,09:30:00,True,True,True,True,0.0
shopping_30,2026-09-15,青少年教育センター,kajiso_vio,10:00:00,True,True,False,False,0.0
shopping_30,2026-09-15,青少年教育センター,kajiso_vio,10:30:00,True,True,False,False,0.0
shopping_30,2026-09-15,青少年教育センター,kajiso_vio,11:00:00,True,True,False,False,0.0
shopping_30,2026-09-15,青少年教育センター,kajiso_vio,11:30:00,True,True,False,False,0.0
shopping_30,2026-09-15,青少年教育センター,kajiso_vio,12:00:00,True,True,False,False,0.0
shopping_30,2026-09-15,青少年教育センター,kajiso_vio,12:30:00,True,True,False,False,0.0
shopping_30,2026-09-15,青少年教育センター,kajiso_vio,13:00:00,True,True,False,False,0.0
shopping_30,2026-09-15,青少年教育センター,kajiso_vio,13:30:00,False,False,False,False,
shopping_30,2026-09-15,青少年教育センター,kajiso_vio,14:00:00,False,False,False,False,
shopping_30,2026-09-15,青少年教育センター,kajiso_vio,14:30:00,False,False,False,False,
shopping_30,2026-09-15,青少年教育センター,kajiso_vio,15:00:00,False,False,False,False,
shopping_30,2026-09-15,青少年教育センター,kajiso_vio,15:30:00,False,False,False,False,
shopping_30,2026-09-15,青少年教育センター,kajiso_vio,16:00:00,False,False,False,False,
shopping_30,2026-09-15,陽明中学校口,kajiso_libre,08:00:00,True,True,False,False,0.0
shopping_30,2026-09-15,陽明中学校口,kajiso_libre,08:30:00,True,True,False,False,0.0
shopping_30,2026-09-15,陽明中学校口,kajiso_libre,09:00:00,True,True,True,True,0.0
shopping_30,2026-09-15,陽明中学校口,kajiso_libre,09:30:00,True,True,True,True,0.0
shopping_30,2026-09-15,陽明中学校口,kajiso_libre,10:00:00,True,True,False,False,0.0
shopping_30,2026-09-15,陽明中学校口,kajiso_libre,10:30:00,True,True,False,False,0.0
shopping_30,2026-09-15,陽明中学校口,kajiso_libre,11:00:00,True,True,True,True,0.0
shopping_30,2026-09-15,陽明中学校口,kajiso_libre,11:30:00,True,True,False,False,0.0
shopping_30,2026-09-15,陽明中学校口,kajiso_libre,12:00:00,True,True,False,False,0.0
shopping_30,2026-09-15,陽明中学校口,kajiso_libre,12:30:00,True,True,False,False,0.0
shopping_30,2026-09-15,陽明中学校口,kajiso_libre,13:00:00,True,True,False,False,0.0
shopping_30,2026-09-15,陽明中学校口,kajiso_libre,13:30:00,False,False,False,False,
shopping_30,2026-09-15,陽明中学校口,kajiso_libre,14:00:00,False,False,False,False,
shopping_30,2026-09-15,陽明中学校口,kajiso_libre,14:30:00,False,False,False,False,
shopping_30,2026-09-15,陽明中学校口,kajiso_libre,15:00:00,False,False,False,False,
shopping_30,2026-09-15,陽明中学校口,kajiso_libre,15:30:00,False,False,False,False,
shopping_30,2026-09-15,陽明中学校口,kajiso_libre,16:00:00,False,False,False,False,
shopping_30,2026-09-15,陽明中学校口,kajiso_vio,08:00:00,True,True,False,False,0.0
shopping_30,2026-09-15,陽明中学校口,kajiso_vio,08:30:00,True,True,False,False,0.0
shopping_30,2026-09-15,陽明中学校口,kajiso_vio,09:00:00,True,True,True,True,0.0
shopping_30,2026-09-15,陽明中学校口,kajiso_vio,09:30:00,True,True,True,True,0.0
shopping_30,2026-09-15,陽明中学校口,kajiso_vio,10:00:00,True,True,False,False,0.0
shopping_30,2026-09-15,陽明中学校口,kajiso_vio,10:30:00,True,True,False,False,0.0
shopping_30,2026-09-15,陽明中学校口,kajiso_vio,11:00:00,True,True,True,True,0.0
shopping_30,2026-09-15,陽明中学校口,kajiso_vio,11:30:00,True,True,False,False,0.0
shopping_30,2026-09-15,陽明中学校口,kajiso_vio,12:00:00,True,True,False,False,0.0
shopping_30,2026-09-15,陽明中学校口,kajiso_vio,12:30:00,True,True,False,False,0.0
shopping_30,2026-09-15,陽明中学校口,kajiso_vio,13:00:00,True,True,False,False,0.0
shopping_30,2026-09-15,陽明中学校口,kajiso_vio,13:30:00,False,False,False,False,
shopping_30,2026-09-15,陽明中学校口,kajiso_vio,14:00:00,False,False,False,False,
shopping_30,2026-09-15,陽明中学校口,kajiso_vio,14:30:00,False,False,False,False,
shopping_30,2026-09-15,陽明中学校口,kajiso_vio,15:00:00,False,False,False,False,
shopping_30,2026-09-15,陽明中学校口,kajiso_vio,15:30:00,False,False,False,False,
shopping_30,2026-09-15,陽明中学校口,kajiso_vio,16:00:00,False,False,False,False,
shopping_30,2026-09-15,さくら公園,kajiso_libre,08:00:00,True,True,False,False,0.0
shopping_30,2026-09-15,さくら公園,kajiso_libre,08:30:00,True,True,False,False,0.0
shopping_30,2026-09-15,さくら公園,kajiso_libre,09:00:00,True,True,True,True,0.0
shopping_30,2026-09-15,さくら公園,kajiso_libre,09:30:00,True,True,True,True,0.0
shopping_30,2026-09-15,さくら公園,kajiso_libre,10:00:00,True,True,False,False,0.0
shopping_30,2026-09-15,さくら公園,kajiso_libre,10:30:00,True,True,False,False,0.0
shopping_30,2026-09-15,さくら公園,kajiso_libre,11:00:00,True,True,True,True,0.0
shopping_30,2026-09-15,さくら公園,kajiso_libre,11:30:00,True,True,False,False,0.0
shopping_30,2026-09-15,さくら公園,kajiso_libre,12:00:00,True,True,False,False,0.0
shopping_30,2026-09-15,さくら公園,kajiso_libre,12:30:00,True,True,False,False,0.0
shopping_30,2026-09-15,さくら公園,kajiso_libre,13:00:00,True,True,False,False,0.0
shopping_30,2026-09-15,さくら公園,kajiso_libre,13:30:00,False,False,False,False,
shopping_30,2026-09-15,さくら公園,kajiso_libre,14:00:00,False,False,False,False,
shopping_30,2026-09-15,さくら公園,kajiso_libre,14:30:00,False,False,False,False,
shopping_30,2026-09-15,さくら公園,kajiso_libre,15:00:00,False,False,False,False,
shopping_30,2026-09-15,さくら公園,kajiso_libre,15:30:00,False,False,False,False,
shopping_30,2026-09-15,さくら公園,kajiso_libre,16:00:00,False,False,False,False,
shopping_30,2026-09-15,さくら公園,kajiso_vio,08:00:00,True,True,False,False,0.0
shopping_30,2026-09-15,さくら公園,kajiso_vio,08:30:00,True,True,False,False,0.0
shopping_30,2026-09-15,さくら公園,kajiso_vio,09:00:00,True,True,True,True,0.0
shopping_30,2026-09-15,さくら公園,kajiso_vio,09:30:00,True,True,True,True,0.0
shopping_30,2026-09-15,さくら公園,kajiso_vio,10:00:00,True,True,False,False,0.0
shopping_30,2026-09-15,さくら公園,kajiso_vio,10:30:00,True,True,False,False,0.0
shopping_30,2026-09-15,さくら公園,kajiso_vio,11:00:00,True,True,True,True,0.0
shopping_30,2026-09-15,さくら公園,kajiso_vio,11:30:00,True,True,False,False,0.0
shopping_30,2026-09-15,さくら公園,kajiso_vio,12:00:00,True,True,False,False,0.0
shopping_30,2026-09-15,さくら公園,kajiso_vio,12:30:00,True,True,False,False,0.0
shopping_30,2026-09-15,さくら公園,kajiso_vio,13:00:00,True,True,False,False,0.0
shopping_30,2026-09-15,さくら公園,kajiso_vio,13:30:00,False,False,False,False,
shopping_30,2026-09-15,さくら公園,kajiso_vio,14:00:00,False,False,False,False,
shopping_30,2026-09-15,さくら公園,kajiso_vio,14:30:00,False,False,False,False,
shopping_30,2026-09-15,さくら公園,kajiso_vio,15:00:00,False,False,False,False,
shopping_30,2026-09-15,さくら公園,kajiso_vio,15:30:00,False,False,False,False,
shopping_30,2026-09-15,さくら公園,kajiso_vio,16:00:00,False,False,False,False,
shopping_30,2026-09-15,わかくさ,kajiso_libre,08:00:00,True,True,False,False,0.0
shopping_30,2026-09-15,わかくさ,kajiso_libre,08:30:00,True,True,False,False,0.0
shopping_30,2026-09-15,わかくさ,kajiso_libre,09:00:00,True,True,True,True,0.0
shopping_30,2026-09-15,わかくさ,kajiso_libre,09:30:00,True,True,True,True,0.0
shopping_30,2026-09-15,わかくさ,kajiso_libre,10:00:00,True,True,False,False,0.0
shopping_30,2026-09-15,わかくさ,kajiso_libre,10:30:00,True,True,False,False,0.0
shopping_30,2026-09-15,わかくさ,kajiso_libre,11:00:00,True,True,True,True,0.0
shopping_30,2026-09-15,わかくさ,kajiso_libre,11:30:00,True,True,True,True,0.0
shopping_30,2026-09-15,わかくさ,kajiso_libre,12:00:00,True,True,False,False,0.0
shopping_30,2026-09-15,わかくさ,kajiso_libre,12:30:00,True,True,False,False,0.0
shopping_30,2026-09-15,わかくさ,kajiso_libre,13:00:00,True,True,False,False,0.0
shopping_30,2026-09-15,わかくさ,kajiso_libre,13:30:00,True,True,True,True,0.0
shopping_30,2026-09-15,わかくさ,kajiso_libre,14:00:00,False,False,False,False,
shopping_30,2026-09-15,わかくさ,kajiso_libre,14:30:00,False,False,False,False,
shopping_30,2026-09-15,わかくさ,kajiso_libre,15:00:00,False,False,False,False,
shopping_30,2026-09-15,わかくさ,kajiso_libre,15:30:00,False,False,False,False,
shopping_30,2026-09-15,わかくさ,kajiso_libre,16:00:00,False,False,False,False,
shopping_30,2026-09-15,わかくさ,kajiso_vio,08:00:00,True,True,False,False,0.0
shopping_30,2026-09-15,わかくさ,kajiso_vio,08:30:00,True,True,False,False,0.0
shopping_30,2026-09-15,わかくさ,kajiso_vio,09:00:00,True,True,True,True,0.0
shopping_30,2026-09-15,わかくさ,kajiso_vio,09:30:00,True,True,True,True,0.0
shopping_30,2026-09-15,わかくさ,kajiso_vio,10:00:00,True,True,False,False,0.0
shopping_30,2026-09-15,わかくさ,kajiso_vio,10:30:00,True,True,False,False,0.0
shopping_30,2026-09-15,わかくさ,kajiso_vio,11:00:00,True,True,True,True,0.0
shopping_30,2026-09-15,わかくさ,kajiso_vio,11:30:00,True,True,False,False,0.0
shopping_30,2026-09-15,わかくさ,kajiso_vio,12:00:00,True,True,False,False,0.0
shopping_30,2026-09-15,わかくさ,kajiso_vio,12:30:00,True,True,False,False,0.0
shopping_30,2026-09-15,わかくさ,kajiso_vio,13:00:00,True,True,False,False,0.0
shopping_30,2026-09-15,わかくさ,kajiso_vio,13:30:00,False,False,False,False,
shopping_30,2026-09-15,わかくさ,kajiso_vio,14:00:00,False,False,False,False,
shopping_30,2026-09-15,わかくさ,kajiso_vio,14:30:00,False,False,False,False,
shopping_30,2026-09-15,わかくさ,kajiso_vio,15:00:00,False,False,False,False,
shopping_30,2026-09-15,わかくさ,kajiso_vio,15:30:00,False,False,False,False,
shopping_30,2026-09-15,わかくさ,kajiso_vio,16:00:00,False,False,False,False,
shopping_30,2026-09-15,篠座,kajiso_libre,08:00:00,True,True,False,False,0.0
shopping_30,2026-09-15,篠座,kajiso_libre,08:30:00,True,True,False,False,0.0
shopping_30,2026-09-15,篠座,kajiso_libre,09:00:00,True,True,False,False,0.0
shopping_30,2026-09-15,篠座,kajiso_libre,09:30:00,True,True,False,False,0.0
shopping_30,2026-09-15,篠座,kajiso_libre,10:00:00,True,True,False,False,0.0
shopping_30,2026-09-15,篠座,kajiso_libre,10:30:00,True,True,False,False,0.0
shopping_30,2026-09-15,篠座,kajiso_libre,11:00:00,True,True,False,False,0.0
shopping_30,2026-09-15,篠座,kajiso_libre,11:30:00,True,True,False,False,0.0
shopping_30,2026-09-15,篠座,kajiso_libre,12:00:00,True,True,False,False,0.0
shopping_30,2026-09-15,篠座,kajiso_libre,12:30:00,True,True,False,False,0.0
shopping_30,2026-09-15,篠座,kajiso_libre,13:00:00,True,True,False,False,0.0
shopping_30,2026-09-15,篠座,kajiso_libre,13:30:00,False,False,False,False,
shopping_30,2026-09-15,篠座,kajiso_libre,14:00:00,False,False,False,False,
shopping_30,2026-09-15,篠座,kajiso_libre,14:30:00,False,False,False,False,
shopping_30,2026-09-15,篠座,kajiso_libre,15:00:00,False,False,False,False,
shopping_30,2026-09-15,篠座,kajiso_libre,15:30:00,False,False,False,False,
shopping_30,2026-09-15,篠座,kajiso_libre,16:00:00,False,False,False,False,
shopping_30,2026-09-15,篠座,kajiso_vio,08:00:00,True,True,False,False,0.0
shopping_30,2026-09-15,篠座,kajiso_vio,08:30:00,True,True,False,False,0.0
shopping_30,2026-09-15,篠座,kajiso_vio,09:00:00,True,True,False,False,0.0
shopping_30,2026-09-15,篠座,kajiso_vio,09:30:00,True,True,False,False,0.0
shopping_30,2026-09-15,篠座,kajiso_vio,10:00:00,True,True,False,False,0.0
shopping_30,2026-09-15,篠座,kajiso_vio,10:30:00,True,True,False,False,0.0
shopping_30,2026-09-15,篠座,kajiso_vio,11:00:00,True,True,False,False,0.0
shopping_30,2026-09-15,篠座,kajiso_vio,11:30:00,True,True,False,False,0.0
shopping_30,2026-09-15,篠座,kajiso_vio,12:00:00,True,True,False,False,0.0
shopping_30,2026-09-15,篠座,kajiso_vio,12:30:00,True,True,False,False,0.0
shopping_30,2026-09-15,篠座,kajiso_vio,13:00:00,True,True,False,False,0.0
shopping_30,2026-09-15,篠座,kajiso_vio,13:30:00,False,False,False,False,
shopping_30,2026-09-15,篠座,kajiso_vio,14:00:00,False,False,False,False,
shopping_30,2026-09-15,篠座,kajiso_vio,14:30:00,False,False,False,False,
shopping_30,2026-09-15,篠座,kajiso_vio,15:00:00,False,False,False,False,
shopping_30,2026-09-15,篠座,kajiso_vio,15:30:00,False,False,False,False,
shopping_30,2026-09-15,篠座,kajiso_vio,16:00:00,False,False,False,False,
shopping_30,2026-09-15,いなほこども園,kajiso_libre,08:00:00,True,True,False,False,0.0
shopping_30,2026-09-15,いなほこども園,kajiso_libre,08:30:00,True,True,False,False,0.0
shopping_30,2026-09-15,いなほこども園,kajiso_libre,09:00:00,True,True,False,False,0.0
shopping_30,2026-09-15,いなほこども園,kajiso_libre,09:30:00,True,True,False,False,0.0
shopping_30,2026-09-15,いなほこども園,kajiso_libre,10:00:00,True,True,False,False,0.0
shopping_30,2026-09-15,いなほこども園,kajiso_libre,10:30:00,True,True,False,False,0.0
shopping_30,2026-09-15,いなほこども園,kajiso_libre,11:00:00,True,True,False,False,0.0
shopping_30,2026-09-15,いなほこども園,kajiso_libre,11:30:00,True,True,False,False,0.0
shopping_30,2026-09-15,いなほこども園,kajiso_libre,12:00:00,True,True,False,False,0.0
shopping_30,2026-09-15,いなほこども園,kajiso_libre,12:30:00,True,True,False,False,0.0
shopping_30,2026-09-15,いなほこども園,kajiso_libre,13:00:00,True,True,False,False,0.0
shopping_30,2026-09-15,いなほこども園,kajiso_libre,13:30:00,False,False,False,False,
shopping_30,2026-09-15,いなほこども園,kajiso_libre,14:00:00,False,False,False,False,
shopping_30,2026-09-15,いなほこども園,kajiso_libre,14:30:00,False,False,False,False,
shopping_30,2026-09-15,いなほこども園,kajiso_libre,15:00:00,False,False,False,False,
shopping_30,2026-09-15,いなほこども園,kajiso_libre,15:30:00,False,False,False,False,
shopping_30,2026-09-15,いなほこども園,kajiso_libre,16:00:00,False,False,False,False,
shopping_30,2026-09-15,いなほこども園,kajiso_vio,08:00:00,True,True,False,False,0.0
shopping_30,2026-09-15,いなほこども園,kajiso_vio,08:30:00,True,True,False,False,0.0
shopping_30,2026-09-15,いなほこども園,kajiso_vio,09:00:00,True,True,False,False,0.0
shopping_30,2026-09-15,いなほこども園,kajiso_vio,09:30:00,True,True,False,False,0.0
shopping_30,2026-09-15,いなほこども園,kajiso_vio,10:00:00,True,True,False,False,0.0
shopping_30,2026-09-15,いなほこども園,kajiso_vio,10:30:00,True,True,False,False,0.0
shopping_30,2026-09-15,いなほこども園,kajiso_vio,11:00:00,True,True,False,False,0.0
shopping_30,2026-09-15,いなほこども園,kajiso_vio,11:30:00,True,True,False,False,0.0
shopping_30,2026-09-15,いなほこども園,kajiso_vio,12:00:00,True,True,False,False,0.0
shopping_30,2026-09-15,いなほこども園,kajiso_vio,12:30:00,True,True,False,False,0.0
shopping_30,2026-09-15,いなほこども園,kajiso_vio,13:00:00,True,True,False,False,0.0
shopping_30,2026-09-15,いなほこども園,kajiso_vio,13:30:00,False,False,False,False,
shopping_30,2026-09-15,いなほこども園,kajiso_vio,14:00:00,False,False,False,False,
shopping_30,2026-09-15,いなほこども園,kajiso_vio,14:30:00,False,False,False,False,
shopping_30,2026-09-15,いなほこども園,kajiso_vio,15:00:00,False,False,False,False,
shopping_30,2026-09-15,いなほこども園,kajiso_vio,15:30:00,False,False,False,False,
shopping_30,2026-09-15,いなほこども園,kajiso_vio,16:00:00,False,False,False,False,
shopping_30,2026-09-15,童子丸郵便局口,kajiso_libre,08:00:00,True,True,False,False,0.0
shopping_30,2026-09-15,童子丸郵便局口,kajiso_libre,08:30:00,True,True,False,False,0.0
shopping_30,2026-09-15,童子丸郵便局口,kajiso_libre,09:00:00,True,True,False,False,0.0
shopping_30,2026-09-15,童子丸郵便局口,kajiso_libre,09:30:00,True,True,False,False,0.0
shopping_30,2026-09-15,童子丸郵便局口,kajiso_libre,10:00:00,True,True,False,False,0.0
shopping_30,2026-09-15,童子丸郵便局口,kajiso_libre,10:30:00,True,True,False,False,0.0
shopping_30,2026-09-15,童子丸郵便局口,kajiso_libre,11:00:00,True,True,False,False,0.0
shopping_30,2026-09-15,童子丸郵便局口,kajiso_libre,11:30:00,True,True,False,False,0.0
shopping_30,2026-09-15,童子丸郵便局口,kajiso_libre,12:00:00,True,True,False,False,0.0
shopping_30,2026-09-15,童子丸郵便局口,kajiso_libre,12:30:00,True,True,False,False,0.0
shopping_30,2026-09-15,童子丸郵便局口,kajiso_libre,13:00:00,False,False,False,False,
shopping_30,2026-09-15,童子丸郵便局口,kajiso_libre,13:30:00,False,False,False,False,
shopping_30,2026-09-15,童子丸郵便局口,kajiso_libre,14:00:00,False,False,False,False,
shopping_30,2026-09-15,童子丸郵便局口,kajiso_libre,14:30:00,False,False,False,False,
shopping_30,2026-09-15,童子丸郵便局口,kajiso_libre,15:00:00,False,False,False,False,
shopping_30,2026-09-15,童子丸郵便局口,kajiso_libre,15:30:00,False,False,False,False,
shopping_30,2026-09-15,童子丸郵便局口,kajiso_libre,16:00:00,False,False,False,False,
shopping_30,2026-09-15,童子丸郵便局口,kajiso_vio,08:00:00,True,True,False,False,0.0
shopping_30,2026-09-15,童子丸郵便局口,kajiso_vio,08:30:00,True,True,False,False,0.0
shopping_30,2026-09-15,童子丸郵便局口,kajiso_vio,09:00:00,True,True,False,False,0.0
shopping_30,2026-09-15,童子丸郵便局口,kajiso_vio,09:30:00,True,True,False,False,0.0
shopping_30,2026-09-15,童子丸郵便局口,kajiso_vio,10:00:00,True,True,False,False,0.0
shopping_30,2026-09-15,童子丸郵便局口,kajiso_vio,10:30:00,True,True,False,False,0.0
shopping_30,2026-09-15,童子丸郵便局口,kajiso_vio,11:00:00,True,True,False,False,0.0
shopping_30,2026-09-15,童子丸郵便局口,kajiso_vio,11:30:00,True,True,False,False,0.0
shopping_30,2026-09-15,童子丸郵便局口,kajiso_vio,12:00:00,True,True,False,False,0.0
shopping_30,2026-09-15,童子丸郵便局口,kajiso_vio,12:30:00,True,True,False,False,0.0
shopping_30,2026-09-15,童子丸郵便局口,kajiso_vio,13:00:00,False,False,False,False,
shopping_30,2026-09-15,童子丸郵便局口,kajiso_vio,13:30:00,False,False,False,False,
shopping_30,2026-09-15,童子丸郵便局口,kajiso_vio,14:00:00,False,False,False,False,
shopping_30,2026-09-15,童子丸郵便局口,kajiso_vio,14:30:00,False,False,False,False,
shopping_30,2026-09-15,童子丸郵便局口,kajiso_vio,15:00:00,False,False,False,False,
shopping_30,2026-09-15,童子丸郵便局口,kajiso_vio,15:30:00,False,False,False,False,
shopping_30,2026-09-15,童子丸郵便局口,kajiso_vio,16:00:00,False,False,False,False,
shopping_30,2026-09-19,越前大野駅,kajiso_libre,08:00:00,True,True,False,False,0.0
shopping_30,2026-09-19,越前大野駅,kajiso_libre,08:30:00,True,True,False,False,0.0
shopping_30,2026-09-19,越前大野駅,kajiso_libre,09:00:00,True,True,False,False,0.0
shopping_30,2026-09-19,越前大野駅,kajiso_libre,09:30:00,True,True,False,False,0.0
shopping_30,2026-09-19,越前大野駅,kajiso_libre,10:00:00,True,True,False,False,0.0
shopping_30,2026-09-19,越前大野駅,kajiso_libre,10:30:00,True,True,False,False,0.0
shopping_30,2026-09-19,越前大野駅,kajiso_libre,11:00:00,True,True,True,True,0.0
shopping_30,2026-09-19,越前大野駅,kajiso_libre,11:30:00,True,True,True,True,0.0
shopping_30,2026-09-19,越前大野駅,kajiso_libre,12:00:00,True,True,False,False,0.0
shopping_30,2026-09-19,越前大野駅,kajiso_libre,12:30:00,True,True,False,False,0.0
shopping_30,2026-09-19,越前大野駅,kajiso_libre,13:00:00,True,True,False,False,0.0
shopping_30,2026-09-19,越前大野駅,kajiso_libre,13:30:00,False,False,False,False,
shopping_30,2026-09-19,越前大野駅,kajiso_libre,14:00:00,False,False,False,False,
shopping_30,2026-09-19,越前大野駅,kajiso_libre,14:30:00,False,False,False,False,
shopping_30,2026-09-19,越前大野駅,kajiso_libre,15:00:00,False,False,False,False,
shopping_30,2026-09-19,越前大野駅,kajiso_libre,15:30:00,False,False,False,False,
shopping_30,2026-09-19,越前大野駅,kajiso_libre,16:00:00,False,False,False,False,
shopping_30,2026-09-19,越前大野駅,kajiso_vio,08:00:00,True,True,False,False,0.0
shopping_30,2026-09-19,越前大野駅,kajiso_vio,08:30:00,True,True,False,False,0.0
shopping_30,2026-09-19,越前大野駅,kajiso_vio,09:00:00,True,True,True,True,0.0
shopping_30,2026-09-19,越前大野駅,kajiso_vio,09:30:00,True,True,True,True,0.0
shopping_30,2026-09-19,越前大野駅,kajiso_vio,10:00:00,True,True,False,False,0.0
shopping_30,2026-09-19,越前大野駅,kajiso_vio,10:30:00,True,True,False,False,0.0
shopping_30,2026-09-19,越前大野駅,kajiso_vio,11:00:00,True,True,False,False,0.0
shopping_30,2026-09-19,越前大野駅,kajiso_vio,11:30:00,True,True,False,False,0.0
shopping_30,2026-09-19,越前大野駅,kajiso_vio,12:00:00,True,True,False,False,0.0
shopping_30,2026-09-19,越前大野駅,kajiso_vio,12:30:00,True,True,False,False,0.0
shopping_30,2026-09-19,越前大野駅,kajiso_vio,13:00:00,True,True,False,False,0.0
shopping_30,2026-09-19,越前大野駅,kajiso_vio,13:30:00,True,True,True,True,0.0
shopping_30,2026-09-19,越前大野駅,kajiso_vio,14:00:00,False,False,False,False,
shopping_30,2026-09-19,越前大野駅,kajiso_vio,14:30:00,False,False,False,False,
shopping_30,2026-09-19,越前大野駅,kajiso_vio,15:00:00,False,False,False,False,
shopping_30,2026-09-19,越前大野駅,kajiso_vio,15:30:00,False,False,False,False,
shopping_30,2026-09-19,越前大野駅,kajiso_vio,16:00:00,False,False,False,False,
shopping_30,2026-09-19,結ステーション,kajiso_libre,08:00:00,True,True,False,False,0.0
shopping_30,2026-09-19,結ステーション,kajiso_libre,08:30:00,True,True,False,False,0.0
shopping_30,2026-09-19,結ステーション,kajiso_libre,09:00:00,True,True,False,False,0.0
shopping_30,2026-09-19,結ステーション,kajiso_libre,09:30:00,True,True,False,False,0.0
shopping_30,2026-09-19,結ステーション,kajiso_libre,10:00:00,True,True,False,False,0.0
shopping_30,2026-09-19,結ステーション,kajiso_libre,10:30:00,True,True,False,False,0.0
shopping_30,2026-09-19,結ステーション,kajiso_libre,11:00:00,True,True,True,True,0.0
shopping_30,2026-09-19,結ステーション,kajiso_libre,11:30:00,True,True,False,False,0.0
shopping_30,2026-09-19,結ステーション,kajiso_libre,12:00:00,True,True,False,False,0.0
shopping_30,2026-09-19,結ステーション,kajiso_libre,12:30:00,True,True,False,False,0.0
shopping_30,2026-09-19,結ステーション,kajiso_libre,13:00:00,True,True,False,False,0.0
shopping_30,2026-09-19,結ステーション,kajiso_libre,13:30:00,False,False,False,False,
shopping_30,2026-09-19,結ステーション,kajiso_libre,14:00:00,False,False,False,False,
shopping_30,2026-09-19,結ステーション,kajiso_libre,14:30:00,False,False,False,False,
shopping_30,2026-09-19,結ステーション,kajiso_libre,15:00:00,False,False,False,False,
shopping_30,2026-09-19,結ステーション,kajiso_libre,15:30:00,False,False,False,False,
shopping_30,2026-09-19,結ステーション,kajiso_libre,16:00:00,False,False,False,False,
shopping_30,2026-09-19,結ステーション,kajiso_vio,08:00:00,True,True,False,False,0.0
shopping_30,2026-09-19,結ステーション,kajiso_vio,08:30:00,True,True,True,True,0.0
shopping_30,2026-09-19,結ステーション,kajiso_vio,09:00:00,True,True,True,True,0.0
shopping_30,2026-09-19,結ステーション,kajiso_vio,09:30:00,True,True,True,True,0.0
shopping_30,2026-09-19,結ステーション,kajiso_vio,10:00:00,True,True,True,True,0.0
shopping_30,2026-09-19,結ステーション,kajiso_vio,10:30:00,True,True,False,False,0.0
shopping_30,2026-09-19,結ステーション,kajiso_vio,11:00:00,True,True,False,False,0.0
shopping_30,2026-09-19,結ステーション,kajiso_vio,11:30:00,True,True,False,False,0.0
shopping_30,2026-09-19,結ステーション,kajiso_vio,12:00:00,True,True,False,False,0.0
shopping_30,2026-09-19,結ステーション,kajiso_vio,12:30:00,True,True,False,False,0.0
shopping_30,2026-09-19,結ステーション,kajiso_vio,13:00:00,True,True,True,True,0.0
shopping_30,2026-09-19,結ステーション,kajiso_vio,13:30:00,True,True,True,True,0.0
shopping_30,2026-09-19,結ステーション,kajiso_vio,14:00:00,False,False,False,False,
shopping_30,2026-09-19,結ステーション,kajiso_vio,14:30:00,False,False,False,False,
shopping_30,2026-09-19,結ステーション,kajiso_vio,15:00:00,False,False,False,False,
shopping_30,2026-09-19,結ステーション,kajiso_vio,15:30:00,False,False,False,False,
shopping_30,2026-09-19,結ステーション,kajiso_vio,16:00:00,False,False,False,False,
shopping_30,2026-09-19,下庄小学校,kajiso_libre,08:00:00,True,True,False,False,0.0
shopping_30,2026-09-19,下庄小学校,kajiso_libre,08:30:00,True,True,False,False,0.0
shopping_30,2026-09-19,下庄小学校,kajiso_libre,09:00:00,True,True,False,False,0.0
shopping_30,2026-09-19,下庄小学校,kajiso_libre,09:30:00,True,True,False,False,0.0
shopping_30,2026-09-19,下庄小学校,kajiso_libre,10:00:00,True,True,False,False,0.0
shopping_30,2026-09-19,下庄小学校,kajiso_libre,10:30:00,True,True,False,False,0.0
shopping_30,2026-09-19,下庄小学校,kajiso_libre,11:00:00,True,True,False,False,0.0
shopping_30,2026-09-19,下庄小学校,kajiso_libre,11:30:00,True,True,False,False,0.0
shopping_30,2026-09-19,下庄小学校,kajiso_libre,12:00:00,True,True,False,False,0.0
shopping_30,2026-09-19,下庄小学校,kajiso_libre,12:30:00,True,True,False,False,0.0
shopping_30,2026-09-19,下庄小学校,kajiso_libre,13:00:00,True,True,False,False,0.0
shopping_30,2026-09-19,下庄小学校,kajiso_libre,13:30:00,False,False,False,False,
shopping_30,2026-09-19,下庄小学校,kajiso_libre,14:00:00,False,False,False,False,
shopping_30,2026-09-19,下庄小学校,kajiso_libre,14:30:00,False,False,False,False,
shopping_30,2026-09-19,下庄小学校,kajiso_libre,15:00:00,False,False,False,False,
shopping_30,2026-09-19,下庄小学校,kajiso_libre,15:30:00,False,False,False,False,
shopping_30,2026-09-19,下庄小学校,kajiso_libre,16:00:00,False,False,False,False,
shopping_30,2026-09-19,下庄小学校,kajiso_vio,08:00:00,True,True,False,False,0.0
shopping_30,2026-09-19,下庄小学校,kajiso_vio,08:30:00,True,True,False,False,0.0
shopping_30,2026-09-19,下庄小学校,kajiso_vio,09:00:00,True,True,False,False,0.0
shopping_30,2026-09-19,下庄小学校,kajiso_vio,09:30:00,True,True,False,False,0.0
shopping_30,2026-09-19,下庄小学校,kajiso_vio,10:00:00,True,True,False,False,0.0
shopping_30,2026-09-19,下庄小学校,kajiso_vio,10:30:00,True,True,False,False,0.0
shopping_30,2026-09-19,下庄小学校,kajiso_vio,11:00:00,True,True,False,False,0.0
shopping_30,2026-09-19,下庄小学校,kajiso_vio,11:30:00,True,True,False,False,0.0
shopping_30,2026-09-19,下庄小学校,kajiso_vio,12:00:00,True,True,False,False,0.0
shopping_30,2026-09-19,下庄小学校,kajiso_vio,12:30:00,True,True,False,False,0.0
shopping_30,2026-09-19,下庄小学校,kajiso_vio,13:00:00,True,True,False,False,0.0
shopping_30,2026-09-19,下庄小学校,kajiso_vio,13:30:00,False,False,False,False,
shopping_30,2026-09-19,下庄小学校,kajiso_vio,14:00:00,False,False,False,False,
shopping_30,2026-09-19,下庄小学校,kajiso_vio,14:30:00,False,False,False,False,
shopping_30,2026-09-19,下庄小学校,kajiso_vio,15:00:00,False,False,False,False,
shopping_30,2026-09-19,下庄小学校,kajiso_vio,15:30:00,False,False,False,False,
shopping_30,2026-09-19,下庄小学校,kajiso_vio,16:00:00,False,False,False,False,
shopping_30,2026-09-19,青少年教育センター,kajiso_libre,08:00:00,True,True,False,False,0.0
shopping_30,2026-09-19,青少年教育センター,kajiso_libre,08:30:00,True,True,False,False,0.0
shopping_30,2026-09-19,青少年教育センター,kajiso_libre,09:00:00,True,True,True,True,0.0
shopping_30,2026-09-19,青少年教育センター,kajiso_libre,09:30:00,True,True,True,True,0.0
shopping_30,2026-09-19,青少年教育センター,kajiso_libre,10:00:00,True,True,False,False,0.0
shopping_30,2026-09-19,青少年教育センター,kajiso_libre,10:30:00,True,True,False,False,0.0
shopping_30,2026-09-19,青少年教育センター,kajiso_libre,11:00:00,True,True,False,False,0.0
shopping_30,2026-09-19,青少年教育センター,kajiso_libre,11:30:00,True,True,False,False,0.0
shopping_30,2026-09-19,青少年教育センター,kajiso_libre,12:00:00,True,True,False,False,0.0
shopping_30,2026-09-19,青少年教育センター,kajiso_libre,12:30:00,True,True,False,False,0.0
shopping_30,2026-09-19,青少年教育センター,kajiso_libre,13:00:00,True,True,False,False,0.0
shopping_30,2026-09-19,青少年教育センター,kajiso_libre,13:30:00,False,False,False,False,
shopping_30,2026-09-19,青少年教育センター,kajiso_libre,14:00:00,False,False,False,False,
shopping_30,2026-09-19,青少年教育センター,kajiso_libre,14:30:00,False,False,False,False,
shopping_30,2026-09-19,青少年教育センター,kajiso_libre,15:00:00,False,False,False,False,
shopping_30,2026-09-19,青少年教育センター,kajiso_libre,15:30:00,False,False,False,False,
shopping_30,2026-09-19,青少年教育センター,kajiso_libre,16:00:00,False,False,False,False,
shopping_30,2026-09-19,青少年教育センター,kajiso_vio,08:00:00,True,True,False,False,0.0
shopping_30,2026-09-19,青少年教育センター,kajiso_vio,08:30:00,True,True,False,False,0.0
shopping_30,2026-09-19,青少年教育センター,kajiso_vio,09:00:00,True,True,True,True,0.0
shopping_30,2026-09-19,青少年教育センター,kajiso_vio,09:30:00,True,True,True,True,0.0
shopping_30,2026-09-19,青少年教育センター,kajiso_vio,10:00:00,True,True,False,False,0.0
shopping_30,2026-09-19,青少年教育センター,kajiso_vio,10:30:00,True,True,False,False,0.0
shopping_30,2026-09-19,青少年教育センター,kajiso_vio,11:00:00,True,True,False,False,0.0
shopping_30,2026-09-19,青少年教育センター,kajiso_vio,11:30:00,True,True,False,False,0.0
shopping_30,2026-09-19,青少年教育センター,kajiso_vio,12:00:00,True,True,False,False,0.0
shopping_30,2026-09-19,青少年教育センター,kajiso_vio,12:30:00,True,True,False,False,0.0
shopping_30,2026-09-19,青少年教育センター,kajiso_vio,13:00:00,True,True,False,False,0.0
shopping_30,2026-09-19,青少年教育センター,kajiso_vio,13:30:00,False,False,False,False,
shopping_30,2026-09-19,青少年教育センター,kajiso_vio,14:00:00,False,False,False,False,
shopping_30,2026-09-19,青少年教育センター,kajiso_vio,14:30:00,False,False,False,False,
shopping_30,2026-09-19,青少年教育センター,kajiso_vio,15:00:00,False,False,False,False,
shopping_30,2026-09-19,青少年教育センター,kajiso_vio,15:30:00,False,False,False,False,
shopping_30,2026-09-19,青少年教育センター,kajiso_vio,16:00:00,False,False,False,False,
shopping_30,2026-09-19,陽明中学校口,kajiso_libre,08:00:00,True,True,False,False,0.0
shopping_30,2026-09-19,陽明中学校口,kajiso_libre,08:30:00,True,True,False,False,0.0
shopping_30,2026-09-19,陽明中学校口,kajiso_libre,09:00:00,True,True,True,True,0.0
shopping_30,2026-09-19,陽明中学校口,kajiso_libre,09:30:00,True,True,True,True,0.0
shopping_30,2026-09-19,陽明中学校口,kajiso_libre,10:00:00,True,True,False,False,0.0
shopping_30,2026-09-19,陽明中学校口,kajiso_libre,10:30:00,True,True,False,False,0.0
shopping_30,2026-09-19,陽明中学校口,kajiso_libre,11:00:00,True,True,False,False,0.0
shopping_30,2026-09-19,陽明中学校口,kajiso_libre,11:30:00,True,True,False,False,0.0
shopping_30,2026-09-19,陽明中学校口,kajiso_libre,12:00:00,True,True,False,False,0.0
shopping_30,2026-09-19,陽明中学校口,kajiso_libre,12:30:00,True,True,False,False,0.0
shopping_30,2026-09-19,陽明中学校口,kajiso_libre,13:00:00,True,True,False,False,0.0
shopping_30,2026-09-19,陽明中学校口,kajiso_libre,13:30:00,False,False,False,False,
shopping_30,2026-09-19,陽明中学校口,kajiso_libre,14:00:00,False,False,False,False,
shopping_30,2026-09-19,陽明中学校口,kajiso_libre,14:30:00,False,False,False,False,
shopping_30,2026-09-19,陽明中学校口,kajiso_libre,15:00:00,False,False,False,False,
shopping_30,2026-09-19,陽明中学校口,kajiso_libre,15:30:00,False,False,False,False,
shopping_30,2026-09-19,陽明中学校口,kajiso_libre,16:00:00,False,False,False,False,
shopping_30,2026-09-19,陽明中学校口,kajiso_vio,08:00:00,True,True,False,False,0.0
shopping_30,2026-09-19,陽明中学校口,kajiso_vio,08:30:00,True,True,False,False,0.0
shopping_30,2026-09-19,陽明中学校口,kajiso_vio,09:00:00,True,True,True,True,0.0
shopping_30,2026-09-19,陽明中学校口,kajiso_vio,09:30:00,True,True,True,True,0.0
shopping_30,2026-09-19,陽明中学校口,kajiso_vio,10:00:00,True,True,False,False,0.0
shopping_30,2026-09-19,陽明中学校口,kajiso_vio,10:30:00,True,True,False,False,0.0
shopping_30,2026-09-19,陽明中学校口,kajiso_vio,11:00:00,True,True,False,False,0.0
shopping_30,2026-09-19,陽明中学校口,kajiso_vio,11:30:00,True,True,False,False,0.0
shopping_30,2026-09-19,陽明中学校口,kajiso_vio,12:00:00,True,True,False,False,0.0
shopping_30,2026-09-19,陽明中学校口,kajiso_vio,12:30:00,True,True,False,False,0.0
shopping_30,2026-09-19,陽明中学校口,kajiso_vio,13:00:00,True,True,False,False,0.0
shopping_30,2026-09-19,陽明中学校口,kajiso_vio,13:30:00,False,False,False,False,
shopping_30,2026-09-19,陽明中学校口,kajiso_vio,14:00:00,False,False,False,False,
shopping_30,2026-09-19,陽明中学校口,kajiso_vio,14:30:00,False,False,False,False,
shopping_30,2026-09-19,陽明中学校口,kajiso_vio,15:00:00,False,False,False,False,
shopping_30,2026-09-19,陽明中学校口,kajiso_vio,15:30:00,False,False,False,False,
shopping_30,2026-09-19,陽明中学校口,kajiso_vio,16:00:00,False,False,False,False,
shopping_30,2026-09-19,さくら公園,kajiso_libre,08:00:00,True,True,False,False,0.0
shopping_30,2026-09-19,さくら公園,kajiso_libre,08:30:00,True,True,False,False,0.0
shopping_30,2026-09-19,さくら公園,kajiso_libre,09:00:00,True,True,True,True,0.0
shopping_30,2026-09-19,さくら公園,kajiso_libre,09:30:00,True,True,True,True,0.0
shopping_30,2026-09-19,さくら公園,kajiso_libre,10:00:00,True,True,False,False,0.0
shopping_30,2026-09-19,さくら公園,kajiso_libre,10:30:00,True,True,False,False,0.0
shopping_30,2026-09-19,さくら公園,kajiso_libre,11:00:00,True,True,False,False,0.0
shopping_30,2026-09-19,さくら公園,kajiso_libre,11:30:00,True,True,False,False,0.0
shopping_30,2026-09-19,さくら公園,kajiso_libre,12:00:00,True,True,False,False,0.0
shopping_30,2026-09-19,さくら公園,kajiso_libre,12:30:00,True,True,False,False,0.0
shopping_30,2026-09-19,さくら公園,kajiso_libre,13:00:00,True,True,False,False,0.0
shopping_30,2026-09-19,さくら公園,kajiso_libre,13:30:00,False,False,False,False,
shopping_30,2026-09-19,さくら公園,kajiso_libre,14:00:00,False,False,False,False,
shopping_30,2026-09-19,さくら公園,kajiso_libre,14:30:00,False,False,False,False,
shopping_30,2026-09-19,さくら公園,kajiso_libre,15:00:00,False,False,False,False,
shopping_30,2026-09-19,さくら公園,kajiso_libre,15:30:00,False,False,False,False,
shopping_30,2026-09-19,さくら公園,kajiso_libre,16:00:00,False,False,False,False,
shopping_30,2026-09-19,さくら公園,kajiso_vio,08:00:00,True,True,False,False,0.0
shopping_30,2026-09-19,さくら公園,kajiso_vio,08:30:00,True,True,False,False,0.0
shopping_30,2026-09-19,さくら公園,kajiso_vio,09:00:00,True,True,True,True,0.0
shopping_30,2026-09-19,さくら公園,kajiso_vio,09:30:00,True,True,True,True,0.0
shopping_30,2026-09-19,さくら公園,kajiso_vio,10:00:00,True,True,False,False,0.0
shopping_30,2026-09-19,さくら公園,kajiso_vio,10:30:00,True,True,False,False,0.0
shopping_30,2026-09-19,さくら公園,kajiso_vio,11:00:00,True,True,False,False,0.0
shopping_30,2026-09-19,さくら公園,kajiso_vio,11:30:00,True,True,False,False,0.0
shopping_30,2026-09-19,さくら公園,kajiso_vio,12:00:00,True,True,False,False,0.0
shopping_30,2026-09-19,さくら公園,kajiso_vio,12:30:00,True,True,False,False,0.0
shopping_30,2026-09-19,さくら公園,kajiso_vio,13:00:00,True,True,False,False,0.0
shopping_30,2026-09-19,さくら公園,kajiso_vio,13:30:00,False,False,False,False,
shopping_30,2026-09-19,さくら公園,kajiso_vio,14:00:00,False,False,False,False,
shopping_30,2026-09-19,さくら公園,kajiso_vio,14:30:00,False,False,False,False,
shopping_30,2026-09-19,さくら公園,kajiso_vio,15:00:00,False,False,False,False,
shopping_30,2026-09-19,さくら公園,kajiso_vio,15:30:00,False,False,False,False,
shopping_30,2026-09-19,さくら公園,kajiso_vio,16:00:00,False,False,False,False,
shopping_30,2026-09-19,わかくさ,kajiso_libre,08:00:00,True,True,False,False,0.0
shopping_30,2026-09-19,わかくさ,kajiso_libre,08:30:00,True,True,False,False,0.0
shopping_30,2026-09-19,わかくさ,kajiso_libre,09:00:00,True,True,False,False,0.0
shopping_30,2026-09-19,わかくさ,kajiso_libre,09:30:00,True,True,False,False,0.0
shopping_30,2026-09-19,わかくさ,kajiso_libre,10:00:00,True,True,False,False,0.0
shopping_30,2026-09-19,わかくさ,kajiso_libre,10:30:00,True,True,False,False,0.0
shopping_30,2026-09-19,わかくさ,kajiso_libre,11:00:00,True,True,True,True,0.0
shopping_30,2026-09-19,わかくさ,kajiso_libre,11:30:00,True,True,True,True,0.0
shopping_30,2026-09-19,わかくさ,kajiso_libre,12:00:00,False,False,False,False,
shopping_30,2026-09-19,わかくさ,kajiso_libre,12:30:00,False,False,False,False,
shopping_30,2026-09-19,わかくさ,kajiso_libre,13:00:00,False,False,False,False,
shopping_30,2026-09-19,わかくさ,kajiso_libre,13:30:00,False,False,False,False,
shopping_30,2026-09-19,わかくさ,kajiso_libre,14:00:00,False,False,False,False,
shopping_30,2026-09-19,わかくさ,kajiso_libre,14:30:00,False,False,False,False,
shopping_30,2026-09-19,わかくさ,kajiso_libre,15:00:00,False,False,False,False,
shopping_30,2026-09-19,わかくさ,kajiso_libre,15:30:00,False,False,False,False,
shopping_30,2026-09-19,わかくさ,kajiso_libre,16:00:00,False,False,False,False,
shopping_30,2026-09-19,わかくさ,kajiso_vio,08:00:00,True,True,False,False,0.0
shopping_30,2026-09-19,わかくさ,kajiso_vio,08:30:00,True,True,False,False,0.0
shopping_30,2026-09-19,わかくさ,kajiso_vio,09:00:00,True,True,True,True,0.0
shopping_30,2026-09-19,わかくさ,kajiso_vio,09:30:00,True,True,True,True,0.0
shopping_30,2026-09-19,わかくさ,kajiso_vio,10:00:00,True,True,False,False,0.0
shopping_30,2026-09-19,わかくさ,kajiso_vio,10:30:00,True,True,False,False,0.0
shopping_30,2026-09-19,わかくさ,kajiso_vio,11:00:00,True,True,False,False,0.0
shopping_30,2026-09-19,わかくさ,kajiso_vio,11:30:00,True,True,False,False,0.0
shopping_30,2026-09-19,わかくさ,kajiso_vio,12:00:00,True,True,False,False,0.0
shopping_30,2026-09-19,わかくさ,kajiso_vio,12:30:00,True,True,False,False,0.0
shopping_30,2026-09-19,わかくさ,kajiso_vio,13:00:00,True,True,False,False,0.0
shopping_30,2026-09-19,わかくさ,kajiso_vio,13:30:00,False,False,False,False,
shopping_30,2026-09-19,わかくさ,kajiso_vio,14:00:00,False,False,False,False,
shopping_30,2026-09-19,わかくさ,kajiso_vio,14:30:00,False,False,False,False,
shopping_30,2026-09-19,わかくさ,kajiso_vio,15:00:00,False,False,False,False,
shopping_30,2026-09-19,わかくさ,kajiso_vio,15:30:00,False,False,False,False,
shopping_30,2026-09-19,わかくさ,kajiso_vio,16:00:00,False,False,False,False,
shopping_30,2026-09-19,篠座,kajiso_libre,08:00:00,True,True,False,False,0.0
shopping_30,2026-09-19,篠座,kajiso_libre,08:30:00,True,True,False,False,0.0
shopping_30,2026-09-19,篠座,kajiso_libre,09:00:00,True,True,False,False,0.0
shopping_30,2026-09-19,篠座,kajiso_libre,09:30:00,True,True,False,False,0.0
shopping_30,2026-09-19,篠座,kajiso_libre,10:00:00,True,True,False,False,0.0
shopping_30,2026-09-19,篠座,kajiso_libre,10:30:00,True,True,False,False,0.0
shopping_30,2026-09-19,篠座,kajiso_libre,11:00:00,True,True,False,False,0.0
shopping_30,2026-09-19,篠座,kajiso_libre,11:30:00,False,False,False,False,
shopping_30,2026-09-19,篠座,kajiso_libre,12:00:00,False,False,False,False,
shopping_30,2026-09-19,篠座,kajiso_libre,12:30:00,False,False,False,False,
shopping_30,2026-09-19,篠座,kajiso_libre,13:00:00,False,False,False,False,
shopping_30,2026-09-19,篠座,kajiso_libre,13:30:00,False,False,False,False,
shopping_30,2026-09-19,篠座,kajiso_libre,14:00:00,False,False,False,False,
shopping_30,2026-09-19,篠座,kajiso_libre,14:30:00,False,False,False,False,
shopping_30,2026-09-19,篠座,kajiso_libre,15:00:00,False,False,False,False,
shopping_30,2026-09-19,篠座,kajiso_libre,15:30:00,False,False,False,False,
shopping_30,2026-09-19,篠座,kajiso_libre,16:00:00,False,False,False,False,
shopping_30,2026-09-19,篠座,kajiso_vio,08:00:00,True,True,False,False,0.0
shopping_30,2026-09-19,篠座,kajiso_vio,08:30:00,True,True,False,False,0.0
shopping_30,2026-09-19,篠座,kajiso_vio,09:00:00,True,True,False,False,0.0
shopping_30,2026-09-19,篠座,kajiso_vio,09:30:00,True,True,False,False,0.0
shopping_30,2026-09-19,篠座,kajiso_vio,10:00:00,True,True,False,False,0.0
shopping_30,2026-09-19,篠座,kajiso_vio,10:30:00,True,True,False,False,0.0
shopping_30,2026-09-19,篠座,kajiso_vio,11:00:00,True,True,False,False,0.0
shopping_30,2026-09-19,篠座,kajiso_vio,11:30:00,False,False,False,False,
shopping_30,2026-09-19,篠座,kajiso_vio,12:00:00,False,False,False,False,
shopping_30,2026-09-19,篠座,kajiso_vio,12:30:00,False,False,False,False,
shopping_30,2026-09-19,篠座,kajiso_vio,13:00:00,False,False,False,False,
shopping_30,2026-09-19,篠座,kajiso_vio,13:30:00,False,False,False,False,
shopping_30,2026-09-19,篠座,kajiso_vio,14:00:00,False,False,False,False,
shopping_30,2026-09-19,篠座,kajiso_vio,14:30:00,False,False,False,False,
shopping_30,2026-09-19,篠座,kajiso_vio,15:00:00,False,False,False,False,
shopping_30,2026-09-19,篠座,kajiso_vio,15:30:00,False,False,False,False,
shopping_30,2026-09-19,篠座,kajiso_vio,16:00:00,False,False,False,False,
shopping_30,2026-09-19,いなほこども園,kajiso_libre,08:00:00,True,True,False,False,0.0
shopping_30,2026-09-19,いなほこども園,kajiso_libre,08:30:00,True,True,False,False,0.0
shopping_30,2026-09-19,いなほこども園,kajiso_libre,09:00:00,True,True,False,False,0.0
shopping_30,2026-09-19,いなほこども園,kajiso_libre,09:30:00,True,True,False,False,0.0
shopping_30,2026-09-19,いなほこども園,kajiso_libre,10:00:00,True,True,False,False,0.0
shopping_30,2026-09-19,いなほこども園,kajiso_libre,10:30:00,True,True,False,False,0.0
shopping_30,2026-09-19,いなほこども園,kajiso_libre,11:00:00,True,True,False,False,0.0
shopping_30,2026-09-19,いなほこども園,kajiso_libre,11:30:00,False,False,False,False,
shopping_30,2026-09-19,いなほこども園,kajiso_libre,12:00:00,False,False,False,False,
shopping_30,2026-09-19,いなほこども園,kajiso_libre,12:30:00,False,False,False,False,
shopping_30,2026-09-19,いなほこども園,kajiso_libre,13:00:00,False,False,False,False,
shopping_30,2026-09-19,いなほこども園,kajiso_libre,13:30:00,False,False,False,False,
shopping_30,2026-09-19,いなほこども園,kajiso_libre,14:00:00,False,False,False,False,
shopping_30,2026-09-19,いなほこども園,kajiso_libre,14:30:00,False,False,False,False,
shopping_30,2026-09-19,いなほこども園,kajiso_libre,15:00:00,False,False,False,False,
shopping_30,2026-09-19,いなほこども園,kajiso_libre,15:30:00,False,False,False,False,
shopping_30,2026-09-19,いなほこども園,kajiso_libre,16:00:00,False,False,False,False,
shopping_30,2026-09-19,いなほこども園,kajiso_vio,08:00:00,True,True,False,False,0.0
shopping_30,2026-09-19,いなほこども園,kajiso_vio,08:30:00,True,True,False,False,0.0
shopping_30,2026-09-19,いなほこども園,kajiso_vio,09:00:00,True,True,False,False,0.0
shopping_30,2026-09-19,いなほこども園,kajiso_vio,09:30:00,True,True,False,False,0.0
shopping_30,2026-09-19,いなほこども園,kajiso_vio,10:00:00,True,True,False,False,0.0
shopping_30,2026-09-19,いなほこども園,kajiso_vio,10:30:00,True,True,False,False,0.0
shopping_30,2026-09-19,いなほこども園,kajiso_vio,11:00:00,True,True,False,False,0.0
shopping_30,2026-09-19,いなほこども園,kajiso_vio,11:30:00,False,False,False,False,
shopping_30,2026-09-19,いなほこども園,kajiso_vio,12:00:00,False,False,False,False,
shopping_30,2026-09-19,いなほこども園,kajiso_vio,12:30:00,False,False,False,False,
shopping_30,2026-09-19,いなほこども園,kajiso_vio,13:00:00,False,False,False,False,
shopping_30,2026-09-19,いなほこども園,kajiso_vio,13:30:00,False,False,False,False,
shopping_30,2026-09-19,いなほこども園,kajiso_vio,14:00:00,False,False,False,False,
shopping_30,2026-09-19,いなほこども園,kajiso_vio,14:30:00,False,False,False,False,
shopping_30,2026-09-19,いなほこども園,kajiso_vio,15:00:00,False,False,False,False,
shopping_30,2026-09-19,いなほこども園,kajiso_vio,15:30:00,False,False,False,False,
shopping_30,2026-09-19,いなほこども園,kajiso_vio,16:00:00,False,False,False,False,
shopping_30,2026-09-19,童子丸郵便局口,kajiso_libre,08:00:00,True,True,False,False,0.0
shopping_30,2026-09-19,童子丸郵便局口,kajiso_libre,08:30:00,True,True,False,False,0.0
shopping_30,2026-09-19,童子丸郵便局口,kajiso_libre,09:00:00,True,True,False,False,0.0
shopping_30,2026-09-19,童子丸郵便局口,kajiso_libre,09:30:00,True,True,False,False,0.0
shopping_30,2026-09-19,童子丸郵便局口,kajiso_libre,10:00:00,True,True,False,False,0.0
shopping_30,2026-09-19,童子丸郵便局口,kajiso_libre,10:30:00,True,True,False,False,0.0
shopping_30,2026-09-19,童子丸郵便局口,kajiso_libre,11:00:00,False,False,False,False,
shopping_30,2026-09-19,童子丸郵便局口,kajiso_libre,11:30:00,False,False,False,False,
shopping_30,2026-09-19,童子丸郵便局口,kajiso_libre,12:00:00,False,False,False,False,
shopping_30,2026-09-19,童子丸郵便局口,kajiso_libre,12:30:00,False,False,False,False,
shopping_30,2026-09-19,童子丸郵便局口,kajiso_libre,13:00:00,False,False,False,False,
shopping_30,2026-09-19,童子丸郵便局口,kajiso_libre,13:30:00,False,False,False,False,
shopping_30,2026-09-19,童子丸郵便局口,kajiso_libre,14:00:00,False,False,False,False,
shopping_30,2026-09-19,童子丸郵便局口,kajiso_libre,14:30:00,False,False,False,False,
shopping_30,2026-09-19,童子丸郵便局口,kajiso_libre,15:00:00,False,False,False,False,
shopping_30,2026-09-19,童子丸郵便局口,kajiso_libre,15:30:00,False,False,False,False,
shopping_30,2026-09-19,童子丸郵便局口,kajiso_libre,16:00:00,False,False,False,False,
shopping_30,2026-09-19,童子丸郵便局口,kajiso_vio,08:00:00,True,True,False,False,0.0
shopping_30,2026-09-19,童子丸郵便局口,kajiso_vio,08:30:00,True,True,False,False,0.0
shopping_30,2026-09-19,童子丸郵便局口,kajiso_vio,09:00:00,True,True,False,False,0.0
shopping_30,2026-09-19,童子丸郵便局口,kajiso_vio,09:30:00,True,True,False,False,0.0
shopping_30,2026-09-19,童子丸郵便局口,kajiso_vio,10:00:00,True,True,False,False,0.0
shopping_30,2026-09-19,童子丸郵便局口,kajiso_vio,10:30:00,True,True,False,False,0.0
shopping_30,2026-09-19,童子丸郵便局口,kajiso_vio,11:00:00,False,False,False,False,
shopping_30,2026-09-19,童子丸郵便局口,kajiso_vio,11:30:00,False,False,False,False,
shopping_30,2026-09-19,童子丸郵便局口,kajiso_vio,12:00:00,False,False,False,False,
shopping_30,2026-09-19,童子丸郵便局口,kajiso_vio,12:30:00,False,False,False,False,
shopping_30,2026-09-19,童子丸郵便局口,kajiso_vio,13:00:00,False,False,False,False,
shopping_30,2026-09-19,童子丸郵便局口,kajiso_vio,13:30:00,False,False,False,False,
shopping_30,2026-09-19,童子丸郵便局口,kajiso_vio,14:00:00,False,False,False,False,
shopping_30,2026-09-19,童子丸郵便局口,kajiso_vio,14:30:00,False,False,False,False,
shopping_30,2026-09-19,童子丸郵便局口,kajiso_vio,15:00:00,False,False,False,False,
shopping_30,2026-09-19,童子丸郵便局口,kajiso_vio,15:30:00,False,False,False,False,
shopping_30,2026-09-19,童子丸郵便局口,kajiso_vio,16:00:00,False,False,False,False,
shopping_60,2026-09-15,越前大野駅,kajiso_libre,08:00:00,True,True,False,False,0.0
shopping_60,2026-09-15,越前大野駅,kajiso_libre,08:30:00,True,True,False,False,0.0
shopping_60,2026-09-15,越前大野駅,kajiso_libre,09:00:00,True,True,True,True,0.0
shopping_60,2026-09-15,越前大野駅,kajiso_libre,09:30:00,True,True,True,True,0.0
shopping_60,2026-09-15,越前大野駅,kajiso_libre,10:00:00,True,True,False,False,0.0
shopping_60,2026-09-15,越前大野駅,kajiso_libre,10:30:00,True,True,False,False,0.0
shopping_60,2026-09-15,越前大野駅,kajiso_libre,11:00:00,True,True,True,True,0.0
shopping_60,2026-09-15,越前大野駅,kajiso_libre,11:30:00,True,True,True,True,0.0
shopping_60,2026-09-15,越前大野駅,kajiso_libre,12:00:00,True,True,False,False,0.0
shopping_60,2026-09-15,越前大野駅,kajiso_libre,12:30:00,True,True,False,False,0.0
shopping_60,2026-09-15,越前大野駅,kajiso_libre,13:00:00,True,True,False,False,0.0
shopping_60,2026-09-15,越前大野駅,kajiso_libre,13:30:00,True,True,True,True,0.0
shopping_60,2026-09-15,越前大野駅,kajiso_libre,14:00:00,False,False,False,False,
shopping_60,2026-09-15,越前大野駅,kajiso_libre,14:30:00,False,False,False,False,
shopping_60,2026-09-15,越前大野駅,kajiso_libre,15:00:00,False,False,False,False,
shopping_60,2026-09-15,越前大野駅,kajiso_libre,15:30:00,False,False,False,False,
shopping_60,2026-09-15,越前大野駅,kajiso_libre,16:00:00,False,False,False,False,
shopping_60,2026-09-15,越前大野駅,kajiso_vio,08:00:00,True,True,False,False,0.0
shopping_60,2026-09-15,越前大野駅,kajiso_vio,08:30:00,True,True,False,False,0.0
shopping_60,2026-09-15,越前大野駅,kajiso_vio,09:00:00,True,True,True,True,0.0
shopping_60,2026-09-15,越前大野駅,kajiso_vio,09:30:00,True,True,True,True,47.0
shopping_60,2026-09-15,越前大野駅,kajiso_vio,10:00:00,True,True,False,False,0.0
shopping_60,2026-09-15,越前大野駅,kajiso_vio,10:30:00,True,True,False,False,0.0
shopping_60,2026-09-15,越前大野駅,kajiso_vio,11:00:00,True,True,True,True,0.0
shopping_60,2026-09-15,越前大野駅,kajiso_vio,11:30:00,True,True,True,True,0.0
shopping_60,2026-09-15,越前大野駅,kajiso_vio,12:00:00,True,True,False,False,0.0
shopping_60,2026-09-15,越前大野駅,kajiso_vio,12:30:00,True,True,False,False,0.0
shopping_60,2026-09-15,越前大野駅,kajiso_vio,13:00:00,True,True,False,False,0.0
shopping_60,2026-09-15,越前大野駅,kajiso_vio,13:30:00,True,True,True,True,0.0
shopping_60,2026-09-15,越前大野駅,kajiso_vio,14:00:00,False,False,False,False,
shopping_60,2026-09-15,越前大野駅,kajiso_vio,14:30:00,False,False,False,False,
shopping_60,2026-09-15,越前大野駅,kajiso_vio,15:00:00,False,False,False,False,
shopping_60,2026-09-15,越前大野駅,kajiso_vio,15:30:00,False,False,False,False,
shopping_60,2026-09-15,越前大野駅,kajiso_vio,16:00:00,False,False,False,False,
shopping_60,2026-09-15,結ステーション,kajiso_libre,08:00:00,True,True,False,False,0.0
shopping_60,2026-09-15,結ステーション,kajiso_libre,08:30:00,True,True,False,False,0.0
shopping_60,2026-09-15,結ステーション,kajiso_libre,09:00:00,True,True,True,True,0.0
shopping_60,2026-09-15,結ステーション,kajiso_libre,09:30:00,True,True,True,True,0.0
shopping_60,2026-09-15,結ステーション,kajiso_libre,10:00:00,True,True,False,False,0.0
shopping_60,2026-09-15,結ステーション,kajiso_libre,10:30:00,True,True,False,False,0.0
shopping_60,2026-09-15,結ステーション,kajiso_libre,11:00:00,True,True,True,True,0.0
shopping_60,2026-09-15,結ステーション,kajiso_libre,11:30:00,True,True,False,False,0.0
shopping_60,2026-09-15,結ステーション,kajiso_libre,12:00:00,True,True,False,False,0.0
shopping_60,2026-09-15,結ステーション,kajiso_libre,12:30:00,True,True,False,False,0.0
shopping_60,2026-09-15,結ステーション,kajiso_libre,13:00:00,True,True,False,False,0.0
shopping_60,2026-09-15,結ステーション,kajiso_libre,13:30:00,False,False,False,False,
shopping_60,2026-09-15,結ステーション,kajiso_libre,14:00:00,False,False,False,False,
shopping_60,2026-09-15,結ステーション,kajiso_libre,14:30:00,False,False,False,False,
shopping_60,2026-09-15,結ステーション,kajiso_libre,15:00:00,False,False,False,False,
shopping_60,2026-09-15,結ステーション,kajiso_libre,15:30:00,False,False,False,False,
shopping_60,2026-09-15,結ステーション,kajiso_libre,16:00:00,False,False,False,False,
shopping_60,2026-09-15,結ステーション,kajiso_vio,08:00:00,True,True,False,False,124.0
shopping_60,2026-09-15,結ステーション,kajiso_vio,08:30:00,True,True,True,False,124.0
shopping_60,2026-09-15,結ステーション,kajiso_vio,09:00:00,True,True,True,False,124.0
shopping_60,2026-09-15,結ステーション,kajiso_vio,09:30:00,True,True,True,False,124.0
shopping_60,2026-09-15,結ステーション,kajiso_vio,10:00:00,True,True,True,False,124.0
shopping_60,2026-09-15,結ステーション,kajiso_vio,10:30:00,True,True,False,False,0.0
shopping_60,2026-09-15,結ステーション,kajiso_vio,11:00:00,True,True,True,True,0.0
shopping_60,2026-09-15,結ステーション,kajiso_vio,11:30:00,True,True,True,True,0.0
shopping_60,2026-09-15,結ステーション,kajiso_vio,12:00:00,True,True,False,False,0.0
shopping_60,2026-09-15,結ステーション,kajiso_vio,12:30:00,True,True,False,False,0.0
shopping_60,2026-09-15,結ステーション,kajiso_vio,13:00:00,True,True,True,True,0.0
shopping_60,2026-09-15,結ステーション,kajiso_vio,13:30:00,True,True,True,True,0.0
shopping_60,2026-09-15,結ステーション,kajiso_vio,14:00:00,False,False,False,False,
shopping_60,2026-09-15,結ステーション,kajiso_vio,14:30:00,False,False,False,False,
shopping_60,2026-09-15,結ステーション,kajiso_vio,15:00:00,False,False,False,False,
shopping_60,2026-09-15,結ステーション,kajiso_vio,15:30:00,False,False,False,False,
shopping_60,2026-09-15,結ステーション,kajiso_vio,16:00:00,False,False,False,False,
shopping_60,2026-09-15,下庄小学校,kajiso_libre,08:00:00,True,True,False,False,0.0
shopping_60,2026-09-15,下庄小学校,kajiso_libre,08:30:00,True,True,False,False,0.0
shopping_60,2026-09-15,下庄小学校,kajiso_libre,09:00:00,True,True,False,False,0.0
shopping_60,2026-09-15,下庄小学校,kajiso_libre,09:30:00,True,True,False,False,0.0
shopping_60,2026-09-15,下庄小学校,kajiso_libre,10:00:00,True,True,False,False,0.0
shopping_60,2026-09-15,下庄小学校,kajiso_libre,10:30:00,True,True,False,False,0.0
shopping_60,2026-09-15,下庄小学校,kajiso_libre,11:00:00,True,True,False,False,0.0
shopping_60,2026-09-15,下庄小学校,kajiso_libre,11:30:00,True,True,False,False,0.0
shopping_60,2026-09-15,下庄小学校,kajiso_libre,12:00:00,True,True,False,False,0.0
shopping_60,2026-09-15,下庄小学校,kajiso_libre,12:30:00,True,True,False,False,0.0
shopping_60,2026-09-15,下庄小学校,kajiso_libre,13:00:00,True,True,False,False,0.0
shopping_60,2026-09-15,下庄小学校,kajiso_libre,13:30:00,False,False,False,False,
shopping_60,2026-09-15,下庄小学校,kajiso_libre,14:00:00,False,False,False,False,
shopping_60,2026-09-15,下庄小学校,kajiso_libre,14:30:00,False,False,False,False,
shopping_60,2026-09-15,下庄小学校,kajiso_libre,15:00:00,False,False,False,False,
shopping_60,2026-09-15,下庄小学校,kajiso_libre,15:30:00,False,False,False,False,
shopping_60,2026-09-15,下庄小学校,kajiso_libre,16:00:00,False,False,False,False,
shopping_60,2026-09-15,下庄小学校,kajiso_vio,08:00:00,True,True,False,False,127.0
shopping_60,2026-09-15,下庄小学校,kajiso_vio,08:30:00,True,True,False,False,127.0
shopping_60,2026-09-15,下庄小学校,kajiso_vio,09:00:00,True,True,False,False,127.0
shopping_60,2026-09-15,下庄小学校,kajiso_vio,09:30:00,True,True,False,False,0.0
shopping_60,2026-09-15,下庄小学校,kajiso_vio,10:00:00,True,True,False,False,0.0
shopping_60,2026-09-15,下庄小学校,kajiso_vio,10:30:00,True,True,False,False,0.0
shopping_60,2026-09-15,下庄小学校,kajiso_vio,11:00:00,True,True,False,False,0.0
shopping_60,2026-09-15,下庄小学校,kajiso_vio,11:30:00,True,True,False,False,0.0
shopping_60,2026-09-15,下庄小学校,kajiso_vio,12:00:00,True,True,False,False,0.0
shopping_60,2026-09-15,下庄小学校,kajiso_vio,12:30:00,True,True,False,False,0.0
shopping_60,2026-09-15,下庄小学校,kajiso_vio,13:00:00,True,True,False,False,0.0
shopping_60,2026-09-15,下庄小学校,kajiso_vio,13:30:00,False,False,False,False,
shopping_60,2026-09-15,下庄小学校,kajiso_vio,14:00:00,False,False,False,False,
shopping_60,2026-09-15,下庄小学校,kajiso_vio,14:30:00,False,False,False,False,
shopping_60,2026-09-15,下庄小学校,kajiso_vio,15:00:00,False,False,False,False,
shopping_60,2026-09-15,下庄小学校,kajiso_vio,15:30:00,False,False,False,False,
shopping_60,2026-09-15,下庄小学校,kajiso_vio,16:00:00,False,False,False,False,
shopping_60,2026-09-15,青少年教育センター,kajiso_libre,08:00:00,True,True,False,False,0.0
shopping_60,2026-09-15,青少年教育センター,kajiso_libre,08:30:00,True,True,False,False,0.0
shopping_60,2026-09-15,青少年教育センター,kajiso_libre,09:00:00,True,True,True,True,0.0
shopping_60,2026-09-15,青少年教育センター,kajiso_libre,09:30:00,True,True,True,True,0.0
shopping_60,2026-09-15,青少年教育センター,kajiso_libre,10:00:00,True,True,False,False,0.0
shopping_60,2026-09-15,青少年教育センター,kajiso_libre,10:30:00,True,True,False,False,0.0
shopping_60,2026-09-15,青少年教育センター,kajiso_libre,11:00:00,True,True,False,False,0.0
shopping_60,2026-09-15,青少年教育センター,kajiso_libre,11:30:00,True,True,False,False,0.0
shopping_60,2026-09-15,青少年教育センター,kajiso_libre,12:00:00,True,True,False,False,0.0
shopping_60,2026-09-15,青少年教育センター,kajiso_libre,12:30:00,True,True,False,False,0.0
shopping_60,2026-09-15,青少年教育センター,kajiso_libre,13:00:00,True,True,False,False,0.0
shopping_60,2026-09-15,青少年教育センター,kajiso_libre,13:30:00,False,False,False,False,
shopping_60,2026-09-15,青少年教育センター,kajiso_libre,14:00:00,False,False,False,False,
shopping_60,2026-09-15,青少年教育センター,kajiso_libre,14:30:00,False,False,False,False,
shopping_60,2026-09-15,青少年教育センター,kajiso_libre,15:00:00,False,False,False,False,
shopping_60,2026-09-15,青少年教育センター,kajiso_libre,15:30:00,False,False,False,False,
shopping_60,2026-09-15,青少年教育センター,kajiso_libre,16:00:00,False,False,False,False,
shopping_60,2026-09-15,青少年教育センター,kajiso_vio,08:00:00,True,True,False,False,127.0
shopping_60,2026-09-15,青少年教育センター,kajiso_vio,08:30:00,True,True,False,False,127.0
shopping_60,2026-09-15,青少年教育センター,kajiso_vio,09:00:00,True,True,True,False,127.0
shopping_60,2026-09-15,青少年教育センター,kajiso_vio,09:30:00,True,True,True,False,127.0
shopping_60,2026-09-15,青少年教育センター,kajiso_vio,10:00:00,True,True,False,False,0.0
shopping_60,2026-09-15,青少年教育センター,kajiso_vio,10:30:00,True,True,False,False,0.0
shopping_60,2026-09-15,青少年教育センター,kajiso_vio,11:00:00,True,True,False,False,0.0
shopping_60,2026-09-15,青少年教育センター,kajiso_vio,11:30:00,True,True,False,False,0.0
shopping_60,2026-09-15,青少年教育センター,kajiso_vio,12:00:00,True,True,False,False,0.0
shopping_60,2026-09-15,青少年教育センター,kajiso_vio,12:30:00,True,True,False,False,0.0
shopping_60,2026-09-15,青少年教育センター,kajiso_vio,13:00:00,True,True,False,False,0.0
shopping_60,2026-09-15,青少年教育センター,kajiso_vio,13:30:00,False,False,False,False,
shopping_60,2026-09-15,青少年教育センター,kajiso_vio,14:00:00,False,False,False,False,
shopping_60,2026-09-15,青少年教育センター,kajiso_vio,14:30:00,False,False,False,False,
shopping_60,2026-09-15,青少年教育センター,kajiso_vio,15:00:00,False,False,False,False,
shopping_60,2026-09-15,青少年教育センター,kajiso_vio,15:30:00,False,False,False,False,
shopping_60,2026-09-15,青少年教育センター,kajiso_vio,16:00:00,False,False,False,False,
shopping_60,2026-09-15,陽明中学校口,kajiso_libre,08:00:00,True,True,False,False,0.0
shopping_60,2026-09-15,陽明中学校口,kajiso_libre,08:30:00,True,True,False,False,0.0
shopping_60,2026-09-15,陽明中学校口,kajiso_libre,09:00:00,True,True,True,True,0.0
shopping_60,2026-09-15,陽明中学校口,kajiso_libre,09:30:00,True,True,True,True,0.0
shopping_60,2026-09-15,陽明中学校口,kajiso_libre,10:00:00,True,True,False,False,0.0
shopping_60,2026-09-15,陽明中学校口,kajiso_libre,10:30:00,True,True,False,False,0.0
shopping_60,2026-09-15,陽明中学校口,kajiso_libre,11:00:00,True,True,True,True,0.0
shopping_60,2026-09-15,陽明中学校口,kajiso_libre,11:30:00,True,True,False,False,0.0
shopping_60,2026-09-15,陽明中学校口,kajiso_libre,12:00:00,True,True,False,False,0.0
shopping_60,2026-09-15,陽明中学校口,kajiso_libre,12:30:00,True,True,False,False,0.0
shopping_60,2026-09-15,陽明中学校口,kajiso_libre,13:00:00,True,True,False,False,0.0
shopping_60,2026-09-15,陽明中学校口,kajiso_libre,13:30:00,False,False,False,False,
shopping_60,2026-09-15,陽明中学校口,kajiso_libre,14:00:00,False,False,False,False,
shopping_60,2026-09-15,陽明中学校口,kajiso_libre,14:30:00,False,False,False,False,
shopping_60,2026-09-15,陽明中学校口,kajiso_libre,15:00:00,False,False,False,False,
shopping_60,2026-09-15,陽明中学校口,kajiso_libre,15:30:00,False,False,False,False,
shopping_60,2026-09-15,陽明中学校口,kajiso_libre,16:00:00,False,False,False,False,
shopping_60,2026-09-15,陽明中学校口,kajiso_vio,08:00:00,True,True,False,False,127.0
shopping_60,2026-09-15,陽明中学校口,kajiso_vio,08:30:00,True,True,False,False,127.0
shopping_60,2026-09-15,陽明中学校口,kajiso_vio,09:00:00,True,True,True,False,127.0
shopping_60,2026-09-15,陽明中学校口,kajiso_vio,09:30:00,True,True,True,False,127.0
shopping_60,2026-09-15,陽明中学校口,kajiso_vio,10:00:00,True,True,False,False,0.0
shopping_60,2026-09-15,陽明中学校口,kajiso_vio,10:30:00,True,True,False,False,0.0
shopping_60,2026-09-15,陽明中学校口,kajiso_vio,11:00:00,True,True,True,True,0.0
shopping_60,2026-09-15,陽明中学校口,kajiso_vio,11:30:00,True,True,False,False,0.0
shopping_60,2026-09-15,陽明中学校口,kajiso_vio,12:00:00,True,True,False,False,0.0
shopping_60,2026-09-15,陽明中学校口,kajiso_vio,12:30:00,True,True,False,False,0.0
shopping_60,2026-09-15,陽明中学校口,kajiso_vio,13:00:00,True,True,False,False,0.0
shopping_60,2026-09-15,陽明中学校口,kajiso_vio,13:30:00,False,False,False,False,
shopping_60,2026-09-15,陽明中学校口,kajiso_vio,14:00:00,False,False,False,False,
shopping_60,2026-09-15,陽明中学校口,kajiso_vio,14:30:00,False,False,False,False,
shopping_60,2026-09-15,陽明中学校口,kajiso_vio,15:00:00,False,False,False,False,
shopping_60,2026-09-15,陽明中学校口,kajiso_vio,15:30:00,False,False,False,False,
shopping_60,2026-09-15,陽明中学校口,kajiso_vio,16:00:00,False,False,False,False,
shopping_60,2026-09-15,さくら公園,kajiso_libre,08:00:00,True,True,False,False,0.0
shopping_60,2026-09-15,さくら公園,kajiso_libre,08:30:00,True,True,False,False,0.0
shopping_60,2026-09-15,さくら公園,kajiso_libre,09:00:00,True,True,True,True,0.0
shopping_60,2026-09-15,さくら公園,kajiso_libre,09:30:00,True,True,True,True,0.0
shopping_60,2026-09-15,さくら公園,kajiso_libre,10:00:00,True,True,False,False,0.0
shopping_60,2026-09-15,さくら公園,kajiso_libre,10:30:00,True,True,False,False,0.0
shopping_60,2026-09-15,さくら公園,kajiso_libre,11:00:00,True,True,True,True,0.0
shopping_60,2026-09-15,さくら公園,kajiso_libre,11:30:00,True,True,False,False,0.0
shopping_60,2026-09-15,さくら公園,kajiso_libre,12:00:00,True,True,False,False,0.0
shopping_60,2026-09-15,さくら公園,kajiso_libre,12:30:00,True,True,False,False,0.0
shopping_60,2026-09-15,さくら公園,kajiso_libre,13:00:00,True,True,False,False,0.0
shopping_60,2026-09-15,さくら公園,kajiso_libre,13:30:00,False,False,False,False,
shopping_60,2026-09-15,さくら公園,kajiso_libre,14:00:00,False,False,False,False,
shopping_60,2026-09-15,さくら公園,kajiso_libre,14:30:00,False,False,False,False,
shopping_60,2026-09-15,さくら公園,kajiso_libre,15:00:00,False,False,False,False,
shopping_60,2026-09-15,さくら公園,kajiso_libre,15:30:00,False,False,False,False,
shopping_60,2026-09-15,さくら公園,kajiso_libre,16:00:00,False,False,False,False,
shopping_60,2026-09-15,さくら公園,kajiso_vio,08:00:00,True,True,False,False,127.0
shopping_60,2026-09-15,さくら公園,kajiso_vio,08:30:00,True,True,False,False,127.0
shopping_60,2026-09-15,さくら公園,kajiso_vio,09:00:00,True,True,True,False,127.0
shopping_60,2026-09-15,さくら公園,kajiso_vio,09:30:00,True,True,True,False,127.0
shopping_60,2026-09-15,さくら公園,kajiso_vio,10:00:00,True,True,False,False,0.0
shopping_60,2026-09-15,さくら公園,kajiso_vio,10:30:00,True,True,False,False,0.0
shopping_60,2026-09-15,さくら公園,kajiso_vio,11:00:00,True,True,True,True,0.0
shopping_60,2026-09-15,さくら公園,kajiso_vio,11:30:00,True,True,False,False,0.0
shopping_60,2026-09-15,さくら公園,kajiso_vio,12:00:00,True,True,False,False,0.0
shopping_60,2026-09-15,さくら公園,kajiso_vio,12:30:00,True,True,False,False,0.0
shopping_60,2026-09-15,さくら公園,kajiso_vio,13:00:00,True,True,False,False,0.0
shopping_60,2026-09-15,さくら公園,kajiso_vio,13:30:00,False,False,False,False,
shopping_60,2026-09-15,さくら公園,kajiso_vio,14:00:00,False,False,False,False,
shopping_60,2026-09-15,さくら公園,kajiso_vio,14:30:00,False,False,False,False,
shopping_60,2026-09-15,さくら公園,kajiso_vio,15:00:00,False,False,False,False,
shopping_60,2026-09-15,さくら公園,kajiso_vio,15:30:00,False,False,False,False,
shopping_60,2026-09-15,さくら公園,kajiso_vio,16:00:00,False,False,False,False,
shopping_60,2026-09-15,わかくさ,kajiso_libre,08:00:00,True,True,False,False,0.0
shopping_60,2026-09-15,わかくさ,kajiso_libre,08:30:00,True,True,False,False,0.0
shopping_60,2026-09-15,わかくさ,kajiso_libre,09:00:00,True,True,True,True,0.0
shopping_60,2026-09-15,わかくさ,kajiso_libre,09:30:00,True,True,True,True,0.0
shopping_60,2026-09-15,わかくさ,kajiso_libre,10:00:00,True,True,False,False,0.0
shopping_60,2026-09-15,わかくさ,kajiso_libre,10:30:00,True,True,False,False,0.0
shopping_60,2026-09-15,わかくさ,kajiso_libre,11:00:00,True,True,True,True,0.0
shopping_60,2026-09-15,わかくさ,kajiso_libre,11:30:00,True,True,True,True,0.0
shopping_60,2026-09-15,わかくさ,kajiso_libre,12:00:00,True,True,False,False,0.0
shopping_60,2026-09-15,わかくさ,kajiso_libre,12:30:00,True,True,False,False,0.0
shopping_60,2026-09-15,わかくさ,kajiso_libre,13:00:00,True,True,False,False,0.0
shopping_60,2026-09-15,わかくさ,kajiso_libre,13:30:00,True,True,True,True,0.0
shopping_60,2026-09-15,わかくさ,kajiso_libre,14:00:00,False,False,False,False,
shopping_60,2026-09-15,わかくさ,kajiso_libre,14:30:00,False,False,False,False,
shopping_60,2026-09-15,わかくさ,kajiso_libre,15:00:00,False,False,False,False,
shopping_60,2026-09-15,わかくさ,kajiso_libre,15:30:00,False,False,False,False,
shopping_60,2026-09-15,わかくさ,kajiso_libre,16:00:00,False,False,False,False,
shopping_60,2026-09-15,わかくさ,kajiso_vio,08:00:00,True,True,False,False,127.0
shopping_60,2026-09-15,わかくさ,kajiso_vio,08:30:00,True,True,False,False,127.0
shopping_60,2026-09-15,わかくさ,kajiso_vio,09:00:00,True,True,True,False,127.0
shopping_60,2026-09-15,わかくさ,kajiso_vio,09:30:00,True,True,True,False,127.0
shopping_60,2026-09-15,わかくさ,kajiso_vio,10:00:00,True,True,False,False,0.0
shopping_60,2026-09-15,わかくさ,kajiso_vio,10:30:00,True,True,False,False,0.0
shopping_60,2026-09-15,わかくさ,kajiso_vio,11:00:00,True,True,True,True,0.0
shopping_60,2026-09-15,わかくさ,kajiso_vio,11:30:00,True,True,False,False,0.0
shopping_60,2026-09-15,わかくさ,kajiso_vio,12:00:00,True,True,False,False,0.0
shopping_60,2026-09-15,わかくさ,kajiso_vio,12:30:00,True,True,False,False,0.0
shopping_60,2026-09-15,わかくさ,kajiso_vio,13:00:00,True,True,False,False,0.0
shopping_60,2026-09-15,わかくさ,kajiso_vio,13:30:00,False,False,False,False,
shopping_60,2026-09-15,わかくさ,kajiso_vio,14:00:00,False,False,False,False,
shopping_60,2026-09-15,わかくさ,kajiso_vio,14:30:00,False,False,False,False,
shopping_60,2026-09-15,わかくさ,kajiso_vio,15:00:00,False,False,False,False,
shopping_60,2026-09-15,わかくさ,kajiso_vio,15:30:00,False,False,False,False,
shopping_60,2026-09-15,わかくさ,kajiso_vio,16:00:00,False,False,False,False,
shopping_60,2026-09-15,篠座,kajiso_libre,08:00:00,True,True,False,False,0.0
shopping_60,2026-09-15,篠座,kajiso_libre,08:30:00,True,True,False,False,0.0
shopping_60,2026-09-15,篠座,kajiso_libre,09:00:00,True,True,False,False,0.0
shopping_60,2026-09-15,篠座,kajiso_libre,09:30:00,True,True,False,False,0.0
shopping_60,2026-09-15,篠座,kajiso_libre,10:00:00,True,True,False,False,0.0
shopping_60,2026-09-15,篠座,kajiso_libre,10:30:00,True,True,False,False,0.0
shopping_60,2026-09-15,篠座,kajiso_libre,11:00:00,True,True,False,False,0.0
shopping_60,2026-09-15,篠座,kajiso_libre,11:30:00,True,True,False,False,0.0
shopping_60,2026-09-15,篠座,kajiso_libre,12:00:00,True,True,False,False,0.0
shopping_60,2026-09-15,篠座,kajiso_libre,12:30:00,True,True,False,False,0.0
shopping_60,2026-09-15,篠座,kajiso_libre,13:00:00,True,True,False,False,0.0
shopping_60,2026-09-15,篠座,kajiso_libre,13:30:00,False,False,False,False,
shopping_60,2026-09-15,篠座,kajiso_libre,14:00:00,False,False,False,False,
shopping_60,2026-09-15,篠座,kajiso_libre,14:30:00,False,False,False,False,
shopping_60,2026-09-15,篠座,kajiso_libre,15:00:00,False,False,False,False,
shopping_60,2026-09-15,篠座,kajiso_libre,15:30:00,False,False,False,False,
shopping_60,2026-09-15,篠座,kajiso_libre,16:00:00,False,False,False,False,
shopping_60,2026-09-15,篠座,kajiso_vio,08:00:00,True,True,False,False,0.0
shopping_60,2026-09-15,篠座,kajiso_vio,08:30:00,True,True,False,False,0.0
shopping_60,2026-09-15,篠座,kajiso_vio,09:00:00,True,True,False,False,0.0
shopping_60,2026-09-15,篠座,kajiso_vio,09:30:00,True,True,False,False,0.0
shopping_60,2026-09-15,篠座,kajiso_vio,10:00:00,True,True,False,False,0.0
shopping_60,2026-09-15,篠座,kajiso_vio,10:30:00,True,True,False,False,0.0
shopping_60,2026-09-15,篠座,kajiso_vio,11:00:00,True,True,False,False,0.0
shopping_60,2026-09-15,篠座,kajiso_vio,11:30:00,True,True,False,False,0.0
shopping_60,2026-09-15,篠座,kajiso_vio,12:00:00,True,True,False,False,0.0
shopping_60,2026-09-15,篠座,kajiso_vio,12:30:00,True,True,False,False,0.0
shopping_60,2026-09-15,篠座,kajiso_vio,13:00:00,True,True,False,False,0.0
shopping_60,2026-09-15,篠座,kajiso_vio,13:30:00,False,False,False,False,
shopping_60,2026-09-15,篠座,kajiso_vio,14:00:00,False,False,False,False,
shopping_60,2026-09-15,篠座,kajiso_vio,14:30:00,False,False,False,False,
shopping_60,2026-09-15,篠座,kajiso_vio,15:00:00,False,False,False,False,
shopping_60,2026-09-15,篠座,kajiso_vio,15:30:00,False,False,False,False,
shopping_60,2026-09-15,篠座,kajiso_vio,16:00:00,False,False,False,False,
shopping_60,2026-09-15,いなほこども園,kajiso_libre,08:00:00,True,True,False,False,0.0
shopping_60,2026-09-15,いなほこども園,kajiso_libre,08:30:00,True,True,False,False,0.0
shopping_60,2026-09-15,いなほこども園,kajiso_libre,09:00:00,True,True,False,False,0.0
shopping_60,2026-09-15,いなほこども園,kajiso_libre,09:30:00,True,True,False,False,0.0
shopping_60,2026-09-15,いなほこども園,kajiso_libre,10:00:00,True,True,False,False,0.0
shopping_60,2026-09-15,いなほこども園,kajiso_libre,10:30:00,True,True,False,False,0.0
shopping_60,2026-09-15,いなほこども園,kajiso_libre,11:00:00,True,True,False,False,0.0
shopping_60,2026-09-15,いなほこども園,kajiso_libre,11:30:00,True,True,False,False,0.0
shopping_60,2026-09-15,いなほこども園,kajiso_libre,12:00:00,True,True,False,False,0.0
shopping_60,2026-09-15,いなほこども園,kajiso_libre,12:30:00,True,True,False,False,0.0
shopping_60,2026-09-15,いなほこども園,kajiso_libre,13:00:00,True,True,False,False,0.0
shopping_60,2026-09-15,いなほこども園,kajiso_libre,13:30:00,False,False,False,False,
shopping_60,2026-09-15,いなほこども園,kajiso_libre,14:00:00,False,False,False,False,
shopping_60,2026-09-15,いなほこども園,kajiso_libre,14:30:00,False,False,False,False,
shopping_60,2026-09-15,いなほこども園,kajiso_libre,15:00:00,False,False,False,False,
shopping_60,2026-09-15,いなほこども園,kajiso_libre,15:30:00,False,False,False,False,
shopping_60,2026-09-15,いなほこども園,kajiso_libre,16:00:00,False,False,False,False,
shopping_60,2026-09-15,いなほこども園,kajiso_vio,08:00:00,True,True,False,False,0.0
shopping_60,2026-09-15,いなほこども園,kajiso_vio,08:30:00,True,True,False,False,0.0
shopping_60,2026-09-15,いなほこども園,kajiso_vio,09:00:00,True,True,False,False,0.0
shopping_60,2026-09-15,いなほこども園,kajiso_vio,09:30:00,True,True,False,False,0.0
shopping_60,2026-09-15,いなほこども園,kajiso_vio,10:00:00,True,True,False,False,0.0
shopping_60,2026-09-15,いなほこども園,kajiso_vio,10:30:00,True,True,False,False,0.0
shopping_60,2026-09-15,いなほこども園,kajiso_vio,11:00:00,True,True,False,False,0.0
shopping_60,2026-09-15,いなほこども園,kajiso_vio,11:30:00,True,True,False,False,0.0
shopping_60,2026-09-15,いなほこども園,kajiso_vio,12:00:00,True,True,False,False,0.0
shopping_60,2026-09-15,いなほこども園,kajiso_vio,12:30:00,True,True,False,False,0.0
shopping_60,2026-09-15,いなほこども園,kajiso_vio,13:00:00,True,True,False,False,0.0
shopping_60,2026-09-15,いなほこども園,kajiso_vio,13:30:00,False,False,False,False,
shopping_60,2026-09-15,いなほこども園,kajiso_vio,14:00:00,False,False,False,False,
shopping_60,2026-09-15,いなほこども園,kajiso_vio,14:30:00,False,False,False,False,
shopping_60,2026-09-15,いなほこども園,kajiso_vio,15:00:00,False,False,False,False,
shopping_60,2026-09-15,いなほこども園,kajiso_vio,15:30:00,False,False,False,False,
shopping_60,2026-09-15,いなほこども園,kajiso_vio,16:00:00,False,False,False,False,
shopping_60,2026-09-15,童子丸郵便局口,kajiso_libre,08:00:00,True,True,False,False,0.0
shopping_60,2026-09-15,童子丸郵便局口,kajiso_libre,08:30:00,True,True,False,False,0.0
shopping_60,2026-09-15,童子丸郵便局口,kajiso_libre,09:00:00,True,True,False,False,0.0
shopping_60,2026-09-15,童子丸郵便局口,kajiso_libre,09:30:00,True,True,False,False,0.0
shopping_60,2026-09-15,童子丸郵便局口,kajiso_libre,10:00:00,True,True,False,False,0.0
shopping_60,2026-09-15,童子丸郵便局口,kajiso_libre,10:30:00,True,True,False,False,0.0
shopping_60,2026-09-15,童子丸郵便局口,kajiso_libre,11:00:00,True,True,False,False,0.0
shopping_60,2026-09-15,童子丸郵便局口,kajiso_libre,11:30:00,True,True,False,False,0.0
shopping_60,2026-09-15,童子丸郵便局口,kajiso_libre,12:00:00,True,True,False,False,0.0
shopping_60,2026-09-15,童子丸郵便局口,kajiso_libre,12:30:00,True,True,False,False,0.0
shopping_60,2026-09-15,童子丸郵便局口,kajiso_libre,13:00:00,False,False,False,False,
shopping_60,2026-09-15,童子丸郵便局口,kajiso_libre,13:30:00,False,False,False,False,
shopping_60,2026-09-15,童子丸郵便局口,kajiso_libre,14:00:00,False,False,False,False,
shopping_60,2026-09-15,童子丸郵便局口,kajiso_libre,14:30:00,False,False,False,False,
shopping_60,2026-09-15,童子丸郵便局口,kajiso_libre,15:00:00,False,False,False,False,
shopping_60,2026-09-15,童子丸郵便局口,kajiso_libre,15:30:00,False,False,False,False,
shopping_60,2026-09-15,童子丸郵便局口,kajiso_libre,16:00:00,False,False,False,False,
shopping_60,2026-09-15,童子丸郵便局口,kajiso_vio,08:00:00,True,True,False,False,0.0
shopping_60,2026-09-15,童子丸郵便局口,kajiso_vio,08:30:00,True,True,False,False,0.0
shopping_60,2026-09-15,童子丸郵便局口,kajiso_vio,09:00:00,True,True,False,False,0.0
shopping_60,2026-09-15,童子丸郵便局口,kajiso_vio,09:30:00,True,True,False,False,0.0
shopping_60,2026-09-15,童子丸郵便局口,kajiso_vio,10:00:00,True,True,False,False,0.0
shopping_60,2026-09-15,童子丸郵便局口,kajiso_vio,10:30:00,True,True,False,False,0.0
shopping_60,2026-09-15,童子丸郵便局口,kajiso_vio,11:00:00,True,True,False,False,0.0
shopping_60,2026-09-15,童子丸郵便局口,kajiso_vio,11:30:00,True,True,False,False,0.0
shopping_60,2026-09-15,童子丸郵便局口,kajiso_vio,12:00:00,True,True,False,False,0.0
shopping_60,2026-09-15,童子丸郵便局口,kajiso_vio,12:30:00,True,True,False,False,0.0
shopping_60,2026-09-15,童子丸郵便局口,kajiso_vio,13:00:00,False,False,False,False,
shopping_60,2026-09-15,童子丸郵便局口,kajiso_vio,13:30:00,False,False,False,False,
shopping_60,2026-09-15,童子丸郵便局口,kajiso_vio,14:00:00,False,False,False,False,
shopping_60,2026-09-15,童子丸郵便局口,kajiso_vio,14:30:00,False,False,False,False,
shopping_60,2026-09-15,童子丸郵便局口,kajiso_vio,15:00:00,False,False,False,False,
shopping_60,2026-09-15,童子丸郵便局口,kajiso_vio,15:30:00,False,False,False,False,
shopping_60,2026-09-15,童子丸郵便局口,kajiso_vio,16:00:00,False,False,False,False,
shopping_60,2026-09-19,越前大野駅,kajiso_libre,08:00:00,True,True,False,False,0.0
shopping_60,2026-09-19,越前大野駅,kajiso_libre,08:30:00,True,True,False,False,0.0
shopping_60,2026-09-19,越前大野駅,kajiso_libre,09:00:00,True,True,False,False,0.0
shopping_60,2026-09-19,越前大野駅,kajiso_libre,09:30:00,True,True,False,False,0.0
shopping_60,2026-09-19,越前大野駅,kajiso_libre,10:00:00,True,True,False,False,0.0
shopping_60,2026-09-19,越前大野駅,kajiso_libre,10:30:00,True,True,False,False,0.0
shopping_60,2026-09-19,越前大野駅,kajiso_libre,11:00:00,True,True,True,True,0.0
shopping_60,2026-09-19,越前大野駅,kajiso_libre,11:30:00,True,True,True,True,0.0
shopping_60,2026-09-19,越前大野駅,kajiso_libre,12:00:00,True,True,False,False,0.0
shopping_60,2026-09-19,越前大野駅,kajiso_libre,12:30:00,True,True,False,False,0.0
shopping_60,2026-09-19,越前大野駅,kajiso_libre,13:00:00,True,True,False,False,0.0
shopping_60,2026-09-19,越前大野駅,kajiso_libre,13:30:00,False,False,False,False,
shopping_60,2026-09-19,越前大野駅,kajiso_libre,14:00:00,False,False,False,False,
shopping_60,2026-09-19,越前大野駅,kajiso_libre,14:30:00,False,False,False,False,
shopping_60,2026-09-19,越前大野駅,kajiso_libre,15:00:00,False,False,False,False,
shopping_60,2026-09-19,越前大野駅,kajiso_libre,15:30:00,False,False,False,False,
shopping_60,2026-09-19,越前大野駅,kajiso_libre,16:00:00,False,False,False,False,
shopping_60,2026-09-19,越前大野駅,kajiso_vio,08:00:00,True,True,False,False,174.0
shopping_60,2026-09-19,越前大野駅,kajiso_vio,08:30:00,True,True,False,False,174.0
shopping_60,2026-09-19,越前大野駅,kajiso_vio,09:00:00,True,True,True,False,174.0
shopping_60,2026-09-19,越前大野駅,kajiso_vio,09:30:00,True,True,True,False,174.0
shopping_60,2026-09-19,越前大野駅,kajiso_vio,10:00:00,True,True,False,False,0.0
shopping_60,2026-09-19,越前大野駅,kajiso_vio,10:30:00,True,True,False,False,0.0
shopping_60,2026-09-19,越前大野駅,kajiso_vio,11:00:00,True,True,False,False,0.0
shopping_60,2026-09-19,越前大野駅,kajiso_vio,11:30:00,True,True,False,False,0.0
shopping_60,2026-09-19,越前大野駅,kajiso_vio,12:00:00,True,True,False,False,0.0
shopping_60,2026-09-19,越前大野駅,kajiso_vio,12:30:00,True,True,False,False,0.0
shopping_60,2026-09-19,越前大野駅,kajiso_vio,13:00:00,True,True,False,False,0.0
shopping_60,2026-09-19,越前大野駅,kajiso_vio,13:30:00,True,True,True,True,0.0
shopping_60,2026-09-19,越前大野駅,kajiso_vio,14:00:00,False,False,False,False,
shopping_60,2026-09-19,越前大野駅,kajiso_vio,14:30:00,False,False,False,False,
shopping_60,2026-09-19,越前大野駅,kajiso_vio,15:00:00,False,False,False,False,
shopping_60,2026-09-19,越前大野駅,kajiso_vio,15:30:00,False,False,False,False,
shopping_60,2026-09-19,越前大野駅,kajiso_vio,16:00:00,False,False,False,False,
shopping_60,2026-09-19,結ステーション,kajiso_libre,08:00:00,True,True,False,False,0.0
shopping_60,2026-09-19,結ステーション,kajiso_libre,08:30:00,True,True,False,False,0.0
shopping_60,2026-09-19,結ステーション,kajiso_libre,09:00:00,True,True,False,False,0.0
shopping_60,2026-09-19,結ステーション,kajiso_libre,09:30:00,True,True,False,False,0.0
shopping_60,2026-09-19,結ステーション,kajiso_libre,10:00:00,True,True,False,False,0.0
shopping_60,2026-09-19,結ステーション,kajiso_libre,10:30:00,True,True,False,False,0.0
shopping_60,2026-09-19,結ステーション,kajiso_libre,11:00:00,True,True,True,True,0.0
shopping_60,2026-09-19,結ステーション,kajiso_libre,11:30:00,True,True,False,False,0.0
shopping_60,2026-09-19,結ステーション,kajiso_libre,12:00:00,True,True,False,False,0.0
shopping_60,2026-09-19,結ステーション,kajiso_libre,12:30:00,True,True,False,False,0.0
shopping_60,2026-09-19,結ステーション,kajiso_libre,13:00:00,True,True,False,False,0.0
shopping_60,2026-09-19,結ステーション,kajiso_libre,13:30:00,False,False,False,False,
shopping_60,2026-09-19,結ステーション,kajiso_libre,14:00:00,False,False,False,False,
shopping_60,2026-09-19,結ステーション,kajiso_libre,14:30:00,False,False,False,False,
shopping_60,2026-09-19,結ステーション,kajiso_libre,15:00:00,False,False,False,False,
shopping_60,2026-09-19,結ステーション,kajiso_libre,15:30:00,False,False,False,False,
shopping_60,2026-09-19,結ステーション,kajiso_libre,16:00:00,False,False,False,False,
shopping_60,2026-09-19,結ステーション,kajiso_vio,08:00:00,True,True,False,False,269.0
shopping_60,2026-09-19,結ステーション,kajiso_vio,08:30:00,True,True,True,False,269.0
shopping_60,2026-09-19,結ステーション,kajiso_vio,09:00:00,True,True,True,False,269.0
shopping_60,2026-09-19,結ステーション,kajiso_vio,09:30:00,True,True,True,False,269.0
shopping_60,2026-09-19,結ステーション,kajiso_vio,10:00:00,True,True,True,False,269.0
shopping_60,2026-09-19,結ステーション,kajiso_vio,10:30:00,True,True,False,False,0.0
shopping_60,2026-09-19,結ステーション,kajiso_vio,11:00:00,True,True,False,False,0.0
shopping_60,2026-09-19,結ステーション,kajiso_vio,11:30:00,True,True,False,False,0.0
shopping_60,2026-09-19,結ステーション,kajiso_vio,12:00:00,True,True,False,False,0.0
shopping_60,2026-09-19,結ステーション,kajiso_vio,12:30:00,True,True,False,False,0.0
shopping_60,2026-09-19,結ステーション,kajiso_vio,13:00:00,True,True,True,True,0.0
shopping_60,2026-09-19,結ステーション,kajiso_vio,13:30:00,True,True,True,True,0.0
shopping_60,2026-09-19,結ステーション,kajiso_vio,14:00:00,False,False,False,False,
shopping_60,2026-09-19,結ステーション,kajiso_vio,14:30:00,False,False,False,False,
shopping_60,2026-09-19,結ステーション,kajiso_vio,15:00:00,False,False,False,False,
shopping_60,2026-09-19,結ステーション,kajiso_vio,15:30:00,False,False,False,False,
shopping_60,2026-09-19,結ステーション,kajiso_vio,16:00:00,False,False,False,False,
shopping_60,2026-09-19,下庄小学校,kajiso_libre,08:00:00,True,True,False,False,0.0
shopping_60,2026-09-19,下庄小学校,kajiso_libre,08:30:00,True,True,False,False,0.0
shopping_60,2026-09-19,下庄小学校,kajiso_libre,09:00:00,True,True,False,False,0.0
shopping_60,2026-09-19,下庄小学校,kajiso_libre,09:30:00,True,True,False,False,0.0
shopping_60,2026-09-19,下庄小学校,kajiso_libre,10:00:00,True,True,False,False,0.0
shopping_60,2026-09-19,下庄小学校,kajiso_libre,10:30:00,True,True,False,False,0.0
shopping_60,2026-09-19,下庄小学校,kajiso_libre,11:00:00,True,True,False,False,0.0
shopping_60,2026-09-19,下庄小学校,kajiso_libre,11:30:00,True,True,False,False,0.0
shopping_60,2026-09-19,下庄小学校,kajiso_libre,12:00:00,True,True,False,False,0.0
shopping_60,2026-09-19,下庄小学校,kajiso_libre,12:30:00,True,True,False,False,0.0
shopping_60,2026-09-19,下庄小学校,kajiso_libre,13:00:00,True,True,False,False,0.0
shopping_60,2026-09-19,下庄小学校,kajiso_libre,13:30:00,False,False,False,False,
shopping_60,2026-09-19,下庄小学校,kajiso_libre,14:00:00,False,False,False,False,
shopping_60,2026-09-19,下庄小学校,kajiso_libre,14:30:00,False,False,False,False,
shopping_60,2026-09-19,下庄小学校,kajiso_libre,15:00:00,False,False,False,False,
shopping_60,2026-09-19,下庄小学校,kajiso_libre,15:30:00,False,False,False,False,
shopping_60,2026-09-19,下庄小学校,kajiso_libre,16:00:00,False,False,False,False,
shopping_60,2026-09-19,下庄小学校,kajiso_vio,08:00:00,True,True,False,False,261.0
shopping_60,2026-09-19,下庄小学校,kajiso_vio,08:30:00,True,True,False,False,261.0
shopping_60,2026-09-19,下庄小学校,kajiso_vio,09:00:00,True,True,False,False,261.0
shopping_60,2026-09-19,下庄小学校,kajiso_vio,09:30:00,True,True,False,False,0.0
shopping_60,2026-09-19,下庄小学校,kajiso_vio,10:00:00,True,True,False,False,0.0
shopping_60,2026-09-19,下庄小学校,kajiso_vio,10:30:00,True,True,False,False,0.0
shopping_60,2026-09-19,下庄小学校,kajiso_vio,11:00:00,True,True,False,False,0.0
shopping_60,2026-09-19,下庄小学校,kajiso_vio,11:30:00,True,True,False,False,0.0
shopping_60,2026-09-19,下庄小学校,kajiso_vio,12:00:00,True,True,False,False,0.0
shopping_60,2026-09-19,下庄小学校,kajiso_vio,12:30:00,True,True,False,False,0.0
shopping_60,2026-09-19,下庄小学校,kajiso_vio,13:00:00,True,True,False,False,0.0
shopping_60,2026-09-19,下庄小学校,kajiso_vio,13:30:00,False,False,False,False,
shopping_60,2026-09-19,下庄小学校,kajiso_vio,14:00:00,False,False,False,False,
shopping_60,2026-09-19,下庄小学校,kajiso_vio,14:30:00,False,False,False,False,
shopping_60,2026-09-19,下庄小学校,kajiso_vio,15:00:00,False,False,False,False,
shopping_60,2026-09-19,下庄小学校,kajiso_vio,15:30:00,False,False,False,False,
shopping_60,2026-09-19,下庄小学校,kajiso_vio,16:00:00,False,False,False,False,
shopping_60,2026-09-19,青少年教育センター,kajiso_libre,08:00:00,True,True,False,False,0.0
shopping_60,2026-09-19,青少年教育センター,kajiso_libre,08:30:00,True,True,False,False,0.0
shopping_60,2026-09-19,青少年教育センター,kajiso_libre,09:00:00,True,True,True,True,0.0
shopping_60,2026-09-19,青少年教育センター,kajiso_libre,09:30:00,True,True,True,True,0.0
shopping_60,2026-09-19,青少年教育センター,kajiso_libre,10:00:00,True,True,False,False,0.0
shopping_60,2026-09-19,青少年教育センター,kajiso_libre,10:30:00,True,True,False,False,0.0
shopping_60,2026-09-19,青少年教育センター,kajiso_libre,11:00:00,True,True,False,False,0.0
shopping_60,2026-09-19,青少年教育センター,kajiso_libre,11:30:00,True,True,False,False,0.0
shopping_60,2026-09-19,青少年教育センター,kajiso_libre,12:00:00,True,True,False,False,0.0
shopping_60,2026-09-19,青少年教育センター,kajiso_libre,12:30:00,True,True,False,False,0.0
shopping_60,2026-09-19,青少年教育センター,kajiso_libre,13:00:00,True,True,False,False,0.0
shopping_60,2026-09-19,青少年教育センター,kajiso_libre,13:30:00,False,False,False,False,
shopping_60,2026-09-19,青少年教育センター,kajiso_libre,14:00:00,False,False,False,False,
shopping_60,2026-09-19,青少年教育センター,kajiso_libre,14:30:00,False,False,False,False,
shopping_60,2026-09-19,青少年教育センター,kajiso_libre,15:00:00,False,False,False,False,
shopping_60,2026-09-19,青少年教育センター,kajiso_libre,15:30:00,False,False,False,False,
shopping_60,2026-09-19,青少年教育センター,kajiso_libre,16:00:00,False,False,False,False,
shopping_60,2026-09-19,青少年教育センター,kajiso_vio,08:00:00,True,True,False,False,261.0
shopping_60,2026-09-19,青少年教育センター,kajiso_vio,08:30:00,True,True,False,False,261.0
shopping_60,2026-09-19,青少年教育センター,kajiso_vio,09:00:00,True,True,True,False,261.0
shopping_60,2026-09-19,青少年教育センター,kajiso_vio,09:30:00,True,True,True,False,261.0
shopping_60,2026-09-19,青少年教育センター,kajiso_vio,10:00:00,True,True,False,False,0.0
shopping_60,2026-09-19,青少年教育センター,kajiso_vio,10:30:00,True,True,False,False,0.0
shopping_60,2026-09-19,青少年教育センター,kajiso_vio,11:00:00,True,True,False,False,0.0
shopping_60,2026-09-19,青少年教育センター,kajiso_vio,11:30:00,True,True,False,False,0.0
shopping_60,2026-09-19,青少年教育センター,kajiso_vio,12:00:00,True,True,False,False,0.0
shopping_60,2026-09-19,青少年教育センター,kajiso_vio,12:30:00,True,True,False,False,0.0
shopping_60,2026-09-19,青少年教育センター,kajiso_vio,13:00:00,True,True,False,False,0.0
shopping_60,2026-09-19,青少年教育センター,kajiso_vio,13:30:00,False,False,False,False,
shopping_60,2026-09-19,青少年教育センター,kajiso_vio,14:00:00,False,False,False,False,
shopping_60,2026-09-19,青少年教育センター,kajiso_vio,14:30:00,False,False,False,False,
shopping_60,2026-09-19,青少年教育センター,kajiso_vio,15:00:00,False,False,False,False,
shopping_60,2026-09-19,青少年教育センター,kajiso_vio,15:30:00,False,False,False,False,
shopping_60,2026-09-19,青少年教育センター,kajiso_vio,16:00:00,False,False,False,False,
shopping_60,2026-09-19,陽明中学校口,kajiso_libre,08:00:00,True,True,False,False,0.0
shopping_60,2026-09-19,陽明中学校口,kajiso_libre,08:30:00,True,True,False,False,0.0
shopping_60,2026-09-19,陽明中学校口,kajiso_libre,09:00:00,True,True,True,True,0.0
shopping_60,2026-09-19,陽明中学校口,kajiso_libre,09:30:00,True,True,True,True,0.0
shopping_60,2026-09-19,陽明中学校口,kajiso_libre,10:00:00,True,True,False,False,0.0
shopping_60,2026-09-19,陽明中学校口,kajiso_libre,10:30:00,True,True,False,False,0.0
shopping_60,2026-09-19,陽明中学校口,kajiso_libre,11:00:00,True,True,False,False,0.0
shopping_60,2026-09-19,陽明中学校口,kajiso_libre,11:30:00,True,True,False,False,0.0
shopping_60,2026-09-19,陽明中学校口,kajiso_libre,12:00:00,True,True,False,False,0.0
shopping_60,2026-09-19,陽明中学校口,kajiso_libre,12:30:00,True,True,False,False,0.0
shopping_60,2026-09-19,陽明中学校口,kajiso_libre,13:00:00,True,True,False,False,0.0
shopping_60,2026-09-19,陽明中学校口,kajiso_libre,13:30:00,False,False,False,False,
shopping_60,2026-09-19,陽明中学校口,kajiso_libre,14:00:00,False,False,False,False,
shopping_60,2026-09-19,陽明中学校口,kajiso_libre,14:30:00,False,False,False,False,
shopping_60,2026-09-19,陽明中学校口,kajiso_libre,15:00:00,False,False,False,False,
shopping_60,2026-09-19,陽明中学校口,kajiso_libre,15:30:00,False,False,False,False,
shopping_60,2026-09-19,陽明中学校口,kajiso_libre,16:00:00,False,False,False,False,
shopping_60,2026-09-19,陽明中学校口,kajiso_vio,08:00:00,True,True,False,False,261.0
shopping_60,2026-09-19,陽明中学校口,kajiso_vio,08:30:00,True,True,False,False,261.0
shopping_60,2026-09-19,陽明中学校口,kajiso_vio,09:00:00,True,True,True,False,261.0
shopping_60,2026-09-19,陽明中学校口,kajiso_vio,09:30:00,True,True,True,False,261.0
shopping_60,2026-09-19,陽明中学校口,kajiso_vio,10:00:00,True,True,False,False,0.0
shopping_60,2026-09-19,陽明中学校口,kajiso_vio,10:30:00,True,True,False,False,0.0
shopping_60,2026-09-19,陽明中学校口,kajiso_vio,11:00:00,True,True,False,False,0.0
shopping_60,2026-09-19,陽明中学校口,kajiso_vio,11:30:00,True,True,False,False,0.0
shopping_60,2026-09-19,陽明中学校口,kajiso_vio,12:00:00,True,True,False,False,0.0
shopping_60,2026-09-19,陽明中学校口,kajiso_vio,12:30:00,True,True,False,False,0.0
shopping_60,2026-09-19,陽明中学校口,kajiso_vio,13:00:00,True,True,False,False,0.0
shopping_60,2026-09-19,陽明中学校口,kajiso_vio,13:30:00,False,False,False,False,
shopping_60,2026-09-19,陽明中学校口,kajiso_vio,14:00:00,False,False,False,False,
shopping_60,2026-09-19,陽明中学校口,kajiso_vio,14:30:00,False,False,False,False,
shopping_60,2026-09-19,陽明中学校口,kajiso_vio,15:00:00,False,False,False,False,
shopping_60,2026-09-19,陽明中学校口,kajiso_vio,15:30:00,False,False,False,False,
shopping_60,2026-09-19,陽明中学校口,kajiso_vio,16:00:00,False,False,False,False,
shopping_60,2026-09-19,さくら公園,kajiso_libre,08:00:00,True,True,False,False,0.0
shopping_60,2026-09-19,さくら公園,kajiso_libre,08:30:00,True,True,False,False,0.0
shopping_60,2026-09-19,さくら公園,kajiso_libre,09:00:00,True,True,True,True,0.0
shopping_60,2026-09-19,さくら公園,kajiso_libre,09:30:00,True,True,True,True,0.0
shopping_60,2026-09-19,さくら公園,kajiso_libre,10:00:00,True,True,False,False,0.0
shopping_60,2026-09-19,さくら公園,kajiso_libre,10:30:00,True,True,False,False,0.0
shopping_60,2026-09-19,さくら公園,kajiso_libre,11:00:00,True,True,False,False,0.0
shopping_60,2026-09-19,さくら公園,kajiso_libre,11:30:00,True,True,False,False,0.0
shopping_60,2026-09-19,さくら公園,kajiso_libre,12:00:00,True,True,False,False,0.0
shopping_60,2026-09-19,さくら公園,kajiso_libre,12:30:00,True,True,False,False,0.0
shopping_60,2026-09-19,さくら公園,kajiso_libre,13:00:00,True,True,False,False,0.0
shopping_60,2026-09-19,さくら公園,kajiso_libre,13:30:00,False,False,False,False,
shopping_60,2026-09-19,さくら公園,kajiso_libre,14:00:00,False,False,False,False,
shopping_60,2026-09-19,さくら公園,kajiso_libre,14:30:00,False,False,False,False,
shopping_60,2026-09-19,さくら公園,kajiso_libre,15:00:00,False,False,False,False,
shopping_60,2026-09-19,さくら公園,kajiso_libre,15:30:00,False,False,False,False,
shopping_60,2026-09-19,さくら公園,kajiso_libre,16:00:00,False,False,False,False,
shopping_60,2026-09-19,さくら公園,kajiso_vio,08:00:00,True,True,False,False,261.0
shopping_60,2026-09-19,さくら公園,kajiso_vio,08:30:00,True,True,False,False,261.0
shopping_60,2026-09-19,さくら公園,kajiso_vio,09:00:00,True,True,True,False,261.0
shopping_60,2026-09-19,さくら公園,kajiso_vio,09:30:00,True,True,True,False,261.0
shopping_60,2026-09-19,さくら公園,kajiso_vio,10:00:00,True,True,False,False,0.0
shopping_60,2026-09-19,さくら公園,kajiso_vio,10:30:00,True,True,False,False,0.0
shopping_60,2026-09-19,さくら公園,kajiso_vio,11:00:00,True,True,False,False,0.0
shopping_60,2026-09-19,さくら公園,kajiso_vio,11:30:00,True,True,False,False,0.0
shopping_60,2026-09-19,さくら公園,kajiso_vio,12:00:00,True,True,False,False,0.0
shopping_60,2026-09-19,さくら公園,kajiso_vio,12:30:00,True,True,False,False,0.0
shopping_60,2026-09-19,さくら公園,kajiso_vio,13:00:00,True,True,False,False,0.0
shopping_60,2026-09-19,さくら公園,kajiso_vio,13:30:00,False,False,False,False,
shopping_60,2026-09-19,さくら公園,kajiso_vio,14:00:00,False,False,False,False,
shopping_60,2026-09-19,さくら公園,kajiso_vio,14:30:00,False,False,False,False,
shopping_60,2026-09-19,さくら公園,kajiso_vio,15:00:00,False,False,False,False,
shopping_60,2026-09-19,さくら公園,kajiso_vio,15:30:00,False,False,False,False,
shopping_60,2026-09-19,さくら公園,kajiso_vio,16:00:00,False,False,False,False,
shopping_60,2026-09-19,わかくさ,kajiso_libre,08:00:00,True,True,False,False,0.0
shopping_60,2026-09-19,わかくさ,kajiso_libre,08:30:00,True,True,False,False,0.0
shopping_60,2026-09-19,わかくさ,kajiso_libre,09:00:00,True,True,False,False,0.0
shopping_60,2026-09-19,わかくさ,kajiso_libre,09:30:00,True,True,False,False,0.0
shopping_60,2026-09-19,わかくさ,kajiso_libre,10:00:00,True,True,False,False,0.0
shopping_60,2026-09-19,わかくさ,kajiso_libre,10:30:00,True,True,False,False,0.0
shopping_60,2026-09-19,わかくさ,kajiso_libre,11:00:00,True,True,True,True,0.0
shopping_60,2026-09-19,わかくさ,kajiso_libre,11:30:00,True,True,True,True,0.0
shopping_60,2026-09-19,わかくさ,kajiso_libre,12:00:00,False,False,False,False,
shopping_60,2026-09-19,わかくさ,kajiso_libre,12:30:00,False,False,False,False,
shopping_60,2026-09-19,わかくさ,kajiso_libre,13:00:00,False,False,False,False,
shopping_60,2026-09-19,わかくさ,kajiso_libre,13:30:00,False,False,False,False,
shopping_60,2026-09-19,わかくさ,kajiso_libre,14:00:00,False,False,False,False,
shopping_60,2026-09-19,わかくさ,kajiso_libre,14:30:00,False,False,False,False,
shopping_60,2026-09-19,わかくさ,kajiso_libre,15:00:00,False,False,False,False,
shopping_60,2026-09-19,わかくさ,kajiso_libre,15:30:00,False,False,False,False,
shopping_60,2026-09-19,わかくさ,kajiso_libre,16:00:00,False,False,False,False,
shopping_60,2026-09-19,わかくさ,kajiso_vio,08:00:00,True,True,False,False,261.0
shopping_60,2026-09-19,わかくさ,kajiso_vio,08:30:00,True,True,False,False,261.0
shopping_60,2026-09-19,わかくさ,kajiso_vio,09:00:00,True,True,True,False,261.0
shopping_60,2026-09-19,わかくさ,kajiso_vio,09:30:00,True,True,True,False,261.0
shopping_60,2026-09-19,わかくさ,kajiso_vio,10:00:00,True,True,False,False,0.0
shopping_60,2026-09-19,わかくさ,kajiso_vio,10:30:00,True,True,False,False,0.0
shopping_60,2026-09-19,わかくさ,kajiso_vio,11:00:00,True,True,False,False,0.0
shopping_60,2026-09-19,わかくさ,kajiso_vio,11:30:00,True,True,False,False,0.0
shopping_60,2026-09-19,わかくさ,kajiso_vio,12:00:00,True,True,False,False,0.0
shopping_60,2026-09-19,わかくさ,kajiso_vio,12:30:00,True,True,False,False,0.0
shopping_60,2026-09-19,わかくさ,kajiso_vio,13:00:00,True,True,False,False,0.0
shopping_60,2026-09-19,わかくさ,kajiso_vio,13:30:00,False,False,False,False,
shopping_60,2026-09-19,わかくさ,kajiso_vio,14:00:00,False,False,False,False,
shopping_60,2026-09-19,わかくさ,kajiso_vio,14:30:00,False,False,False,False,
shopping_60,2026-09-19,わかくさ,kajiso_vio,15:00:00,False,False,False,False,
shopping_60,2026-09-19,わかくさ,kajiso_vio,15:30:00,False,False,False,False,
shopping_60,2026-09-19,わかくさ,kajiso_vio,16:00:00,False,False,False,False,
shopping_60,2026-09-19,篠座,kajiso_libre,08:00:00,True,True,False,False,0.0
shopping_60,2026-09-19,篠座,kajiso_libre,08:30:00,True,True,False,False,0.0
shopping_60,2026-09-19,篠座,kajiso_libre,09:00:00,True,True,False,False,0.0
shopping_60,2026-09-19,篠座,kajiso_libre,09:30:00,True,True,False,False,0.0
shopping_60,2026-09-19,篠座,kajiso_libre,10:00:00,True,True,False,False,0.0
shopping_60,2026-09-19,篠座,kajiso_libre,10:30:00,True,True,False,False,0.0
shopping_60,2026-09-19,篠座,kajiso_libre,11:00:00,True,True,False,False,0.0
shopping_60,2026-09-19,篠座,kajiso_libre,11:30:00,False,False,False,False,
shopping_60,2026-09-19,篠座,kajiso_libre,12:00:00,False,False,False,False,
shopping_60,2026-09-19,篠座,kajiso_libre,12:30:00,False,False,False,False,
shopping_60,2026-09-19,篠座,kajiso_libre,13:00:00,False,False,False,False,
shopping_60,2026-09-19,篠座,kajiso_libre,13:30:00,False,False,False,False,
shopping_60,2026-09-19,篠座,kajiso_libre,14:00:00,False,False,False,False,
shopping_60,2026-09-19,篠座,kajiso_libre,14:30:00,False,False,False,False,
shopping_60,2026-09-19,篠座,kajiso_libre,15:00:00,False,False,False,False,
shopping_60,2026-09-19,篠座,kajiso_libre,15:30:00,False,False,False,False,
shopping_60,2026-09-19,篠座,kajiso_libre,16:00:00,False,False,False,False,
shopping_60,2026-09-19,篠座,kajiso_vio,08:00:00,True,True,False,False,0.0
shopping_60,2026-09-19,篠座,kajiso_vio,08:30:00,True,True,False,False,0.0
shopping_60,2026-09-19,篠座,kajiso_vio,09:00:00,True,True,False,False,0.0
shopping_60,2026-09-19,篠座,kajiso_vio,09:30:00,True,True,False,False,0.0
shopping_60,2026-09-19,篠座,kajiso_vio,10:00:00,True,True,False,False,0.0
shopping_60,2026-09-19,篠座,kajiso_vio,10:30:00,True,True,False,False,0.0
shopping_60,2026-09-19,篠座,kajiso_vio,11:00:00,True,True,False,False,0.0
shopping_60,2026-09-19,篠座,kajiso_vio,11:30:00,False,False,False,False,
shopping_60,2026-09-19,篠座,kajiso_vio,12:00:00,False,False,False,False,
shopping_60,2026-09-19,篠座,kajiso_vio,12:30:00,False,False,False,False,
shopping_60,2026-09-19,篠座,kajiso_vio,13:00:00,False,False,False,False,
shopping_60,2026-09-19,篠座,kajiso_vio,13:30:00,False,False,False,False,
shopping_60,2026-09-19,篠座,kajiso_vio,14:00:00,False,False,False,False,
shopping_60,2026-09-19,篠座,kajiso_vio,14:30:00,False,False,False,False,
shopping_60,2026-09-19,篠座,kajiso_vio,15:00:00,False,False,False,False,
shopping_60,2026-09-19,篠座,kajiso_vio,15:30:00,False,False,False,False,
shopping_60,2026-09-19,篠座,kajiso_vio,16:00:00,False,False,False,False,
shopping_60,2026-09-19,いなほこども園,kajiso_libre,08:00:00,True,True,False,False,0.0
shopping_60,2026-09-19,いなほこども園,kajiso_libre,08:30:00,True,True,False,False,0.0
shopping_60,2026-09-19,いなほこども園,kajiso_libre,09:00:00,True,True,False,False,0.0
shopping_60,2026-09-19,いなほこども園,kajiso_libre,09:30:00,True,True,False,False,0.0
shopping_60,2026-09-19,いなほこども園,kajiso_libre,10:00:00,True,True,False,False,0.0
shopping_60,2026-09-19,いなほこども園,kajiso_libre,10:30:00,True,True,False,False,0.0
shopping_60,2026-09-19,いなほこども園,kajiso_libre,11:00:00,True,True,False,False,0.0
shopping_60,2026-09-19,いなほこども園,kajiso_libre,11:30:00,False,False,False,False,
shopping_60,2026-09-19,いなほこども園,kajiso_libre,12:00:00,False,False,False,False,
shopping_60,2026-09-19,いなほこども園,kajiso_libre,12:30:00,False,False,False,False,
shopping_60,2026-09-19,いなほこども園,kajiso_libre,13:00:00,False,False,False,False,
shopping_60,2026-09-19,いなほこども園,kajiso_libre,13:30:00,False,False,False,False,
shopping_60,2026-09-19,いなほこども園,kajiso_libre,14:00:00,False,False,False,False,
shopping_60,2026-09-19,いなほこども園,kajiso_libre,14:30:00,False,False,False,False,
shopping_60,2026-09-19,いなほこども園,kajiso_libre,15:00:00,False,False,False,False,
shopping_60,2026-09-19,いなほこども園,kajiso_libre,15:30:00,False,False,False,False,
shopping_60,2026-09-19,いなほこども園,kajiso_libre,16:00:00,False,False,False,False,
shopping_60,2026-09-19,いなほこども園,kajiso_vio,08:00:00,True,True,False,False,0.0
shopping_60,2026-09-19,いなほこども園,kajiso_vio,08:30:00,True,True,False,False,0.0
shopping_60,2026-09-19,いなほこども園,kajiso_vio,09:00:00,True,True,False,False,0.0
shopping_60,2026-09-19,いなほこども園,kajiso_vio,09:30:00,True,True,False,False,0.0
shopping_60,2026-09-19,いなほこども園,kajiso_vio,10:00:00,True,True,False,False,0.0
shopping_60,2026-09-19,いなほこども園,kajiso_vio,10:30:00,True,True,False,False,0.0
shopping_60,2026-09-19,いなほこども園,kajiso_vio,11:00:00,True,True,False,False,0.0
shopping_60,2026-09-19,いなほこども園,kajiso_vio,11:30:00,False,False,False,False,
shopping_60,2026-09-19,いなほこども園,kajiso_vio,12:00:00,False,False,False,False,
shopping_60,2026-09-19,いなほこども園,kajiso_vio,12:30:00,False,False,False,False,
shopping_60,2026-09-19,いなほこども園,kajiso_vio,13:00:00,False,False,False,False,
shopping_60,2026-09-19,いなほこども園,kajiso_vio,13:30:00,False,False,False,False,
shopping_60,2026-09-19,いなほこども園,kajiso_vio,14:00:00,False,False,False,False,
shopping_60,2026-09-19,いなほこども園,kajiso_vio,14:30:00,False,False,False,False,
shopping_60,2026-09-19,いなほこども園,kajiso_vio,15:00:00,False,False,False,False,
shopping_60,2026-09-19,いなほこども園,kajiso_vio,15:30:00,False,False,False,False,
shopping_60,2026-09-19,いなほこども園,kajiso_vio,16:00:00,False,False,False,False,
shopping_60,2026-09-19,童子丸郵便局口,kajiso_libre,08:00:00,True,True,False,False,0.0
shopping_60,2026-09-19,童子丸郵便局口,kajiso_libre,08:30:00,True,True,False,False,0.0
shopping_60,2026-09-19,童子丸郵便局口,kajiso_libre,09:00:00,True,True,False,False,0.0
shopping_60,2026-09-19,童子丸郵便局口,kajiso_libre,09:30:00,True,True,False,False,0.0
shopping_60,2026-09-19,童子丸郵便局口,kajiso_libre,10:00:00,True,True,False,False,0.0
shopping_60,2026-09-19,童子丸郵便局口,kajiso_libre,10:30:00,True,True,False,False,0.0
shopping_60,2026-09-19,童子丸郵便局口,kajiso_libre,11:00:00,False,False,False,False,
shopping_60,2026-09-19,童子丸郵便局口,kajiso_libre,11:30:00,False,False,False,False,
shopping_60,2026-09-19,童子丸郵便局口,kajiso_libre,12:00:00,False,False,False,False,
shopping_60,2026-09-19,童子丸郵便局口,kajiso_libre,12:30:00,False,False,False,False,
shopping_60,2026-09-19,童子丸郵便局口,kajiso_libre,13:00:00,False,False,False,False,
shopping_60,2026-09-19,童子丸郵便局口,kajiso_libre,13:30:00,False,False,False,False,
shopping_60,2026-09-19,童子丸郵便局口,kajiso_libre,14:00:00,False,False,False,False,
shopping_60,2026-09-19,童子丸郵便局口,kajiso_libre,14:30:00,False,False,False,False,
shopping_60,2026-09-19,童子丸郵便局口,kajiso_libre,15:00:00,False,False,False,False,
shopping_60,2026-09-19,童子丸郵便局口,kajiso_libre,15:30:00,False,False,False,False,
shopping_60,2026-09-19,童子丸郵便局口,kajiso_libre,16:00:00,False,False,False,False,
shopping_60,2026-09-19,童子丸郵便局口,kajiso_vio,08:00:00,True,True,False,False,0.0
shopping_60,2026-09-19,童子丸郵便局口,kajiso_vio,08:30:00,True,True,False,False,0.0
shopping_60,2026-09-19,童子丸郵便局口,kajiso_vio,09:00:00,True,True,False,False,0.0
shopping_60,2026-09-19,童子丸郵便局口,kajiso_vio,09:30:00,True,True,False,False,0.0
shopping_60,2026-09-19,童子丸郵便局口,kajiso_vio,10:00:00,True,True,False,False,0.0
shopping_60,2026-09-19,童子丸郵便局口,kajiso_vio,10:30:00,True,True,False,False,0.0
shopping_60,2026-09-19,童子丸郵便局口,kajiso_vio,11:00:00,False,False,False,False,
shopping_60,2026-09-19,童子丸郵便局口,kajiso_vio,11:30:00,False,False,False,False,
shopping_60,2026-09-19,童子丸郵便局口,kajiso_vio,12:00:00,False,False,False,False,
shopping_60,2026-09-19,童子丸郵便局口,kajiso_vio,12:30:00,False,False,False,False,
shopping_60,2026-09-19,童子丸郵便局口,kajiso_vio,13:00:00,False,False,False,False,
shopping_60,2026-09-19,童子丸郵便局口,kajiso_vio,13:30:00,False,False,False,False,
shopping_60,2026-09-19,童子丸郵便局口,kajiso_vio,14:00:00,False,False,False,False,
shopping_60,2026-09-19,童子丸郵便局口,kajiso_vio,14:30:00,False,False,False,False,
shopping_60,2026-09-19,童子丸郵便局口,kajiso_vio,15:00:00,False,False,False,False,
shopping_60,2026-09-19,童子丸郵便局口,kajiso_vio,15:30:00,False,False,False,False,
shopping_60,2026-09-19,童子丸郵便局口,kajiso_vio,16:00:00,False,False,False,False,
store_walk_10,2026-09-15,越前大野駅,kajiso_libre,08:00:00,True,True,False,False,0.0
store_walk_10,2026-09-15,越前大野駅,kajiso_libre,08:30:00,True,True,False,False,0.0
store_walk_10,2026-09-15,越前大野駅,kajiso_libre,09:00:00,True,True,True,True,0.0
store_walk_10,2026-09-15,越前大野駅,kajiso_libre,09:30:00,True,True,True,True,0.0
store_walk_10,2026-09-15,越前大野駅,kajiso_libre,10:00:00,True,True,False,False,0.0
store_walk_10,2026-09-15,越前大野駅,kajiso_libre,10:30:00,True,True,False,False,0.0
store_walk_10,2026-09-15,越前大野駅,kajiso_libre,11:00:00,True,True,True,True,0.0
store_walk_10,2026-09-15,越前大野駅,kajiso_libre,11:30:00,True,True,True,True,0.0
store_walk_10,2026-09-15,越前大野駅,kajiso_libre,12:00:00,True,True,False,False,0.0
store_walk_10,2026-09-15,越前大野駅,kajiso_libre,12:30:00,True,True,False,False,0.0
store_walk_10,2026-09-15,越前大野駅,kajiso_libre,13:00:00,True,True,False,False,0.0
store_walk_10,2026-09-15,越前大野駅,kajiso_libre,13:30:00,True,True,True,True,0.0
store_walk_10,2026-09-15,越前大野駅,kajiso_libre,14:00:00,False,False,False,False,
store_walk_10,2026-09-15,越前大野駅,kajiso_libre,14:30:00,False,False,False,False,
store_walk_10,2026-09-15,越前大野駅,kajiso_libre,15:00:00,False,False,False,False,
store_walk_10,2026-09-15,越前大野駅,kajiso_libre,15:30:00,False,False,False,False,
store_walk_10,2026-09-15,越前大野駅,kajiso_libre,16:00:00,False,False,False,False,
store_walk_10,2026-09-15,越前大野駅,kajiso_vio,08:00:00,True,True,False,False,0.0
store_walk_10,2026-09-15,越前大野駅,kajiso_vio,08:30:00,True,True,False,False,0.0
store_walk_10,2026-09-15,越前大野駅,kajiso_vio,09:00:00,True,True,True,True,0.0
store_walk_10,2026-09-15,越前大野駅,kajiso_vio,09:30:00,True,True,True,True,47.0
store_walk_10,2026-09-15,越前大野駅,kajiso_vio,10:00:00,True,True,False,False,0.0
store_walk_10,2026-09-15,越前大野駅,kajiso_vio,10:30:00,True,True,False,False,0.0
store_walk_10,2026-09-15,越前大野駅,kajiso_vio,11:00:00,True,True,True,True,0.0
store_walk_10,2026-09-15,越前大野駅,kajiso_vio,11:30:00,True,True,True,True,0.0
store_walk_10,2026-09-15,越前大野駅,kajiso_vio,12:00:00,True,True,False,False,0.0
store_walk_10,2026-09-15,越前大野駅,kajiso_vio,12:30:00,True,True,False,False,0.0
store_walk_10,2026-09-15,越前大野駅,kajiso_vio,13:00:00,True,True,False,False,0.0
store_walk_10,2026-09-15,越前大野駅,kajiso_vio,13:30:00,True,True,True,True,0.0
store_walk_10,2026-09-15,越前大野駅,kajiso_vio,14:00:00,False,False,False,False,
store_walk_10,2026-09-15,越前大野駅,kajiso_vio,14:30:00,False,False,False,False,
store_walk_10,2026-09-15,越前大野駅,kajiso_vio,15:00:00,False,False,False,False,
store_walk_10,2026-09-15,越前大野駅,kajiso_vio,15:30:00,False,False,False,False,
store_walk_10,2026-09-15,越前大野駅,kajiso_vio,16:00:00,False,False,False,False,
store_walk_10,2026-09-15,結ステーション,kajiso_libre,08:00:00,True,True,False,False,0.0
store_walk_10,2026-09-15,結ステーション,kajiso_libre,08:30:00,True,True,False,False,0.0
store_walk_10,2026-09-15,結ステーション,kajiso_libre,09:00:00,True,True,True,True,0.0
store_walk_10,2026-09-15,結ステーション,kajiso_libre,09:30:00,True,True,True,True,0.0
store_walk_10,2026-09-15,結ステーション,kajiso_libre,10:00:00,True,True,False,False,0.0
store_walk_10,2026-09-15,結ステーション,kajiso_libre,10:30:00,True,True,False,False,0.0
store_walk_10,2026-09-15,結ステーション,kajiso_libre,11:00:00,True,True,True,True,0.0
store_walk_10,2026-09-15,結ステーション,kajiso_libre,11:30:00,True,True,False,False,0.0
store_walk_10,2026-09-15,結ステーション,kajiso_libre,12:00:00,True,True,False,False,0.0
store_walk_10,2026-09-15,結ステーション,kajiso_libre,12:30:00,True,True,False,False,0.0
store_walk_10,2026-09-15,結ステーション,kajiso_libre,13:00:00,True,True,False,False,0.0
store_walk_10,2026-09-15,結ステーション,kajiso_libre,13:30:00,False,False,False,False,
store_walk_10,2026-09-15,結ステーション,kajiso_libre,14:00:00,False,False,False,False,
store_walk_10,2026-09-15,結ステーション,kajiso_libre,14:30:00,False,False,False,False,
store_walk_10,2026-09-15,結ステーション,kajiso_libre,15:00:00,False,False,False,False,
store_walk_10,2026-09-15,結ステーション,kajiso_libre,15:30:00,False,False,False,False,
store_walk_10,2026-09-15,結ステーション,kajiso_libre,16:00:00,False,False,False,False,
store_walk_10,2026-09-15,結ステーション,kajiso_vio,08:00:00,True,True,False,False,124.0
store_walk_10,2026-09-15,結ステーション,kajiso_vio,08:30:00,True,True,True,False,124.0
store_walk_10,2026-09-15,結ステーション,kajiso_vio,09:00:00,True,True,True,False,124.0
store_walk_10,2026-09-15,結ステーション,kajiso_vio,09:30:00,True,True,True,False,124.0
store_walk_10,2026-09-15,結ステーション,kajiso_vio,10:00:00,True,True,True,False,124.0
store_walk_10,2026-09-15,結ステーション,kajiso_vio,10:30:00,True,True,False,False,0.0
store_walk_10,2026-09-15,結ステーション,kajiso_vio,11:00:00,True,True,True,True,0.0
store_walk_10,2026-09-15,結ステーション,kajiso_vio,11:30:00,True,True,True,True,0.0
store_walk_10,2026-09-15,結ステーション,kajiso_vio,12:00:00,True,True,False,False,0.0
store_walk_10,2026-09-15,結ステーション,kajiso_vio,12:30:00,True,True,False,False,0.0
store_walk_10,2026-09-15,結ステーション,kajiso_vio,13:00:00,True,True,True,True,0.0
store_walk_10,2026-09-15,結ステーション,kajiso_vio,13:30:00,True,True,True,True,0.0
store_walk_10,2026-09-15,結ステーション,kajiso_vio,14:00:00,False,False,False,False,
store_walk_10,2026-09-15,結ステーション,kajiso_vio,14:30:00,False,False,False,False,
store_walk_10,2026-09-15,結ステーション,kajiso_vio,15:00:00,False,False,False,False,
store_walk_10,2026-09-15,結ステーション,kajiso_vio,15:30:00,False,False,False,False,
store_walk_10,2026-09-15,結ステーション,kajiso_vio,16:00:00,False,False,False,False,
store_walk_10,2026-09-15,下庄小学校,kajiso_libre,08:00:00,True,True,False,False,0.0
store_walk_10,2026-09-15,下庄小学校,kajiso_libre,08:30:00,True,True,False,False,0.0
store_walk_10,2026-09-15,下庄小学校,kajiso_libre,09:00:00,True,True,False,False,0.0
store_walk_10,2026-09-15,下庄小学校,kajiso_libre,09:30:00,True,True,False,False,0.0
store_walk_10,2026-09-15,下庄小学校,kajiso_libre,10:00:00,True,True,False,False,0.0
store_walk_10,2026-09-15,下庄小学校,kajiso_libre,10:30:00,True,True,False,False,0.0
store_walk_10,2026-09-15,下庄小学校,kajiso_libre,11:00:00,True,True,False,False,0.0
store_walk_10,2026-09-15,下庄小学校,kajiso_libre,11:30:00,True,True,False,False,0.0
store_walk_10,2026-09-15,下庄小学校,kajiso_libre,12:00:00,True,True,False,False,0.0
store_walk_10,2026-09-15,下庄小学校,kajiso_libre,12:30:00,True,True,False,False,0.0
store_walk_10,2026-09-15,下庄小学校,kajiso_libre,13:00:00,True,True,False,False,0.0
store_walk_10,2026-09-15,下庄小学校,kajiso_libre,13:30:00,False,False,False,False,
store_walk_10,2026-09-15,下庄小学校,kajiso_libre,14:00:00,False,False,False,False,
store_walk_10,2026-09-15,下庄小学校,kajiso_libre,14:30:00,False,False,False,False,
store_walk_10,2026-09-15,下庄小学校,kajiso_libre,15:00:00,False,False,False,False,
store_walk_10,2026-09-15,下庄小学校,kajiso_libre,15:30:00,False,False,False,False,
store_walk_10,2026-09-15,下庄小学校,kajiso_libre,16:00:00,False,False,False,False,
store_walk_10,2026-09-15,下庄小学校,kajiso_vio,08:00:00,True,True,False,False,127.0
store_walk_10,2026-09-15,下庄小学校,kajiso_vio,08:30:00,True,True,False,False,127.0
store_walk_10,2026-09-15,下庄小学校,kajiso_vio,09:00:00,True,True,False,False,127.0
store_walk_10,2026-09-15,下庄小学校,kajiso_vio,09:30:00,True,True,False,False,0.0
store_walk_10,2026-09-15,下庄小学校,kajiso_vio,10:00:00,True,True,False,False,0.0
store_walk_10,2026-09-15,下庄小学校,kajiso_vio,10:30:00,True,True,False,False,0.0
store_walk_10,2026-09-15,下庄小学校,kajiso_vio,11:00:00,True,True,False,False,0.0
store_walk_10,2026-09-15,下庄小学校,kajiso_vio,11:30:00,True,True,False,False,0.0
store_walk_10,2026-09-15,下庄小学校,kajiso_vio,12:00:00,True,True,False,False,0.0
store_walk_10,2026-09-15,下庄小学校,kajiso_vio,12:30:00,True,True,False,False,0.0
store_walk_10,2026-09-15,下庄小学校,kajiso_vio,13:00:00,True,True,False,False,0.0
store_walk_10,2026-09-15,下庄小学校,kajiso_vio,13:30:00,False,False,False,False,
store_walk_10,2026-09-15,下庄小学校,kajiso_vio,14:00:00,False,False,False,False,
store_walk_10,2026-09-15,下庄小学校,kajiso_vio,14:30:00,False,False,False,False,
store_walk_10,2026-09-15,下庄小学校,kajiso_vio,15:00:00,False,False,False,False,
store_walk_10,2026-09-15,下庄小学校,kajiso_vio,15:30:00,False,False,False,False,
store_walk_10,2026-09-15,下庄小学校,kajiso_vio,16:00:00,False,False,False,False,
store_walk_10,2026-09-15,青少年教育センター,kajiso_libre,08:00:00,True,True,False,False,0.0
store_walk_10,2026-09-15,青少年教育センター,kajiso_libre,08:30:00,True,True,False,False,0.0
store_walk_10,2026-09-15,青少年教育センター,kajiso_libre,09:00:00,True,True,True,True,0.0
store_walk_10,2026-09-15,青少年教育センター,kajiso_libre,09:30:00,True,True,True,True,0.0
store_walk_10,2026-09-15,青少年教育センター,kajiso_libre,10:00:00,True,True,False,False,0.0
store_walk_10,2026-09-15,青少年教育センター,kajiso_libre,10:30:00,True,True,False,False,0.0
store_walk_10,2026-09-15,青少年教育センター,kajiso_libre,11:00:00,True,True,False,False,0.0
store_walk_10,2026-09-15,青少年教育センター,kajiso_libre,11:30:00,True,True,False,False,0.0
store_walk_10,2026-09-15,青少年教育センター,kajiso_libre,12:00:00,True,True,False,False,0.0
store_walk_10,2026-09-15,青少年教育センター,kajiso_libre,12:30:00,True,True,False,False,0.0
store_walk_10,2026-09-15,青少年教育センター,kajiso_libre,13:00:00,True,True,False,False,0.0
store_walk_10,2026-09-15,青少年教育センター,kajiso_libre,13:30:00,False,False,False,False,
store_walk_10,2026-09-15,青少年教育センター,kajiso_libre,14:00:00,False,False,False,False,
store_walk_10,2026-09-15,青少年教育センター,kajiso_libre,14:30:00,False,False,False,False,
store_walk_10,2026-09-15,青少年教育センター,kajiso_libre,15:00:00,False,False,False,False,
store_walk_10,2026-09-15,青少年教育センター,kajiso_libre,15:30:00,False,False,False,False,
store_walk_10,2026-09-15,青少年教育センター,kajiso_libre,16:00:00,False,False,False,False,
store_walk_10,2026-09-15,青少年教育センター,kajiso_vio,08:00:00,True,True,False,False,127.0
store_walk_10,2026-09-15,青少年教育センター,kajiso_vio,08:30:00,True,True,False,False,127.0
store_walk_10,2026-09-15,青少年教育センター,kajiso_vio,09:00:00,True,True,True,False,127.0
store_walk_10,2026-09-15,青少年教育センター,kajiso_vio,09:30:00,True,True,True,False,127.0
store_walk_10,2026-09-15,青少年教育センター,kajiso_vio,10:00:00,True,True,False,False,0.0
store_walk_10,2026-09-15,青少年教育センター,kajiso_vio,10:30:00,True,True,False,False,0.0
store_walk_10,2026-09-15,青少年教育センター,kajiso_vio,11:00:00,True,True,False,False,0.0
store_walk_10,2026-09-15,青少年教育センター,kajiso_vio,11:30:00,True,True,False,False,0.0
store_walk_10,2026-09-15,青少年教育センター,kajiso_vio,12:00:00,True,True,False,False,0.0
store_walk_10,2026-09-15,青少年教育センター,kajiso_vio,12:30:00,True,True,False,False,0.0
store_walk_10,2026-09-15,青少年教育センター,kajiso_vio,13:00:00,True,True,False,False,0.0
store_walk_10,2026-09-15,青少年教育センター,kajiso_vio,13:30:00,False,False,False,False,
store_walk_10,2026-09-15,青少年教育センター,kajiso_vio,14:00:00,False,False,False,False,
store_walk_10,2026-09-15,青少年教育センター,kajiso_vio,14:30:00,False,False,False,False,
store_walk_10,2026-09-15,青少年教育センター,kajiso_vio,15:00:00,False,False,False,False,
store_walk_10,2026-09-15,青少年教育センター,kajiso_vio,15:30:00,False,False,False,False,
store_walk_10,2026-09-15,青少年教育センター,kajiso_vio,16:00:00,False,False,False,False,
store_walk_10,2026-09-15,陽明中学校口,kajiso_libre,08:00:00,True,True,False,False,0.0
store_walk_10,2026-09-15,陽明中学校口,kajiso_libre,08:30:00,True,True,False,False,0.0
store_walk_10,2026-09-15,陽明中学校口,kajiso_libre,09:00:00,True,True,True,True,0.0
store_walk_10,2026-09-15,陽明中学校口,kajiso_libre,09:30:00,True,True,True,True,0.0
store_walk_10,2026-09-15,陽明中学校口,kajiso_libre,10:00:00,True,True,False,False,0.0
store_walk_10,2026-09-15,陽明中学校口,kajiso_libre,10:30:00,True,True,False,False,0.0
store_walk_10,2026-09-15,陽明中学校口,kajiso_libre,11:00:00,True,True,True,True,0.0
store_walk_10,2026-09-15,陽明中学校口,kajiso_libre,11:30:00,True,True,False,False,0.0
store_walk_10,2026-09-15,陽明中学校口,kajiso_libre,12:00:00,True,True,False,False,0.0
store_walk_10,2026-09-15,陽明中学校口,kajiso_libre,12:30:00,True,True,False,False,0.0
store_walk_10,2026-09-15,陽明中学校口,kajiso_libre,13:00:00,True,True,False,False,0.0
store_walk_10,2026-09-15,陽明中学校口,kajiso_libre,13:30:00,False,False,False,False,
store_walk_10,2026-09-15,陽明中学校口,kajiso_libre,14:00:00,False,False,False,False,
store_walk_10,2026-09-15,陽明中学校口,kajiso_libre,14:30:00,False,False,False,False,
store_walk_10,2026-09-15,陽明中学校口,kajiso_libre,15:00:00,False,False,False,False,
store_walk_10,2026-09-15,陽明中学校口,kajiso_libre,15:30:00,False,False,False,False,
store_walk_10,2026-09-15,陽明中学校口,kajiso_libre,16:00:00,False,False,False,False,
store_walk_10,2026-09-15,陽明中学校口,kajiso_vio,08:00:00,True,True,False,False,127.0
store_walk_10,2026-09-15,陽明中学校口,kajiso_vio,08:30:00,True,True,False,False,127.0
store_walk_10,2026-09-15,陽明中学校口,kajiso_vio,09:00:00,True,True,True,False,127.0
store_walk_10,2026-09-15,陽明中学校口,kajiso_vio,09:30:00,True,True,True,False,127.0
store_walk_10,2026-09-15,陽明中学校口,kajiso_vio,10:00:00,True,True,False,False,0.0
store_walk_10,2026-09-15,陽明中学校口,kajiso_vio,10:30:00,True,True,False,False,0.0
store_walk_10,2026-09-15,陽明中学校口,kajiso_vio,11:00:00,True,True,True,True,0.0
store_walk_10,2026-09-15,陽明中学校口,kajiso_vio,11:30:00,True,True,False,False,0.0
store_walk_10,2026-09-15,陽明中学校口,kajiso_vio,12:00:00,True,True,False,False,0.0
store_walk_10,2026-09-15,陽明中学校口,kajiso_vio,12:30:00,True,True,False,False,0.0
store_walk_10,2026-09-15,陽明中学校口,kajiso_vio,13:00:00,True,True,False,False,0.0
store_walk_10,2026-09-15,陽明中学校口,kajiso_vio,13:30:00,False,False,False,False,
store_walk_10,2026-09-15,陽明中学校口,kajiso_vio,14:00:00,False,False,False,False,
store_walk_10,2026-09-15,陽明中学校口,kajiso_vio,14:30:00,False,False,False,False,
store_walk_10,2026-09-15,陽明中学校口,kajiso_vio,15:00:00,False,False,False,False,
store_walk_10,2026-09-15,陽明中学校口,kajiso_vio,15:30:00,False,False,False,False,
store_walk_10,2026-09-15,陽明中学校口,kajiso_vio,16:00:00,False,False,False,False,
store_walk_10,2026-09-15,さくら公園,kajiso_libre,08:00:00,True,True,False,False,0.0
store_walk_10,2026-09-15,さくら公園,kajiso_libre,08:30:00,True,True,False,False,0.0
store_walk_10,2026-09-15,さくら公園,kajiso_libre,09:00:00,True,True,True,True,0.0
store_walk_10,2026-09-15,さくら公園,kajiso_libre,09:30:00,True,True,True,True,0.0
store_walk_10,2026-09-15,さくら公園,kajiso_libre,10:00:00,True,True,False,False,0.0
store_walk_10,2026-09-15,さくら公園,kajiso_libre,10:30:00,True,True,False,False,0.0
store_walk_10,2026-09-15,さくら公園,kajiso_libre,11:00:00,True,True,True,True,0.0
store_walk_10,2026-09-15,さくら公園,kajiso_libre,11:30:00,True,True,False,False,0.0
store_walk_10,2026-09-15,さくら公園,kajiso_libre,12:00:00,True,True,False,False,0.0
store_walk_10,2026-09-15,さくら公園,kajiso_libre,12:30:00,True,True,False,False,0.0
store_walk_10,2026-09-15,さくら公園,kajiso_libre,13:00:00,True,True,False,False,0.0
store_walk_10,2026-09-15,さくら公園,kajiso_libre,13:30:00,False,False,False,False,
store_walk_10,2026-09-15,さくら公園,kajiso_libre,14:00:00,False,False,False,False,
store_walk_10,2026-09-15,さくら公園,kajiso_libre,14:30:00,False,False,False,False,
store_walk_10,2026-09-15,さくら公園,kajiso_libre,15:00:00,False,False,False,False,
store_walk_10,2026-09-15,さくら公園,kajiso_libre,15:30:00,False,False,False,False,
store_walk_10,2026-09-15,さくら公園,kajiso_libre,16:00:00,False,False,False,False,
store_walk_10,2026-09-15,さくら公園,kajiso_vio,08:00:00,True,True,False,False,127.0
store_walk_10,2026-09-15,さくら公園,kajiso_vio,08:30:00,True,True,False,False,127.0
store_walk_10,2026-09-15,さくら公園,kajiso_vio,09:00:00,True,True,True,False,127.0
store_walk_10,2026-09-15,さくら公園,kajiso_vio,09:30:00,True,True,True,False,127.0
store_walk_10,2026-09-15,さくら公園,kajiso_vio,10:00:00,True,True,False,False,0.0
store_walk_10,2026-09-15,さくら公園,kajiso_vio,10:30:00,True,True,False,False,0.0
store_walk_10,2026-09-15,さくら公園,kajiso_vio,11:00:00,True,True,True,True,0.0
store_walk_10,2026-09-15,さくら公園,kajiso_vio,11:30:00,True,True,False,False,0.0
store_walk_10,2026-09-15,さくら公園,kajiso_vio,12:00:00,True,True,False,False,0.0
store_walk_10,2026-09-15,さくら公園,kajiso_vio,12:30:00,True,True,False,False,0.0
store_walk_10,2026-09-15,さくら公園,kajiso_vio,13:00:00,True,True,False,False,0.0
store_walk_10,2026-09-15,さくら公園,kajiso_vio,13:30:00,False,False,False,False,
store_walk_10,2026-09-15,さくら公園,kajiso_vio,14:00:00,False,False,False,False,
store_walk_10,2026-09-15,さくら公園,kajiso_vio,14:30:00,False,False,False,False,
store_walk_10,2026-09-15,さくら公園,kajiso_vio,15:00:00,False,False,False,False,
store_walk_10,2026-09-15,さくら公園,kajiso_vio,15:30:00,False,False,False,False,
store_walk_10,2026-09-15,さくら公園,kajiso_vio,16:00:00,False,False,False,False,
store_walk_10,2026-09-15,わかくさ,kajiso_libre,08:00:00,True,True,False,False,0.0
store_walk_10,2026-09-15,わかくさ,kajiso_libre,08:30:00,True,True,False,False,0.0
store_walk_10,2026-09-15,わかくさ,kajiso_libre,09:00:00,True,True,True,True,0.0
store_walk_10,2026-09-15,わかくさ,kajiso_libre,09:30:00,True,True,True,True,0.0
store_walk_10,2026-09-15,わかくさ,kajiso_libre,10:00:00,True,True,False,False,0.0
store_walk_10,2026-09-15,わかくさ,kajiso_libre,10:30:00,True,True,False,False,0.0
store_walk_10,2026-09-15,わかくさ,kajiso_libre,11:00:00,True,True,True,True,0.0
store_walk_10,2026-09-15,わかくさ,kajiso_libre,11:30:00,True,True,True,True,0.0
store_walk_10,2026-09-15,わかくさ,kajiso_libre,12:00:00,True,True,False,False,0.0
store_walk_10,2026-09-15,わかくさ,kajiso_libre,12:30:00,True,True,False,False,0.0
store_walk_10,2026-09-15,わかくさ,kajiso_libre,13:00:00,True,True,False,False,0.0
store_walk_10,2026-09-15,わかくさ,kajiso_libre,13:30:00,True,True,True,True,0.0
store_walk_10,2026-09-15,わかくさ,kajiso_libre,14:00:00,False,False,False,False,
store_walk_10,2026-09-15,わかくさ,kajiso_libre,14:30:00,False,False,False,False,
store_walk_10,2026-09-15,わかくさ,kajiso_libre,15:00:00,False,False,False,False,
store_walk_10,2026-09-15,わかくさ,kajiso_libre,15:30:00,False,False,False,False,
store_walk_10,2026-09-15,わかくさ,kajiso_libre,16:00:00,False,False,False,False,
store_walk_10,2026-09-15,わかくさ,kajiso_vio,08:00:00,True,True,False,False,127.0
store_walk_10,2026-09-15,わかくさ,kajiso_vio,08:30:00,True,True,False,False,127.0
store_walk_10,2026-09-15,わかくさ,kajiso_vio,09:00:00,True,True,True,False,127.0
store_walk_10,2026-09-15,わかくさ,kajiso_vio,09:30:00,True,True,True,False,127.0
store_walk_10,2026-09-15,わかくさ,kajiso_vio,10:00:00,True,True,False,False,0.0
store_walk_10,2026-09-15,わかくさ,kajiso_vio,10:30:00,True,True,False,False,0.0
store_walk_10,2026-09-15,わかくさ,kajiso_vio,11:00:00,True,True,True,True,0.0
store_walk_10,2026-09-15,わかくさ,kajiso_vio,11:30:00,True,True,False,False,0.0
store_walk_10,2026-09-15,わかくさ,kajiso_vio,12:00:00,True,True,False,False,0.0
store_walk_10,2026-09-15,わかくさ,kajiso_vio,12:30:00,True,True,False,False,0.0
store_walk_10,2026-09-15,わかくさ,kajiso_vio,13:00:00,True,True,False,False,0.0
store_walk_10,2026-09-15,わかくさ,kajiso_vio,13:30:00,False,False,False,False,
store_walk_10,2026-09-15,わかくさ,kajiso_vio,14:00:00,False,False,False,False,
store_walk_10,2026-09-15,わかくさ,kajiso_vio,14:30:00,False,False,False,False,
store_walk_10,2026-09-15,わかくさ,kajiso_vio,15:00:00,False,False,False,False,
store_walk_10,2026-09-15,わかくさ,kajiso_vio,15:30:00,False,False,False,False,
store_walk_10,2026-09-15,わかくさ,kajiso_vio,16:00:00,False,False,False,False,
store_walk_10,2026-09-15,篠座,kajiso_libre,08:00:00,True,True,False,False,0.0
store_walk_10,2026-09-15,篠座,kajiso_libre,08:30:00,True,True,False,False,0.0
store_walk_10,2026-09-15,篠座,kajiso_libre,09:00:00,True,True,False,False,0.0
store_walk_10,2026-09-15,篠座,kajiso_libre,09:30:00,True,True,False,False,0.0
store_walk_10,2026-09-15,篠座,kajiso_libre,10:00:00,True,True,False,False,0.0
store_walk_10,2026-09-15,篠座,kajiso_libre,10:30:00,True,True,False,False,0.0
store_walk_10,2026-09-15,篠座,kajiso_libre,11:00:00,True,True,False,False,0.0
store_walk_10,2026-09-15,篠座,kajiso_libre,11:30:00,True,True,False,False,0.0
store_walk_10,2026-09-15,篠座,kajiso_libre,12:00:00,True,True,False,False,0.0
store_walk_10,2026-09-15,篠座,kajiso_libre,12:30:00,True,True,False,False,0.0
store_walk_10,2026-09-15,篠座,kajiso_libre,13:00:00,True,True,False,False,0.0
store_walk_10,2026-09-15,篠座,kajiso_libre,13:30:00,False,False,False,False,
store_walk_10,2026-09-15,篠座,kajiso_libre,14:00:00,False,False,False,False,
store_walk_10,2026-09-15,篠座,kajiso_libre,14:30:00,False,False,False,False,
store_walk_10,2026-09-15,篠座,kajiso_libre,15:00:00,False,False,False,False,
store_walk_10,2026-09-15,篠座,kajiso_libre,15:30:00,False,False,False,False,
store_walk_10,2026-09-15,篠座,kajiso_libre,16:00:00,False,False,False,False,
store_walk_10,2026-09-15,篠座,kajiso_vio,08:00:00,True,True,False,False,0.0
store_walk_10,2026-09-15,篠座,kajiso_vio,08:30:00,True,True,False,False,0.0
store_walk_10,2026-09-15,篠座,kajiso_vio,09:00:00,True,True,False,False,0.0
store_walk_10,2026-09-15,篠座,kajiso_vio,09:30:00,True,True,False,False,0.0
store_walk_10,2026-09-15,篠座,kajiso_vio,10:00:00,True,True,False,False,0.0
store_walk_10,2026-09-15,篠座,kajiso_vio,10:30:00,True,True,False,False,0.0
store_walk_10,2026-09-15,篠座,kajiso_vio,11:00:00,True,True,False,False,0.0
store_walk_10,2026-09-15,篠座,kajiso_vio,11:30:00,True,True,False,False,0.0
store_walk_10,2026-09-15,篠座,kajiso_vio,12:00:00,True,True,False,False,0.0
store_walk_10,2026-09-15,篠座,kajiso_vio,12:30:00,True,True,False,False,0.0
store_walk_10,2026-09-15,篠座,kajiso_vio,13:00:00,True,True,False,False,0.0
store_walk_10,2026-09-15,篠座,kajiso_vio,13:30:00,False,False,False,False,
store_walk_10,2026-09-15,篠座,kajiso_vio,14:00:00,False,False,False,False,
store_walk_10,2026-09-15,篠座,kajiso_vio,14:30:00,False,False,False,False,
store_walk_10,2026-09-15,篠座,kajiso_vio,15:00:00,False,False,False,False,
store_walk_10,2026-09-15,篠座,kajiso_vio,15:30:00,False,False,False,False,
store_walk_10,2026-09-15,篠座,kajiso_vio,16:00:00,False,False,False,False,
store_walk_10,2026-09-15,いなほこども園,kajiso_libre,08:00:00,True,True,False,False,0.0
store_walk_10,2026-09-15,いなほこども園,kajiso_libre,08:30:00,True,True,False,False,0.0
store_walk_10,2026-09-15,いなほこども園,kajiso_libre,09:00:00,True,True,False,False,0.0
store_walk_10,2026-09-15,いなほこども園,kajiso_libre,09:30:00,True,True,False,False,0.0
store_walk_10,2026-09-15,いなほこども園,kajiso_libre,10:00:00,True,True,False,False,0.0
store_walk_10,2026-09-15,いなほこども園,kajiso_libre,10:30:00,True,True,False,False,0.0
store_walk_10,2026-09-15,いなほこども園,kajiso_libre,11:00:00,True,True,False,False,0.0
store_walk_10,2026-09-15,いなほこども園,kajiso_libre,11:30:00,True,True,False,False,0.0
store_walk_10,2026-09-15,いなほこども園,kajiso_libre,12:00:00,True,True,False,False,0.0
store_walk_10,2026-09-15,いなほこども園,kajiso_libre,12:30:00,True,True,False,False,0.0
store_walk_10,2026-09-15,いなほこども園,kajiso_libre,13:00:00,True,True,False,False,0.0
store_walk_10,2026-09-15,いなほこども園,kajiso_libre,13:30:00,False,False,False,False,
store_walk_10,2026-09-15,いなほこども園,kajiso_libre,14:00:00,False,False,False,False,
store_walk_10,2026-09-15,いなほこども園,kajiso_libre,14:30:00,False,False,False,False,
store_walk_10,2026-09-15,いなほこども園,kajiso_libre,15:00:00,False,False,False,False,
store_walk_10,2026-09-15,いなほこども園,kajiso_libre,15:30:00,False,False,False,False,
store_walk_10,2026-09-15,いなほこども園,kajiso_libre,16:00:00,False,False,False,False,
store_walk_10,2026-09-15,いなほこども園,kajiso_vio,08:00:00,True,True,False,False,0.0
store_walk_10,2026-09-15,いなほこども園,kajiso_vio,08:30:00,True,True,False,False,0.0
store_walk_10,2026-09-15,いなほこども園,kajiso_vio,09:00:00,True,True,False,False,0.0
store_walk_10,2026-09-15,いなほこども園,kajiso_vio,09:30:00,True,True,False,False,0.0
store_walk_10,2026-09-15,いなほこども園,kajiso_vio,10:00:00,True,True,False,False,0.0
store_walk_10,2026-09-15,いなほこども園,kajiso_vio,10:30:00,True,True,False,False,0.0
store_walk_10,2026-09-15,いなほこども園,kajiso_vio,11:00:00,True,True,False,False,0.0
store_walk_10,2026-09-15,いなほこども園,kajiso_vio,11:30:00,True,True,False,False,0.0
store_walk_10,2026-09-15,いなほこども園,kajiso_vio,12:00:00,True,True,False,False,0.0
store_walk_10,2026-09-15,いなほこども園,kajiso_vio,12:30:00,True,True,False,False,0.0
store_walk_10,2026-09-15,いなほこども園,kajiso_vio,13:00:00,True,True,False,False,0.0
store_walk_10,2026-09-15,いなほこども園,kajiso_vio,13:30:00,False,False,False,False,
store_walk_10,2026-09-15,いなほこども園,kajiso_vio,14:00:00,False,False,False,False,
store_walk_10,2026-09-15,いなほこども園,kajiso_vio,14:30:00,False,False,False,False,
store_walk_10,2026-09-15,いなほこども園,kajiso_vio,15:00:00,False,False,False,False,
store_walk_10,2026-09-15,いなほこども園,kajiso_vio,15:30:00,False,False,False,False,
store_walk_10,2026-09-15,いなほこども園,kajiso_vio,16:00:00,False,False,False,False,
store_walk_10,2026-09-15,童子丸郵便局口,kajiso_libre,08:00:00,True,True,False,False,0.0
store_walk_10,2026-09-15,童子丸郵便局口,kajiso_libre,08:30:00,True,True,False,False,0.0
store_walk_10,2026-09-15,童子丸郵便局口,kajiso_libre,09:00:00,True,True,False,False,0.0
store_walk_10,2026-09-15,童子丸郵便局口,kajiso_libre,09:30:00,True,True,False,False,0.0
store_walk_10,2026-09-15,童子丸郵便局口,kajiso_libre,10:00:00,True,True,False,False,0.0
store_walk_10,2026-09-15,童子丸郵便局口,kajiso_libre,10:30:00,True,True,False,False,0.0
store_walk_10,2026-09-15,童子丸郵便局口,kajiso_libre,11:00:00,True,True,False,False,0.0
store_walk_10,2026-09-15,童子丸郵便局口,kajiso_libre,11:30:00,True,True,False,False,0.0
store_walk_10,2026-09-15,童子丸郵便局口,kajiso_libre,12:00:00,True,True,False,False,0.0
store_walk_10,2026-09-15,童子丸郵便局口,kajiso_libre,12:30:00,True,True,False,False,0.0
store_walk_10,2026-09-15,童子丸郵便局口,kajiso_libre,13:00:00,False,False,False,False,
store_walk_10,2026-09-15,童子丸郵便局口,kajiso_libre,13:30:00,False,False,False,False,
store_walk_10,2026-09-15,童子丸郵便局口,kajiso_libre,14:00:00,False,False,False,False,
store_walk_10,2026-09-15,童子丸郵便局口,kajiso_libre,14:30:00,False,False,False,False,
store_walk_10,2026-09-15,童子丸郵便局口,kajiso_libre,15:00:00,False,False,False,False,
store_walk_10,2026-09-15,童子丸郵便局口,kajiso_libre,15:30:00,False,False,False,False,
store_walk_10,2026-09-15,童子丸郵便局口,kajiso_libre,16:00:00,False,False,False,False,
store_walk_10,2026-09-15,童子丸郵便局口,kajiso_vio,08:00:00,True,True,False,False,0.0
store_walk_10,2026-09-15,童子丸郵便局口,kajiso_vio,08:30:00,True,True,False,False,0.0
store_walk_10,2026-09-15,童子丸郵便局口,kajiso_vio,09:00:00,True,True,False,False,0.0
store_walk_10,2026-09-15,童子丸郵便局口,kajiso_vio,09:30:00,True,True,False,False,0.0
store_walk_10,2026-09-15,童子丸郵便局口,kajiso_vio,10:00:00,True,True,False,False,0.0
store_walk_10,2026-09-15,童子丸郵便局口,kajiso_vio,10:30:00,True,True,False,False,0.0
store_walk_10,2026-09-15,童子丸郵便局口,kajiso_vio,11:00:00,True,True,False,False,0.0
store_walk_10,2026-09-15,童子丸郵便局口,kajiso_vio,11:30:00,True,True,False,False,0.0
store_walk_10,2026-09-15,童子丸郵便局口,kajiso_vio,12:00:00,True,True,False,False,0.0
store_walk_10,2026-09-15,童子丸郵便局口,kajiso_vio,12:30:00,True,True,False,False,0.0
store_walk_10,2026-09-15,童子丸郵便局口,kajiso_vio,13:00:00,False,False,False,False,
store_walk_10,2026-09-15,童子丸郵便局口,kajiso_vio,13:30:00,False,False,False,False,
store_walk_10,2026-09-15,童子丸郵便局口,kajiso_vio,14:00:00,False,False,False,False,
store_walk_10,2026-09-15,童子丸郵便局口,kajiso_vio,14:30:00,False,False,False,False,
store_walk_10,2026-09-15,童子丸郵便局口,kajiso_vio,15:00:00,False,False,False,False,
store_walk_10,2026-09-15,童子丸郵便局口,kajiso_vio,15:30:00,False,False,False,False,
store_walk_10,2026-09-15,童子丸郵便局口,kajiso_vio,16:00:00,False,False,False,False,
store_walk_10,2026-09-19,越前大野駅,kajiso_libre,08:00:00,True,True,False,False,0.0
store_walk_10,2026-09-19,越前大野駅,kajiso_libre,08:30:00,True,True,False,False,0.0
store_walk_10,2026-09-19,越前大野駅,kajiso_libre,09:00:00,True,True,False,False,0.0
store_walk_10,2026-09-19,越前大野駅,kajiso_libre,09:30:00,True,True,False,False,0.0
store_walk_10,2026-09-19,越前大野駅,kajiso_libre,10:00:00,True,True,False,False,0.0
store_walk_10,2026-09-19,越前大野駅,kajiso_libre,10:30:00,True,True,False,False,0.0
store_walk_10,2026-09-19,越前大野駅,kajiso_libre,11:00:00,True,True,True,True,0.0
store_walk_10,2026-09-19,越前大野駅,kajiso_libre,11:30:00,True,True,True,True,0.0
store_walk_10,2026-09-19,越前大野駅,kajiso_libre,12:00:00,True,True,False,False,0.0
store_walk_10,2026-09-19,越前大野駅,kajiso_libre,12:30:00,True,True,False,False,0.0
store_walk_10,2026-09-19,越前大野駅,kajiso_libre,13:00:00,True,True,False,False,0.0
store_walk_10,2026-09-19,越前大野駅,kajiso_libre,13:30:00,False,False,False,False,
store_walk_10,2026-09-19,越前大野駅,kajiso_libre,14:00:00,False,False,False,False,
store_walk_10,2026-09-19,越前大野駅,kajiso_libre,14:30:00,False,False,False,False,
store_walk_10,2026-09-19,越前大野駅,kajiso_libre,15:00:00,False,False,False,False,
store_walk_10,2026-09-19,越前大野駅,kajiso_libre,15:30:00,False,False,False,False,
store_walk_10,2026-09-19,越前大野駅,kajiso_libre,16:00:00,False,False,False,False,
store_walk_10,2026-09-19,越前大野駅,kajiso_vio,08:00:00,True,True,False,False,174.0
store_walk_10,2026-09-19,越前大野駅,kajiso_vio,08:30:00,True,True,False,False,174.0
store_walk_10,2026-09-19,越前大野駅,kajiso_vio,09:00:00,True,True,True,False,174.0
store_walk_10,2026-09-19,越前大野駅,kajiso_vio,09:30:00,True,True,True,False,174.0
store_walk_10,2026-09-19,越前大野駅,kajiso_vio,10:00:00,True,True,False,False,0.0
store_walk_10,2026-09-19,越前大野駅,kajiso_vio,10:30:00,True,True,False,False,0.0
store_walk_10,2026-09-19,越前大野駅,kajiso_vio,11:00:00,True,True,False,False,0.0
store_walk_10,2026-09-19,越前大野駅,kajiso_vio,11:30:00,True,True,False,False,0.0
store_walk_10,2026-09-19,越前大野駅,kajiso_vio,12:00:00,True,True,False,False,0.0
store_walk_10,2026-09-19,越前大野駅,kajiso_vio,12:30:00,True,True,False,False,0.0
store_walk_10,2026-09-19,越前大野駅,kajiso_vio,13:00:00,True,True,False,False,0.0
store_walk_10,2026-09-19,越前大野駅,kajiso_vio,13:30:00,True,True,True,True,0.0
store_walk_10,2026-09-19,越前大野駅,kajiso_vio,14:00:00,False,False,False,False,
store_walk_10,2026-09-19,越前大野駅,kajiso_vio,14:30:00,False,False,False,False,
store_walk_10,2026-09-19,越前大野駅,kajiso_vio,15:00:00,False,False,False,False,
store_walk_10,2026-09-19,越前大野駅,kajiso_vio,15:30:00,False,False,False,False,
store_walk_10,2026-09-19,越前大野駅,kajiso_vio,16:00:00,False,False,False,False,
store_walk_10,2026-09-19,結ステーション,kajiso_libre,08:00:00,True,True,False,False,0.0
store_walk_10,2026-09-19,結ステーション,kajiso_libre,08:30:00,True,True,False,False,0.0
store_walk_10,2026-09-19,結ステーション,kajiso_libre,09:00:00,True,True,False,False,0.0
store_walk_10,2026-09-19,結ステーション,kajiso_libre,09:30:00,True,True,False,False,0.0
store_walk_10,2026-09-19,結ステーション,kajiso_libre,10:00:00,True,True,False,False,0.0
store_walk_10,2026-09-19,結ステーション,kajiso_libre,10:30:00,True,True,False,False,0.0
store_walk_10,2026-09-19,結ステーション,kajiso_libre,11:00:00,True,True,True,True,0.0
store_walk_10,2026-09-19,結ステーション,kajiso_libre,11:30:00,True,True,False,False,0.0
store_walk_10,2026-09-19,結ステーション,kajiso_libre,12:00:00,True,True,False,False,0.0
store_walk_10,2026-09-19,結ステーション,kajiso_libre,12:30:00,True,True,False,False,0.0
store_walk_10,2026-09-19,結ステーション,kajiso_libre,13:00:00,True,True,False,False,0.0
store_walk_10,2026-09-19,結ステーション,kajiso_libre,13:30:00,False,False,False,False,
store_walk_10,2026-09-19,結ステーション,kajiso_libre,14:00:00,False,False,False,False,
store_walk_10,2026-09-19,結ステーション,kajiso_libre,14:30:00,False,False,False,False,
store_walk_10,2026-09-19,結ステーション,kajiso_libre,15:00:00,False,False,False,False,
store_walk_10,2026-09-19,結ステーション,kajiso_libre,15:30:00,False,False,False,False,
store_walk_10,2026-09-19,結ステーション,kajiso_libre,16:00:00,False,False,False,False,
store_walk_10,2026-09-19,結ステーション,kajiso_vio,08:00:00,True,True,False,False,269.0
store_walk_10,2026-09-19,結ステーション,kajiso_vio,08:30:00,True,True,True,False,269.0
store_walk_10,2026-09-19,結ステーション,kajiso_vio,09:00:00,True,True,True,False,269.0
store_walk_10,2026-09-19,結ステーション,kajiso_vio,09:30:00,True,True,True,False,269.0
store_walk_10,2026-09-19,結ステーション,kajiso_vio,10:00:00,True,True,True,False,269.0
store_walk_10,2026-09-19,結ステーション,kajiso_vio,10:30:00,True,True,False,False,0.0
store_walk_10,2026-09-19,結ステーション,kajiso_vio,11:00:00,True,True,False,False,0.0
store_walk_10,2026-09-19,結ステーション,kajiso_vio,11:30:00,True,True,False,False,0.0
store_walk_10,2026-09-19,結ステーション,kajiso_vio,12:00:00,True,True,False,False,0.0
store_walk_10,2026-09-19,結ステーション,kajiso_vio,12:30:00,True,True,False,False,0.0
store_walk_10,2026-09-19,結ステーション,kajiso_vio,13:00:00,True,True,True,True,0.0
store_walk_10,2026-09-19,結ステーション,kajiso_vio,13:30:00,True,True,True,True,0.0
store_walk_10,2026-09-19,結ステーション,kajiso_vio,14:00:00,False,False,False,False,
store_walk_10,2026-09-19,結ステーション,kajiso_vio,14:30:00,False,False,False,False,
store_walk_10,2026-09-19,結ステーション,kajiso_vio,15:00:00,False,False,False,False,
store_walk_10,2026-09-19,結ステーション,kajiso_vio,15:30:00,False,False,False,False,
store_walk_10,2026-09-19,結ステーション,kajiso_vio,16:00:00,False,False,False,False,
store_walk_10,2026-09-19,下庄小学校,kajiso_libre,08:00:00,True,True,False,False,0.0
store_walk_10,2026-09-19,下庄小学校,kajiso_libre,08:30:00,True,True,False,False,0.0
store_walk_10,2026-09-19,下庄小学校,kajiso_libre,09:00:00,True,True,False,False,0.0
store_walk_10,2026-09-19,下庄小学校,kajiso_libre,09:30:00,True,True,False,False,0.0
store_walk_10,2026-09-19,下庄小学校,kajiso_libre,10:00:00,True,True,False,False,0.0
store_walk_10,2026-09-19,下庄小学校,kajiso_libre,10:30:00,True,True,False,False,0.0
store_walk_10,2026-09-19,下庄小学校,kajiso_libre,11:00:00,True,True,False,False,0.0
store_walk_10,2026-09-19,下庄小学校,kajiso_libre,11:30:00,True,True,False,False,0.0
store_walk_10,2026-09-19,下庄小学校,kajiso_libre,12:00:00,True,True,False,False,0.0
store_walk_10,2026-09-19,下庄小学校,kajiso_libre,12:30:00,True,True,False,False,0.0
store_walk_10,2026-09-19,下庄小学校,kajiso_libre,13:00:00,True,True,False,False,0.0
store_walk_10,2026-09-19,下庄小学校,kajiso_libre,13:30:00,False,False,False,False,
store_walk_10,2026-09-19,下庄小学校,kajiso_libre,14:00:00,False,False,False,False,
store_walk_10,2026-09-19,下庄小学校,kajiso_libre,14:30:00,False,False,False,False,
store_walk_10,2026-09-19,下庄小学校,kajiso_libre,15:00:00,False,False,False,False,
store_walk_10,2026-09-19,下庄小学校,kajiso_libre,15:30:00,False,False,False,False,
store_walk_10,2026-09-19,下庄小学校,kajiso_libre,16:00:00,False,False,False,False,
store_walk_10,2026-09-19,下庄小学校,kajiso_vio,08:00:00,True,True,False,False,261.0
store_walk_10,2026-09-19,下庄小学校,kajiso_vio,08:30:00,True,True,False,False,261.0
store_walk_10,2026-09-19,下庄小学校,kajiso_vio,09:00:00,True,True,False,False,261.0
store_walk_10,2026-09-19,下庄小学校,kajiso_vio,09:30:00,True,True,False,False,0.0
store_walk_10,2026-09-19,下庄小学校,kajiso_vio,10:00:00,True,True,False,False,0.0
store_walk_10,2026-09-19,下庄小学校,kajiso_vio,10:30:00,True,True,False,False,0.0
store_walk_10,2026-09-19,下庄小学校,kajiso_vio,11:00:00,True,True,False,False,0.0
store_walk_10,2026-09-19,下庄小学校,kajiso_vio,11:30:00,True,True,False,False,0.0
store_walk_10,2026-09-19,下庄小学校,kajiso_vio,12:00:00,True,True,False,False,0.0
store_walk_10,2026-09-19,下庄小学校,kajiso_vio,12:30:00,True,True,False,False,0.0
store_walk_10,2026-09-19,下庄小学校,kajiso_vio,13:00:00,True,True,False,False,0.0
store_walk_10,2026-09-19,下庄小学校,kajiso_vio,13:30:00,False,False,False,False,
store_walk_10,2026-09-19,下庄小学校,kajiso_vio,14:00:00,False,False,False,False,
store_walk_10,2026-09-19,下庄小学校,kajiso_vio,14:30:00,False,False,False,False,
store_walk_10,2026-09-19,下庄小学校,kajiso_vio,15:00:00,False,False,False,False,
store_walk_10,2026-09-19,下庄小学校,kajiso_vio,15:30:00,False,False,False,False,
store_walk_10,2026-09-19,下庄小学校,kajiso_vio,16:00:00,False,False,False,False,
store_walk_10,2026-09-19,青少年教育センター,kajiso_libre,08:00:00,True,True,False,False,0.0
store_walk_10,2026-09-19,青少年教育センター,kajiso_libre,08:30:00,True,True,False,False,0.0
store_walk_10,2026-09-19,青少年教育センター,kajiso_libre,09:00:00,True,True,True,True,0.0
store_walk_10,2026-09-19,青少年教育センター,kajiso_libre,09:30:00,True,True,True,True,0.0
store_walk_10,2026-09-19,青少年教育センター,kajiso_libre,10:00:00,True,True,False,False,0.0
store_walk_10,2026-09-19,青少年教育センター,kajiso_libre,10:30:00,True,True,False,False,0.0
store_walk_10,2026-09-19,青少年教育センター,kajiso_libre,11:00:00,True,True,False,False,0.0
store_walk_10,2026-09-19,青少年教育センター,kajiso_libre,11:30:00,True,True,False,False,0.0
store_walk_10,2026-09-19,青少年教育センター,kajiso_libre,12:00:00,True,True,False,False,0.0
store_walk_10,2026-09-19,青少年教育センター,kajiso_libre,12:30:00,True,True,False,False,0.0
store_walk_10,2026-09-19,青少年教育センター,kajiso_libre,13:00:00,True,True,False,False,0.0
store_walk_10,2026-09-19,青少年教育センター,kajiso_libre,13:30:00,False,False,False,False,
store_walk_10,2026-09-19,青少年教育センター,kajiso_libre,14:00:00,False,False,False,False,
store_walk_10,2026-09-19,青少年教育センター,kajiso_libre,14:30:00,False,False,False,False,
store_walk_10,2026-09-19,青少年教育センター,kajiso_libre,15:00:00,False,False,False,False,
store_walk_10,2026-09-19,青少年教育センター,kajiso_libre,15:30:00,False,False,False,False,
store_walk_10,2026-09-19,青少年教育センター,kajiso_libre,16:00:00,False,False,False,False,
store_walk_10,2026-09-19,青少年教育センター,kajiso_vio,08:00:00,True,True,False,False,261.0
store_walk_10,2026-09-19,青少年教育センター,kajiso_vio,08:30:00,True,True,False,False,261.0
store_walk_10,2026-09-19,青少年教育センター,kajiso_vio,09:00:00,True,True,True,False,261.0
store_walk_10,2026-09-19,青少年教育センター,kajiso_vio,09:30:00,True,True,True,False,261.0
store_walk_10,2026-09-19,青少年教育センター,kajiso_vio,10:00:00,True,True,False,False,0.0
store_walk_10,2026-09-19,青少年教育センター,kajiso_vio,10:30:00,True,True,False,False,0.0
store_walk_10,2026-09-19,青少年教育センター,kajiso_vio,11:00:00,True,True,False,False,0.0
store_walk_10,2026-09-19,青少年教育センター,kajiso_vio,11:30:00,True,True,False,False,0.0
store_walk_10,2026-09-19,青少年教育センター,kajiso_vio,12:00:00,True,True,False,False,0.0
store_walk_10,2026-09-19,青少年教育センター,kajiso_vio,12:30:00,True,True,False,False,0.0
store_walk_10,2026-09-19,青少年教育センター,kajiso_vio,13:00:00,True,True,False,False,0.0
store_walk_10,2026-09-19,青少年教育センター,kajiso_vio,13:30:00,False,False,False,False,
store_walk_10,2026-09-19,青少年教育センター,kajiso_vio,14:00:00,False,False,False,False,
store_walk_10,2026-09-19,青少年教育センター,kajiso_vio,14:30:00,False,False,False,False,
store_walk_10,2026-09-19,青少年教育センター,kajiso_vio,15:00:00,False,False,False,False,
store_walk_10,2026-09-19,青少年教育センター,kajiso_vio,15:30:00,False,False,False,False,
store_walk_10,2026-09-19,青少年教育センター,kajiso_vio,16:00:00,False,False,False,False,
store_walk_10,2026-09-19,陽明中学校口,kajiso_libre,08:00:00,True,True,False,False,0.0
store_walk_10,2026-09-19,陽明中学校口,kajiso_libre,08:30:00,True,True,False,False,0.0
store_walk_10,2026-09-19,陽明中学校口,kajiso_libre,09:00:00,True,True,True,True,0.0
store_walk_10,2026-09-19,陽明中学校口,kajiso_libre,09:30:00,True,True,True,True,0.0
store_walk_10,2026-09-19,陽明中学校口,kajiso_libre,10:00:00,True,True,False,False,0.0
store_walk_10,2026-09-19,陽明中学校口,kajiso_libre,10:30:00,True,True,False,False,0.0
store_walk_10,2026-09-19,陽明中学校口,kajiso_libre,11:00:00,True,True,False,False,0.0
store_walk_10,2026-09-19,陽明中学校口,kajiso_libre,11:30:00,True,True,False,False,0.0
store_walk_10,2026-09-19,陽明中学校口,kajiso_libre,12:00:00,True,True,False,False,0.0
store_walk_10,2026-09-19,陽明中学校口,kajiso_libre,12:30:00,True,True,False,False,0.0
store_walk_10,2026-09-19,陽明中学校口,kajiso_libre,13:00:00,True,True,False,False,0.0
store_walk_10,2026-09-19,陽明中学校口,kajiso_libre,13:30:00,False,False,False,False,
store_walk_10,2026-09-19,陽明中学校口,kajiso_libre,14:00:00,False,False,False,False,
store_walk_10,2026-09-19,陽明中学校口,kajiso_libre,14:30:00,False,False,False,False,
store_walk_10,2026-09-19,陽明中学校口,kajiso_libre,15:00:00,False,False,False,False,
store_walk_10,2026-09-19,陽明中学校口,kajiso_libre,15:30:00,False,False,False,False,
store_walk_10,2026-09-19,陽明中学校口,kajiso_libre,16:00:00,False,False,False,False,
store_walk_10,2026-09-19,陽明中学校口,kajiso_vio,08:00:00,True,True,False,False,261.0
store_walk_10,2026-09-19,陽明中学校口,kajiso_vio,08:30:00,True,True,False,False,261.0
store_walk_10,2026-09-19,陽明中学校口,kajiso_vio,09:00:00,True,True,True,False,261.0
store_walk_10,2026-09-19,陽明中学校口,kajiso_vio,09:30:00,True,True,True,False,261.0
store_walk_10,2026-09-19,陽明中学校口,kajiso_vio,10:00:00,True,True,False,False,0.0
store_walk_10,2026-09-19,陽明中学校口,kajiso_vio,10:30:00,True,True,False,False,0.0
store_walk_10,2026-09-19,陽明中学校口,kajiso_vio,11:00:00,True,True,False,False,0.0
store_walk_10,2026-09-19,陽明中学校口,kajiso_vio,11:30:00,True,True,False,False,0.0
store_walk_10,2026-09-19,陽明中学校口,kajiso_vio,12:00:00,True,True,False,False,0.0
store_walk_10,2026-09-19,陽明中学校口,kajiso_vio,12:30:00,True,True,False,False,0.0
store_walk_10,2026-09-19,陽明中学校口,kajiso_vio,13:00:00,True,True,False,False,0.0
store_walk_10,2026-09-19,陽明中学校口,kajiso_vio,13:30:00,False,False,False,False,
store_walk_10,2026-09-19,陽明中学校口,kajiso_vio,14:00:00,False,False,False,False,
store_walk_10,2026-09-19,陽明中学校口,kajiso_vio,14:30:00,False,False,False,False,
store_walk_10,2026-09-19,陽明中学校口,kajiso_vio,15:00:00,False,False,False,False,
store_walk_10,2026-09-19,陽明中学校口,kajiso_vio,15:30:00,False,False,False,False,
store_walk_10,2026-09-19,陽明中学校口,kajiso_vio,16:00:00,False,False,False,False,
store_walk_10,2026-09-19,さくら公園,kajiso_libre,08:00:00,True,True,False,False,0.0
store_walk_10,2026-09-19,さくら公園,kajiso_libre,08:30:00,True,True,False,False,0.0
store_walk_10,2026-09-19,さくら公園,kajiso_libre,09:00:00,True,True,True,True,0.0
store_walk_10,2026-09-19,さくら公園,kajiso_libre,09:30:00,True,True,True,True,0.0
store_walk_10,2026-09-19,さくら公園,kajiso_libre,10:00:00,True,True,False,False,0.0
store_walk_10,2026-09-19,さくら公園,kajiso_libre,10:30:00,True,True,False,False,0.0
store_walk_10,2026-09-19,さくら公園,kajiso_libre,11:00:00,True,True,False,False,0.0
store_walk_10,2026-09-19,さくら公園,kajiso_libre,11:30:00,True,True,False,False,0.0
store_walk_10,2026-09-19,さくら公園,kajiso_libre,12:00:00,True,True,False,False,0.0
store_walk_10,2026-09-19,さくら公園,kajiso_libre,12:30:00,True,True,False,False,0.0
store_walk_10,2026-09-19,さくら公園,kajiso_libre,13:00:00,True,True,False,False,0.0
store_walk_10,2026-09-19,さくら公園,kajiso_libre,13:30:00,False,False,False,False,
store_walk_10,2026-09-19,さくら公園,kajiso_libre,14:00:00,False,False,False,False,
store_walk_10,2026-09-19,さくら公園,kajiso_libre,14:30:00,False,False,False,False,
store_walk_10,2026-09-19,さくら公園,kajiso_libre,15:00:00,False,False,False,False,
store_walk_10,2026-09-19,さくら公園,kajiso_libre,15:30:00,False,False,False,False,
store_walk_10,2026-09-19,さくら公園,kajiso_libre,16:00:00,False,False,False,False,
store_walk_10,2026-09-19,さくら公園,kajiso_vio,08:00:00,True,True,False,False,261.0
store_walk_10,2026-09-19,さくら公園,kajiso_vio,08:30:00,True,True,False,False,261.0
store_walk_10,2026-09-19,さくら公園,kajiso_vio,09:00:00,True,True,True,False,261.0
store_walk_10,2026-09-19,さくら公園,kajiso_vio,09:30:00,True,True,True,False,261.0
store_walk_10,2026-09-19,さくら公園,kajiso_vio,10:00:00,True,True,False,False,0.0
store_walk_10,2026-09-19,さくら公園,kajiso_vio,10:30:00,True,True,False,False,0.0
store_walk_10,2026-09-19,さくら公園,kajiso_vio,11:00:00,True,True,False,False,0.0
store_walk_10,2026-09-19,さくら公園,kajiso_vio,11:30:00,True,True,False,False,0.0
store_walk_10,2026-09-19,さくら公園,kajiso_vio,12:00:00,True,True,False,False,0.0
store_walk_10,2026-09-19,さくら公園,kajiso_vio,12:30:00,True,True,False,False,0.0
store_walk_10,2026-09-19,さくら公園,kajiso_vio,13:00:00,True,True,False,False,0.0
store_walk_10,2026-09-19,さくら公園,kajiso_vio,13:30:00,False,False,False,False,
store_walk_10,2026-09-19,さくら公園,kajiso_vio,14:00:00,False,False,False,False,
store_walk_10,2026-09-19,さくら公園,kajiso_vio,14:30:00,False,False,False,False,
store_walk_10,2026-09-19,さくら公園,kajiso_vio,15:00:00,False,False,False,False,
store_walk_10,2026-09-19,さくら公園,kajiso_vio,15:30:00,False,False,False,False,
store_walk_10,2026-09-19,さくら公園,kajiso_vio,16:00:00,False,False,False,False,
store_walk_10,2026-09-19,わかくさ,kajiso_libre,08:00:00,True,True,False,False,0.0
store_walk_10,2026-09-19,わかくさ,kajiso_libre,08:30:00,True,True,False,False,0.0
store_walk_10,2026-09-19,わかくさ,kajiso_libre,09:00:00,True,True,False,False,0.0
store_walk_10,2026-09-19,わかくさ,kajiso_libre,09:30:00,True,True,False,False,0.0
store_walk_10,2026-09-19,わかくさ,kajiso_libre,10:00:00,True,True,False,False,0.0
store_walk_10,2026-09-19,わかくさ,kajiso_libre,10:30:00,True,True,False,False,0.0
store_walk_10,2026-09-19,わかくさ,kajiso_libre,11:00:00,True,True,True,True,0.0
store_walk_10,2026-09-19,わかくさ,kajiso_libre,11:30:00,True,True,True,True,0.0
store_walk_10,2026-09-19,わかくさ,kajiso_libre,12:00:00,False,False,False,False,
store_walk_10,2026-09-19,わかくさ,kajiso_libre,12:30:00,False,False,False,False,
store_walk_10,2026-09-19,わかくさ,kajiso_libre,13:00:00,False,False,False,False,
store_walk_10,2026-09-19,わかくさ,kajiso_libre,13:30:00,False,False,False,False,
store_walk_10,2026-09-19,わかくさ,kajiso_libre,14:00:00,False,False,False,False,
store_walk_10,2026-09-19,わかくさ,kajiso_libre,14:30:00,False,False,False,False,
store_walk_10,2026-09-19,わかくさ,kajiso_libre,15:00:00,False,False,False,False,
store_walk_10,2026-09-19,わかくさ,kajiso_libre,15:30:00,False,False,False,False,
store_walk_10,2026-09-19,わかくさ,kajiso_libre,16:00:00,False,False,False,False,
store_walk_10,2026-09-19,わかくさ,kajiso_vio,08:00:00,True,True,False,False,261.0
store_walk_10,2026-09-19,わかくさ,kajiso_vio,08:30:00,True,True,False,False,261.0
store_walk_10,2026-09-19,わかくさ,kajiso_vio,09:00:00,True,True,True,False,261.0
store_walk_10,2026-09-19,わかくさ,kajiso_vio,09:30:00,True,True,True,False,261.0
store_walk_10,2026-09-19,わかくさ,kajiso_vio,10:00:00,True,True,False,False,0.0
store_walk_10,2026-09-19,わかくさ,kajiso_vio,10:30:00,True,True,False,False,0.0
store_walk_10,2026-09-19,わかくさ,kajiso_vio,11:00:00,True,True,False,False,0.0
store_walk_10,2026-09-19,わかくさ,kajiso_vio,11:30:00,True,True,False,False,0.0
store_walk_10,2026-09-19,わかくさ,kajiso_vio,12:00:00,True,True,False,False,0.0
store_walk_10,2026-09-19,わかくさ,kajiso_vio,12:30:00,True,True,False,False,0.0
store_walk_10,2026-09-19,わかくさ,kajiso_vio,13:00:00,True,True,False,False,0.0
store_walk_10,2026-09-19,わかくさ,kajiso_vio,13:30:00,False,False,False,False,
store_walk_10,2026-09-19,わかくさ,kajiso_vio,14:00:00,False,False,False,False,
store_walk_10,2026-09-19,わかくさ,kajiso_vio,14:30:00,False,False,False,False,
store_walk_10,2026-09-19,わかくさ,kajiso_vio,15:00:00,False,False,False,False,
store_walk_10,2026-09-19,わかくさ,kajiso_vio,15:30:00,False,False,False,False,
store_walk_10,2026-09-19,わかくさ,kajiso_vio,16:00:00,False,False,False,False,
store_walk_10,2026-09-19,篠座,kajiso_libre,08:00:00,True,True,False,False,0.0
store_walk_10,2026-09-19,篠座,kajiso_libre,08:30:00,True,True,False,False,0.0
store_walk_10,2026-09-19,篠座,kajiso_libre,09:00:00,True,True,False,False,0.0
store_walk_10,2026-09-19,篠座,kajiso_libre,09:30:00,True,True,False,False,0.0
store_walk_10,2026-09-19,篠座,kajiso_libre,10:00:00,True,True,False,False,0.0
store_walk_10,2026-09-19,篠座,kajiso_libre,10:30:00,True,True,False,False,0.0
store_walk_10,2026-09-19,篠座,kajiso_libre,11:00:00,True,True,False,False,0.0
store_walk_10,2026-09-19,篠座,kajiso_libre,11:30:00,False,False,False,False,
store_walk_10,2026-09-19,篠座,kajiso_libre,12:00:00,False,False,False,False,
store_walk_10,2026-09-19,篠座,kajiso_libre,12:30:00,False,False,False,False,
store_walk_10,2026-09-19,篠座,kajiso_libre,13:00:00,False,False,False,False,
store_walk_10,2026-09-19,篠座,kajiso_libre,13:30:00,False,False,False,False,
store_walk_10,2026-09-19,篠座,kajiso_libre,14:00:00,False,False,False,False,
store_walk_10,2026-09-19,篠座,kajiso_libre,14:30:00,False,False,False,False,
store_walk_10,2026-09-19,篠座,kajiso_libre,15:00:00,False,False,False,False,
store_walk_10,2026-09-19,篠座,kajiso_libre,15:30:00,False,False,False,False,
store_walk_10,2026-09-19,篠座,kajiso_libre,16:00:00,False,False,False,False,
store_walk_10,2026-09-19,篠座,kajiso_vio,08:00:00,True,True,False,False,0.0
store_walk_10,2026-09-19,篠座,kajiso_vio,08:30:00,True,True,False,False,0.0
store_walk_10,2026-09-19,篠座,kajiso_vio,09:00:00,True,True,False,False,0.0
store_walk_10,2026-09-19,篠座,kajiso_vio,09:30:00,True,True,False,False,0.0
store_walk_10,2026-09-19,篠座,kajiso_vio,10:00:00,True,True,False,False,0.0
store_walk_10,2026-09-19,篠座,kajiso_vio,10:30:00,True,True,False,False,0.0
store_walk_10,2026-09-19,篠座,kajiso_vio,11:00:00,True,True,False,False,0.0
store_walk_10,2026-09-19,篠座,kajiso_vio,11:30:00,False,False,False,False,
store_walk_10,2026-09-19,篠座,kajiso_vio,12:00:00,False,False,False,False,
store_walk_10,2026-09-19,篠座,kajiso_vio,12:30:00,False,False,False,False,
store_walk_10,2026-09-19,篠座,kajiso_vio,13:00:00,False,False,False,False,
store_walk_10,2026-09-19,篠座,kajiso_vio,13:30:00,False,False,False,False,
store_walk_10,2026-09-19,篠座,kajiso_vio,14:00:00,False,False,False,False,
store_walk_10,2026-09-19,篠座,kajiso_vio,14:30:00,False,False,False,False,
store_walk_10,2026-09-19,篠座,kajiso_vio,15:00:00,False,False,False,False,
store_walk_10,2026-09-19,篠座,kajiso_vio,15:30:00,False,False,False,False,
store_walk_10,2026-09-19,篠座,kajiso_vio,16:00:00,False,False,False,False,
store_walk_10,2026-09-19,いなほこども園,kajiso_libre,08:00:00,True,True,False,False,0.0
store_walk_10,2026-09-19,いなほこども園,kajiso_libre,08:30:00,True,True,False,False,0.0
store_walk_10,2026-09-19,いなほこども園,kajiso_libre,09:00:00,True,True,False,False,0.0
store_walk_10,2026-09-19,いなほこども園,kajiso_libre,09:30:00,True,True,False,False,0.0
store_walk_10,2026-09-19,いなほこども園,kajiso_libre,10:00:00,True,True,False,False,0.0
store_walk_10,2026-09-19,いなほこども園,kajiso_libre,10:30:00,True,True,False,False,0.0
store_walk_10,2026-09-19,いなほこども園,kajiso_libre,11:00:00,True,True,False,False,0.0
store_walk_10,2026-09-19,いなほこども園,kajiso_libre,11:30:00,False,False,False,False,
store_walk_10,2026-09-19,いなほこども園,kajiso_libre,12:00:00,False,False,False,False,
store_walk_10,2026-09-19,いなほこども園,kajiso_libre,12:30:00,False,False,False,False,
store_walk_10,2026-09-19,いなほこども園,kajiso_libre,13:00:00,False,False,False,False,
store_walk_10,2026-09-19,いなほこども園,kajiso_libre,13:30:00,False,False,False,False,
store_walk_10,2026-09-19,いなほこども園,kajiso_libre,14:00:00,False,False,False,False,
store_walk_10,2026-09-19,いなほこども園,kajiso_libre,14:30:00,False,False,False,False,
store_walk_10,2026-09-19,いなほこども園,kajiso_libre,15:00:00,False,False,False,False,
store_walk_10,2026-09-19,いなほこども園,kajiso_libre,15:30:00,False,False,False,False,
store_walk_10,2026-09-19,いなほこども園,kajiso_libre,16:00:00,False,False,False,False,
store_walk_10,2026-09-19,いなほこども園,kajiso_vio,08:00:00,True,True,False,False,0.0
store_walk_10,2026-09-19,いなほこども園,kajiso_vio,08:30:00,True,True,False,False,0.0
store_walk_10,2026-09-19,いなほこども園,kajiso_vio,09:00:00,True,True,False,False,0.0
store_walk_10,2026-09-19,いなほこども園,kajiso_vio,09:30:00,True,True,False,False,0.0
store_walk_10,2026-09-19,いなほこども園,kajiso_vio,10:00:00,True,True,False,False,0.0
store_walk_10,2026-09-19,いなほこども園,kajiso_vio,10:30:00,True,True,False,False,0.0
store_walk_10,2026-09-19,いなほこども園,kajiso_vio,11:00:00,True,True,False,False,0.0
store_walk_10,2026-09-19,いなほこども園,kajiso_vio,11:30:00,False,False,False,False,
store_walk_10,2026-09-19,いなほこども園,kajiso_vio,12:00:00,False,False,False,False,
store_walk_10,2026-09-19,いなほこども園,kajiso_vio,12:30:00,False,False,False,False,
store_walk_10,2026-09-19,いなほこども園,kajiso_vio,13:00:00,False,False,False,False,
store_walk_10,2026-09-19,いなほこども園,kajiso_vio,13:30:00,False,False,False,False,
store_walk_10,2026-09-19,いなほこども園,kajiso_vio,14:00:00,False,False,False,False,
store_walk_10,2026-09-19,いなほこども園,kajiso_vio,14:30:00,False,False,False,False,
store_walk_10,2026-09-19,いなほこども園,kajiso_vio,15:00:00,False,False,False,False,
store_walk_10,2026-09-19,いなほこども園,kajiso_vio,15:30:00,False,False,False,False,
store_walk_10,2026-09-19,いなほこども園,kajiso_vio,16:00:00,False,False,False,False,
store_walk_10,2026-09-19,童子丸郵便局口,kajiso_libre,08:00:00,True,True,False,False,0.0
store_walk_10,2026-09-19,童子丸郵便局口,kajiso_libre,08:30:00,True,True,False,False,0.0
store_walk_10,2026-09-19,童子丸郵便局口,kajiso_libre,09:00:00,True,True,False,False,0.0
store_walk_10,2026-09-19,童子丸郵便局口,kajiso_libre,09:30:00,True,True,False,False,0.0
store_walk_10,2026-09-19,童子丸郵便局口,kajiso_libre,10:00:00,True,True,False,False,0.0
store_walk_10,2026-09-19,童子丸郵便局口,kajiso_libre,10:30:00,True,True,False,False,0.0
store_walk_10,2026-09-19,童子丸郵便局口,kajiso_libre,11:00:00,False,False,False,False,
store_walk_10,2026-09-19,童子丸郵便局口,kajiso_libre,11:30:00,False,False,False,False,
store_walk_10,2026-09-19,童子丸郵便局口,kajiso_libre,12:00:00,False,False,False,False,
store_walk_10,2026-09-19,童子丸郵便局口,kajiso_libre,12:30:00,False,False,False,False,
store_walk_10,2026-09-19,童子丸郵便局口,kajiso_libre,13:00:00,False,False,False,False,
store_walk_10,2026-09-19,童子丸郵便局口,kajiso_libre,13:30:00,False,False,False,False,
store_walk_10,2026-09-19,童子丸郵便局口,kajiso_libre,14:00:00,False,False,False,False,
store_walk_10,2026-09-19,童子丸郵便局口,kajiso_libre,14:30:00,False,False,False,False,
store_walk_10,2026-09-19,童子丸郵便局口,kajiso_libre,15:00:00,False,False,False,False,
store_walk_10,2026-09-19,童子丸郵便局口,kajiso_libre,15:30:00,False,False,False,False,
store_walk_10,2026-09-19,童子丸郵便局口,kajiso_libre,16:00:00,False,False,False,False,
store_walk_10,2026-09-19,童子丸郵便局口,kajiso_vio,08:00:00,True,True,False,False,0.0
store_walk_10,2026-09-19,童子丸郵便局口,kajiso_vio,08:30:00,True,True,False,False,0.0
store_walk_10,2026-09-19,童子丸郵便局口,kajiso_vio,09:00:00,True,True,False,False,0.0
store_walk_10,2026-09-19,童子丸郵便局口,kajiso_vio,09:30:00,True,True,False,False,0.0
store_walk_10,2026-09-19,童子丸郵便局口,kajiso_vio,10:00:00,True,True,False,False,0.0
store_walk_10,2026-09-19,童子丸郵便局口,kajiso_vio,10:30:00,True,True,False,False,0.0
store_walk_10,2026-09-19,童子丸郵便局口,kajiso_vio,11:00:00,False,False,False,False,
store_walk_10,2026-09-19,童子丸郵便局口,kajiso_vio,11:30:00,False,False,False,False,
store_walk_10,2026-09-19,童子丸郵便局口,kajiso_vio,12:00:00,False,False,False,False,
store_walk_10,2026-09-19,童子丸郵便局口,kajiso_vio,12:30:00,False,False,False,False,
store_walk_10,2026-09-19,童子丸郵便局口,kajiso_vio,13:00:00,False,False,False,False,
store_walk_10,2026-09-19,童子丸郵便局口,kajiso_vio,13:30:00,False,False,False,False,
store_walk_10,2026-09-19,童子丸郵便局口,kajiso_vio,14:00:00,False,False,False,False,
store_walk_10,2026-09-19,童子丸郵便局口,kajiso_vio,14:30:00,False,False,False,False,
store_walk_10,2026-09-19,童子丸郵便局口,kajiso_vio,15:00:00,False,False,False,False,
store_walk_10,2026-09-19,童子丸郵便局口,kajiso_vio,15:30:00,False,False,False,False,
store_walk_10,2026-09-19,童子丸郵便局口,kajiso_vio,16:00:00,False,False,False,False,
boarding_buffer_5,2026-09-15,越前大野駅,kajiso_libre,08:00:00,True,True,False,False,0.0
boarding_buffer_5,2026-09-15,越前大野駅,kajiso_libre,08:30:00,True,True,False,False,0.0
boarding_buffer_5,2026-09-15,越前大野駅,kajiso_libre,09:00:00,True,True,True,True,0.0
boarding_buffer_5,2026-09-15,越前大野駅,kajiso_libre,09:30:00,True,True,True,True,0.0
boarding_buffer_5,2026-09-15,越前大野駅,kajiso_libre,10:00:00,True,True,False,False,0.0
boarding_buffer_5,2026-09-15,越前大野駅,kajiso_libre,10:30:00,True,True,False,False,0.0
boarding_buffer_5,2026-09-15,越前大野駅,kajiso_libre,11:00:00,True,True,True,True,0.0
boarding_buffer_5,2026-09-15,越前大野駅,kajiso_libre,11:30:00,True,True,True,True,0.0
boarding_buffer_5,2026-09-15,越前大野駅,kajiso_libre,12:00:00,True,True,False,False,0.0
boarding_buffer_5,2026-09-15,越前大野駅,kajiso_libre,12:30:00,True,True,False,False,0.0
boarding_buffer_5,2026-09-15,越前大野駅,kajiso_libre,13:00:00,True,True,False,False,0.0
boarding_buffer_5,2026-09-15,越前大野駅,kajiso_libre,13:30:00,True,True,True,True,0.0
boarding_buffer_5,2026-09-15,越前大野駅,kajiso_libre,14:00:00,False,False,False,False,
boarding_buffer_5,2026-09-15,越前大野駅,kajiso_libre,14:30:00,False,False,False,False,
boarding_buffer_5,2026-09-15,越前大野駅,kajiso_libre,15:00:00,False,False,False,False,
boarding_buffer_5,2026-09-15,越前大野駅,kajiso_libre,15:30:00,False,False,False,False,
boarding_buffer_5,2026-09-15,越前大野駅,kajiso_libre,16:00:00,False,False,False,False,
boarding_buffer_5,2026-09-15,越前大野駅,kajiso_vio,08:00:00,True,True,False,False,0.0
boarding_buffer_5,2026-09-15,越前大野駅,kajiso_vio,08:30:00,True,True,False,False,0.0
boarding_buffer_5,2026-09-15,越前大野駅,kajiso_vio,09:00:00,True,True,True,True,0.0
boarding_buffer_5,2026-09-15,越前大野駅,kajiso_vio,09:30:00,True,True,True,True,0.0
boarding_buffer_5,2026-09-15,越前大野駅,kajiso_vio,10:00:00,True,True,False,False,0.0
boarding_buffer_5,2026-09-15,越前大野駅,kajiso_vio,10:30:00,True,True,False,False,0.0
boarding_buffer_5,2026-09-15,越前大野駅,kajiso_vio,11:00:00,True,True,True,True,0.0
boarding_buffer_5,2026-09-15,越前大野駅,kajiso_vio,11:30:00,True,True,True,True,0.0
boarding_buffer_5,2026-09-15,越前大野駅,kajiso_vio,12:00:00,True,True,False,False,0.0
boarding_buffer_5,2026-09-15,越前大野駅,kajiso_vio,12:30:00,True,True,False,False,0.0
boarding_buffer_5,2026-09-15,越前大野駅,kajiso_vio,13:00:00,True,True,False,False,0.0
boarding_buffer_5,2026-09-15,越前大野駅,kajiso_vio,13:30:00,True,True,True,True,0.0
boarding_buffer_5,2026-09-15,越前大野駅,kajiso_vio,14:00:00,False,False,False,False,
boarding_buffer_5,2026-09-15,越前大野駅,kajiso_vio,14:30:00,False,False,False,False,
boarding_buffer_5,2026-09-15,越前大野駅,kajiso_vio,15:00:00,False,False,False,False,
boarding_buffer_5,2026-09-15,越前大野駅,kajiso_vio,15:30:00,False,False,False,False,
boarding_buffer_5,2026-09-15,越前大野駅,kajiso_vio,16:00:00,False,False,False,False,
boarding_buffer_5,2026-09-15,結ステーション,kajiso_libre,08:00:00,True,True,False,False,0.0
boarding_buffer_5,2026-09-15,結ステーション,kajiso_libre,08:30:00,True,True,False,False,0.0
boarding_buffer_5,2026-09-15,結ステーション,kajiso_libre,09:00:00,True,True,True,True,0.0
boarding_buffer_5,2026-09-15,結ステーション,kajiso_libre,09:30:00,True,True,True,True,0.0
boarding_buffer_5,2026-09-15,結ステーション,kajiso_libre,10:00:00,True,True,False,False,0.0
boarding_buffer_5,2026-09-15,結ステーション,kajiso_libre,10:30:00,True,True,False,False,0.0
boarding_buffer_5,2026-09-15,結ステーション,kajiso_libre,11:00:00,True,True,True,True,0.0
boarding_buffer_5,2026-09-15,結ステーション,kajiso_libre,11:30:00,True,True,False,False,0.0
boarding_buffer_5,2026-09-15,結ステーション,kajiso_libre,12:00:00,True,True,False,False,0.0
boarding_buffer_5,2026-09-15,結ステーション,kajiso_libre,12:30:00,True,True,False,False,0.0
boarding_buffer_5,2026-09-15,結ステーション,kajiso_libre,13:00:00,True,True,False,False,0.0
boarding_buffer_5,2026-09-15,結ステーション,kajiso_libre,13:30:00,False,False,False,False,
boarding_buffer_5,2026-09-15,結ステーション,kajiso_libre,14:00:00,False,False,False,False,
boarding_buffer_5,2026-09-15,結ステーション,kajiso_libre,14:30:00,False,False,False,False,
boarding_buffer_5,2026-09-15,結ステーション,kajiso_libre,15:00:00,False,False,False,False,
boarding_buffer_5,2026-09-15,結ステーション,kajiso_libre,15:30:00,False,False,False,False,
boarding_buffer_5,2026-09-15,結ステーション,kajiso_libre,16:00:00,False,False,False,False,
boarding_buffer_5,2026-09-15,結ステーション,kajiso_vio,08:00:00,True,True,False,False,0.0
boarding_buffer_5,2026-09-15,結ステーション,kajiso_vio,08:30:00,True,True,True,True,0.0
boarding_buffer_5,2026-09-15,結ステーション,kajiso_vio,09:00:00,True,True,True,True,0.0
boarding_buffer_5,2026-09-15,結ステーション,kajiso_vio,09:30:00,True,True,True,True,0.0
boarding_buffer_5,2026-09-15,結ステーション,kajiso_vio,10:00:00,True,True,True,False,124.0
boarding_buffer_5,2026-09-15,結ステーション,kajiso_vio,10:30:00,True,True,False,False,0.0
boarding_buffer_5,2026-09-15,結ステーション,kajiso_vio,11:00:00,True,True,True,True,0.0
boarding_buffer_5,2026-09-15,結ステーション,kajiso_vio,11:30:00,True,True,True,True,0.0
boarding_buffer_5,2026-09-15,結ステーション,kajiso_vio,12:00:00,True,True,False,False,0.0
boarding_buffer_5,2026-09-15,結ステーション,kajiso_vio,12:30:00,True,True,False,False,0.0
boarding_buffer_5,2026-09-15,結ステーション,kajiso_vio,13:00:00,True,True,True,True,0.0
boarding_buffer_5,2026-09-15,結ステーション,kajiso_vio,13:30:00,True,True,True,True,0.0
boarding_buffer_5,2026-09-15,結ステーション,kajiso_vio,14:00:00,False,False,False,False,
boarding_buffer_5,2026-09-15,結ステーション,kajiso_vio,14:30:00,False,False,False,False,
boarding_buffer_5,2026-09-15,結ステーション,kajiso_vio,15:00:00,False,False,False,False,
boarding_buffer_5,2026-09-15,結ステーション,kajiso_vio,15:30:00,False,False,False,False,
boarding_buffer_5,2026-09-15,結ステーション,kajiso_vio,16:00:00,False,False,False,False,
boarding_buffer_5,2026-09-15,下庄小学校,kajiso_libre,08:00:00,True,True,False,False,0.0
boarding_buffer_5,2026-09-15,下庄小学校,kajiso_libre,08:30:00,True,True,False,False,0.0
boarding_buffer_5,2026-09-15,下庄小学校,kajiso_libre,09:00:00,True,True,False,False,0.0
boarding_buffer_5,2026-09-15,下庄小学校,kajiso_libre,09:30:00,True,True,False,False,0.0
boarding_buffer_5,2026-09-15,下庄小学校,kajiso_libre,10:00:00,True,True,False,False,0.0
boarding_buffer_5,2026-09-15,下庄小学校,kajiso_libre,10:30:00,True,True,False,False,0.0
boarding_buffer_5,2026-09-15,下庄小学校,kajiso_libre,11:00:00,True,True,False,False,0.0
boarding_buffer_5,2026-09-15,下庄小学校,kajiso_libre,11:30:00,True,True,False,False,0.0
boarding_buffer_5,2026-09-15,下庄小学校,kajiso_libre,12:00:00,True,True,False,False,0.0
boarding_buffer_5,2026-09-15,下庄小学校,kajiso_libre,12:30:00,True,True,False,False,0.0
boarding_buffer_5,2026-09-15,下庄小学校,kajiso_libre,13:00:00,True,True,False,False,0.0
boarding_buffer_5,2026-09-15,下庄小学校,kajiso_libre,13:30:00,False,False,False,False,
boarding_buffer_5,2026-09-15,下庄小学校,kajiso_libre,14:00:00,False,False,False,False,
boarding_buffer_5,2026-09-15,下庄小学校,kajiso_libre,14:30:00,False,False,False,False,
boarding_buffer_5,2026-09-15,下庄小学校,kajiso_libre,15:00:00,False,False,False,False,
boarding_buffer_5,2026-09-15,下庄小学校,kajiso_libre,15:30:00,False,False,False,False,
boarding_buffer_5,2026-09-15,下庄小学校,kajiso_libre,16:00:00,False,False,False,False,
boarding_buffer_5,2026-09-15,下庄小学校,kajiso_vio,08:00:00,True,True,False,False,0.0
boarding_buffer_5,2026-09-15,下庄小学校,kajiso_vio,08:30:00,True,True,False,False,0.0
boarding_buffer_5,2026-09-15,下庄小学校,kajiso_vio,09:00:00,True,True,False,False,0.0
boarding_buffer_5,2026-09-15,下庄小学校,kajiso_vio,09:30:00,True,True,False,False,0.0
boarding_buffer_5,2026-09-15,下庄小学校,kajiso_vio,10:00:00,True,True,False,False,0.0
boarding_buffer_5,2026-09-15,下庄小学校,kajiso_vio,10:30:00,True,True,False,False,0.0
boarding_buffer_5,2026-09-15,下庄小学校,kajiso_vio,11:00:00,True,True,False,False,0.0
boarding_buffer_5,2026-09-15,下庄小学校,kajiso_vio,11:30:00,True,True,False,False,0.0
boarding_buffer_5,2026-09-15,下庄小学校,kajiso_vio,12:00:00,True,True,False,False,0.0
boarding_buffer_5,2026-09-15,下庄小学校,kajiso_vio,12:30:00,True,True,False,False,0.0
boarding_buffer_5,2026-09-15,下庄小学校,kajiso_vio,13:00:00,True,True,False,False,0.0
boarding_buffer_5,2026-09-15,下庄小学校,kajiso_vio,13:30:00,False,False,False,False,
boarding_buffer_5,2026-09-15,下庄小学校,kajiso_vio,14:00:00,False,False,False,False,
boarding_buffer_5,2026-09-15,下庄小学校,kajiso_vio,14:30:00,False,False,False,False,
boarding_buffer_5,2026-09-15,下庄小学校,kajiso_vio,15:00:00,False,False,False,False,
boarding_buffer_5,2026-09-15,下庄小学校,kajiso_vio,15:30:00,False,False,False,False,
boarding_buffer_5,2026-09-15,下庄小学校,kajiso_vio,16:00:00,False,False,False,False,
boarding_buffer_5,2026-09-15,青少年教育センター,kajiso_libre,08:00:00,True,True,False,False,0.0
boarding_buffer_5,2026-09-15,青少年教育センター,kajiso_libre,08:30:00,True,True,False,False,0.0
boarding_buffer_5,2026-09-15,青少年教育センター,kajiso_libre,09:00:00,True,True,True,True,0.0
boarding_buffer_5,2026-09-15,青少年教育センター,kajiso_libre,09:30:00,True,True,True,True,0.0
boarding_buffer_5,2026-09-15,青少年教育センター,kajiso_libre,10:00:00,True,True,False,False,0.0
boarding_buffer_5,2026-09-15,青少年教育センター,kajiso_libre,10:30:00,True,True,False,False,0.0
boarding_buffer_5,2026-09-15,青少年教育センター,kajiso_libre,11:00:00,True,True,False,False,0.0
boarding_buffer_5,2026-09-15,青少年教育センター,kajiso_libre,11:30:00,True,True,False,False,0.0
boarding_buffer_5,2026-09-15,青少年教育センター,kajiso_libre,12:00:00,True,True,False,False,0.0
boarding_buffer_5,2026-09-15,青少年教育センター,kajiso_libre,12:30:00,True,True,False,False,0.0
boarding_buffer_5,2026-09-15,青少年教育センター,kajiso_libre,13:00:00,True,True,False,False,0.0
boarding_buffer_5,2026-09-15,青少年教育センター,kajiso_libre,13:30:00,False,False,False,False,
boarding_buffer_5,2026-09-15,青少年教育センター,kajiso_libre,14:00:00,False,False,False,False,
boarding_buffer_5,2026-09-15,青少年教育センター,kajiso_libre,14:30:00,False,False,False,False,
boarding_buffer_5,2026-09-15,青少年教育センター,kajiso_libre,15:00:00,False,False,False,False,
boarding_buffer_5,2026-09-15,青少年教育センター,kajiso_libre,15:30:00,False,False,False,False,
boarding_buffer_5,2026-09-15,青少年教育センター,kajiso_libre,16:00:00,False,False,False,False,
boarding_buffer_5,2026-09-15,青少年教育センター,kajiso_vio,08:00:00,True,True,False,False,0.0
boarding_buffer_5,2026-09-15,青少年教育センター,kajiso_vio,08:30:00,True,True,False,False,0.0
boarding_buffer_5,2026-09-15,青少年教育センター,kajiso_vio,09:00:00,True,True,True,True,0.0
boarding_buffer_5,2026-09-15,青少年教育センター,kajiso_vio,09:30:00,True,True,True,True,0.0
boarding_buffer_5,2026-09-15,青少年教育センター,kajiso_vio,10:00:00,True,True,False,False,0.0
boarding_buffer_5,2026-09-15,青少年教育センター,kajiso_vio,10:30:00,True,True,False,False,0.0
boarding_buffer_5,2026-09-15,青少年教育センター,kajiso_vio,11:00:00,True,True,False,False,0.0
boarding_buffer_5,2026-09-15,青少年教育センター,kajiso_vio,11:30:00,True,True,False,False,0.0
boarding_buffer_5,2026-09-15,青少年教育センター,kajiso_vio,12:00:00,True,True,False,False,0.0
boarding_buffer_5,2026-09-15,青少年教育センター,kajiso_vio,12:30:00,True,True,False,False,0.0
boarding_buffer_5,2026-09-15,青少年教育センター,kajiso_vio,13:00:00,True,True,False,False,0.0
boarding_buffer_5,2026-09-15,青少年教育センター,kajiso_vio,13:30:00,False,False,False,False,
boarding_buffer_5,2026-09-15,青少年教育センター,kajiso_vio,14:00:00,False,False,False,False,
boarding_buffer_5,2026-09-15,青少年教育センター,kajiso_vio,14:30:00,False,False,False,False,
boarding_buffer_5,2026-09-15,青少年教育センター,kajiso_vio,15:00:00,False,False,False,False,
boarding_buffer_5,2026-09-15,青少年教育センター,kajiso_vio,15:30:00,False,False,False,False,
boarding_buffer_5,2026-09-15,青少年教育センター,kajiso_vio,16:00:00,False,False,False,False,
boarding_buffer_5,2026-09-15,陽明中学校口,kajiso_libre,08:00:00,True,True,False,False,0.0
boarding_buffer_5,2026-09-15,陽明中学校口,kajiso_libre,08:30:00,True,True,False,False,0.0
boarding_buffer_5,2026-09-15,陽明中学校口,kajiso_libre,09:00:00,True,True,True,True,0.0
boarding_buffer_5,2026-09-15,陽明中学校口,kajiso_libre,09:30:00,True,True,True,True,0.0
boarding_buffer_5,2026-09-15,陽明中学校口,kajiso_libre,10:00:00,True,True,False,False,0.0
boarding_buffer_5,2026-09-15,陽明中学校口,kajiso_libre,10:30:00,True,True,False,False,0.0
boarding_buffer_5,2026-09-15,陽明中学校口,kajiso_libre,11:00:00,True,True,True,True,0.0
boarding_buffer_5,2026-09-15,陽明中学校口,kajiso_libre,11:30:00,True,True,False,False,0.0
boarding_buffer_5,2026-09-15,陽明中学校口,kajiso_libre,12:00:00,True,True,False,False,0.0
boarding_buffer_5,2026-09-15,陽明中学校口,kajiso_libre,12:30:00,True,True,False,False,0.0
boarding_buffer_5,2026-09-15,陽明中学校口,kajiso_libre,13:00:00,True,True,False,False,0.0
boarding_buffer_5,2026-09-15,陽明中学校口,kajiso_libre,13:30:00,False,False,False,False,
boarding_buffer_5,2026-09-15,陽明中学校口,kajiso_libre,14:00:00,False,False,False,False,
boarding_buffer_5,2026-09-15,陽明中学校口,kajiso_libre,14:30:00,False,False,False,False,
boarding_buffer_5,2026-09-15,陽明中学校口,kajiso_libre,15:00:00,False,False,False,False,
boarding_buffer_5,2026-09-15,陽明中学校口,kajiso_libre,15:30:00,False,False,False,False,
boarding_buffer_5,2026-09-15,陽明中学校口,kajiso_libre,16:00:00,False,False,False,False,
boarding_buffer_5,2026-09-15,陽明中学校口,kajiso_vio,08:00:00,True,True,False,False,0.0
boarding_buffer_5,2026-09-15,陽明中学校口,kajiso_vio,08:30:00,True,True,False,False,0.0
boarding_buffer_5,2026-09-15,陽明中学校口,kajiso_vio,09:00:00,True,True,True,True,0.0
boarding_buffer_5,2026-09-15,陽明中学校口,kajiso_vio,09:30:00,True,True,True,True,0.0
boarding_buffer_5,2026-09-15,陽明中学校口,kajiso_vio,10:00:00,True,True,False,False,0.0
boarding_buffer_5,2026-09-15,陽明中学校口,kajiso_vio,10:30:00,True,True,False,False,0.0
boarding_buffer_5,2026-09-15,陽明中学校口,kajiso_vio,11:00:00,True,True,True,True,0.0
boarding_buffer_5,2026-09-15,陽明中学校口,kajiso_vio,11:30:00,True,True,False,False,0.0
boarding_buffer_5,2026-09-15,陽明中学校口,kajiso_vio,12:00:00,True,True,False,False,0.0
boarding_buffer_5,2026-09-15,陽明中学校口,kajiso_vio,12:30:00,True,True,False,False,0.0
boarding_buffer_5,2026-09-15,陽明中学校口,kajiso_vio,13:00:00,True,True,False,False,0.0
boarding_buffer_5,2026-09-15,陽明中学校口,kajiso_vio,13:30:00,False,False,False,False,
boarding_buffer_5,2026-09-15,陽明中学校口,kajiso_vio,14:00:00,False,False,False,False,
boarding_buffer_5,2026-09-15,陽明中学校口,kajiso_vio,14:30:00,False,False,False,False,
boarding_buffer_5,2026-09-15,陽明中学校口,kajiso_vio,15:00:00,False,False,False,False,
boarding_buffer_5,2026-09-15,陽明中学校口,kajiso_vio,15:30:00,False,False,False,False,
boarding_buffer_5,2026-09-15,陽明中学校口,kajiso_vio,16:00:00,False,False,False,False,
boarding_buffer_5,2026-09-15,さくら公園,kajiso_libre,08:00:00,True,True,False,False,0.0
boarding_buffer_5,2026-09-15,さくら公園,kajiso_libre,08:30:00,True,True,False,False,0.0
boarding_buffer_5,2026-09-15,さくら公園,kajiso_libre,09:00:00,True,True,True,True,0.0
boarding_buffer_5,2026-09-15,さくら公園,kajiso_libre,09:30:00,True,True,True,True,0.0
boarding_buffer_5,2026-09-15,さくら公園,kajiso_libre,10:00:00,True,True,False,False,0.0
boarding_buffer_5,2026-09-15,さくら公園,kajiso_libre,10:30:00,True,True,False,False,0.0
boarding_buffer_5,2026-09-15,さくら公園,kajiso_libre,11:00:00,True,True,True,True,0.0
boarding_buffer_5,2026-09-15,さくら公園,kajiso_libre,11:30:00,True,True,False,False,0.0
boarding_buffer_5,2026-09-15,さくら公園,kajiso_libre,12:00:00,True,True,False,False,0.0
boarding_buffer_5,2026-09-15,さくら公園,kajiso_libre,12:30:00,True,True,False,False,0.0
boarding_buffer_5,2026-09-15,さくら公園,kajiso_libre,13:00:00,True,True,False,False,0.0
boarding_buffer_5,2026-09-15,さくら公園,kajiso_libre,13:30:00,False,False,False,False,
boarding_buffer_5,2026-09-15,さくら公園,kajiso_libre,14:00:00,False,False,False,False,
boarding_buffer_5,2026-09-15,さくら公園,kajiso_libre,14:30:00,False,False,False,False,
boarding_buffer_5,2026-09-15,さくら公園,kajiso_libre,15:00:00,False,False,False,False,
boarding_buffer_5,2026-09-15,さくら公園,kajiso_libre,15:30:00,False,False,False,False,
boarding_buffer_5,2026-09-15,さくら公園,kajiso_libre,16:00:00,False,False,False,False,
boarding_buffer_5,2026-09-15,さくら公園,kajiso_vio,08:00:00,True,True,False,False,0.0
boarding_buffer_5,2026-09-15,さくら公園,kajiso_vio,08:30:00,True,True,False,False,0.0
boarding_buffer_5,2026-09-15,さくら公園,kajiso_vio,09:00:00,True,True,True,True,0.0
boarding_buffer_5,2026-09-15,さくら公園,kajiso_vio,09:30:00,True,True,True,True,0.0
boarding_buffer_5,2026-09-15,さくら公園,kajiso_vio,10:00:00,True,True,False,False,0.0
boarding_buffer_5,2026-09-15,さくら公園,kajiso_vio,10:30:00,True,True,False,False,0.0
boarding_buffer_5,2026-09-15,さくら公園,kajiso_vio,11:00:00,True,True,True,True,0.0
boarding_buffer_5,2026-09-15,さくら公園,kajiso_vio,11:30:00,True,True,False,False,0.0
boarding_buffer_5,2026-09-15,さくら公園,kajiso_vio,12:00:00,True,True,False,False,0.0
boarding_buffer_5,2026-09-15,さくら公園,kajiso_vio,12:30:00,True,True,False,False,0.0
boarding_buffer_5,2026-09-15,さくら公園,kajiso_vio,13:00:00,True,True,False,False,0.0
boarding_buffer_5,2026-09-15,さくら公園,kajiso_vio,13:30:00,False,False,False,False,
boarding_buffer_5,2026-09-15,さくら公園,kajiso_vio,14:00:00,False,False,False,False,
boarding_buffer_5,2026-09-15,さくら公園,kajiso_vio,14:30:00,False,False,False,False,
boarding_buffer_5,2026-09-15,さくら公園,kajiso_vio,15:00:00,False,False,False,False,
boarding_buffer_5,2026-09-15,さくら公園,kajiso_vio,15:30:00,False,False,False,False,
boarding_buffer_5,2026-09-15,さくら公園,kajiso_vio,16:00:00,False,False,False,False,
boarding_buffer_5,2026-09-15,わかくさ,kajiso_libre,08:00:00,True,True,False,False,0.0
boarding_buffer_5,2026-09-15,わかくさ,kajiso_libre,08:30:00,True,True,False,False,0.0
boarding_buffer_5,2026-09-15,わかくさ,kajiso_libre,09:00:00,True,True,True,True,0.0
boarding_buffer_5,2026-09-15,わかくさ,kajiso_libre,09:30:00,True,True,True,True,0.0
boarding_buffer_5,2026-09-15,わかくさ,kajiso_libre,10:00:00,True,True,False,False,0.0
boarding_buffer_5,2026-09-15,わかくさ,kajiso_libre,10:30:00,True,True,False,False,0.0
boarding_buffer_5,2026-09-15,わかくさ,kajiso_libre,11:00:00,True,True,True,True,0.0
boarding_buffer_5,2026-09-15,わかくさ,kajiso_libre,11:30:00,True,True,True,True,0.0
boarding_buffer_5,2026-09-15,わかくさ,kajiso_libre,12:00:00,True,True,False,False,0.0
boarding_buffer_5,2026-09-15,わかくさ,kajiso_libre,12:30:00,True,True,False,False,0.0
boarding_buffer_5,2026-09-15,わかくさ,kajiso_libre,13:00:00,True,True,False,False,0.0
boarding_buffer_5,2026-09-15,わかくさ,kajiso_libre,13:30:00,True,True,True,True,0.0
boarding_buffer_5,2026-09-15,わかくさ,kajiso_libre,14:00:00,False,False,False,False,
boarding_buffer_5,2026-09-15,わかくさ,kajiso_libre,14:30:00,False,False,False,False,
boarding_buffer_5,2026-09-15,わかくさ,kajiso_libre,15:00:00,False,False,False,False,
boarding_buffer_5,2026-09-15,わかくさ,kajiso_libre,15:30:00,False,False,False,False,
boarding_buffer_5,2026-09-15,わかくさ,kajiso_libre,16:00:00,False,False,False,False,
boarding_buffer_5,2026-09-15,わかくさ,kajiso_vio,08:00:00,True,True,False,False,0.0
boarding_buffer_5,2026-09-15,わかくさ,kajiso_vio,08:30:00,True,True,False,False,0.0
boarding_buffer_5,2026-09-15,わかくさ,kajiso_vio,09:00:00,True,True,True,True,0.0
boarding_buffer_5,2026-09-15,わかくさ,kajiso_vio,09:30:00,True,True,True,True,0.0
boarding_buffer_5,2026-09-15,わかくさ,kajiso_vio,10:00:00,True,True,False,False,0.0
boarding_buffer_5,2026-09-15,わかくさ,kajiso_vio,10:30:00,True,True,False,False,0.0
boarding_buffer_5,2026-09-15,わかくさ,kajiso_vio,11:00:00,True,True,True,True,0.0
boarding_buffer_5,2026-09-15,わかくさ,kajiso_vio,11:30:00,True,True,False,False,0.0
boarding_buffer_5,2026-09-15,わかくさ,kajiso_vio,12:00:00,True,True,False,False,0.0
boarding_buffer_5,2026-09-15,わかくさ,kajiso_vio,12:30:00,True,True,False,False,0.0
boarding_buffer_5,2026-09-15,わかくさ,kajiso_vio,13:00:00,True,True,False,False,0.0
boarding_buffer_5,2026-09-15,わかくさ,kajiso_vio,13:30:00,False,False,False,False,
boarding_buffer_5,2026-09-15,わかくさ,kajiso_vio,14:00:00,False,False,False,False,
boarding_buffer_5,2026-09-15,わかくさ,kajiso_vio,14:30:00,False,False,False,False,
boarding_buffer_5,2026-09-15,わかくさ,kajiso_vio,15:00:00,False,False,False,False,
boarding_buffer_5,2026-09-15,わかくさ,kajiso_vio,15:30:00,False,False,False,False,
boarding_buffer_5,2026-09-15,わかくさ,kajiso_vio,16:00:00,False,False,False,False,
boarding_buffer_5,2026-09-15,篠座,kajiso_libre,08:00:00,True,True,False,False,0.0
boarding_buffer_5,2026-09-15,篠座,kajiso_libre,08:30:00,True,True,False,False,0.0
boarding_buffer_5,2026-09-15,篠座,kajiso_libre,09:00:00,True,True,False,False,0.0
boarding_buffer_5,2026-09-15,篠座,kajiso_libre,09:30:00,True,True,False,False,0.0
boarding_buffer_5,2026-09-15,篠座,kajiso_libre,10:00:00,True,True,False,False,0.0
boarding_buffer_5,2026-09-15,篠座,kajiso_libre,10:30:00,True,True,False,False,0.0
boarding_buffer_5,2026-09-15,篠座,kajiso_libre,11:00:00,True,True,False,False,0.0
boarding_buffer_5,2026-09-15,篠座,kajiso_libre,11:30:00,True,True,False,False,0.0
boarding_buffer_5,2026-09-15,篠座,kajiso_libre,12:00:00,True,True,False,False,0.0
boarding_buffer_5,2026-09-15,篠座,kajiso_libre,12:30:00,True,True,False,False,0.0
boarding_buffer_5,2026-09-15,篠座,kajiso_libre,13:00:00,True,True,False,False,0.0
boarding_buffer_5,2026-09-15,篠座,kajiso_libre,13:30:00,False,False,False,False,
boarding_buffer_5,2026-09-15,篠座,kajiso_libre,14:00:00,False,False,False,False,
boarding_buffer_5,2026-09-15,篠座,kajiso_libre,14:30:00,False,False,False,False,
boarding_buffer_5,2026-09-15,篠座,kajiso_libre,15:00:00,False,False,False,False,
boarding_buffer_5,2026-09-15,篠座,kajiso_libre,15:30:00,False,False,False,False,
boarding_buffer_5,2026-09-15,篠座,kajiso_libre,16:00:00,False,False,False,False,
boarding_buffer_5,2026-09-15,篠座,kajiso_vio,08:00:00,True,True,False,False,0.0
boarding_buffer_5,2026-09-15,篠座,kajiso_vio,08:30:00,True,True,False,False,0.0
boarding_buffer_5,2026-09-15,篠座,kajiso_vio,09:00:00,True,True,False,False,0.0
boarding_buffer_5,2026-09-15,篠座,kajiso_vio,09:30:00,True,True,False,False,0.0
boarding_buffer_5,2026-09-15,篠座,kajiso_vio,10:00:00,True,True,False,False,0.0
boarding_buffer_5,2026-09-15,篠座,kajiso_vio,10:30:00,True,True,False,False,0.0
boarding_buffer_5,2026-09-15,篠座,kajiso_vio,11:00:00,True,True,False,False,0.0
boarding_buffer_5,2026-09-15,篠座,kajiso_vio,11:30:00,True,True,False,False,0.0
boarding_buffer_5,2026-09-15,篠座,kajiso_vio,12:00:00,True,True,False,False,0.0
boarding_buffer_5,2026-09-15,篠座,kajiso_vio,12:30:00,True,True,False,False,0.0
boarding_buffer_5,2026-09-15,篠座,kajiso_vio,13:00:00,True,True,False,False,0.0
boarding_buffer_5,2026-09-15,篠座,kajiso_vio,13:30:00,False,False,False,False,
boarding_buffer_5,2026-09-15,篠座,kajiso_vio,14:00:00,False,False,False,False,
boarding_buffer_5,2026-09-15,篠座,kajiso_vio,14:30:00,False,False,False,False,
boarding_buffer_5,2026-09-15,篠座,kajiso_vio,15:00:00,False,False,False,False,
boarding_buffer_5,2026-09-15,篠座,kajiso_vio,15:30:00,False,False,False,False,
boarding_buffer_5,2026-09-15,篠座,kajiso_vio,16:00:00,False,False,False,False,
boarding_buffer_5,2026-09-15,いなほこども園,kajiso_libre,08:00:00,True,True,False,False,0.0
boarding_buffer_5,2026-09-15,いなほこども園,kajiso_libre,08:30:00,True,True,False,False,0.0
boarding_buffer_5,2026-09-15,いなほこども園,kajiso_libre,09:00:00,True,True,False,False,0.0
boarding_buffer_5,2026-09-15,いなほこども園,kajiso_libre,09:30:00,True,True,False,False,0.0
boarding_buffer_5,2026-09-15,いなほこども園,kajiso_libre,10:00:00,True,True,False,False,0.0
boarding_buffer_5,2026-09-15,いなほこども園,kajiso_libre,10:30:00,True,True,False,False,0.0
boarding_buffer_5,2026-09-15,いなほこども園,kajiso_libre,11:00:00,True,True,False,False,0.0
boarding_buffer_5,2026-09-15,いなほこども園,kajiso_libre,11:30:00,True,True,False,False,0.0
boarding_buffer_5,2026-09-15,いなほこども園,kajiso_libre,12:00:00,True,True,False,False,0.0
boarding_buffer_5,2026-09-15,いなほこども園,kajiso_libre,12:30:00,True,True,False,False,0.0
boarding_buffer_5,2026-09-15,いなほこども園,kajiso_libre,13:00:00,True,True,False,False,0.0
boarding_buffer_5,2026-09-15,いなほこども園,kajiso_libre,13:30:00,False,False,False,False,
boarding_buffer_5,2026-09-15,いなほこども園,kajiso_libre,14:00:00,False,False,False,False,
boarding_buffer_5,2026-09-15,いなほこども園,kajiso_libre,14:30:00,False,False,False,False,
boarding_buffer_5,2026-09-15,いなほこども園,kajiso_libre,15:00:00,False,False,False,False,
boarding_buffer_5,2026-09-15,いなほこども園,kajiso_libre,15:30:00,False,False,False,False,
boarding_buffer_5,2026-09-15,いなほこども園,kajiso_libre,16:00:00,False,False,False,False,
boarding_buffer_5,2026-09-15,いなほこども園,kajiso_vio,08:00:00,True,True,False,False,0.0
boarding_buffer_5,2026-09-15,いなほこども園,kajiso_vio,08:30:00,True,True,False,False,0.0
boarding_buffer_5,2026-09-15,いなほこども園,kajiso_vio,09:00:00,True,True,False,False,0.0
boarding_buffer_5,2026-09-15,いなほこども園,kajiso_vio,09:30:00,True,True,False,False,0.0
boarding_buffer_5,2026-09-15,いなほこども園,kajiso_vio,10:00:00,True,True,False,False,0.0
boarding_buffer_5,2026-09-15,いなほこども園,kajiso_vio,10:30:00,True,True,False,False,0.0
boarding_buffer_5,2026-09-15,いなほこども園,kajiso_vio,11:00:00,True,True,False,False,0.0
boarding_buffer_5,2026-09-15,いなほこども園,kajiso_vio,11:30:00,True,True,False,False,0.0
boarding_buffer_5,2026-09-15,いなほこども園,kajiso_vio,12:00:00,True,True,False,False,0.0
boarding_buffer_5,2026-09-15,いなほこども園,kajiso_vio,12:30:00,True,True,False,False,0.0
boarding_buffer_5,2026-09-15,いなほこども園,kajiso_vio,13:00:00,True,True,False,False,0.0
boarding_buffer_5,2026-09-15,いなほこども園,kajiso_vio,13:30:00,False,False,False,False,
boarding_buffer_5,2026-09-15,いなほこども園,kajiso_vio,14:00:00,False,False,False,False,
boarding_buffer_5,2026-09-15,いなほこども園,kajiso_vio,14:30:00,False,False,False,False,
boarding_buffer_5,2026-09-15,いなほこども園,kajiso_vio,15:00:00,False,False,False,False,
boarding_buffer_5,2026-09-15,いなほこども園,kajiso_vio,15:30:00,False,False,False,False,
boarding_buffer_5,2026-09-15,いなほこども園,kajiso_vio,16:00:00,False,False,False,False,
boarding_buffer_5,2026-09-15,童子丸郵便局口,kajiso_libre,08:00:00,True,True,False,False,0.0
boarding_buffer_5,2026-09-15,童子丸郵便局口,kajiso_libre,08:30:00,True,True,False,False,0.0
boarding_buffer_5,2026-09-15,童子丸郵便局口,kajiso_libre,09:00:00,True,True,False,False,0.0
boarding_buffer_5,2026-09-15,童子丸郵便局口,kajiso_libre,09:30:00,True,True,False,False,0.0
boarding_buffer_5,2026-09-15,童子丸郵便局口,kajiso_libre,10:00:00,True,True,False,False,0.0
boarding_buffer_5,2026-09-15,童子丸郵便局口,kajiso_libre,10:30:00,True,True,False,False,0.0
boarding_buffer_5,2026-09-15,童子丸郵便局口,kajiso_libre,11:00:00,True,True,False,False,0.0
boarding_buffer_5,2026-09-15,童子丸郵便局口,kajiso_libre,11:30:00,True,True,False,False,0.0
boarding_buffer_5,2026-09-15,童子丸郵便局口,kajiso_libre,12:00:00,True,True,False,False,0.0
boarding_buffer_5,2026-09-15,童子丸郵便局口,kajiso_libre,12:30:00,True,True,False,False,0.0
boarding_buffer_5,2026-09-15,童子丸郵便局口,kajiso_libre,13:00:00,False,False,False,False,
boarding_buffer_5,2026-09-15,童子丸郵便局口,kajiso_libre,13:30:00,False,False,False,False,
boarding_buffer_5,2026-09-15,童子丸郵便局口,kajiso_libre,14:00:00,False,False,False,False,
boarding_buffer_5,2026-09-15,童子丸郵便局口,kajiso_libre,14:30:00,False,False,False,False,
boarding_buffer_5,2026-09-15,童子丸郵便局口,kajiso_libre,15:00:00,False,False,False,False,
boarding_buffer_5,2026-09-15,童子丸郵便局口,kajiso_libre,15:30:00,False,False,False,False,
boarding_buffer_5,2026-09-15,童子丸郵便局口,kajiso_libre,16:00:00,False,False,False,False,
boarding_buffer_5,2026-09-15,童子丸郵便局口,kajiso_vio,08:00:00,True,True,False,False,0.0
boarding_buffer_5,2026-09-15,童子丸郵便局口,kajiso_vio,08:30:00,True,True,False,False,0.0
boarding_buffer_5,2026-09-15,童子丸郵便局口,kajiso_vio,09:00:00,True,True,False,False,0.0
boarding_buffer_5,2026-09-15,童子丸郵便局口,kajiso_vio,09:30:00,True,True,False,False,0.0
boarding_buffer_5,2026-09-15,童子丸郵便局口,kajiso_vio,10:00:00,True,True,False,False,0.0
boarding_buffer_5,2026-09-15,童子丸郵便局口,kajiso_vio,10:30:00,True,True,False,False,0.0
boarding_buffer_5,2026-09-15,童子丸郵便局口,kajiso_vio,11:00:00,True,True,False,False,0.0
boarding_buffer_5,2026-09-15,童子丸郵便局口,kajiso_vio,11:30:00,True,True,False,False,0.0
boarding_buffer_5,2026-09-15,童子丸郵便局口,kajiso_vio,12:00:00,True,True,False,False,0.0
boarding_buffer_5,2026-09-15,童子丸郵便局口,kajiso_vio,12:30:00,True,True,False,False,0.0
boarding_buffer_5,2026-09-15,童子丸郵便局口,kajiso_vio,13:00:00,False,False,False,False,
boarding_buffer_5,2026-09-15,童子丸郵便局口,kajiso_vio,13:30:00,False,False,False,False,
boarding_buffer_5,2026-09-15,童子丸郵便局口,kajiso_vio,14:00:00,False,False,False,False,
boarding_buffer_5,2026-09-15,童子丸郵便局口,kajiso_vio,14:30:00,False,False,False,False,
boarding_buffer_5,2026-09-15,童子丸郵便局口,kajiso_vio,15:00:00,False,False,False,False,
boarding_buffer_5,2026-09-15,童子丸郵便局口,kajiso_vio,15:30:00,False,False,False,False,
boarding_buffer_5,2026-09-15,童子丸郵便局口,kajiso_vio,16:00:00,False,False,False,False,
boarding_buffer_5,2026-09-19,越前大野駅,kajiso_libre,08:00:00,True,True,False,False,0.0
boarding_buffer_5,2026-09-19,越前大野駅,kajiso_libre,08:30:00,True,True,False,False,0.0
boarding_buffer_5,2026-09-19,越前大野駅,kajiso_libre,09:00:00,True,True,False,False,0.0
boarding_buffer_5,2026-09-19,越前大野駅,kajiso_libre,09:30:00,True,True,False,False,0.0
boarding_buffer_5,2026-09-19,越前大野駅,kajiso_libre,10:00:00,True,True,False,False,0.0
boarding_buffer_5,2026-09-19,越前大野駅,kajiso_libre,10:30:00,True,True,False,False,0.0
boarding_buffer_5,2026-09-19,越前大野駅,kajiso_libre,11:00:00,True,True,True,True,0.0
boarding_buffer_5,2026-09-19,越前大野駅,kajiso_libre,11:30:00,True,True,True,True,0.0
boarding_buffer_5,2026-09-19,越前大野駅,kajiso_libre,12:00:00,True,True,False,False,0.0
boarding_buffer_5,2026-09-19,越前大野駅,kajiso_libre,12:30:00,True,True,False,False,0.0
boarding_buffer_5,2026-09-19,越前大野駅,kajiso_libre,13:00:00,True,False,False,False,
boarding_buffer_5,2026-09-19,越前大野駅,kajiso_libre,13:30:00,False,False,False,False,
boarding_buffer_5,2026-09-19,越前大野駅,kajiso_libre,14:00:00,False,False,False,False,
boarding_buffer_5,2026-09-19,越前大野駅,kajiso_libre,14:30:00,False,False,False,False,
boarding_buffer_5,2026-09-19,越前大野駅,kajiso_libre,15:00:00,False,False,False,False,
boarding_buffer_5,2026-09-19,越前大野駅,kajiso_libre,15:30:00,False,False,False,False,
boarding_buffer_5,2026-09-19,越前大野駅,kajiso_libre,16:00:00,False,False,False,False,
boarding_buffer_5,2026-09-19,越前大野駅,kajiso_vio,08:00:00,True,True,False,False,0.0
boarding_buffer_5,2026-09-19,越前大野駅,kajiso_vio,08:30:00,True,True,False,False,0.0
boarding_buffer_5,2026-09-19,越前大野駅,kajiso_vio,09:00:00,True,True,True,True,0.0
boarding_buffer_5,2026-09-19,越前大野駅,kajiso_vio,09:30:00,True,True,True,True,0.0
boarding_buffer_5,2026-09-19,越前大野駅,kajiso_vio,10:00:00,True,True,False,False,0.0
boarding_buffer_5,2026-09-19,越前大野駅,kajiso_vio,10:30:00,True,True,False,False,0.0
boarding_buffer_5,2026-09-19,越前大野駅,kajiso_vio,11:00:00,True,True,False,False,0.0
boarding_buffer_5,2026-09-19,越前大野駅,kajiso_vio,11:30:00,True,True,False,False,0.0
boarding_buffer_5,2026-09-19,越前大野駅,kajiso_vio,12:00:00,True,True,False,False,0.0
boarding_buffer_5,2026-09-19,越前大野駅,kajiso_vio,12:30:00,True,True,False,False,0.0
boarding_buffer_5,2026-09-19,越前大野駅,kajiso_vio,13:00:00,True,True,False,False,0.0
boarding_buffer_5,2026-09-19,越前大野駅,kajiso_vio,13:30:00,True,True,True,True,0.0
boarding_buffer_5,2026-09-19,越前大野駅,kajiso_vio,14:00:00,False,False,False,False,
boarding_buffer_5,2026-09-19,越前大野駅,kajiso_vio,14:30:00,False,False,False,False,
boarding_buffer_5,2026-09-19,越前大野駅,kajiso_vio,15:00:00,False,False,False,False,
boarding_buffer_5,2026-09-19,越前大野駅,kajiso_vio,15:30:00,False,False,False,False,
boarding_buffer_5,2026-09-19,越前大野駅,kajiso_vio,16:00:00,False,False,False,False,
boarding_buffer_5,2026-09-19,結ステーション,kajiso_libre,08:00:00,True,True,False,False,0.0
boarding_buffer_5,2026-09-19,結ステーション,kajiso_libre,08:30:00,True,True,False,False,0.0
boarding_buffer_5,2026-09-19,結ステーション,kajiso_libre,09:00:00,True,True,False,False,0.0
boarding_buffer_5,2026-09-19,結ステーション,kajiso_libre,09:30:00,True,True,False,False,0.0
boarding_buffer_5,2026-09-19,結ステーション,kajiso_libre,10:00:00,True,True,False,False,0.0
boarding_buffer_5,2026-09-19,結ステーション,kajiso_libre,10:30:00,True,True,False,False,0.0
boarding_buffer_5,2026-09-19,結ステーション,kajiso_libre,11:00:00,True,True,True,True,0.0
boarding_buffer_5,2026-09-19,結ステーション,kajiso_libre,11:30:00,True,True,False,False,0.0
boarding_buffer_5,2026-09-19,結ステーション,kajiso_libre,12:00:00,True,True,False,False,0.0
boarding_buffer_5,2026-09-19,結ステーション,kajiso_libre,12:30:00,True,True,False,False,0.0
boarding_buffer_5,2026-09-19,結ステーション,kajiso_libre,13:00:00,True,True,False,False,0.0
boarding_buffer_5,2026-09-19,結ステーション,kajiso_libre,13:30:00,False,False,False,False,
boarding_buffer_5,2026-09-19,結ステーション,kajiso_libre,14:00:00,False,False,False,False,
boarding_buffer_5,2026-09-19,結ステーション,kajiso_libre,14:30:00,False,False,False,False,
boarding_buffer_5,2026-09-19,結ステーション,kajiso_libre,15:00:00,False,False,False,False,
boarding_buffer_5,2026-09-19,結ステーション,kajiso_libre,15:30:00,False,False,False,False,
boarding_buffer_5,2026-09-19,結ステーション,kajiso_libre,16:00:00,False,False,False,False,
boarding_buffer_5,2026-09-19,結ステーション,kajiso_vio,08:00:00,True,True,False,False,0.0
boarding_buffer_5,2026-09-19,結ステーション,kajiso_vio,08:30:00,True,True,True,True,0.0
boarding_buffer_5,2026-09-19,結ステーション,kajiso_vio,09:00:00,True,True,True,True,0.0
boarding_buffer_5,2026-09-19,結ステーション,kajiso_vio,09:30:00,True,True,True,True,0.0
boarding_buffer_5,2026-09-19,結ステーション,kajiso_vio,10:00:00,True,True,True,False,269.0
boarding_buffer_5,2026-09-19,結ステーション,kajiso_vio,10:30:00,True,True,False,False,0.0
boarding_buffer_5,2026-09-19,結ステーション,kajiso_vio,11:00:00,True,True,False,False,0.0
boarding_buffer_5,2026-09-19,結ステーション,kajiso_vio,11:30:00,True,True,False,False,0.0
boarding_buffer_5,2026-09-19,結ステーション,kajiso_vio,12:00:00,True,True,False,False,0.0
boarding_buffer_5,2026-09-19,結ステーション,kajiso_vio,12:30:00,True,True,False,False,0.0
boarding_buffer_5,2026-09-19,結ステーション,kajiso_vio,13:00:00,True,True,True,True,0.0
boarding_buffer_5,2026-09-19,結ステーション,kajiso_vio,13:30:00,True,True,True,True,0.0
boarding_buffer_5,2026-09-19,結ステーション,kajiso_vio,14:00:00,False,False,False,False,
boarding_buffer_5,2026-09-19,結ステーション,kajiso_vio,14:30:00,False,False,False,False,
boarding_buffer_5,2026-09-19,結ステーション,kajiso_vio,15:00:00,False,False,False,False,
boarding_buffer_5,2026-09-19,結ステーション,kajiso_vio,15:30:00,False,False,False,False,
boarding_buffer_5,2026-09-19,結ステーション,kajiso_vio,16:00:00,False,False,False,False,
boarding_buffer_5,2026-09-19,下庄小学校,kajiso_libre,08:00:00,True,True,False,False,0.0
boarding_buffer_5,2026-09-19,下庄小学校,kajiso_libre,08:30:00,True,True,False,False,0.0
boarding_buffer_5,2026-09-19,下庄小学校,kajiso_libre,09:00:00,True,True,False,False,0.0
boarding_buffer_5,2026-09-19,下庄小学校,kajiso_libre,09:30:00,True,True,False,False,0.0
boarding_buffer_5,2026-09-19,下庄小学校,kajiso_libre,10:00:00,True,True,False,False,0.0
boarding_buffer_5,2026-09-19,下庄小学校,kajiso_libre,10:30:00,True,True,False,False,0.0
boarding_buffer_5,2026-09-19,下庄小学校,kajiso_libre,11:00:00,True,True,False,False,0.0
boarding_buffer_5,2026-09-19,下庄小学校,kajiso_libre,11:30:00,True,True,False,False,0.0
boarding_buffer_5,2026-09-19,下庄小学校,kajiso_libre,12:00:00,True,True,False,False,0.0
boarding_buffer_5,2026-09-19,下庄小学校,kajiso_libre,12:30:00,True,True,False,False,0.0
boarding_buffer_5,2026-09-19,下庄小学校,kajiso_libre,13:00:00,True,True,False,False,0.0
boarding_buffer_5,2026-09-19,下庄小学校,kajiso_libre,13:30:00,False,False,False,False,
boarding_buffer_5,2026-09-19,下庄小学校,kajiso_libre,14:00:00,False,False,False,False,
boarding_buffer_5,2026-09-19,下庄小学校,kajiso_libre,14:30:00,False,False,False,False,
boarding_buffer_5,2026-09-19,下庄小学校,kajiso_libre,15:00:00,False,False,False,False,
boarding_buffer_5,2026-09-19,下庄小学校,kajiso_libre,15:30:00,False,False,False,False,
boarding_buffer_5,2026-09-19,下庄小学校,kajiso_libre,16:00:00,False,False,False,False,
boarding_buffer_5,2026-09-19,下庄小学校,kajiso_vio,08:00:00,True,True,False,False,0.0
boarding_buffer_5,2026-09-19,下庄小学校,kajiso_vio,08:30:00,True,True,False,False,0.0
boarding_buffer_5,2026-09-19,下庄小学校,kajiso_vio,09:00:00,True,True,False,False,0.0
boarding_buffer_5,2026-09-19,下庄小学校,kajiso_vio,09:30:00,True,True,False,False,0.0
boarding_buffer_5,2026-09-19,下庄小学校,kajiso_vio,10:00:00,True,True,False,False,0.0
boarding_buffer_5,2026-09-19,下庄小学校,kajiso_vio,10:30:00,True,True,False,False,0.0
boarding_buffer_5,2026-09-19,下庄小学校,kajiso_vio,11:00:00,True,True,False,False,0.0
boarding_buffer_5,2026-09-19,下庄小学校,kajiso_vio,11:30:00,True,True,False,False,0.0
boarding_buffer_5,2026-09-19,下庄小学校,kajiso_vio,12:00:00,True,True,False,False,0.0
boarding_buffer_5,2026-09-19,下庄小学校,kajiso_vio,12:30:00,True,True,False,False,0.0
boarding_buffer_5,2026-09-19,下庄小学校,kajiso_vio,13:00:00,True,True,False,False,0.0
boarding_buffer_5,2026-09-19,下庄小学校,kajiso_vio,13:30:00,False,False,False,False,
boarding_buffer_5,2026-09-19,下庄小学校,kajiso_vio,14:00:00,False,False,False,False,
boarding_buffer_5,2026-09-19,下庄小学校,kajiso_vio,14:30:00,False,False,False,False,
boarding_buffer_5,2026-09-19,下庄小学校,kajiso_vio,15:00:00,False,False,False,False,
boarding_buffer_5,2026-09-19,下庄小学校,kajiso_vio,15:30:00,False,False,False,False,
boarding_buffer_5,2026-09-19,下庄小学校,kajiso_vio,16:00:00,False,False,False,False,
boarding_buffer_5,2026-09-19,青少年教育センター,kajiso_libre,08:00:00,True,True,False,False,0.0
boarding_buffer_5,2026-09-19,青少年教育センター,kajiso_libre,08:30:00,True,True,False,False,0.0
boarding_buffer_5,2026-09-19,青少年教育センター,kajiso_libre,09:00:00,True,True,True,True,0.0
boarding_buffer_5,2026-09-19,青少年教育センター,kajiso_libre,09:30:00,True,True,True,True,0.0
boarding_buffer_5,2026-09-19,青少年教育センター,kajiso_libre,10:00:00,True,True,False,False,0.0
boarding_buffer_5,2026-09-19,青少年教育センター,kajiso_libre,10:30:00,True,True,False,False,0.0
boarding_buffer_5,2026-09-19,青少年教育センター,kajiso_libre,11:00:00,True,True,False,False,0.0
boarding_buffer_5,2026-09-19,青少年教育センター,kajiso_libre,11:30:00,True,True,False,False,0.0
boarding_buffer_5,2026-09-19,青少年教育センター,kajiso_libre,12:00:00,True,True,False,False,0.0
boarding_buffer_5,2026-09-19,青少年教育センター,kajiso_libre,12:30:00,True,True,False,False,0.0
boarding_buffer_5,2026-09-19,青少年教育センター,kajiso_libre,13:00:00,True,True,False,False,0.0
boarding_buffer_5,2026-09-19,青少年教育センター,kajiso_libre,13:30:00,False,False,False,False,
boarding_buffer_5,2026-09-19,青少年教育センター,kajiso_libre,14:00:00,False,False,False,False,
boarding_buffer_5,2026-09-19,青少年教育センター,kajiso_libre,14:30:00,False,False,False,False,
boarding_buffer_5,2026-09-19,青少年教育センター,kajiso_libre,15:00:00,False,False,False,False,
boarding_buffer_5,2026-09-19,青少年教育センター,kajiso_libre,15:30:00,False,False,False,False,
boarding_buffer_5,2026-09-19,青少年教育センター,kajiso_libre,16:00:00,False,False,False,False,
boarding_buffer_5,2026-09-19,青少年教育センター,kajiso_vio,08:00:00,True,True,False,False,0.0
boarding_buffer_5,2026-09-19,青少年教育センター,kajiso_vio,08:30:00,True,True,False,False,0.0
boarding_buffer_5,2026-09-19,青少年教育センター,kajiso_vio,09:00:00,True,True,True,True,0.0
boarding_buffer_5,2026-09-19,青少年教育センター,kajiso_vio,09:30:00,True,True,True,True,0.0
boarding_buffer_5,2026-09-19,青少年教育センター,kajiso_vio,10:00:00,True,True,False,False,0.0
boarding_buffer_5,2026-09-19,青少年教育センター,kajiso_vio,10:30:00,True,True,False,False,0.0
boarding_buffer_5,2026-09-19,青少年教育センター,kajiso_vio,11:00:00,True,True,False,False,0.0
boarding_buffer_5,2026-09-19,青少年教育センター,kajiso_vio,11:30:00,True,True,False,False,0.0
boarding_buffer_5,2026-09-19,青少年教育センター,kajiso_vio,12:00:00,True,True,False,False,0.0
boarding_buffer_5,2026-09-19,青少年教育センター,kajiso_vio,12:30:00,True,True,False,False,0.0
boarding_buffer_5,2026-09-19,青少年教育センター,kajiso_vio,13:00:00,True,True,False,False,0.0
boarding_buffer_5,2026-09-19,青少年教育センター,kajiso_vio,13:30:00,False,False,False,False,
boarding_buffer_5,2026-09-19,青少年教育センター,kajiso_vio,14:00:00,False,False,False,False,
boarding_buffer_5,2026-09-19,青少年教育センター,kajiso_vio,14:30:00,False,False,False,False,
boarding_buffer_5,2026-09-19,青少年教育センター,kajiso_vio,15:00:00,False,False,False,False,
boarding_buffer_5,2026-09-19,青少年教育センター,kajiso_vio,15:30:00,False,False,False,False,
boarding_buffer_5,2026-09-19,青少年教育センター,kajiso_vio,16:00:00,False,False,False,False,
boarding_buffer_5,2026-09-19,陽明中学校口,kajiso_libre,08:00:00,True,True,False,False,0.0
boarding_buffer_5,2026-09-19,陽明中学校口,kajiso_libre,08:30:00,True,True,False,False,0.0
boarding_buffer_5,2026-09-19,陽明中学校口,kajiso_libre,09:00:00,True,True,True,True,0.0
boarding_buffer_5,2026-09-19,陽明中学校口,kajiso_libre,09:30:00,True,True,True,True,0.0
boarding_buffer_5,2026-09-19,陽明中学校口,kajiso_libre,10:00:00,True,True,False,False,0.0
boarding_buffer_5,2026-09-19,陽明中学校口,kajiso_libre,10:30:00,True,True,False,False,0.0
boarding_buffer_5,2026-09-19,陽明中学校口,kajiso_libre,11:00:00,True,True,False,False,0.0
boarding_buffer_5,2026-09-19,陽明中学校口,kajiso_libre,11:30:00,True,True,False,False,0.0
boarding_buffer_5,2026-09-19,陽明中学校口,kajiso_libre,12:00:00,True,True,False,False,0.0
boarding_buffer_5,2026-09-19,陽明中学校口,kajiso_libre,12:30:00,True,True,False,False,0.0
boarding_buffer_5,2026-09-19,陽明中学校口,kajiso_libre,13:00:00,True,True,False,False,0.0
boarding_buffer_5,2026-09-19,陽明中学校口,kajiso_libre,13:30:00,False,False,False,False,
boarding_buffer_5,2026-09-19,陽明中学校口,kajiso_libre,14:00:00,False,False,False,False,
boarding_buffer_5,2026-09-19,陽明中学校口,kajiso_libre,14:30:00,False,False,False,False,
boarding_buffer_5,2026-09-19,陽明中学校口,kajiso_libre,15:00:00,False,False,False,False,
boarding_buffer_5,2026-09-19,陽明中学校口,kajiso_libre,15:30:00,False,False,False,False,
boarding_buffer_5,2026-09-19,陽明中学校口,kajiso_libre,16:00:00,False,False,False,False,
boarding_buffer_5,2026-09-19,陽明中学校口,kajiso_vio,08:00:00,True,True,False,False,0.0
boarding_buffer_5,2026-09-19,陽明中学校口,kajiso_vio,08:30:00,True,True,False,False,0.0
boarding_buffer_5,2026-09-19,陽明中学校口,kajiso_vio,09:00:00,True,True,True,True,0.0
boarding_buffer_5,2026-09-19,陽明中学校口,kajiso_vio,09:30:00,True,True,True,True,0.0
boarding_buffer_5,2026-09-19,陽明中学校口,kajiso_vio,10:00:00,True,True,False,False,0.0
boarding_buffer_5,2026-09-19,陽明中学校口,kajiso_vio,10:30:00,True,True,False,False,0.0
boarding_buffer_5,2026-09-19,陽明中学校口,kajiso_vio,11:00:00,True,True,False,False,0.0
boarding_buffer_5,2026-09-19,陽明中学校口,kajiso_vio,11:30:00,True,True,False,False,0.0
boarding_buffer_5,2026-09-19,陽明中学校口,kajiso_vio,12:00:00,True,True,False,False,0.0
boarding_buffer_5,2026-09-19,陽明中学校口,kajiso_vio,12:30:00,True,True,False,False,0.0
boarding_buffer_5,2026-09-19,陽明中学校口,kajiso_vio,13:00:00,True,True,False,False,0.0
boarding_buffer_5,2026-09-19,陽明中学校口,kajiso_vio,13:30:00,False,False,False,False,
boarding_buffer_5,2026-09-19,陽明中学校口,kajiso_vio,14:00:00,False,False,False,False,
boarding_buffer_5,2026-09-19,陽明中学校口,kajiso_vio,14:30:00,False,False,False,False,
boarding_buffer_5,2026-09-19,陽明中学校口,kajiso_vio,15:00:00,False,False,False,False,
boarding_buffer_5,2026-09-19,陽明中学校口,kajiso_vio,15:30:00,False,False,False,False,
boarding_buffer_5,2026-09-19,陽明中学校口,kajiso_vio,16:00:00,False,False,False,False,
boarding_buffer_5,2026-09-19,さくら公園,kajiso_libre,08:00:00,True,True,False,False,0.0
boarding_buffer_5,2026-09-19,さくら公園,kajiso_libre,08:30:00,True,True,False,False,0.0
boarding_buffer_5,2026-09-19,さくら公園,kajiso_libre,09:00:00,True,True,True,True,0.0
boarding_buffer_5,2026-09-19,さくら公園,kajiso_libre,09:30:00,True,True,True,True,0.0
boarding_buffer_5,2026-09-19,さくら公園,kajiso_libre,10:00:00,True,True,False,False,0.0
boarding_buffer_5,2026-09-19,さくら公園,kajiso_libre,10:30:00,True,True,False,False,0.0
boarding_buffer_5,2026-09-19,さくら公園,kajiso_libre,11:00:00,True,True,False,False,0.0
boarding_buffer_5,2026-09-19,さくら公園,kajiso_libre,11:30:00,True,True,False,False,0.0
boarding_buffer_5,2026-09-19,さくら公園,kajiso_libre,12:00:00,True,True,False,False,0.0
boarding_buffer_5,2026-09-19,さくら公園,kajiso_libre,12:30:00,True,True,False,False,0.0
boarding_buffer_5,2026-09-19,さくら公園,kajiso_libre,13:00:00,True,True,False,False,0.0
boarding_buffer_5,2026-09-19,さくら公園,kajiso_libre,13:30:00,False,False,False,False,
boarding_buffer_5,2026-09-19,さくら公園,kajiso_libre,14:00:00,False,False,False,False,
boarding_buffer_5,2026-09-19,さくら公園,kajiso_libre,14:30:00,False,False,False,False,
boarding_buffer_5,2026-09-19,さくら公園,kajiso_libre,15:00:00,False,False,False,False,
boarding_buffer_5,2026-09-19,さくら公園,kajiso_libre,15:30:00,False,False,False,False,
boarding_buffer_5,2026-09-19,さくら公園,kajiso_libre,16:00:00,False,False,False,False,
boarding_buffer_5,2026-09-19,さくら公園,kajiso_vio,08:00:00,True,True,False,False,0.0
boarding_buffer_5,2026-09-19,さくら公園,kajiso_vio,08:30:00,True,True,False,False,0.0
boarding_buffer_5,2026-09-19,さくら公園,kajiso_vio,09:00:00,True,True,True,True,0.0
boarding_buffer_5,2026-09-19,さくら公園,kajiso_vio,09:30:00,True,True,True,True,0.0
boarding_buffer_5,2026-09-19,さくら公園,kajiso_vio,10:00:00,True,True,False,False,0.0
boarding_buffer_5,2026-09-19,さくら公園,kajiso_vio,10:30:00,True,True,False,False,0.0
boarding_buffer_5,2026-09-19,さくら公園,kajiso_vio,11:00:00,True,True,False,False,0.0
boarding_buffer_5,2026-09-19,さくら公園,kajiso_vio,11:30:00,True,True,False,False,0.0
boarding_buffer_5,2026-09-19,さくら公園,kajiso_vio,12:00:00,True,True,False,False,0.0
boarding_buffer_5,2026-09-19,さくら公園,kajiso_vio,12:30:00,True,True,False,False,0.0
boarding_buffer_5,2026-09-19,さくら公園,kajiso_vio,13:00:00,True,True,False,False,0.0
boarding_buffer_5,2026-09-19,さくら公園,kajiso_vio,13:30:00,False,False,False,False,
boarding_buffer_5,2026-09-19,さくら公園,kajiso_vio,14:00:00,False,False,False,False,
boarding_buffer_5,2026-09-19,さくら公園,kajiso_vio,14:30:00,False,False,False,False,
boarding_buffer_5,2026-09-19,さくら公園,kajiso_vio,15:00:00,False,False,False,False,
boarding_buffer_5,2026-09-19,さくら公園,kajiso_vio,15:30:00,False,False,False,False,
boarding_buffer_5,2026-09-19,さくら公園,kajiso_vio,16:00:00,False,False,False,False,
boarding_buffer_5,2026-09-19,わかくさ,kajiso_libre,08:00:00,True,True,False,False,0.0
boarding_buffer_5,2026-09-19,わかくさ,kajiso_libre,08:30:00,True,True,False,False,0.0
boarding_buffer_5,2026-09-19,わかくさ,kajiso_libre,09:00:00,True,True,False,False,0.0
boarding_buffer_5,2026-09-19,わかくさ,kajiso_libre,09:30:00,True,True,False,False,0.0
boarding_buffer_5,2026-09-19,わかくさ,kajiso_libre,10:00:00,True,True,False,False,0.0
boarding_buffer_5,2026-09-19,わかくさ,kajiso_libre,10:30:00,True,True,False,False,0.0
boarding_buffer_5,2026-09-19,わかくさ,kajiso_libre,11:00:00,True,True,True,True,0.0
boarding_buffer_5,2026-09-19,わかくさ,kajiso_libre,11:30:00,True,True,True,True,0.0
boarding_buffer_5,2026-09-19,わかくさ,kajiso_libre,12:00:00,False,False,False,False,
boarding_buffer_5,2026-09-19,わかくさ,kajiso_libre,12:30:00,False,False,False,False,
boarding_buffer_5,2026-09-19,わかくさ,kajiso_libre,13:00:00,False,False,False,False,
boarding_buffer_5,2026-09-19,わかくさ,kajiso_libre,13:30:00,False,False,False,False,
boarding_buffer_5,2026-09-19,わかくさ,kajiso_libre,14:00:00,False,False,False,False,
boarding_buffer_5,2026-09-19,わかくさ,kajiso_libre,14:30:00,False,False,False,False,
boarding_buffer_5,2026-09-19,わかくさ,kajiso_libre,15:00:00,False,False,False,False,
boarding_buffer_5,2026-09-19,わかくさ,kajiso_libre,15:30:00,False,False,False,False,
boarding_buffer_5,2026-09-19,わかくさ,kajiso_libre,16:00:00,False,False,False,False,
boarding_buffer_5,2026-09-19,わかくさ,kajiso_vio,08:00:00,True,True,False,False,0.0
boarding_buffer_5,2026-09-19,わかくさ,kajiso_vio,08:30:00,True,True,False,False,0.0
boarding_buffer_5,2026-09-19,わかくさ,kajiso_vio,09:00:00,True,True,True,True,0.0
boarding_buffer_5,2026-09-19,わかくさ,kajiso_vio,09:30:00,True,True,True,True,0.0
boarding_buffer_5,2026-09-19,わかくさ,kajiso_vio,10:00:00,True,True,False,False,0.0
boarding_buffer_5,2026-09-19,わかくさ,kajiso_vio,10:30:00,True,True,False,False,0.0
boarding_buffer_5,2026-09-19,わかくさ,kajiso_vio,11:00:00,True,True,False,False,0.0
boarding_buffer_5,2026-09-19,わかくさ,kajiso_vio,11:30:00,True,True,False,False,0.0
boarding_buffer_5,2026-09-19,わかくさ,kajiso_vio,12:00:00,True,True,False,False,0.0
boarding_buffer_5,2026-09-19,わかくさ,kajiso_vio,12:30:00,True,True,False,False,0.0
boarding_buffer_5,2026-09-19,わかくさ,kajiso_vio,13:00:00,True,True,False,False,0.0
boarding_buffer_5,2026-09-19,わかくさ,kajiso_vio,13:30:00,False,False,False,False,
boarding_buffer_5,2026-09-19,わかくさ,kajiso_vio,14:00:00,False,False,False,False,
boarding_buffer_5,2026-09-19,わかくさ,kajiso_vio,14:30:00,False,False,False,False,
boarding_buffer_5,2026-09-19,わかくさ,kajiso_vio,15:00:00,False,False,False,False,
boarding_buffer_5,2026-09-19,わかくさ,kajiso_vio,15:30:00,False,False,False,False,
boarding_buffer_5,2026-09-19,わかくさ,kajiso_vio,16:00:00,False,False,False,False,
boarding_buffer_5,2026-09-19,篠座,kajiso_libre,08:00:00,True,True,False,False,0.0
boarding_buffer_5,2026-09-19,篠座,kajiso_libre,08:30:00,True,True,False,False,0.0
boarding_buffer_5,2026-09-19,篠座,kajiso_libre,09:00:00,True,True,False,False,0.0
boarding_buffer_5,2026-09-19,篠座,kajiso_libre,09:30:00,True,True,False,False,0.0
boarding_buffer_5,2026-09-19,篠座,kajiso_libre,10:00:00,True,True,False,False,0.0
boarding_buffer_5,2026-09-19,篠座,kajiso_libre,10:30:00,True,True,False,False,0.0
boarding_buffer_5,2026-09-19,篠座,kajiso_libre,11:00:00,True,True,False,False,0.0
boarding_buffer_5,2026-09-19,篠座,kajiso_libre,11:30:00,False,False,False,False,
boarding_buffer_5,2026-09-19,篠座,kajiso_libre,12:00:00,False,False,False,False,
boarding_buffer_5,2026-09-19,篠座,kajiso_libre,12:30:00,False,False,False,False,
boarding_buffer_5,2026-09-19,篠座,kajiso_libre,13:00:00,False,False,False,False,
boarding_buffer_5,2026-09-19,篠座,kajiso_libre,13:30:00,False,False,False,False,
boarding_buffer_5,2026-09-19,篠座,kajiso_libre,14:00:00,False,False,False,False,
boarding_buffer_5,2026-09-19,篠座,kajiso_libre,14:30:00,False,False,False,False,
boarding_buffer_5,2026-09-19,篠座,kajiso_libre,15:00:00,False,False,False,False,
boarding_buffer_5,2026-09-19,篠座,kajiso_libre,15:30:00,False,False,False,False,
boarding_buffer_5,2026-09-19,篠座,kajiso_libre,16:00:00,False,False,False,False,
boarding_buffer_5,2026-09-19,篠座,kajiso_vio,08:00:00,True,True,False,False,0.0
boarding_buffer_5,2026-09-19,篠座,kajiso_vio,08:30:00,True,True,False,False,0.0
boarding_buffer_5,2026-09-19,篠座,kajiso_vio,09:00:00,True,True,False,False,0.0
boarding_buffer_5,2026-09-19,篠座,kajiso_vio,09:30:00,True,True,False,False,0.0
boarding_buffer_5,2026-09-19,篠座,kajiso_vio,10:00:00,True,True,False,False,0.0
boarding_buffer_5,2026-09-19,篠座,kajiso_vio,10:30:00,True,True,False,False,0.0
boarding_buffer_5,2026-09-19,篠座,kajiso_vio,11:00:00,True,True,False,False,0.0
boarding_buffer_5,2026-09-19,篠座,kajiso_vio,11:30:00,False,False,False,False,
boarding_buffer_5,2026-09-19,篠座,kajiso_vio,12:00:00,False,False,False,False,
boarding_buffer_5,2026-09-19,篠座,kajiso_vio,12:30:00,False,False,False,False,
boarding_buffer_5,2026-09-19,篠座,kajiso_vio,13:00:00,False,False,False,False,
boarding_buffer_5,2026-09-19,篠座,kajiso_vio,13:30:00,False,False,False,False,
boarding_buffer_5,2026-09-19,篠座,kajiso_vio,14:00:00,False,False,False,False,
boarding_buffer_5,2026-09-19,篠座,kajiso_vio,14:30:00,False,False,False,False,
boarding_buffer_5,2026-09-19,篠座,kajiso_vio,15:00:00,False,False,False,False,
boarding_buffer_5,2026-09-19,篠座,kajiso_vio,15:30:00,False,False,False,False,
boarding_buffer_5,2026-09-19,篠座,kajiso_vio,16:00:00,False,False,False,False,
boarding_buffer_5,2026-09-19,いなほこども園,kajiso_libre,08:00:00,True,True,False,False,0.0
boarding_buffer_5,2026-09-19,いなほこども園,kajiso_libre,08:30:00,True,True,False,False,0.0
boarding_buffer_5,2026-09-19,いなほこども園,kajiso_libre,09:00:00,True,True,False,False,0.0
boarding_buffer_5,2026-09-19,いなほこども園,kajiso_libre,09:30:00,True,True,False,False,0.0
boarding_buffer_5,2026-09-19,いなほこども園,kajiso_libre,10:00:00,True,True,False,False,0.0
boarding_buffer_5,2026-09-19,いなほこども園,kajiso_libre,10:30:00,True,True,False,False,0.0
boarding_buffer_5,2026-09-19,いなほこども園,kajiso_libre,11:00:00,True,True,False,False,0.0
boarding_buffer_5,2026-09-19,いなほこども園,kajiso_libre,11:30:00,False,False,False,False,
boarding_buffer_5,2026-09-19,いなほこども園,kajiso_libre,12:00:00,False,False,False,False,
boarding_buffer_5,2026-09-19,いなほこども園,kajiso_libre,12:30:00,False,False,False,False,
boarding_buffer_5,2026-09-19,いなほこども園,kajiso_libre,13:00:00,False,False,False,False,
boarding_buffer_5,2026-09-19,いなほこども園,kajiso_libre,13:30:00,False,False,False,False,
boarding_buffer_5,2026-09-19,いなほこども園,kajiso_libre,14:00:00,False,False,False,False,
boarding_buffer_5,2026-09-19,いなほこども園,kajiso_libre,14:30:00,False,False,False,False,
boarding_buffer_5,2026-09-19,いなほこども園,kajiso_libre,15:00:00,False,False,False,False,
boarding_buffer_5,2026-09-19,いなほこども園,kajiso_libre,15:30:00,False,False,False,False,
boarding_buffer_5,2026-09-19,いなほこども園,kajiso_libre,16:00:00,False,False,False,False,
boarding_buffer_5,2026-09-19,いなほこども園,kajiso_vio,08:00:00,True,True,False,False,0.0
boarding_buffer_5,2026-09-19,いなほこども園,kajiso_vio,08:30:00,True,True,False,False,0.0
boarding_buffer_5,2026-09-19,いなほこども園,kajiso_vio,09:00:00,True,True,False,False,0.0
boarding_buffer_5,2026-09-19,いなほこども園,kajiso_vio,09:30:00,True,True,False,False,0.0
boarding_buffer_5,2026-09-19,いなほこども園,kajiso_vio,10:00:00,True,True,False,False,0.0
boarding_buffer_5,2026-09-19,いなほこども園,kajiso_vio,10:30:00,True,True,False,False,0.0
boarding_buffer_5,2026-09-19,いなほこども園,kajiso_vio,11:00:00,True,True,False,False,0.0
boarding_buffer_5,2026-09-19,いなほこども園,kajiso_vio,11:30:00,False,False,False,False,
boarding_buffer_5,2026-09-19,いなほこども園,kajiso_vio,12:00:00,False,False,False,False,
boarding_buffer_5,2026-09-19,いなほこども園,kajiso_vio,12:30:00,False,False,False,False,
boarding_buffer_5,2026-09-19,いなほこども園,kajiso_vio,13:00:00,False,False,False,False,
boarding_buffer_5,2026-09-19,いなほこども園,kajiso_vio,13:30:00,False,False,False,False,
boarding_buffer_5,2026-09-19,いなほこども園,kajiso_vio,14:00:00,False,False,False,False,
boarding_buffer_5,2026-09-19,いなほこども園,kajiso_vio,14:30:00,False,False,False,False,
boarding_buffer_5,2026-09-19,いなほこども園,kajiso_vio,15:00:00,False,False,False,False,
boarding_buffer_5,2026-09-19,いなほこども園,kajiso_vio,15:30:00,False,False,False,False,
boarding_buffer_5,2026-09-19,いなほこども園,kajiso_vio,16:00:00,False,False,False,False,
boarding_buffer_5,2026-09-19,童子丸郵便局口,kajiso_libre,08:00:00,True,True,False,False,0.0
boarding_buffer_5,2026-09-19,童子丸郵便局口,kajiso_libre,08:30:00,True,True,False,False,0.0
boarding_buffer_5,2026-09-19,童子丸郵便局口,kajiso_libre,09:00:00,True,True,False,False,0.0
boarding_buffer_5,2026-09-19,童子丸郵便局口,kajiso_libre,09:30:00,True,True,False,False,0.0
boarding_buffer_5,2026-09-19,童子丸郵便局口,kajiso_libre,10:00:00,True,True,False,False,0.0
boarding_buffer_5,2026-09-19,童子丸郵便局口,kajiso_libre,10:30:00,True,True,False,False,0.0
boarding_buffer_5,2026-09-19,童子丸郵便局口,kajiso_libre,11:00:00,False,False,False,False,
boarding_buffer_5,2026-09-19,童子丸郵便局口,kajiso_libre,11:30:00,False,False,False,False,
boarding_buffer_5,2026-09-19,童子丸郵便局口,kajiso_libre,12:00:00,False,False,False,False,
boarding_buffer_5,2026-09-19,童子丸郵便局口,kajiso_libre,12:30:00,False,False,False,False,
boarding_buffer_5,2026-09-19,童子丸郵便局口,kajiso_libre,13:00:00,False,False,False,False,
boarding_buffer_5,2026-09-19,童子丸郵便局口,kajiso_libre,13:30:00,False,False,False,False,
boarding_buffer_5,2026-09-19,童子丸郵便局口,kajiso_libre,14:00:00,False,False,False,False,
boarding_buffer_5,2026-09-19,童子丸郵便局口,kajiso_libre,14:30:00,False,False,False,False,
boarding_buffer_5,2026-09-19,童子丸郵便局口,kajiso_libre,15:00:00,False,False,False,False,
boarding_buffer_5,2026-09-19,童子丸郵便局口,kajiso_libre,15:30:00,False,False,False,False,
boarding_buffer_5,2026-09-19,童子丸郵便局口,kajiso_libre,16:00:00,False,False,False,False,
boarding_buffer_5,2026-09-19,童子丸郵便局口,kajiso_vio,08:00:00,True,True,False,False,0.0
boarding_buffer_5,2026-09-19,童子丸郵便局口,kajiso_vio,08:30:00,True,True,False,False,0.0
boarding_buffer_5,2026-09-19,童子丸郵便局口,kajiso_vio,09:00:00,True,True,False,False,0.0
boarding_buffer_5,2026-09-19,童子丸郵便局口,kajiso_vio,09:30:00,True,True,False,False,0.0
boarding_buffer_5,2026-09-19,童子丸郵便局口,kajiso_vio,10:00:00,True,True,False,False,0.0
boarding_buffer_5,2026-09-19,童子丸郵便局口,kajiso_vio,10:30:00,True,True,False,False,0.0
boarding_buffer_5,2026-09-19,童子丸郵便局口,kajiso_vio,11:00:00,False,False,False,False,
boarding_buffer_5,2026-09-19,童子丸郵便局口,kajiso_vio,11:30:00,False,False,False,False,
boarding_buffer_5,2026-09-19,童子丸郵便局口,kajiso_vio,12:00:00,False,False,False,False,
boarding_buffer_5,2026-09-19,童子丸郵便局口,kajiso_vio,12:30:00,False,False,False,False,
boarding_buffer_5,2026-09-19,童子丸郵便局口,kajiso_vio,13:00:00,False,False,False,False,
boarding_buffer_5,2026-09-19,童子丸郵便局口,kajiso_vio,13:30:00,False,False,False,False,
boarding_buffer_5,2026-09-19,童子丸郵便局口,kajiso_vio,14:00:00,False,False,False,False,
boarding_buffer_5,2026-09-19,童子丸郵便局口,kajiso_vio,14:30:00,False,False,False,False,
boarding_buffer_5,2026-09-19,童子丸郵便局口,kajiso_vio,15:00:00,False,False,False,False,
boarding_buffer_5,2026-09-19,童子丸郵便局口,kajiso_vio,15:30:00,False,False,False,False,
boarding_buffer_5,2026-09-19,童子丸郵便局口,kajiso_vio,16:00:00,False,False,False,False,
