scenario,date,origin,destination,ready,feasible,reason,out_trip,out_route,out_board_stop,out_board_sequence,out_departure,out_alight_stop,out_alight_sequence,out_arrival,shopping_start,shopping_end,back_trip,back_route,back_board_stop,back_board_sequence,back_departure,back_alight_stop,back_alight_sequence,back_arrival,origin_return,elapsed_minutes,initial_wait_minutes,store_open_wait_minutes,return_wait_minutes,bus_minutes,within_budget
baseline,2026-09-15,越前大野駅,kajiso_libre,08:00:00,True,,2+0+平日+1,2,1_1,24,08:12:00,21_2,28,08:16:00,09:30:00,10:15:00,1+1+平日+3,1,21_1,21,11:28:00,1_1,24,11:32:00,11:34:00,214.0,10.0,69.0,68.0,8.0,False
baseline,2026-09-15,越前大野駅,kajiso_libre,08:30:00,True,,2+0+平日+2,2,1_1,1,09:15:00,21_2,28,09:58:00,10:03:00,10:48:00,1+1+平日+3,1,21_1,21,11:28:00,1_1,24,11:32:00,11:34:00,184.0,43.0,0.0,35.0,47.0,False
baseline,2026-09-15,越前大野駅,kajiso_libre,09:00:00,True,,2+0+平日+2,2,1_1,1,09:15:00,21_2,28,09:58:00,10:03:00,10:48:00,1+1+平日+3,1,21_1,21,11:28:00,1_1,24,11:32:00,11:34:00,154.0,13.0,0.0,35.0,47.0,True
baseline,2026-09-15,越前大野駅,kajiso_libre,09:30:00,True,,2+0+平日+2,2,1_1,24,09:54:00,21_2,28,09:58:00,10:03:00,10:48:00,1+1+平日+3,1,21_1,21,11:28:00,1_1,24,11:32:00,11:34:00,124.0,22.0,0.0,35.0,8.0,True
baseline,2026-09-15,越前大野駅,kajiso_libre,10:00:00,True,,2+0+毎日+3,2,1_1,1,10:56:00,21_2,28,11:47:00,11:52:00,12:37:00,1+1+毎日+4,1,21_1,21,13:32:00,1_1,24,13:36:00,13:38:00,218.0,54.0,0.0,50.0,55.0,False
baseline,2026-09-15,越前大野駅,kajiso_libre,10:30:00,True,,2+0+毎日+3,2,1_1,1,10:56:00,21_2,28,11:47:00,11:52:00,12:37:00,1+1+毎日+4,1,21_1,21,13:32:00,1_1,24,13:36:00,13:38:00,188.0,24.0,0.0,50.0,55.0,False
baseline,2026-09-15,越前大野駅,kajiso_libre,11:00:00,True,,2+0+毎日+3,2,1_1,24,11:43:00,21_2,28,11:47:00,11:52:00,12:37:00,1+1+毎日+4,1,21_1,21,13:32:00,1_1,24,13:36:00,13:38:00,158.0,41.0,0.0,50.0,8.0,True
baseline,2026-09-15,越前大野駅,kajiso_libre,11:30:00,True,,2+0+毎日+3,2,1_1,24,11:43:00,21_2,28,11:47:00,11:52:00,12:37:00,1+1+毎日+4,1,21_1,21,13:32:00,1_1,24,13:36:00,13:38:00,128.0,11.0,0.0,50.0,8.0,True
baseline,2026-09-15,越前大野駅,kajiso_libre,12:00:00,True,,2+0+平日+4,2,1_1,1,13:00:00,21_2,28,13:54:00,13:59:00,14:44:00,1+1+平日+5,1,21_1,21,16:02:00,1_1,24,16:06:00,16:08:00,248.0,58.0,0.0,73.0,58.0,False
baseline,2026-09-15,越前大野駅,kajiso_libre,12:30:00,True,,2+0+平日+4,2,1_1,1,13:00:00,21_2,28,13:54:00,13:59:00,14:44:00,1+1+平日+5,1,21_1,21,16:02:00,1_1,24,16:06:00,16:08:00,218.0,28.0,0.0,73.0,58.0,False
baseline,2026-09-15,越前大野駅,kajiso_libre,13:00:00,True,,1+1+毎日+4,1,1_1,1,13:05:00,21_1,21,13:32:00,13:37:00,14:22:00,1+1+平日+5,1,21_1,21,16:02:00,1_1,24,16:06:00,16:08:00,188.0,3.0,0.0,95.0,31.0,False
baseline,2026-09-15,越前大野駅,kajiso_libre,13:30:00,True,,2+0+平日+4,2,1_1,24,13:50:00,21_2,28,13:54:00,13:59:00,14:44:00,1+1+平日+5,1,21_1,21,16:02:00,1_1,24,16:06:00,16:08:00,158.0,18.0,0.0,73.0,8.0,True
baseline,2026-09-15,越前大野駅,kajiso_libre,14:00:00,False,no_return_by_deadline,,,,,,,,,,,,,,,,,,,,,,,,,False
baseline,2026-09-15,越前大野駅,kajiso_libre,14:30:00,False,no_return_by_deadline,,,,,,,,,,,,,,,,,,,,,,,,,False
baseline,2026-09-15,越前大野駅,kajiso_libre,15:00:00,False,no_return_by_deadline,,,,,,,,,,,,,,,,,,,,,,,,,False
baseline,2026-09-15,越前大野駅,kajiso_libre,15:30:00,False,no_return_by_deadline,,,,,,,,,,,,,,,,,,,,,,,,,False
baseline,2026-09-15,越前大野駅,kajiso_libre,16:00:00,False,no_return_by_deadline,,,,,,,,,,,,,,,,,,,,,,,,,False
baseline,2026-09-15,越前大野駅,kajiso_vio,08:00:00,True,,2+0+平日+2,2,1_1,1,09:15:00,25_0,17,09:38:00,09:43:00,10:28:00,2+0+毎日+3,2,25_0,17,11:19:00,1_1,24,11:32:00,11:34:00,214.0,73.0,0.0,46.0,36.0,False
baseline,2026-09-15,越前大野駅,kajiso_vio,08:30:00,True,,2+0+平日+2,2,1_1,1,09:15:00,25_0,17,09:38:00,09:43:00,10:28:00,2+0+毎日+3,2,25_0,17,11:19:00,1_1,24,11:32:00,11:34:00,184.0,43.0,0.0,46.0,36.0,False
baseline,2026-09-15,越前大野駅,kajiso_vio,09:00:00,True,,2+0+平日+2,2,1_1,1,09:15:00,25_0,17,09:38:00,09:43:00,10:28:00,2+0+毎日+3,2,25_0,17,11:19:00,1_1,24,11:32:00,11:34:00,154.0,13.0,0.0,46.0,36.0,True
baseline,2026-09-15,越前大野駅,kajiso_vio,09:30:00,True,,1+1+毎日+2,1,1_1,24,10:00:00,25_0,32,10:13:00,10:18:00,11:03:00,2+0+毎日+3,2,25_0,17,11:19:00,1_1,24,11:32:00,11:34:00,124.0,28.0,0.0,11.0,26.0,True
baseline,2026-09-15,越前大野駅,kajiso_vio,10:00:00,True,,2+0+毎日+3,2,1_1,1,10:56:00,25_0,17,11:19:00,11:24:00,12:09:00,2+0+平日+4,2,25_0,17,13:23:00,1_1,24,13:36:00,13:38:00,218.0,54.0,0.0,69.0,36.0,False
baseline,2026-09-15,越前大野駅,kajiso_vio,10:30:00,True,,2+0+毎日+3,2,1_1,1,10:56:00,25_0,17,11:19:00,11:24:00,12:09:00,2+0+平日+4,2,25_0,17,13:23:00,1_1,24,13:36:00,13:38:00,188.0,24.0,0.0,69.0,36.0,False
baseline,2026-09-15,越前大野駅,kajiso_vio,11:00:00,True,,1+1+平日+3,1,1_1,24,11:43:00,25_0,32,11:56:00,12:01:00,12:46:00,2+0+平日+4,2,25_0,17,13:23:00,1_1,24,13:36:00,13:38:00,158.0,41.0,0.0,32.0,26.0,True
baseline,2026-09-15,越前大野駅,kajiso_vio,11:30:00,True,,1+1+平日+3,1,1_1,24,11:43:00,25_0,32,11:56:00,12:01:00,12:46:00,2+0+平日+4,2,25_0,17,13:23:00,1_1,24,13:36:00,13:38:00,128.0,11.0,0.0,32.0,26.0,True
baseline,2026-09-15,越前大野駅,kajiso_vio,12:00:00,True,,2+0+平日+4,2,1_1,1,13:00:00,25_0,17,13:23:00,13:28:00,14:13:00,2+0+毎日+5,2,25_0,17,15:48:00,1_1,24,16:01:00,16:03:00,243.0,58.0,0.0,90.0,36.0,False
baseline,2026-09-15,越前大野駅,kajiso_vio,12:30:00,True,,2+0+平日+4,2,1_1,1,13:00:00,25_0,17,13:23:00,13:28:00,14:13:00,2+0+毎日+5,2,25_0,17,15:48:00,1_1,24,16:01:00,16:03:00,213.0,28.0,0.0,90.0,36.0,False
baseline,2026-09-15,越前大野駅,kajiso_vio,13:00:00,True,,1+1+毎日+4,1,1_1,1,13:05:00,25_0,32,14:03:00,14:08:00,14:53:00,2+0+毎日+5,2,25_0,17,15:48:00,1_1,24,16:01:00,16:03:00,183.0,3.0,0.0,50.0,71.0,False
baseline,2026-09-15,越前大野駅,kajiso_vio,13:30:00,True,,1+1+毎日+4,1,1_1,24,13:50:00,25_0,32,14:03:00,14:08:00,14:53:00,2+0+毎日+5,2,25_0,17,15:48:00,1_1,24,16:01:00,16:03:00,153.0,18.0,0.0,50.0,26.0,True
baseline,2026-09-15,越前大野駅,kajiso_vio,14:00:00,False,no_return_by_deadline,,,,,,,,,,,,,,,,,,,,,,,,,False
baseline,2026-09-15,越前大野駅,kajiso_vio,14:30:00,False,no_return_by_deadline,,,,,,,,,,,,,,,,,,,,,,,,,False
baseline,2026-09-15,越前大野駅,kajiso_vio,15:00:00,False,no_return_by_deadline,,,,,,,,,,,,,,,,,,,,,,,,,False
baseline,2026-09-15,越前大野駅,kajiso_vio,15:30:00,False,no_return_by_deadline,,,,,,,,,,,,,,,,,,,,,,,,,False
baseline,2026-09-15,越前大野駅,kajiso_vio,16:00:00,False,no_return_by_deadline,,,,,,,,,,,,,,,,,,,,,,,,,False
baseline,2026-09-15,結ステーション,kajiso_libre,08:00:00,True,,1+1+毎日+2,1,6_0,6,09:30:00,21_1,21,09:50:00,09:55:00,10:40:00,1+1+平日+3,1,21_1,21,11:28:00,6_0,29,11:47:00,11:49:00,229.0,88.0,0.0,43.0,39.0,False
baseline,2026-09-15,結ステーション,kajiso_libre,08:30:00,True,,1+1+毎日+2,1,6_0,6,09:30:00,21_1,21,09:50:00,09:55:00,10:40:00,1+1+平日+3,1,21_1,21,11:28:00,6_0,29,11:47:00,11:49:00,199.0,58.0,0.0,43.0,39.0,False
baseline,2026-09-15,結ステーション,kajiso_libre,09:00:00,True,,1+1+毎日+2,1,6_0,6,09:30:00,21_1,21,09:50:00,09:55:00,10:40:00,1+1+平日+3,1,21_1,21,11:28:00,6_0,29,11:47:00,11:49:00,169.0,28.0,0.0,43.0,39.0,True
baseline,2026-09-15,結ステーション,kajiso_libre,09:30:00,True,,2+0+平日+2,2,6_0,20,09:47:00,21_2,28,09:58:00,10:03:00,10:48:00,1+1+平日+3,1,21_1,21,11:28:00,6_0,29,11:47:00,11:49:00,139.0,15.0,0.0,35.0,30.0,True
baseline,2026-09-15,結ステーション,kajiso_libre,10:00:00,True,,1+1+平日+3,1,6_0,6,11:08:00,21_1,21,11:28:00,11:33:00,12:18:00,1+1+毎日+4,1,21_1,21,13:32:00,6_0,29,13:54:00,13:56:00,236.0,66.0,0.0,69.0,42.0,False
baseline,2026-09-15,結ステーション,kajiso_libre,10:30:00,True,,1+1+平日+3,1,6_0,6,11:08:00,21_1,21,11:28:00,11:33:00,12:18:00,1+1+毎日+4,1,21_1,21,13:32:00,6_0,29,13:54:00,13:56:00,206.0,36.0,0.0,69.0,42.0,False
baseline,2026-09-15,結ステーション,kajiso_libre,11:00:00,True,,1+1+平日+3,1,6_0,6,11:08:00,21_1,21,11:28:00,11:33:00,12:18:00,1+1+毎日+4,1,21_1,21,13:32:00,6_0,29,13:54:00,13:56:00,176.0,6.0,0.0,69.0,42.0,True
baseline,2026-09-15,結ステーション,kajiso_libre,11:30:00,True,,1+1+毎日+4,1,6_0,6,13:12:00,21_1,21,13:32:00,13:37:00,14:22:00,1+1+平日+5,1,21_1,21,16:02:00,6_0,29,16:13:00,16:15:00,285.0,100.0,0.0,95.0,31.0,False
baseline,2026-09-15,結ステーション,kajiso_libre,12:00:00,True,,1+1+毎日+4,1,6_0,6,13:12:00,21_1,21,13:32:00,13:37:00,14:22:00,1+1+平日+5,1,21_1,21,16:02:00,6_0,29,16:13:00,16:15:00,255.0,70.0,0.0,95.0,31.0,False
baseline,2026-09-15,結ステーション,kajiso_libre,12:30:00,True,,1+1+毎日+4,1,6_0,6,13:12:00,21_1,21,13:32:00,13:37:00,14:22:00,1+1+平日+5,1,21_1,21,16:02:00,6_0,29,16:13:00,16:15:00,225.0,40.0,0.0,95.0,31.0,False
baseline,2026-09-15,結ステーション,kajiso_libre,13:00:00,True,,1+1+毎日+4,1,6_0,6,13:12:00,21_1,21,13:32:00,13:37:00,14:22:00,1+1+平日+5,1,21_1,21,16:02:00,6_0,29,16:13:00,16:15:00,195.0,10.0,0.0,95.0,31.0,False
baseline,2026-09-15,結ステーション,kajiso_libre,13:30:00,False,no_return_by_deadline,,,,,,,,,,,,,,,,,,,,,,,,,False
baseline,2026-09-15,結ステーション,kajiso_libre,14:00:00,False,no_return_by_deadline,,,,,,,,,,,,,,,,,,,,,,,,,False
baseline,2026-09-15,結ステーション,kajiso_libre,14:30:00,False,no_return_by_deadline,,,,,,,,,,,,,,,,,,,,,,,,,False
baseline,2026-09-15,結ステーション,kajiso_libre,15:00:00,False,no_return_by_deadline,,,,,,,,,,,,,,,,,,,,,,,,,False
baseline,2026-09-15,結ステーション,kajiso_libre,15:30:00,False,no_return_by_deadline,,,,,,,,,,,,,,,,,,,,,,,,,False
baseline,2026-09-15,結ステーション,kajiso_libre,16:00:00,False,no_outbound_bus,,,,,,,,,,,,,,,,,,,,,,,,,False
baseline,2026-09-15,結ステーション,kajiso_vio,08:00:00,True,,1+1+毎日+2,1,6_0,6,09:30:00,25_0,32,10:13:00,10:18:00,11:03:00,2+0+毎日+3,2,25_0,17,11:19:00,6_0,20,11:28:00,11:30:00,210.0,88.0,0.0,11.0,52.0,False
baseline,2026-09-15,結ステーション,kajiso_vio,08:30:00,True,,1+1+毎日+2,1,6_0,6,09:30:00,25_0,32,10:13:00,10:18:00,11:03:00,2+0+毎日+3,2,25_0,17,11:19:00,6_0,20,11:28:00,11:30:00,180.0,58.0,0.0,11.0,52.0,True
baseline,2026-09-15,結ステーション,kajiso_vio,09:00:00,True,,1+1+毎日+2,1,6_0,6,09:30:00,25_0,32,10:13:00,10:18:00,11:03:00,2+0+毎日+3,2,25_0,17,11:19:00,6_0,20,11:28:00,11:30:00,150.0,28.0,0.0,11.0,52.0,True
baseline,2026-09-15,結ステーション,kajiso_vio,09:30:00,True,,1+1+毎日+2,1,6_0,29,10:04:00,25_0,32,10:13:00,10:18:00,11:03:00,2+0+毎日+3,2,25_0,17,11:19:00,6_0,20,11:28:00,11:30:00,120.0,32.0,0.0,11.0,18.0,True
baseline,2026-09-15,結ステーション,kajiso_vio,10:00:00,True,,1+1+毎日+2,1,6_0,29,10:04:00,25_0,32,10:13:00,10:18:00,11:03:00,2+0+毎日+3,2,25_0,17,11:19:00,6_0,20,11:28:00,11:30:00,90.0,2.0,0.0,11.0,18.0,True
baseline,2026-09-15,結ステーション,kajiso_vio,10:30:00,True,,1+1+平日+3,1,6_0,6,11:08:00,25_0,32,11:56:00,12:01:00,12:46:00,2+0+平日+4,2,25_0,17,13:23:00,6_0,20,13:32:00,13:34:00,184.0,36.0,0.0,32.0,57.0,False
baseline,2026-09-15,結ステーション,kajiso_vio,11:00:00,True,,1+1+平日+3,1,6_0,6,11:08:00,25_0,32,11:56:00,12:01:00,12:46:00,2+0+平日+4,2,25_0,17,13:23:00,6_0,20,13:32:00,13:34:00,154.0,6.0,0.0,32.0,57.0,True
baseline,2026-09-15,結ステーション,kajiso_vio,11:30:00,True,,1+1+平日+3,1,6_0,29,11:47:00,25_0,32,11:56:00,12:01:00,12:46:00,2+0+平日+4,2,25_0,17,13:23:00,6_0,20,13:32:00,13:34:00,124.0,15.0,0.0,32.0,18.0,True
baseline,2026-09-15,結ステーション,kajiso_vio,12:00:00,True,,1+1+毎日+4,1,6_0,6,13:12:00,25_0,32,14:03:00,14:08:00,14:53:00,2+0+毎日+5,2,25_0,17,15:48:00,6_0,20,15:57:00,15:59:00,239.0,70.0,0.0,50.0,60.0,False
baseline,2026-09-15,結ステーション,kajiso_vio,12:30:00,True,,1+1+毎日+4,1,6_0,6,13:12:00,25_0,32,14:03:00,14:08:00,14:53:00,2+0+毎日+5,2,25_0,17,15:48:00,6_0,20,15:57:00,15:59:00,209.0,40.0,0.0,50.0,60.0,False
baseline,2026-09-15,結ステーション,kajiso_vio,13:00:00,True,,1+1+毎日+4,1,6_0,6,13:12:00,25_0,32,14:03:00,14:08:00,14:53:00,2+0+毎日+5,2,25_0,17,15:48:00,6_0,20,15:57:00,15:59:00,179.0,10.0,0.0,50.0,60.0,True
baseline,2026-09-15,結ステーション,kajiso_vio,13:30:00,True,,1+1+毎日+4,1,6_0,29,13:54:00,25_0,32,14:03:00,14:08:00,14:53:00,2+0+毎日+5,2,25_0,17,15:48:00,6_0,20,15:57:00,15:59:00,149.0,22.0,0.0,50.0,18.0,True
baseline,2026-09-15,結ステーション,kajiso_vio,14:00:00,False,no_return_by_deadline,,,,,,,,,,,,,,,,,,,,,,,,,False
baseline,2026-09-15,結ステーション,kajiso_vio,14:30:00,False,no_return_by_deadline,,,,,,,,,,,,,,,,,,,,,,,,,False
baseline,2026-09-15,結ステーション,kajiso_vio,15:00:00,False,no_return_by_deadline,,,,,,,,,,,,,,,,,,,,,,,,,False
baseline,2026-09-15,結ステーション,kajiso_vio,15:30:00,False,no_return_by_deadline,,,,,,,,,,,,,,,,,,,,,,,,,False
baseline,2026-09-15,結ステーション,kajiso_vio,16:00:00,False,no_return_by_deadline,,,,,,,,,,,,,,,,,,,,,,,,,False
baseline,2026-09-15,下庄小学校,kajiso_libre,08:00:00,True,,1+1+毎日+2,1,9_1,9,09:33:00,21_1,21,09:50:00,09:55:00,10:40:00,2+0+毎日+3,2,21_2,28,11:47:00,9_2,40,12:02:00,12:04:00,244.0,91.0,0.0,62.0,32.0,False
baseline,2026-09-15,下庄小学校,kajiso_libre,08:30:00,True,,1+1+毎日+2,1,9_1,9,09:33:00,21_1,21,09:50:00,09:55:00,10:40:00,2+0+毎日+3,2,21_2,28,11:47:00,9_2,40,12:02:00,12:04:00,214.0,61.0,0.0,62.0,32.0,False
baseline,2026-09-15,下庄小学校,kajiso_libre,09:00:00,True,,1+1+毎日+2,1,9_1,9,09:33:00,21_1,21,09:50:00,09:55:00,10:40:00,2+0+毎日+3,2,21_2,28,11:47:00,9_2,40,12:02:00,12:04:00,184.0,31.0,0.0,62.0,32.0,False
baseline,2026-09-15,下庄小学校,kajiso_libre,09:30:00,True,,1+1+平日+3,1,9_1,9,11:11:00,21_1,21,11:28:00,11:33:00,12:18:00,2+0+平日+4,2,21_2,28,13:54:00,9_2,40,14:09:00,14:11:00,281.0,99.0,0.0,91.0,32.0,False
baseline,2026-09-15,下庄小学校,kajiso_libre,10:00:00,True,,1+1+平日+3,1,9_1,9,11:11:00,21_1,21,11:28:00,11:33:00,12:18:00,2+0+平日+4,2,21_2,28,13:54:00,9_2,40,14:09:00,14:11:00,251.0,69.0,0.0,91.0,32.0,False
baseline,2026-09-15,下庄小学校,kajiso_libre,10:30:00,True,,1+1+平日+3,1,9_1,9,11:11:00,21_1,21,11:28:00,11:33:00,12:18:00,2+0+平日+4,2,21_2,28,13:54:00,9_2,40,14:09:00,14:11:00,221.0,39.0,0.0,91.0,32.0,False
baseline,2026-09-15,下庄小学校,kajiso_libre,11:00:00,True,,1+1+平日+3,1,9_1,9,11:11:00,21_1,21,11:28:00,11:33:00,12:18:00,2+0+平日+4,2,21_2,28,13:54:00,9_2,40,14:09:00,14:11:00,191.0,9.0,0.0,91.0,32.0,False
baseline,2026-09-15,下庄小学校,kajiso_libre,11:30:00,True,,1+1+毎日+4,1,9_1,9,13:15:00,21_1,21,13:32:00,13:37:00,14:22:00,2+0+毎日+5,2,21_2,28,16:08:00,9_2,40,16:23:00,16:25:00,295.0,103.0,0.0,101.0,32.0,False
baseline,2026-09-15,下庄小学校,kajiso_libre,12:00:00,True,,1+1+毎日+4,1,9_1,9,13:15:00,21_1,21,13:32:00,13:37:00,14:22:00,2+0+毎日+5,2,21_2,28,16:08:00,9_2,40,16:23:00,16:25:00,265.0,73.0,0.0,101.0,32.0,False
baseline,2026-09-15,下庄小学校,kajiso_libre,12:30:00,True,,1+1+毎日+4,1,9_1,9,13:15:00,21_1,21,13:32:00,13:37:00,14:22:00,2+0+毎日+5,2,21_2,28,16:08:00,9_2,40,16:23:00,16:25:00,235.0,43.0,0.0,101.0,32.0,False
baseline,2026-09-15,下庄小学校,kajiso_libre,13:00:00,True,,1+1+毎日+4,1,9_1,9,13:15:00,21_1,21,13:32:00,13:37:00,14:22:00,2+0+毎日+5,2,21_2,28,16:08:00,9_2,40,16:23:00,16:25:00,205.0,13.0,0.0,101.0,32.0,False
baseline,2026-09-15,下庄小学校,kajiso_libre,13:30:00,False,no_return_by_deadline,,,,,,,,,,,,,,,,,,,,,,,,,False
baseline,2026-09-15,下庄小学校,kajiso_libre,14:00:00,False,no_return_by_deadline,,,,,,,,,,,,,,,,,,,,,,,,,False
baseline,2026-09-15,下庄小学校,kajiso_libre,14:30:00,False,no_return_by_deadline,,,,,,,,,,,,,,,,,,,,,,,,,False
baseline,2026-09-15,下庄小学校,kajiso_libre,15:00:00,False,no_return_by_deadline,,,,,,,,,,,,,,,,,,,,,,,,,False
baseline,2026-09-15,下庄小学校,kajiso_libre,15:30:00,False,no_return_by_deadline,,,,,,,,,,,,,,,,,,,,,,,,,False
baseline,2026-09-15,下庄小学校,kajiso_libre,16:00:00,False,no_outbound_bus,,,,,,,,,,,,,,,,,,,,,,,,,False
baseline,2026-09-15,下庄小学校,kajiso_vio,08:00:00,True,,1+1+毎日+2,1,9_1,9,09:33:00,25_0,32,10:13:00,10:18:00,11:03:00,2+0+毎日+3,2,25_0,17,11:19:00,9_2,40,12:02:00,12:04:00,244.0,91.0,0.0,11.0,83.0,False
baseline,2026-09-15,下庄小学校,kajiso_vio,08:30:00,True,,1+1+毎日+2,1,9_1,9,09:33:00,25_0,32,10:13:00,10:18:00,11:03:00,2+0+毎日+3,2,25_0,17,11:19:00,9_2,40,12:02:00,12:04:00,214.0,61.0,0.0,11.0,83.0,False
baseline,2026-09-15,下庄小学校,kajiso_vio,09:00:00,True,,1+1+毎日+2,1,9_1,9,09:33:00,25_0,32,10:13:00,10:18:00,11:03:00,2+0+毎日+3,2,25_0,17,11:19:00,9_2,40,12:02:00,12:04:00,184.0,31.0,0.0,11.0,83.0,False
baseline,2026-09-15,下庄小学校,kajiso_vio,09:30:00,True,,1+1+平日+3,1,9_1,9,11:11:00,25_0,32,11:56:00,12:01:00,12:46:00,2+0+平日+4,2,25_0,17,13:23:00,9_2,40,14:09:00,14:11:00,281.0,99.0,0.0,32.0,91.0,False
baseline,2026-09-15,下庄小学校,kajiso_vio,10:00:00,True,,1+1+平日+3,1,9_1,9,11:11:00,25_0,32,11:56:00,12:01:00,12:46:00,2+0+平日+4,2,25_0,17,13:23:00,9_2,40,14:09:00,14:11:00,251.0,69.0,0.0,32.0,91.0,False
baseline,2026-09-15,下庄小学校,kajiso_vio,10:30:00,True,,1+1+平日+3,1,9_1,9,11:11:00,25_0,32,11:56:00,12:01:00,12:46:00,2+0+平日+4,2,25_0,17,13:23:00,9_2,40,14:09:00,14:11:00,221.0,39.0,0.0,32.0,91.0,False
baseline,2026-09-15,下庄小学校,kajiso_vio,11:00:00,True,,1+1+平日+3,1,9_1,9,11:11:00,25_0,32,11:56:00,12:01:00,12:46:00,2+0+平日+4,2,25_0,17,13:23:00,9_2,40,14:09:00,14:11:00,191.0,9.0,0.0,32.0,91.0,False
baseline,2026-09-15,下庄小学校,kajiso_vio,11:30:00,True,,1+1+毎日+4,1,9_1,9,13:15:00,25_0,32,14:03:00,14:08:00,14:53:00,2+0+毎日+5,2,25_0,17,15:48:00,9_2,40,16:23:00,16:25:00,295.0,103.0,0.0,50.0,83.0,False
baseline,2026-09-15,下庄小学校,kajiso_vio,12:00:00,True,,1+1+毎日+4,1,9_1,9,13:15:00,25_0,32,14:03:00,14:08:00,14:53:00,2+0+毎日+5,2,25_0,17,15:48:00,9_2,40,16:23:00,16:25:00,265.0,73.0,0.0,50.0,83.0,False
baseline,2026-09-15,下庄小学校,kajiso_vio,12:30:00,True,,1+1+毎日+4,1,9_1,9,13:15:00,25_0,32,14:03:00,14:08:00,14:53:00,2+0+毎日+5,2,25_0,17,15:48:00,9_2,40,16:23:00,16:25:00,235.0,43.0,0.0,50.0,83.0,False
baseline,2026-09-15,下庄小学校,kajiso_vio,13:00:00,True,,1+1+毎日+4,1,9_1,9,13:15:00,25_0,32,14:03:00,14:08:00,14:53:00,2+0+毎日+5,2,25_0,17,15:48:00,9_2,40,16:23:00,16:25:00,205.0,13.0,0.0,50.0,83.0,False
baseline,2026-09-15,下庄小学校,kajiso_vio,13:30:00,False,no_return_by_deadline,,,,,,,,,,,,,,,,,,,,,,,,,False
baseline,2026-09-15,下庄小学校,kajiso_vio,14:00:00,False,no_return_by_deadline,,,,,,,,,,,,,,,,,,,,,,,,,False
baseline,2026-09-15,下庄小学校,kajiso_vio,14:30:00,False,no_return_by_deadline,,,,,,,,,,,,,,,,,,,,,,,,,False
baseline,2026-09-15,下庄小学校,kajiso_vio,15:00:00,False,no_return_by_deadline,,,,,,,,,,,,,,,,,,,,,,,,,False
baseline,2026-09-15,下庄小学校,kajiso_vio,15:30:00,False,no_return_by_deadline,,,,,,,,,,,,,,,,,,,,,,,,,False
baseline,2026-09-15,下庄小学校,kajiso_vio,16:00:00,False,no_outbound_bus,,,,,,,,,,,,,,,,,,,,,,,,,False
baseline,2026-09-15,青少年教育センター,kajiso_libre,08:00:00,True,,1+1+毎日+2,1,14_1,14,09:40:00,21_1,21,09:50:00,09:55:00,10:40:00,2+0+毎日+3,2,21_2,28,11:47:00,14_2,35,11:55:00,11:57:00,237.0,98.0,0.0,62.0,18.0,False
baseline,2026-09-15,青少年教育センター,kajiso_libre,08:30:00,True,,1+1+毎日+2,1,14_1,14,09:40:00,21_1,21,09:50:00,09:55:00,10:40:00,2+0+毎日+3,2,21_2,28,11:47:00,14_2,35,11:55:00,11:57:00,207.0,68.0,0.0,62.0,18.0,False
baseline,2026-09-15,青少年教育センター,kajiso_libre,09:00:00,True,,1+1+毎日+2,1,14_1,14,09:40:00,21_1,21,09:50:00,09:55:00,10:40:00,2+0+毎日+3,2,21_2,28,11:47:00,14_2,35,11:55:00,11:57:00,177.0,38.0,0.0,62.0,18.0,True
baseline,2026-09-15,青少年教育センター,kajiso_libre,09:30:00,True,,1+1+毎日+2,1,14_1,14,09:40:00,21_1,21,09:50:00,09:55:00,10:40:00,2+0+毎日+3,2,21_2,28,11:47:00,14_2,35,11:55:00,11:57:00,147.0,8.0,0.0,62.0,18.0,True
baseline,2026-09-15,青少年教育センター,kajiso_libre,10:00:00,True,,1+1+平日+3,1,14_1,14,11:18:00,21_1,21,11:28:00,11:33:00,12:18:00,2+0+平日+4,2,21_2,28,13:54:00,14_2,35,14:02:00,14:04:00,244.0,76.0,0.0,91.0,18.0,False
baseline,2026-09-15,青少年教育センター,kajiso_libre,10:30:00,True,,1+1+平日+3,1,14_1,14,11:18:00,21_1,21,11:28:00,11:33:00,12:18:00,2+0+平日+4,2,21_2,28,13:54:00,14_2,35,14:02:00,14:04:00,214.0,46.0,0.0,91.0,18.0,False
baseline,2026-09-15,青少年教育センター,kajiso_libre,11:00:00,True,,1+1+平日+3,1,14_1,14,11:18:00,21_1,21,11:28:00,11:33:00,12:18:00,2+0+平日+4,2,21_2,28,13:54:00,14_2,35,14:02:00,14:04:00,184.0,16.0,0.0,91.0,18.0,False
baseline,2026-09-15,青少年教育センター,kajiso_libre,11:30:00,True,,1+1+毎日+4,1,14_1,14,13:22:00,21_1,21,13:32:00,13:37:00,14:22:00,2+0+毎日+5,2,21_2,28,16:08:00,14_2,35,16:16:00,16:18:00,288.0,110.0,0.0,101.0,18.0,False
baseline,2026-09-15,青少年教育センター,kajiso_libre,12:00:00,True,,1+1+毎日+4,1,14_1,14,13:22:00,21_1,21,13:32:00,13:37:00,14:22:00,2+0+毎日+5,2,21_2,28,16:08:00,14_2,35,16:16:00,16:18:00,258.0,80.0,0.0,101.0,18.0,False
baseline,2026-09-15,青少年教育センター,kajiso_libre,12:30:00,True,,1+1+毎日+4,1,14_1,14,13:22:00,21_1,21,13:32:00,13:37:00,14:22:00,2+0+毎日+5,2,21_2,28,16:08:00,14_2,35,16:16:00,16:18:00,228.0,50.0,0.0,101.0,18.0,False
baseline,2026-09-15,青少年教育センター,kajiso_libre,13:00:00,True,,1+1+毎日+4,1,14_1,14,13:22:00,21_1,21,13:32:00,13:37:00,14:22:00,2+0+毎日+5,2,21_2,28,16:08:00,14_2,35,16:16:00,16:18:00,198.0,20.0,0.0,101.0,18.0,False
baseline,2026-09-15,青少年教育センター,kajiso_libre,13:30:00,False,no_return_by_deadline,,,,,,,,,,,,,,,,,,,,,,,,,False
baseline,2026-09-15,青少年教育センター,kajiso_libre,14:00:00,False,no_return_by_deadline,,,,,,,,,,,,,,,,,,,,,,,,,False
baseline,2026-09-15,青少年教育センター,kajiso_libre,14:30:00,False,no_return_by_deadline,,,,,,,,,,,,,,,,,,,,,,,,,False
baseline,2026-09-15,青少年教育センター,kajiso_libre,15:00:00,False,no_return_by_deadline,,,,,,,,,,,,,,,,,,,,,,,,,False
baseline,2026-09-15,青少年教育センター,kajiso_libre,15:30:00,False,no_return_by_deadline,,,,,,,,,,,,,,,,,,,,,,,,,False
baseline,2026-09-15,青少年教育センター,kajiso_libre,16:00:00,False,no_outbound_bus,,,,,,,,,,,,,,,,,,,,,,,,,False
baseline,2026-09-15,青少年教育センター,kajiso_vio,08:00:00,True,,1+1+毎日+2,1,14_1,14,09:40:00,25_0,32,10:13:00,10:18:00,11:03:00,2+0+毎日+3,2,25_0,17,11:19:00,14_2,35,11:55:00,11:57:00,237.0,98.0,0.0,11.0,69.0,False
baseline,2026-09-15,青少年教育センター,kajiso_vio,08:30:00,True,,1+1+毎日+2,1,14_1,14,09:40:00,25_0,32,10:13:00,10:18:00,11:03:00,2+0+毎日+3,2,25_0,17,11:19:00,14_2,35,11:55:00,11:57:00,207.0,68.0,0.0,11.0,69.0,False
baseline,2026-09-15,青少年教育センター,kajiso_vio,09:00:00,True,,1+1+毎日+2,1,14_1,14,09:40:00,25_0,32,10:13:00,10:18:00,11:03:00,2+0+毎日+3,2,25_0,17,11:19:00,14_2,35,11:55:00,11:57:00,177.0,38.0,0.0,11.0,69.0,True
baseline,2026-09-15,青少年教育センター,kajiso_vio,09:30:00,True,,1+1+毎日+2,1,14_1,14,09:40:00,25_0,32,10:13:00,10:18:00,11:03:00,2+0+毎日+3,2,25_0,17,11:19:00,14_2,35,11:55:00,11:57:00,147.0,8.0,0.0,11.0,69.0,True
baseline,2026-09-15,青少年教育センター,kajiso_vio,10:00:00,True,,1+1+平日+3,1,14_1,14,11:18:00,25_0,32,11:56:00,12:01:00,12:46:00,2+0+平日+4,2,25_0,17,13:23:00,14_2,35,14:02:00,14:04:00,244.0,76.0,0.0,32.0,77.0,False
baseline,2026-09-15,青少年教育センター,kajiso_vio,10:30:00,True,,1+1+平日+3,1,14_1,14,11:18:00,25_0,32,11:56:00,12:01:00,12:46:00,2+0+平日+4,2,25_0,17,13:23:00,14_2,35,14:02:00,14:04:00,214.0,46.0,0.0,32.0,77.0,False
baseline,2026-09-15,青少年教育センター,kajiso_vio,11:00:00,True,,1+1+平日+3,1,14_1,14,11:18:00,25_0,32,11:56:00,12:01:00,12:46:00,2+0+平日+4,2,25_0,17,13:23:00,14_2,35,14:02:00,14:04:00,184.0,16.0,0.0,32.0,77.0,False
baseline,2026-09-15,青少年教育センター,kajiso_vio,11:30:00,True,,1+1+毎日+4,1,14_1,14,13:22:00,25_0,32,14:03:00,14:08:00,14:53:00,2+0+毎日+5,2,25_0,17,15:48:00,14_2,35,16:16:00,16:18:00,288.0,110.0,0.0,50.0,69.0,False
baseline,2026-09-15,青少年教育センター,kajiso_vio,12:00:00,True,,1+1+毎日+4,1,14_1,14,13:22:00,25_0,32,14:03:00,14:08:00,14:53:00,2+0+毎日+5,2,25_0,17,15:48:00,14_2,35,16:16:00,16:18:00,258.0,80.0,0.0,50.0,69.0,False
baseline,2026-09-15,青少年教育センター,kajiso_vio,12:30:00,True,,1+1+毎日+4,1,14_1,14,13:22:00,25_0,32,14:03:00,14:08:00,14:53:00,2+0+毎日+5,2,25_0,17,15:48:00,14_2,35,16:16:00,16:18:00,228.0,50.0,0.0,50.0,69.0,False
baseline,2026-09-15,青少年教育センター,kajiso_vio,13:00:00,True,,1+1+毎日+4,1,14_1,14,13:22:00,25_0,32,14:03:00,14:08:00,14:53:00,2+0+毎日+5,2,25_0,17,15:48:00,14_2,35,16:16:00,16:18:00,198.0,20.0,0.0,50.0,69.0,False
baseline,2026-09-15,青少年教育センター,kajiso_vio,13:30:00,False,no_return_by_deadline,,,,,,,,,,,,,,,,,,,,,,,,,False
baseline,2026-09-15,青少年教育センター,kajiso_vio,14:00:00,False,no_return_by_deadline,,,,,,,,,,,,,,,,,,,,,,,,,False
baseline,2026-09-15,青少年教育センター,kajiso_vio,14:30:00,False,no_return_by_deadline,,,,,,,,,,,,,,,,,,,,,,,,,False
baseline,2026-09-15,青少年教育センター,kajiso_vio,15:00:00,False,no_return_by_deadline,,,,,,,,,,,,,,,,,,,,,,,,,False
baseline,2026-09-15,青少年教育センター,kajiso_vio,15:30:00,False,no_return_by_deadline,,,,,,,,,,,,,,,,,,,,,,,,,False
baseline,2026-09-15,青少年教育センター,kajiso_vio,16:00:00,False,no_outbound_bus,,,,,,,,,,,,,,,,,,,,,,,,,False
baseline,2026-09-15,陽明中学校口,kajiso_libre,08:00:00,True,,1+1+毎日+2,1,17_1,17,09:46:00,21_1,21,09:50:00,09:55:00,10:40:00,2+0+毎日+3,2,21_2,28,11:47:00,17_2,32,11:51:00,11:53:00,233.0,104.0,0.0,62.0,8.0,False
baseline,2026-09-15,陽明中学校口,kajiso_libre,08:30:00,True,,1+1+毎日+2,1,17_1,17,09:46:00,21_1,21,09:50:00,09:55:00,10:40:00,2+0+毎日+3,2,21_2,28,11:47:00,17_2,32,11:51:00,11:53:00,203.0,74.0,0.0,62.0,8.0,False
baseline,2026-09-15,陽明中学校口,kajiso_libre,09:00:00,True,,1+1+毎日+2,1,17_1,17,09:46:00,21_1,21,09:50:00,09:55:00,10:40:00,2+0+毎日+3,2,21_2,28,11:47:00,17_2,32,11:51:00,11:53:00,173.0,44.0,0.0,62.0,8.0,True
baseline,2026-09-15,陽明中学校口,kajiso_libre,09:30:00,True,,1+1+毎日+2,1,17_1,17,09:46:00,21_1,21,09:50:00,09:55:00,10:40:00,2+0+毎日+3,2,21_2,28,11:47:00,17_2,32,11:51:00,11:53:00,143.0,14.0,0.0,62.0,8.0,True
baseline,2026-09-15,陽明中学校口,kajiso_libre,10:00:00,True,,1+1+平日+3,1,17_1,17,11:24:00,21_1,21,11:28:00,11:33:00,12:18:00,2+0+平日+4,2,21_2,28,13:54:00,17_2,32,13:58:00,14:00:00,240.0,82.0,0.0,91.0,8.0,False
baseline,2026-09-15,陽明中学校口,kajiso_libre,10:30:00,True,,1+1+平日+3,1,17_1,17,11:24:00,21_1,21,11:28:00,11:33:00,12:18:00,2+0+平日+4,2,21_2,28,13:54:00,17_2,32,13:58:00,14:00:00,210.0,52.0,0.0,91.0,8.0,False
baseline,2026-09-15,陽明中学校口,kajiso_libre,11:00:00,True,,1+1+平日+3,1,17_1,17,11:24:00,21_1,21,11:28:00,11:33:00,12:18:00,2+0+平日+4,2,21_2,28,13:54:00,17_2,32,13:58:00,14:00:00,180.0,22.0,0.0,91.0,8.0,True
baseline,2026-09-15,陽明中学校口,kajiso_libre,11:30:00,True,,1+1+毎日+4,1,17_1,17,13:28:00,21_1,21,13:32:00,13:37:00,14:22:00,2+0+毎日+5,2,21_2,28,16:08:00,17_2,32,16:12:00,16:14:00,284.0,116.0,0.0,101.0,8.0,False
baseline,2026-09-15,陽明中学校口,kajiso_libre,12:00:00,True,,1+1+毎日+4,1,17_1,17,13:28:00,21_1,21,13:32:00,13:37:00,14:22:00,2+0+毎日+5,2,21_2,28,16:08:00,17_2,32,16:12:00,16:14:00,254.0,86.0,0.0,101.0,8.0,False
baseline,2026-09-15,陽明中学校口,kajiso_libre,12:30:00,True,,1+1+毎日+4,1,17_1,17,13:28:00,21_1,21,13:32:00,13:37:00,14:22:00,2+0+毎日+5,2,21_2,28,16:08:00,17_2,32,16:12:00,16:14:00,224.0,56.0,0.0,101.0,8.0,False
baseline,2026-09-15,陽明中学校口,kajiso_libre,13:00:00,True,,1+1+毎日+4,1,17_1,17,13:28:00,21_1,21,13:32:00,13:37:00,14:22:00,2+0+毎日+5,2,21_2,28,16:08:00,17_2,32,16:12:00,16:14:00,194.0,26.0,0.0,101.0,8.0,False
baseline,2026-09-15,陽明中学校口,kajiso_libre,13:30:00,False,no_return_by_deadline,,,,,,,,,,,,,,,,,,,,,,,,,False
baseline,2026-09-15,陽明中学校口,kajiso_libre,14:00:00,False,no_return_by_deadline,,,,,,,,,,,,,,,,,,,,,,,,,False
baseline,2026-09-15,陽明中学校口,kajiso_libre,14:30:00,False,no_return_by_deadline,,,,,,,,,,,,,,,,,,,,,,,,,False
baseline,2026-09-15,陽明中学校口,kajiso_libre,15:00:00,False,no_return_by_deadline,,,,,,,,,,,,,,,,,,,,,,,,,False
baseline,2026-09-15,陽明中学校口,kajiso_libre,15:30:00,False,no_return_by_deadline,,,,,,,,,,,,,,,,,,,,,,,,,False
baseline,2026-09-15,陽明中学校口,kajiso_libre,16:00:00,False,no_outbound_bus,,,,,,,,,,,,,,,,,,,,,,,,,False
baseline,2026-09-15,陽明中学校口,kajiso_vio,08:00:00,True,,1+1+毎日+2,1,17_1,17,09:46:00,25_0,32,10:13:00,10:18:00,11:03:00,2+0+毎日+3,2,25_0,17,11:19:00,17_2,32,11:51:00,11:53:00,233.0,104.0,0.0,11.0,59.0,False
baseline,2026-09-15,陽明中学校口,kajiso_vio,08:30:00,True,,1+1+毎日+2,1,17_1,17,09:46:00,25_0,32,10:13:00,10:18:00,11:03:00,2+0+毎日+3,2,25_0,17,11:19:00,17_2,32,11:51:00,11:53:00,203.0,74.0,0.0,11.0,59.0,False
baseline,2026-09-15,陽明中学校口,kajiso_vio,09:00:00,True,,1+1+毎日+2,1,17_1,17,09:46:00,25_0,32,10:13:00,10:18:00,11:03:00,2+0+毎日+3,2,25_0,17,11:19:00,17_2,32,11:51:00,11:53:00,173.0,44.0,0.0,11.0,59.0,True
baseline,2026-09-15,陽明中学校口,kajiso_vio,09:30:00,True,,1+1+毎日+2,1,17_1,17,09:46:00,25_0,32,10:13:00,10:18:00,11:03:00,2+0+毎日+3,2,25_0,17,11:19:00,17_2,32,11:51:00,11:53:00,143.0,14.0,0.0,11.0,59.0,True
baseline,2026-09-15,陽明中学校口,kajiso_vio,10:00:00,True,,1+1+平日+3,1,17_1,17,11:24:00,25_0,32,11:56:00,12:01:00,12:46:00,2+0+平日+4,2,25_0,17,13:23:00,17_2,32,13:58:00,14:00:00,240.0,82.0,0.0,32.0,67.0,False
baseline,2026-09-15,陽明中学校口,kajiso_vio,10:30:00,True,,1+1+平日+3,1,17_1,17,11:24:00,25_0,32,11:56:00,12:01:00,12:46:00,2+0+平日+4,2,25_0,17,13:23:00,17_2,32,13:58:00,14:00:00,210.0,52.0,0.0,32.0,67.0,False
baseline,2026-09-15,陽明中学校口,kajiso_vio,11:00:00,True,,1+1+平日+3,1,17_1,17,11:24:00,25_0,32,11:56:00,12:01:00,12:46:00,2+0+平日+4,2,25_0,17,13:23:00,17_2,32,13:58:00,14:00:00,180.0,22.0,0.0,32.0,67.0,True
baseline,2026-09-15,陽明中学校口,kajiso_vio,11:30:00,True,,1+1+毎日+4,1,17_1,17,13:28:00,25_0,32,14:03:00,14:08:00,14:53:00,2+0+毎日+5,2,25_0,17,15:48:00,17_2,32,16:12:00,16:14:00,284.0,116.0,0.0,50.0,59.0,False
baseline,2026-09-15,陽明中学校口,kajiso_vio,12:00:00,True,,1+1+毎日+4,1,17_1,17,13:28:00,25_0,32,14:03:00,14:08:00,14:53:00,2+0+毎日+5,2,25_0,17,15:48:00,17_2,32,16:12:00,16:14:00,254.0,86.0,0.0,50.0,59.0,False
baseline,2026-09-15,陽明中学校口,kajiso_vio,12:30:00,True,,1+1+毎日+4,1,17_1,17,13:28:00,25_0,32,14:03:00,14:08:00,14:53:00,2+0+毎日+5,2,25_0,17,15:48:00,17_2,32,16:12:00,16:14:00,224.0,56.0,0.0,50.0,59.0,False
baseline,2026-09-15,陽明中学校口,kajiso_vio,13:00:00,True,,1+1+毎日+4,1,17_1,17,13:28:00,25_0,32,14:03:00,14:08:00,14:53:00,2+0+毎日+5,2,25_0,17,15:48:00,17_2,32,16:12:00,16:14:00,194.0,26.0,0.0,50.0,59.0,False
baseline,2026-09-15,陽明中学校口,kajiso_vio,13:30:00,False,no_return_by_deadline,,,,,,,,,,,,,,,,,,,,,,,,,False
baseline,2026-09-15,陽明中学校口,kajiso_vio,14:00:00,False,no_return_by_deadline,,,,,,,,,,,,,,,,,,,,,,,,,False
baseline,2026-09-15,陽明中学校口,kajiso_vio,14:30:00,False,no_return_by_deadline,,,,,,,,,,,,,,,,,,,,,,,,,False
baseline,2026-09-15,陽明中学校口,kajiso_vio,15:00:00,False,no_return_by_deadline,,,,,,,,,,,,,,,,,,,,,,,,,False
baseline,2026-09-15,陽明中学校口,kajiso_vio,15:30:00,False,no_return_by_deadline,,,,,,,,,,,,,,,,,,,,,,,,,False
baseline,2026-09-15,陽明中学校口,kajiso_vio,16:00:00,False,no_outbound_bus,,,,,,,,,,,,,,,,,,,,,,,,,False
baseline,2026-09-15,さくら公園,kajiso_libre,08:00:00,True,,1+1+毎日+2,1,19_1,19,09:48:00,21_1,21,09:50:00,09:55:00,10:40:00,2+0+毎日+3,2,21_2,28,11:47:00,19_2,30,11:49:00,11:51:00,231.0,106.0,0.0,62.0,4.0,False
baseline,2026-09-15,さくら公園,kajiso_libre,08:30:00,True,,1+1+毎日+2,1,19_1,19,09:48:00,21_1,21,09:50:00,09:55:00,10:40:00,2+0+毎日+3,2,21_2,28,11:47:00,19_2,30,11:49:00,11:51:00,201.0,76.0,0.0,62.0,4.0,False
baseline,2026-09-15,さくら公園,kajiso_libre,09:00:00,True,,1+1+毎日+2,1,19_1,19,09:48:00,21_1,21,09:50:00,09:55:00,10:40:00,2+0+毎日+3,2,21_2,28,11:47:00,19_2,30,11:49:00,11:51:00,171.0,46.0,0.0,62.0,4.0,True
baseline,2026-09-15,さくら公園,kajiso_libre,09:30:00,True,,1+1+毎日+2,1,19_1,19,09:48:00,21_1,21,09:50:00,09:55:00,10:40:00,2+0+毎日+3,2,21_2,28,11:47:00,19_2,30,11:49:00,11:51:00,141.0,16.0,0.0,62.0,4.0,True
baseline,2026-09-15,さくら公園,kajiso_libre,10:00:00,True,,1+1+平日+3,1,19_1,19,11:26:00,21_1,21,11:28:00,11:33:00,12:18:00,2+0+平日+4,2,21_2,28,13:54:00,19_2,30,13:56:00,13:58:00,238.0,84.0,0.0,91.0,4.0,False
baseline,2026-09-15,さくら公園,kajiso_libre,10:30:00,True,,1+1+平日+3,1,19_1,19,11:26:00,21_1,21,11:28:00,11:33:00,12:18:00,2+0+平日+4,2,21_2,28,13:54:00,19_2,30,13:56:00,13:58:00,208.0,54.0,0.0,91.0,4.0,False
baseline,2026-09-15,さくら公園,kajiso_libre,11:00:00,True,,1+1+平日+3,1,19_1,19,11:26:00,21_1,21,11:28:00,11:33:00,12:18:00,2+0+平日+4,2,21_2,28,13:54:00,19_2,30,13:56:00,13:58:00,178.0,24.0,0.0,91.0,4.0,True
baseline,2026-09-15,さくら公園,kajiso_libre,11:30:00,True,,1+1+毎日+4,1,19_1,19,13:30:00,21_1,21,13:32:00,13:37:00,14:22:00,2+0+毎日+5,2,21_2,28,16:08:00,19_2,30,16:10:00,16:12:00,282.0,118.0,0.0,101.0,4.0,False
baseline,2026-09-15,さくら公園,kajiso_libre,12:00:00,True,,1+1+毎日+4,1,19_1,19,13:30:00,21_1,21,13:32:00,13:37:00,14:22:00,2+0+毎日+5,2,21_2,28,16:08:00,19_2,30,16:10:00,16:12:00,252.0,88.0,0.0,101.0,4.0,False
baseline,2026-09-15,さくら公園,kajiso_libre,12:30:00,True,,1+1+毎日+4,1,19_1,19,13:30:00,21_1,21,13:32:00,13:37:00,14:22:00,2+0+毎日+5,2,21_2,28,16:08:00,19_2,30,16:10:00,16:12:00,222.0,58.0,0.0,101.0,4.0,False
baseline,2026-09-15,さくら公園,kajiso_libre,13:00:00,True,,1+1+毎日+4,1,19_1,19,13:30:00,21_1,21,13:32:00,13:37:00,14:22:00,2+0+毎日+5,2,21_2,28,16:08:00,19_2,30,16:10:00,16:12:00,192.0,28.0,0.0,101.0,4.0,False
baseline,2026-09-15,さくら公園,kajiso_libre,13:30:00,False,no_return_by_deadline,,,,,,,,,,,,,,,,,,,,,,,,,False
baseline,2026-09-15,さくら公園,kajiso_libre,14:00:00,False,no_return_by_deadline,,,,,,,,,,,,,,,,,,,,,,,,,False
baseline,2026-09-15,さくら公園,kajiso_libre,14:30:00,False,no_return_by_deadline,,,,,,,,,,,,,,,,,,,,,,,,,False
baseline,2026-09-15,さくら公園,kajiso_libre,15:00:00,False,no_return_by_deadline,,,,,,,,,,,,,,,,,,,,,,,,,False
baseline,2026-09-15,さくら公園,kajiso_libre,15:30:00,False,no_return_by_deadline,,,,,,,,,,,,,,,,,,,,,,,,,False
baseline,2026-09-15,さくら公園,kajiso_libre,16:00:00,False,no_outbound_bus,,,,,,,,,,,,,,,,,,,,,,,,,False
baseline,2026-09-15,さくら公園,kajiso_vio,08:00:00,True,,1+1+毎日+2,1,19_1,19,09:48:00,25_0,32,10:13:00,10:18:00,11:03:00,2+0+毎日+3,2,25_0,17,11:19:00,19_2,30,11:49:00,11:51:00,231.0,106.0,0.0,11.0,55.0,False
baseline,2026-09-15,さくら公園,kajiso_vio,08:30:00,True,,1+1+毎日+2,1,19_1,19,09:48:00,25_0,32,10:13:00,10:18:00,11:03:00,2+0+毎日+3,2,25_0,17,11:19:00,19_2,30,11:49:00,11:51:00,201.0,76.0,0.0,11.0,55.0,False
baseline,2026-09-15,さくら公園,kajiso_vio,09:00:00,True,,1+1+毎日+2,1,19_1,19,09:48:00,25_0,32,10:13:00,10:18:00,11:03:00,2+0+毎日+3,2,25_0,17,11:19:00,19_2,30,11:49:00,11:51:00,171.0,46.0,0.0,11.0,55.0,True
baseline,2026-09-15,さくら公園,kajiso_vio,09:30:00,True,,1+1+毎日+2,1,19_1,19,09:48:00,25_0,32,10:13:00,10:18:00,11:03:00,2+0+毎日+3,2,25_0,17,11:19:00,19_2,30,11:49:00,11:51:00,141.0,16.0,0.0,11.0,55.0,True
baseline,2026-09-15,さくら公園,kajiso_vio,10:00:00,True,,1+1+平日+3,1,19_1,19,11:26:00,25_0,32,11:56:00,12:01:00,12:46:00,2+0+平日+4,2,25_0,17,13:23:00,19_2,30,13:56:00,13:58:00,238.0,84.0,0.0,32.0,63.0,False
baseline,2026-09-15,さくら公園,kajiso_vio,10:30:00,True,,1+1+平日+3,1,19_1,19,11:26:00,25_0,32,11:56:00,12:01:00,12:46:00,2+0+平日+4,2,25_0,17,13:23:00,19_2,30,13:56:00,13:58:00,208.0,54.0,0.0,32.0,63.0,False
baseline,2026-09-15,さくら公園,kajiso_vio,11:00:00,True,,1+1+平日+3,1,19_1,19,11:26:00,25_0,32,11:56:00,12:01:00,12:46:00,2+0+平日+4,2,25_0,17,13:23:00,19_2,30,13:56:00,13:58:00,178.0,24.0,0.0,32.0,63.0,True
baseline,2026-09-15,さくら公園,kajiso_vio,11:30:00,True,,1+1+毎日+4,1,19_1,19,13:30:00,25_0,32,14:03:00,14:08:00,14:53:00,2+0+毎日+5,2,25_0,17,15:48:00,19_2,30,16:10:00,16:12:00,282.0,118.0,0.0,50.0,55.0,False
baseline,2026-09-15,さくら公園,kajiso_vio,12:00:00,True,,1+1+毎日+4,1,19_1,19,13:30:00,25_0,32,14:03:00,14:08:00,14:53:00,2+0+毎日+5,2,25_0,17,15:48:00,19_2,30,16:10:00,16:12:00,252.0,88.0,0.0,50.0,55.0,False
baseline,2026-09-15,さくら公園,kajiso_vio,12:30:00,True,,1+1+毎日+4,1,19_1,19,13:30:00,25_0,32,14:03:00,14:08:00,14:53:00,2+0+毎日+5,2,25_0,17,15:48:00,19_2,30,16:10:00,16:12:00,222.0,58.0,0.0,50.0,55.0,False
baseline,2026-09-15,さくら公園,kajiso_vio,13:00:00,True,,1+1+毎日+4,1,19_1,19,13:30:00,25_0,32,14:03:00,14:08:00,14:53:00,2+0+毎日+5,2,25_0,17,15:48:00,19_2,30,16:10:00,16:12:00,192.0,28.0,0.0,50.0,55.0,False
baseline,2026-09-15,さくら公園,kajiso_vio,13:30:00,False,no_return_by_deadline,,,,,,,,,,,,,,,,,,,,,,,,,False
baseline,2026-09-15,さくら公園,kajiso_vio,14:00:00,False,no_return_by_deadline,,,,,,,,,,,,,,,,,,,,,,,,,False
baseline,2026-09-15,さくら公園,kajiso_vio,14:30:00,False,no_return_by_deadline,,,,,,,,,,,,,,,,,,,,,,,,,False
baseline,2026-09-15,さくら公園,kajiso_vio,15:00:00,False,no_return_by_deadline,,,,,,,,,,,,,,,,,,,,,,,,,False
baseline,2026-09-15,さくら公園,kajiso_vio,15:30:00,False,no_return_by_deadline,,,,,,,,,,,,,,,,,,,,,,,,,False
baseline,2026-09-15,さくら公園,kajiso_vio,16:00:00,False,no_outbound_bus,,,,,,,,,,,,,,,,,,,,,,,,,False
baseline,2026-09-15,わかくさ,kajiso_libre,08:00:00,True,,2+0+平日+1,2,22_2,27,08:15:00,21_2,28,08:16:00,09:30:00,10:15:00,1+1+平日+3,1,21_1,21,11:28:00,22_1,22,11:29:00,11:31:00,211.0,13.0,69.0,68.0,2.0,False
baseline,2026-09-15,わかくさ,kajiso_libre,08:30:00,True,,2+0+平日+2,2,22_2,27,09:57:00,21_2,28,09:58:00,10:03:00,10:48:00,1+1+平日+3,1,21_1,21,11:28:00,22_1,22,11:29:00,11:31:00,181.0,85.0,0.0,35.0,2.0,False
baseline,2026-09-15,わかくさ,kajiso_libre,09:00:00,True,,2+0+平日+2,2,22_2,27,09:57:00,21_2,28,09:58:00,10:03:00,10:48:00,1+1+平日+3,1,21_1,21,11:28:00,22_1,22,11:29:00,11:31:00,151.0,55.0,0.0,35.0,2.0,True
baseline,2026-09-15,わかくさ,kajiso_libre,09:30:00,True,,2+0+平日+2,2,22_2,27,09:57:00,21_2,28,09:58:00,10:03:00,10:48:00,1+1+平日+3,1,21_1,21,11:28:00,22_1,22,11:29:00,11:31:00,121.0,25.0,0.0,35.0,2.0,True
baseline,2026-09-15,わかくさ,kajiso_libre,10:00:00,True,,2+0+毎日+3,2,22_2,27,11:46:00,21_2,28,11:47:00,11:52:00,12:37:00,1+1+毎日+4,1,21_1,21,13:32:00,22_1,22,13:33:00,13:35:00,215.0,104.0,0.0,50.0,2.0,False
baseline,2026-09-15,わかくさ,kajiso_libre,10:30:00,True,,2+0+毎日+3,2,22_2,27,11:46:00,21_2,28,11:47:00,11:52:00,12:37:00,1+1+毎日+4,1,21_1,21,13:32:00,22_1,22,13:33:00,13:35:00,185.0,74.0,0.0,50.0,2.0,False
baseline,2026-09-15,わかくさ,kajiso_libre,11:00:00,True,,2+0+毎日+3,2,22_2,27,11:46:00,21_2,28,11:47:00,11:52:00,12:37:00,1+1+毎日+4,1,21_1,21,13:32:00,22_1,22,13:33:00,13:35:00,155.0,44.0,0.0,50.0,2.0,True
baseline,2026-09-15,わかくさ,kajiso_libre,11:30:00,True,,2+0+毎日+3,2,22_2,27,11:46:00,21_2,28,11:47:00,11:52:00,12:37:00,1+1+毎日+4,1,21_1,21,13:32:00,22_1,22,13:33:00,13:35:00,125.0,14.0,0.0,50.0,2.0,True
baseline,2026-09-15,わかくさ,kajiso_libre,12:00:00,True,,2+0+平日+4,2,22_2,27,13:53:00,21_2,28,13:54:00,13:59:00,14:44:00,1+1+平日+5,1,21_1,21,16:02:00,22_1,22,16:03:00,16:05:00,245.0,111.0,0.0,73.0,2.0,False
baseline,2026-09-15,わかくさ,kajiso_libre,12:30:00,True,,2+0+平日+4,2,22_2,27,13:53:00,21_2,28,13:54:00,13:59:00,14:44:00,1+1+平日+5,1,21_1,21,16:02:00,22_1,22,16:03:00,16:05:00,215.0,81.0,0.0,73.0,2.0,False
baseline,2026-09-15,わかくさ,kajiso_libre,13:00:00,True,,2+0+平日+4,2,22_2,27,13:53:00,21_2,28,13:54:00,13:59:00,14:44:00,1+1+平日+5,1,21_1,21,16:02:00,22_1,22,16:03:00,16:05:00,185.0,51.0,0.0,73.0,2.0,False
baseline,2026-09-15,わかくさ,kajiso_libre,13:30:00,True,,2+0+平日+4,2,22_2,27,13:53:00,21_2,28,13:54:00,13:59:00,14:44:00,1+1+平日+5,1,21_1,21,16:02:00,22_1,22,16:03:00,16:05:00,155.0,21.0,0.0,73.0,2.0,True
baseline,2026-09-15,わかくさ,kajiso_libre,14:00:00,False,no_return_by_deadline,,,,,,,,,,,,,,,,,,,,,,,,,False
baseline,2026-09-15,わかくさ,kajiso_libre,14:30:00,False,no_return_by_deadline,,,,,,,,,,,,,,,,,,,,,,,,,False
baseline,2026-09-15,わかくさ,kajiso_libre,15:00:00,False,no_return_by_deadline,,,,,,,,,,,,,,,,,,,,,,,,,False
baseline,2026-09-15,わかくさ,kajiso_libre,15:30:00,False,no_return_by_deadline,,,,,,,,,,,,,,,,,,,,,,,,,False
baseline,2026-09-15,わかくさ,kajiso_libre,16:00:00,False,no_return_by_deadline,,,,,,,,,,,,,,,,,,,,,,,,,False
baseline,2026-09-15,わかくさ,kajiso_vio,08:00:00,True,,1+1+毎日+2,1,22_1,22,09:51:00,25_0,32,10:13:00,10:18:00,11:03:00,2+0+毎日+3,2,25_0,17,11:19:00,22_2,27,11:46:00,11:48:00,228.0,109.0,0.0,11.0,49.0,False
baseline,2026-09-15,わかくさ,kajiso_vio,08:30:00,True,,1+1+毎日+2,1,22_1,22,09:51:00,25_0,32,10:13:00,10:18:00,11:03:00,2+0+毎日+3,2,25_0,17,11:19:00,22_2,27,11:46:00,11:48:00,198.0,79.0,0.0,11.0,49.0,False
baseline,2026-09-15,わかくさ,kajiso_vio,09:00:00,True,,1+1+毎日+2,1,22_1,22,09:51:00,25_0,32,10:13:00,10:18:00,11:03:00,2+0+毎日+3,2,25_0,17,11:19:00,22_2,27,11:46:00,11:48:00,168.0,49.0,0.0,11.0,49.0,True
baseline,2026-09-15,わかくさ,kajiso_vio,09:30:00,True,,1+1+毎日+2,1,22_1,22,09:51:00,25_0,32,10:13:00,10:18:00,11:03:00,2+0+毎日+3,2,25_0,17,11:19:00,22_2,27,11:46:00,11:48:00,138.0,19.0,0.0,11.0,49.0,True
baseline,2026-09-15,わかくさ,kajiso_vio,10:00:00,True,,1+1+平日+3,1,22_1,22,11:29:00,25_0,32,11:56:00,12:01:00,12:46:00,2+0+平日+4,2,25_0,17,13:23:00,22_2,27,13:53:00,13:55:00,235.0,87.0,0.0,32.0,57.0,False
baseline,2026-09-15,わかくさ,kajiso_vio,10:30:00,True,,1+1+平日+3,1,22_1,22,11:29:00,25_0,32,11:56:00,12:01:00,12:46:00,2+0+平日+4,2,25_0,17,13:23:00,22_2,27,13:53:00,13:55:00,205.0,57.0,0.0,32.0,57.0,False
baseline,2026-09-15,わかくさ,kajiso_vio,11:00:00,True,,1+1+平日+3,1,22_1,22,11:29:00,25_0,32,11:56:00,12:01:00,12:46:00,2+0+平日+4,2,25_0,17,13:23:00,22_2,27,13:53:00,13:55:00,175.0,27.0,0.0,32.0,57.0,True
baseline,2026-09-15,わかくさ,kajiso_vio,11:30:00,True,,1+1+毎日+4,1,22_1,22,13:33:00,25_0,32,14:03:00,14:08:00,14:53:00,2+0+毎日+5,2,25_0,17,15:48:00,22_2,27,16:07:00,16:09:00,279.0,121.0,0.0,50.0,49.0,False
baseline,2026-09-15,わかくさ,kajiso_vio,12:00:00,True,,1+1+毎日+4,1,22_1,22,13:33:00,25_0,32,14:03:00,14:08:00,14:53:00,2+0+毎日+5,2,25_0,17,15:48:00,22_2,27,16:07:00,16:09:00,249.0,91.0,0.0,50.0,49.0,False
baseline,2026-09-15,わかくさ,kajiso_vio,12:30:00,True,,1+1+毎日+4,1,22_1,22,13:33:00,25_0,32,14:03:00,14:08:00,14:53:00,2+0+毎日+5,2,25_0,17,15:48:00,22_2,27,16:07:00,16:09:00,219.0,61.0,0.0,50.0,49.0,False
baseline,2026-09-15,わかくさ,kajiso_vio,13:00:00,True,,1+1+毎日+4,1,22_1,22,13:33:00,25_0,32,14:03:00,14:08:00,14:53:00,2+0+毎日+5,2,25_0,17,15:48:00,22_2,27,16:07:00,16:09:00,189.0,31.0,0.0,50.0,49.0,False
baseline,2026-09-15,わかくさ,kajiso_vio,13:30:00,False,no_return_by_deadline,,,,,,,,,,,,,,,,,,,,,,,,,False
baseline,2026-09-15,わかくさ,kajiso_vio,14:00:00,False,no_return_by_deadline,,,,,,,,,,,,,,,,,,,,,,,,,False
baseline,2026-09-15,わかくさ,kajiso_vio,14:30:00,False,no_return_by_deadline,,,,,,,,,,,,,,,,,,,,,,,,,False
baseline,2026-09-15,わかくさ,kajiso_vio,15:00:00,False,no_return_by_deadline,,,,,,,,,,,,,,,,,,,,,,,,,False
baseline,2026-09-15,わかくさ,kajiso_vio,15:30:00,False,no_return_by_deadline,,,,,,,,,,,,,,,,,,,,,,,,,False
baseline,2026-09-15,わかくさ,kajiso_vio,16:00:00,False,no_outbound_bus,,,,,,,,,,,,,,,,,,,,,,,,,False
baseline,2026-09-15,篠座,kajiso_libre,08:00:00,True,,2+0+平日+2,2,29_2,13,09:31:00,21_2,28,09:58:00,10:03:00,10:48:00,1+1+平日+3,1,21_1,21,11:28:00,29_1,36,12:04:00,12:06:00,246.0,89.0,0.0,35.0,63.0,False
baseline,2026-09-15,篠座,kajiso_libre,08:30:00,True,,2+0+平日+2,2,29_2,13,09:31:00,21_2,28,09:58:00,10:03:00,10:48:00,1+1+平日+3,1,21_1,21,11:28:00,29_1,36,12:04:00,12:06:00,216.0,59.0,0.0,35.0,63.0,False
baseline,2026-09-15,篠座,kajiso_libre,09:00:00,True,,2+0+平日+2,2,29_2,13,09:31:00,21_2,28,09:58:00,10:03:00,10:48:00,1+1+平日+3,1,21_1,21,11:28:00,29_1,36,12:04:00,12:06:00,186.0,29.0,0.0,35.0,63.0,False
baseline,2026-09-15,篠座,kajiso_libre,09:30:00,True,,2+0+毎日+3,2,29_2,13,11:12:00,21_2,28,11:47:00,11:52:00,12:37:00,1+1+毎日+4,1,21_1,21,13:32:00,29_1,36,14:11:00,14:13:00,283.0,100.0,0.0,50.0,74.0,False
baseline,2026-09-15,篠座,kajiso_libre,10:00:00,True,,2+0+毎日+3,2,29_2,13,11:12:00,21_2,28,11:47:00,11:52:00,12:37:00,1+1+毎日+4,1,21_1,21,13:32:00,29_1,36,14:11:00,14:13:00,253.0,70.0,0.0,50.0,74.0,False
baseline,2026-09-15,篠座,kajiso_libre,10:30:00,True,,2+0+毎日+3,2,29_2,13,11:12:00,21_2,28,11:47:00,11:52:00,12:37:00,1+1+毎日+4,1,21_1,21,13:32:00,29_1,36,14:11:00,14:13:00,223.0,40.0,0.0,50.0,74.0,False
baseline,2026-09-15,篠座,kajiso_libre,11:00:00,True,,2+0+毎日+3,2,29_2,13,11:12:00,21_2,28,11:47:00,11:52:00,12:37:00,1+1+毎日+4,1,21_1,21,13:32:00,29_1,36,14:11:00,14:13:00,193.0,10.0,0.0,50.0,74.0,False
baseline,2026-09-15,篠座,kajiso_libre,11:30:00,True,,2+0+平日+4,2,29_2,13,13:16:00,21_2,28,13:54:00,13:59:00,14:44:00,1+1+平日+5,1,21_1,21,16:02:00,29_1,36,16:30:00,16:32:00,302.0,104.0,0.0,73.0,66.0,False
baseline,2026-09-15,篠座,kajiso_libre,12:00:00,True,,2+0+平日+4,2,29_2,13,13:16:00,21_2,28,13:54:00,13:59:00,14:44:00,1+1+平日+5,1,21_1,21,16:02:00,29_1,36,16:30:00,16:32:00,272.0,74.0,0.0,73.0,66.0,False
baseline,2026-09-15,篠座,kajiso_libre,12:30:00,True,,2+0+平日+4,2,29_2,13,13:16:00,21_2,28,13:54:00,13:59:00,14:44:00,1+1+平日+5,1,21_1,21,16:02:00,29_1,36,16:30:00,16:32:00,242.0,44.0,0.0,73.0,66.0,False
baseline,2026-09-15,篠座,kajiso_libre,13:00:00,True,,2+0+平日+4,2,29_2,13,13:16:00,21_2,28,13:54:00,13:59:00,14:44:00,1+1+平日+5,1,21_1,21,16:02:00,29_1,36,16:30:00,16:32:00,212.0,14.0,0.0,73.0,66.0,False
baseline,2026-09-15,篠座,kajiso_libre,13:30:00,False,no_return_by_deadline,,,,,,,,,,,,,,,,,,,,,,,,,False
baseline,2026-09-15,篠座,kajiso_libre,14:00:00,False,no_return_by_deadline,,,,,,,,,,,,,,,,,,,,,,,,,False
baseline,2026-09-15,篠座,kajiso_libre,14:30:00,False,no_return_by_deadline,,,,,,,,,,,,,,,,,,,,,,,,,False
baseline,2026-09-15,篠座,kajiso_libre,15:00:00,False,no_return_by_deadline,,,,,,,,,,,,,,,,,,,,,,,,,False
baseline,2026-09-15,篠座,kajiso_libre,15:30:00,False,no_return_by_deadline,,,,,,,,,,,,,,,,,,,,,,,,,False
baseline,2026-09-15,篠座,kajiso_libre,16:00:00,False,no_outbound_bus,,,,,,,,,,,,,,,,,,,,,,,,,False
baseline,2026-09-15,篠座,kajiso_vio,08:00:00,True,,2+0+平日+2,2,29_2,13,09:31:00,25_0,17,09:38:00,09:43:00,10:28:00,1+1+平日+3,1,25_0,32,11:56:00,29_1,36,12:04:00,12:06:00,246.0,89.0,0.0,83.0,15.0,False
baseline,2026-09-15,篠座,kajiso_vio,08:30:00,True,,2+0+平日+2,2,29_2,13,09:31:00,25_0,17,09:38:00,09:43:00,10:28:00,1+1+平日+3,1,25_0,32,11:56:00,29_1,36,12:04:00,12:06:00,216.0,59.0,0.0,83.0,15.0,False
baseline,2026-09-15,篠座,kajiso_vio,09:00:00,True,,2+0+平日+2,2,29_2,13,09:31:00,25_0,17,09:38:00,09:43:00,10:28:00,1+1+平日+3,1,25_0,32,11:56:00,29_1,36,12:04:00,12:06:00,186.0,29.0,0.0,83.0,15.0,False
baseline,2026-09-15,篠座,kajiso_vio,09:30:00,True,,2+0+毎日+3,2,29_2,13,11:12:00,25_0,17,11:19:00,11:24:00,12:09:00,1+1+毎日+4,1,25_0,32,14:03:00,29_1,36,14:11:00,14:13:00,283.0,100.0,0.0,109.0,15.0,False
baseline,2026-09-15,篠座,kajiso_vio,10:00:00,True,,2+0+毎日+3,2,29_2,13,11:12:00,25_0,17,11:19:00,11:24:00,12:09:00,1+1+毎日+4,1,25_0,32,14:03:00,29_1,36,14:11:00,14:13:00,253.0,70.0,0.0,109.0,15.0,False
baseline,2026-09-15,篠座,kajiso_vio,10:30:00,True,,2+0+毎日+3,2,29_2,13,11:12:00,25_0,17,11:19:00,11:24:00,12:09:00,1+1+毎日+4,1,25_0,32,14:03:00,29_1,36,14:11:00,14:13:00,223.0,40.0,0.0,109.0,15.0,False
baseline,2026-09-15,篠座,kajiso_vio,11:00:00,True,,2+0+毎日+3,2,29_2,13,11:12:00,25_0,17,11:19:00,11:24:00,12:09:00,1+1+毎日+4,1,25_0,32,14:03:00,29_1,36,14:11:00,14:13:00,193.0,10.0,0.0,109.0,15.0,False
baseline,2026-09-15,篠座,kajiso_vio,11:30:00,True,,2+0+平日+4,2,29_2,13,13:16:00,25_0,17,13:23:00,13:28:00,14:13:00,1+1+平日+5,1,25_0,32,16:22:00,29_1,36,16:30:00,16:32:00,302.0,104.0,0.0,124.0,15.0,False
baseline,2026-09-15,篠座,kajiso_vio,12:00:00,True,,2+0+平日+4,2,29_2,13,13:16:00,25_0,17,13:23:00,13:28:00,14:13:00,1+1+平日+5,1,25_0,32,16:22:00,29_1,36,16:30:00,16:32:00,272.0,74.0,0.0,124.0,15.0,False
baseline,2026-09-15,篠座,kajiso_vio,12:30:00,True,,2+0+平日+4,2,29_2,13,13:16:00,25_0,17,13:23:00,13:28:00,14:13:00,1+1+平日+5,1,25_0,32,16:22:00,29_1,36,16:30:00,16:32:00,242.0,44.0,0.0,124.0,15.0,False
baseline,2026-09-15,篠座,kajiso_vio,13:00:00,True,,2+0+平日+4,2,29_2,13,13:16:00,25_0,17,13:23:00,13:28:00,14:13:00,1+1+平日+5,1,25_0,32,16:22:00,29_1,36,16:30:00,16:32:00,212.0,14.0,0.0,124.0,15.0,False
baseline,2026-09-15,篠座,kajiso_vio,13:30:00,False,no_return_by_deadline,,,,,,,,,,,,,,,,,,,,,,,,,False
baseline,2026-09-15,篠座,kajiso_vio,14:00:00,False,no_return_by_deadline,,,,,,,,,,,,,,,,,,,,,,,,,False
baseline,2026-09-15,篠座,kajiso_vio,14:30:00,False,no_return_by_deadline,,,,,,,,,,,,,,,,,,,,,,,,,False
baseline,2026-09-15,篠座,kajiso_vio,15:00:00,False,no_return_by_deadline,,,,,,,,,,,,,,,,,,,,,,,,,False
baseline,2026-09-15,篠座,kajiso_vio,15:30:00,False,no_return_by_deadline,,,,,,,,,,,,,,,,,,,,,,,,,False
baseline,2026-09-15,篠座,kajiso_vio,16:00:00,False,no_outbound_bus,,,,,,,,,,,,,,,,,,,,,,,,,False
baseline,2026-09-15,いなほこども園,kajiso_libre,08:00:00,True,,2+0+平日+2,2,33_2,9,09:27:00,21_2,28,09:58:00,10:03:00,10:48:00,1+1+平日+3,1,21_1,21,11:28:00,33_1,40,12:08:00,12:10:00,250.0,85.0,0.0,35.0,71.0,False
baseline,2026-09-15,いなほこども園,kajiso_libre,08:30:00,True,,2+0+平日+2,2,33_2,9,09:27:00,21_2,28,09:58:00,10:03:00,10:48:00,1+1+平日+3,1,21_1,21,11:28:00,33_1,40,12:08:00,12:10:00,220.0,55.0,0.0,35.0,71.0,False
baseline,2026-09-15,いなほこども園,kajiso_libre,09:00:00,True,,2+0+平日+2,2,33_2,9,09:27:00,21_2,28,09:58:00,10:03:00,10:48:00,1+1+平日+3,1,21_1,21,11:28:00,33_1,40,12:08:00,12:10:00,190.0,25.0,0.0,35.0,71.0,False
baseline,2026-09-15,いなほこども園,kajiso_libre,09:30:00,True,,2+0+毎日+3,2,33_2,9,11:08:00,21_2,28,11:47:00,11:52:00,12:37:00,1+1+毎日+4,1,21_1,21,13:32:00,33_1,40,14:15:00,14:17:00,287.0,96.0,0.0,50.0,82.0,False
baseline,2026-09-15,いなほこども園,kajiso_libre,10:00:00,True,,2+0+毎日+3,2,33_2,9,11:08:00,21_2,28,11:47:00,11:52:00,12:37:00,1+1+毎日+4,1,21_1,21,13:32:00,33_1,40,14:15:00,14:17:00,257.0,66.0,0.0,50.0,82.0,False
baseline,2026-09-15,いなほこども園,kajiso_libre,10:30:00,True,,2+0+毎日+3,2,33_2,9,11:08:00,21_2,28,11:47:00,11:52:00,12:37:00,1+1+毎日+4,1,21_1,21,13:32:00,33_1,40,14:15:00,14:17:00,227.0,36.0,0.0,50.0,82.0,False
baseline,2026-09-15,いなほこども園,kajiso_libre,11:00:00,True,,2+0+毎日+3,2,33_2,9,11:08:00,21_2,28,11:47:00,11:52:00,12:37:00,1+1+毎日+4,1,21_1,21,13:32:00,33_1,40,14:15:00,14:17:00,197.0,6.0,0.0,50.0,82.0,False
baseline,2026-09-15,いなほこども園,kajiso_libre,11:30:00,True,,2+0+平日+4,2,33_2,9,13:12:00,21_2,28,13:54:00,13:59:00,14:44:00,1+1+平日+5,1,21_1,21,16:02:00,33_1,40,16:34:00,16:36:00,306.0,100.0,0.0,73.0,74.0,False
baseline,2026-09-15,いなほこども園,kajiso_libre,12:00:00,True,,2+0+平日+4,2,33_2,9,13:12:00,21_2,28,13:54:00,13:59:00,14:44:00,1+1+平日+5,1,21_1,21,16:02:00,33_1,40,16:34:00,16:36:00,276.0,70.0,0.0,73.0,74.0,False
baseline,2026-09-15,いなほこども園,kajiso_libre,12:30:00,True,,2+0+平日+4,2,33_2,9,13:12:00,21_2,28,13:54:00,13:59:00,14:44:00,1+1+平日+5,1,21_1,21,16:02:00,33_1,40,16:34:00,16:36:00,246.0,40.0,0.0,73.0,74.0,False
baseline,2026-09-15,いなほこども園,kajiso_libre,13:00:00,True,,2+0+平日+4,2,33_2,9,13:12:00,21_2,28,13:54:00,13:59:00,14:44:00,1+1+平日+5,1,21_1,21,16:02:00,33_1,40,16:34:00,16:36:00,216.0,10.0,0.0,73.0,74.0,False
baseline,2026-09-15,いなほこども園,kajiso_libre,13:30:00,False,no_return_by_deadline,,,,,,,,,,,,,,,,,,,,,,,,,False
baseline,2026-09-15,いなほこども園,kajiso_libre,14:00:00,False,no_return_by_deadline,,,,,,,,,,,,,,,,,,,,,,,,,False
baseline,2026-09-15,いなほこども園,kajiso_libre,14:30:00,False,no_return_by_deadline,,,,,,,,,,,,,,,,,,,,,,,,,False
baseline,2026-09-15,いなほこども園,kajiso_libre,15:00:00,False,no_return_by_deadline,,,,,,,,,,,,,,,,,,,,,,,,,False
baseline,2026-09-15,いなほこども園,kajiso_libre,15:30:00,False,no_return_by_deadline,,,,,,,,,,,,,,,,,,,,,,,,,False
baseline,2026-09-15,いなほこども園,kajiso_libre,16:00:00,False,no_outbound_bus,,,,,,,,,,,,,,,,,,,,,,,,,False
baseline,2026-09-15,いなほこども園,kajiso_vio,08:00:00,True,,2+0+平日+2,2,33_2,9,09:27:00,25_0,17,09:38:00,09:43:00,10:28:00,1+1+平日+3,1,25_0,32,11:56:00,33_1,40,12:08:00,12:10:00,250.0,85.0,0.0,83.0,23.0,False
baseline,2026-09-15,いなほこども園,kajiso_vio,08:30:00,True,,2+0+平日+2,2,33_2,9,09:27:00,25_0,17,09:38:00,09:43:00,10:28:00,1+1+平日+3,1,25_0,32,11:56:00,33_1,40,12:08:00,12:10:00,220.0,55.0,0.0,83.0,23.0,False
baseline,2026-09-15,いなほこども園,kajiso_vio,09:00:00,True,,2+0+平日+2,2,33_2,9,09:27:00,25_0,17,09:38:00,09:43:00,10:28:00,1+1+平日+3,1,25_0,32,11:56:00,33_1,40,12:08:00,12:10:00,190.0,25.0,0.0,83.0,23.0,False
baseline,2026-09-15,いなほこども園,kajiso_vio,09:30:00,True,,2+0+毎日+3,2,33_2,9,11:08:00,25_0,17,11:19:00,11:24:00,12:09:00,1+1+毎日+4,1,25_0,32,14:03:00,33_1,40,14:15:00,14:17:00,287.0,96.0,0.0,109.0,23.0,False
baseline,2026-09-15,いなほこども園,kajiso_vio,10:00:00,True,,2+0+毎日+3,2,33_2,9,11:08:00,25_0,17,11:19:00,11:24:00,12:09:00,1+1+毎日+4,1,25_0,32,14:03:00,33_1,40,14:15:00,14:17:00,257.0,66.0,0.0,109.0,23.0,False
baseline,2026-09-15,いなほこども園,kajiso_vio,10:30:00,True,,2+0+毎日+3,2,33_2,9,11:08:00,25_0,17,11:19:00,11:24:00,12:09:00,1+1+毎日+4,1,25_0,32,14:03:00,33_1,40,14:15:00,14:17:00,227.0,36.0,0.0,109.0,23.0,False
baseline,2026-09-15,いなほこども園,kajiso_vio,11:00:00,True,,2+0+毎日+3,2,33_2,9,11:08:00,25_0,17,11:19:00,11:24:00,12:09:00,1+1+毎日+4,1,25_0,32,14:03:00,33_1,40,14:15:00,14:17:00,197.0,6.0,0.0,109.0,23.0,False
baseline,2026-09-15,いなほこども園,kajiso_vio,11:30:00,True,,2+0+平日+4,2,33_2,9,13:12:00,25_0,17,13:23:00,13:28:00,14:13:00,1+1+平日+5,1,25_0,32,16:22:00,33_1,40,16:34:00,16:36:00,306.0,100.0,0.0,124.0,23.0,False
baseline,2026-09-15,いなほこども園,kajiso_vio,12:00:00,True,,2+0+平日+4,2,33_2,9,13:12:00,25_0,17,13:23:00,13:28:00,14:13:00,1+1+平日+5,1,25_0,32,16:22:00,33_1,40,16:34:00,16:36:00,276.0,70.0,0.0,124.0,23.0,False
baseline,2026-09-15,いなほこども園,kajiso_vio,12:30:00,True,,2+0+平日+4,2,33_2,9,13:12:00,25_0,17,13:23:00,13:28:00,14:13:00,1+1+平日+5,1,25_0,32,16:22:00,33_1,40,16:34:00,16:36:00,246.0,40.0,0.0,124.0,23.0,False
baseline,2026-09-15,いなほこども園,kajiso_vio,13:00:00,True,,2+0+平日+4,2,33_2,9,13:12:00,25_0,17,13:23:00,13:28:00,14:13:00,1+1+平日+5,1,25_0,32,16:22:00,33_1,40,16:34:00,16:36:00,216.0,10.0,0.0,124.0,23.0,False
baseline,2026-09-15,いなほこども園,kajiso_vio,13:30:00,False,no_return_by_deadline,,,,,,,,,,,,,,,,,,,,,,,,,False
baseline,2026-09-15,いなほこども園,kajiso_vio,14:00:00,False,no_return_by_deadline,,,,,,,,,,,,,,,,,,,,,,,,,False
baseline,2026-09-15,いなほこども園,kajiso_vio,14:30:00,False,no_return_by_deadline,,,,,,,,,,,,,,,,,,,,,,,,,False
baseline,2026-09-15,いなほこども園,kajiso_vio,15:00:00,False,no_return_by_deadline,,,,,,,,,,,,,,,,,,,,,,,,,False
baseline,2026-09-15,いなほこども園,kajiso_vio,15:30:00,False,no_return_by_deadline,,,,,,,,,,,,,,,,,,,,,,,,,False
baseline,2026-09-15,いなほこども園,kajiso_vio,16:00:00,False,no_outbound_bus,,,,,,,,,,,,,,,,,,,,,,,,,False
baseline,2026-09-15,童子丸郵便局口,kajiso_libre,08:00:00,True,,2+0+平日+2,2,39_2,3,09:18:00,21_2,28,09:58:00,10:03:00,10:48:00,1+1+平日+3,1,21_1,21,11:28:00,39_1,46,12:16:00,12:18:00,258.0,76.0,0.0,35.0,88.0,False
baseline,2026-09-15,童子丸郵便局口,kajiso_libre,08:30:00,True,,2+0+平日+2,2,39_2,3,09:18:00,21_2,28,09:58:00,10:03:00,10:48:00,1+1+平日+3,1,21_1,21,11:28:00,39_1,46,12:16:00,12:18:00,228.0,46.0,0.0,35.0,88.0,False
baseline,2026-09-15,童子丸郵便局口,kajiso_libre,09:00:00,True,,2+0+平日+2,2,39_2,3,09:18:00,21_2,28,09:58:00,10:03:00,10:48:00,1+1+平日+3,1,21_1,21,11:28:00,39_1,46,12:16:00,12:18:00,198.0,16.0,0.0,35.0,88.0,False
baseline,2026-09-15,童子丸郵便局口,kajiso_libre,09:30:00,True,,2+0+毎日+3,2,39_2,3,10:59:00,21_2,28,11:47:00,11:52:00,12:37:00,1+1+毎日+4,1,21_1,21,13:32:00,39_1,46,14:23:00,14:25:00,295.0,87.0,0.0,50.0,99.0,False
baseline,2026-09-15,童子丸郵便局口,kajiso_libre,10:00:00,True,,2+0+毎日+3,2,39_2,3,10:59:00,21_2,28,11:47:00,11:52:00,12:37:00,1+1+毎日+4,1,21_1,21,13:32:00,39_1,46,14:23:00,14:25:00,265.0,57.0,0.0,50.0,99.0,False
baseline,2026-09-15,童子丸郵便局口,kajiso_libre,10:30:00,True,,2+0+毎日+3,2,39_2,3,10:59:00,21_2,28,11:47:00,11:52:00,12:37:00,1+1+毎日+4,1,21_1,21,13:32:00,39_1,46,14:23:00,14:25:00,235.0,27.0,0.0,50.0,99.0,False
baseline,2026-09-15,童子丸郵便局口,kajiso_libre,11:00:00,True,,2+0+平日+4,2,39_2,3,13:03:00,21_2,28,13:54:00,13:59:00,14:44:00,1+1+平日+5,1,21_1,21,16:02:00,39_1,46,16:42:00,16:44:00,344.0,121.0,0.0,73.0,91.0,False
baseline,2026-09-15,童子丸郵便局口,kajiso_libre,11:30:00,True,,2+0+平日+4,2,39_2,3,13:03:00,21_2,28,13:54:00,13:59:00,14:44:00,1+1+平日+5,1,21_1,21,16:02:00,39_1,46,16:42:00,16:44:00,314.0,91.0,0.0,73.0,91.0,False
baseline,2026-09-15,童子丸郵便局口,kajiso_libre,12:00:00,True,,2+0+平日+4,2,39_2,3,13:03:00,21_2,28,13:54:00,13:59:00,14:44:00,1+1+平日+5,1,21_1,21,16:02:00,39_1,46,16:42:00,16:44:00,284.0,61.0,0.0,73.0,91.0,False
baseline,2026-09-15,童子丸郵便局口,kajiso_libre,12:30:00,True,,2+0+平日+4,2,39_2,3,13:03:00,21_2,28,13:54:00,13:59:00,14:44:00,1+1+平日+5,1,21_1,21,16:02:00,39_1,46,16:42:00,16:44:00,254.0,31.0,0.0,73.0,91.0,False
baseline,2026-09-15,童子丸郵便局口,kajiso_libre,13:00:00,False,no_return_by_deadline,,,,,,,,,,,,,,,,,,,,,,,,,False
baseline,2026-09-15,童子丸郵便局口,kajiso_libre,13:30:00,False,no_return_by_deadline,,,,,,,,,,,,,,,,,,,,,,,,,False
baseline,2026-09-15,童子丸郵便局口,kajiso_libre,14:00:00,False,no_return_by_deadline,,,,,,,,,,,,,,,,,,,,,,,,,False
baseline,2026-09-15,童子丸郵便局口,kajiso_libre,14:30:00,False,no_return_by_deadline,,,,,,,,,,,,,,,,,,,,,,,,,False
baseline,2026-09-15,童子丸郵便局口,kajiso_libre,15:00:00,False,no_return_by_deadline,,,,,,,,,,,,,,,,,,,,,,,,,False
baseline,2026-09-15,童子丸郵便局口,kajiso_libre,15:30:00,False,no_outbound_bus,,,,,,,,,,,,,,,,,,,,,,,,,False
baseline,2026-09-15,童子丸郵便局口,kajiso_libre,16:00:00,False,no_outbound_bus,,,,,,,,,,,,,,,,,,,,,,,,,False
baseline,2026-09-15,童子丸郵便局口,kajiso_vio,08:00:00,True,,2+0+平日+2,2,39_2,3,09:18:00,25_0,17,09:38:00,09:43:00,10:28:00,1+1+平日+3,1,25_0,32,11:56:00,39_1,46,12:16:00,12:18:00,258.0,76.0,0.0,83.0,40.0,False
baseline,2026-09-15,童子丸郵便局口,kajiso_vio,08:30:00,True,,2+0+平日+2,2,39_2,3,09:18:00,25_0,17,09:38:00,09:43:00,10:28:00,1+1+平日+3,1,25_0,32,11:56:00,39_1,46,12:16:00,12:18:00,228.0,46.0,0.0,83.0,40.0,False
baseline,2026-09-15,童子丸郵便局口,kajiso_vio,09:00:00,True,,2+0+平日+2,2,39_2,3,09:18:00,25_0,17,09:38:00,09:43:00,10:28:00,1+1+平日+3,1,25_0,32,11:56:00,39_1,46,12:16:00,12:18:00,198.0,16.0,0.0,83.0,40.0,False
baseline,2026-09-15,童子丸郵便局口,kajiso_vio,09:30:00,True,,2+0+毎日+3,2,39_2,3,10:59:00,25_0,17,11:19:00,11:24:00,12:09:00,1+1+毎日+4,1,25_0,32,14:03:00,39_1,46,14:23:00,14:25:00,295.0,87.0,0.0,109.0,40.0,False
baseline,2026-09-15,童子丸郵便局口,kajiso_vio,10:00:00,True,,2+0+毎日+3,2,39_2,3,10:59:00,25_0,17,11:19:00,11:24:00,12:09:00,1+1+毎日+4,1,25_0,32,14:03:00,39_1,46,14:23:00,14:25:00,265.0,57.0,0.0,109.0,40.0,False
baseline,2026-09-15,童子丸郵便局口,kajiso_vio,10:30:00,True,,2+0+毎日+3,2,39_2,3,10:59:00,25_0,17,11:19:00,11:24:00,12:09:00,1+1+毎日+4,1,25_0,32,14:03:00,39_1,46,14:23:00,14:25:00,235.0,27.0,0.0,109.0,40.0,False
baseline,2026-09-15,童子丸郵便局口,kajiso_vio,11:00:00,True,,2+0+平日+4,2,39_2,3,13:03:00,25_0,17,13:23:00,13:28:00,14:13:00,1+1+平日+5,1,25_0,32,16:22:00,39_1,46,16:42:00,16:44:00,344.0,121.0,0.0,124.0,40.0,False
baseline,2026-09-15,童子丸郵便局口,kajiso_vio,11:30:00,True,,2+0+平日+4,2,39_2,3,13:03:00,25_0,17,13:23:00,13:28:00,14:13:00,1+1+平日+5,1,25_0,32,16:22:00,39_1,46,16:42:00,16:44:00,314.0,91.0,0.0,124.0,40.0,False
baseline,2026-09-15,童子丸郵便局口,kajiso_vio,12:00:00,True,,2+0+平日+4,2,39_2,3,13:03:00,25_0,17,13:23:00,13:28:00,14:13:00,1+1+平日+5,1,25_0,32,16:22:00,39_1,46,16:42:00,16:44:00,284.0,61.0,0.0,124.0,40.0,False
baseline,2026-09-15,童子丸郵便局口,kajiso_vio,12:30:00,True,,2+0+平日+4,2,39_2,3,13:03:00,25_0,17,13:23:00,13:28:00,14:13:00,1+1+平日+5,1,25_0,32,16:22:00,39_1,46,16:42:00,16:44:00,254.0,31.0,0.0,124.0,40.0,False
baseline,2026-09-15,童子丸郵便局口,kajiso_vio,13:00:00,False,no_return_by_deadline,,,,,,,,,,,,,,,,,,,,,,,,,False
baseline,2026-09-15,童子丸郵便局口,kajiso_vio,13:30:00,False,no_return_by_deadline,,,,,,,,,,,,,,,,,,,,,,,,,False
baseline,2026-09-15,童子丸郵便局口,kajiso_vio,14:00:00,False,no_return_by_deadline,,,,,,,,,,,,,,,,,,,,,,,,,False
baseline,2026-09-15,童子丸郵便局口,kajiso_vio,14:30:00,False,no_return_by_deadline,,,,,,,,,,,,,,,,,,,,,,,,,False
baseline,2026-09-15,童子丸郵便局口,kajiso_vio,15:00:00,False,no_return_by_deadline,,,,,,,,,,,,,,,,,,,,,,,,,False
baseline,2026-09-15,童子丸郵便局口,kajiso_vio,15:30:00,False,no_outbound_bus,,,,,,,,,,,,,,,,,,,,,,,,,False
baseline,2026-09-15,童子丸郵便局口,kajiso_vio,16:00:00,False,no_outbound_bus,,,,,,,,,,,,,,,,,,,,,,,,,False
baseline,2026-09-19,越前大野駅,kajiso_libre,08:00:00,True,,1+1+毎日+2,1,1_1,1,09:23:00,21_1,21,09:50:00,09:55:00,10:40:00,2+0+毎日+3,2,21_2,28,11:47:00,1_1,48,12:13:00,12:15:00,255.0,81.0,0.0,62.0,53.0,False
baseline,2026-09-19,越前大野駅,kajiso_libre,08:30:00,True,,1+1+毎日+2,1,1_1,1,09:23:00,21_1,21,09:50:00,09:55:00,10:40:00,2+0+毎日+3,2,21_2,28,11:47:00,1_1,48,12:13:00,12:15:00,225.0,51.0,0.0,62.0,53.0,False
baseline,2026-09-19,越前大野駅,kajiso_libre,09:00:00,True,,1+1+毎日+2,1,1_1,1,09:23:00,21_1,21,09:50:00,09:55:00,10:40:00,2+0+毎日+3,2,21_2,28,11:47:00,1_1,48,12:13:00,12:15:00,195.0,21.0,0.0,62.0,53.0,False
baseline,2026-09-19,越前大野駅,kajiso_libre,09:30:00,True,,2+0+毎日+3,2,1_1,1,10:56:00,21_2,28,11:47:00,11:52:00,12:37:00,1+1+毎日+4,1,21_1,21,13:32:00,1_1,24,13:36:00,13:38:00,248.0,84.0,0.0,50.0,55.0,False
baseline,2026-09-19,越前大野駅,kajiso_libre,10:00:00,True,,2+0+毎日+3,2,1_1,1,10:56:00,21_2,28,11:47:00,11:52:00,12:37:00,1+1+毎日+4,1,21_1,21,13:32:00,1_1,24,13:36:00,13:38:00,218.0,54.0,0.0,50.0,55.0,False
baseline,2026-09-19,越前大野駅,kajiso_libre,10:30:00,True,,2+0+毎日+3,2,1_1,1,10:56:00,21_2,28,11:47:00,11:52:00,12:37:00,1+1+毎日+4,1,21_1,21,13:32:00,1_1,24,13:36:00,13:38:00,188.0,24.0,0.0,50.0,55.0,False
baseline,2026-09-19,越前大野駅,kajiso_libre,11:00:00,True,,2+0+毎日+3,2,1_1,24,11:43:00,21_2,28,11:47:00,11:52:00,12:37:00,1+1+毎日+4,1,21_1,21,13:32:00,1_1,24,13:36:00,13:38:00,158.0,41.0,0.0,50.0,8.0,True
baseline,2026-09-19,越前大野駅,kajiso_libre,11:30:00,True,,2+0+毎日+3,2,1_1,24,11:43:00,21_2,28,11:47:00,11:52:00,12:37:00,1+1+毎日+4,1,21_1,21,13:32:00,1_1,24,13:36:00,13:38:00,128.0,11.0,0.0,50.0,8.0,True
baseline,2026-09-19,越前大野駅,kajiso_libre,12:00:00,True,,1+1+毎日+4,1,1_1,1,13:05:00,21_1,21,13:32:00,13:37:00,14:22:00,2+0+毎日+5,2,21_2,28,16:08:00,1_1,48,16:34:00,16:36:00,276.0,63.0,0.0,101.0,53.0,False
baseline,2026-09-19,越前大野駅,kajiso_libre,12:30:00,True,,1+1+毎日+4,1,1_1,1,13:05:00,21_1,21,13:32:00,13:37:00,14:22:00,2+0+毎日+5,2,21_2,28,16:08:00,1_1,48,16:34:00,16:36:00,246.0,33.0,0.0,101.0,53.0,False
baseline,2026-09-19,越前大野駅,kajiso_libre,13:00:00,True,,1+1+毎日+4,1,1_1,1,13:05:00,21_1,21,13:32:00,13:37:00,14:22:00,2+0+毎日+5,2,21_2,28,16:08:00,1_1,48,16:34:00,16:36:00,216.0,3.0,0.0,101.0,53.0,False
baseline,2026-09-19,越前大野駅,kajiso_libre,13:30:00,False,no_return_by_deadline,,,,,,,,,,,,,,,,,,,,,,,,,False
baseline,2026-09-19,越前大野駅,kajiso_libre,14:00:00,False,no_return_by_deadline,,,,,,,,,,,,,,,,,,,,,,,,,False
baseline,2026-09-19,越前大野駅,kajiso_libre,14:30:00,False,no_return_by_deadline,,,,,,,,,,,,,,,,,,,,,,,,,False
baseline,2026-09-19,越前大野駅,kajiso_libre,15:00:00,False,no_return_by_deadline,,,,,,,,,,,,,,,,,,,,,,,,,False
baseline,2026-09-19,越前大野駅,kajiso_libre,15:30:00,False,no_return_by_deadline,,,,,,,,,,,,,,,,,,,,,,,,,False
baseline,2026-09-19,越前大野駅,kajiso_libre,16:00:00,False,no_return_by_deadline,,,,,,,,,,,,,,,,,,,,,,,,,False
baseline,2026-09-19,越前大野駅,kajiso_vio,08:00:00,True,,1+1+毎日+2,1,1_1,1,09:23:00,25_0,32,10:13:00,10:18:00,11:03:00,2+0+毎日+3,2,25_0,17,11:19:00,1_1,24,11:32:00,11:34:00,214.0,81.0,0.0,11.0,63.0,False
baseline,2026-09-19,越前大野駅,kajiso_vio,08:30:00,True,,1+1+毎日+2,1,1_1,1,09:23:00,25_0,32,10:13:00,10:18:00,11:03:00,2+0+毎日+3,2,25_0,17,11:19:00,1_1,24,11:32:00,11:34:00,184.0,51.0,0.0,11.0,63.0,False
baseline,2026-09-19,越前大野駅,kajiso_vio,09:00:00,True,,1+1+毎日+2,1,1_1,1,09:23:00,25_0,32,10:13:00,10:18:00,11:03:00,2+0+毎日+3,2,25_0,17,11:19:00,1_1,24,11:32:00,11:34:00,154.0,21.0,0.0,11.0,63.0,True
baseline,2026-09-19,越前大野駅,kajiso_vio,09:30:00,True,,1+1+毎日+2,1,1_1,24,10:00:00,25_0,32,10:13:00,10:18:00,11:03:00,2+0+毎日+3,2,25_0,17,11:19:00,1_1,24,11:32:00,11:34:00,124.0,28.0,0.0,11.0,26.0,True
baseline,2026-09-19,越前大野駅,kajiso_vio,10:00:00,True,,2+0+毎日+3,2,1_1,1,10:56:00,25_0,17,11:19:00,11:24:00,12:09:00,1+1+毎日+4,1,25_0,32,14:03:00,1_1,48,14:26:00,14:28:00,268.0,54.0,0.0,109.0,46.0,False
baseline,2026-09-19,越前大野駅,kajiso_vio,10:30:00,True,,2+0+毎日+3,2,1_1,1,10:56:00,25_0,17,11:19:00,11:24:00,12:09:00,1+1+毎日+4,1,25_0,32,14:03:00,1_1,48,14:26:00,14:28:00,238.0,24.0,0.0,109.0,46.0,False
baseline,2026-09-19,越前大野駅,kajiso_vio,11:00:00,True,,1+1+毎日+4,1,1_1,1,13:05:00,25_0,32,14:03:00,14:08:00,14:53:00,2+0+毎日+5,2,25_0,17,15:48:00,1_1,24,16:01:00,16:03:00,303.0,123.0,0.0,50.0,71.0,False
baseline,2026-09-19,越前大野駅,kajiso_vio,11:30:00,True,,1+1+毎日+4,1,1_1,1,13:05:00,25_0,32,14:03:00,14:08:00,14:53:00,2+0+毎日+5,2,25_0,17,15:48:00,1_1,24,16:01:00,16:03:00,273.0,93.0,0.0,50.0,71.0,False
baseline,2026-09-19,越前大野駅,kajiso_vio,12:00:00,True,,1+1+毎日+4,1,1_1,1,13:05:00,25_0,32,14:03:00,14:08:00,14:53:00,2+0+毎日+5,2,25_0,17,15:48:00,1_1,24,16:01:00,16:03:00,243.0,63.0,0.0,50.0,71.0,False
baseline,2026-09-19,越前大野駅,kajiso_vio,12:30:00,True,,1+1+毎日+4,1,1_1,1,13:05:00,25_0,32,14:03:00,14:08:00,14:53:00,2+0+毎日+5,2,25_0,17,15:48:00,1_1,24,16:01:00,16:03:00,213.0,33.0,0.0,50.0,71.0,False
baseline,2026-09-19,越前大野駅,kajiso_vio,13:00:00,True,,1+1+毎日+4,1,1_1,1,13:05:00,25_0,32,14:03:00,14:08:00,14:53:00,2+0+毎日+5,2,25_0,17,15:48:00,1_1,24,16:01:00,16:03:00,183.0,3.0,0.0,50.0,71.0,False
baseline,2026-09-19,越前大野駅,kajiso_vio,13:30:00,True,,1+1+毎日+4,1,1_1,24,13:50:00,25_0,32,14:03:00,14:08:00,14:53:00,2+0+毎日+5,2,25_0,17,15:48:00,1_1,24,16:01:00,16:03:00,153.0,18.0,0.0,50.0,26.0,True
baseline,2026-09-19,越前大野駅,kajiso_vio,14:00:00,False,no_return_by_deadline,,,,,,,,,,,,,,,,,,,,,,,,,False
baseline,2026-09-19,越前大野駅,kajiso_vio,14:30:00,False,no_return_by_deadline,,,,,,,,,,,,,,,,,,,,,,,,,False
baseline,2026-09-19,越前大野駅,kajiso_vio,15:00:00,False,no_return_by_deadline,,,,,,,,,,,,,,,,,,,,,,,,,False
baseline,2026-09-19,越前大野駅,kajiso_vio,15:30:00,False,no_outbound_bus,,,,,,,,,,,,,,,,,,,,,,,,,False
baseline,2026-09-19,越前大野駅,kajiso_vio,16:00:00,False,no_outbound_bus,,,,,,,,,,,,,,,,,,,,,,,,,False
baseline,2026-09-19,結ステーション,kajiso_libre,08:00:00,True,,1+1+毎日+2,1,6_0,6,09:30:00,21_1,21,09:50:00,09:55:00,10:40:00,2+0+毎日+3,2,21_2,28,11:47:00,6_0,43,12:06:00,12:08:00,248.0,88.0,0.0,62.0,39.0,False
baseline,2026-09-19,結ステーション,kajiso_libre,08:30:00,True,,1+1+毎日+2,1,6_0,6,09:30:00,21_1,21,09:50:00,09:55:00,10:40:00,2+0+毎日+3,2,21_2,28,11:47:00,6_0,43,12:06:00,12:08:00,218.0,58.0,0.0,62.0,39.0,False
baseline,2026-09-19,結ステーション,kajiso_libre,09:00:00,True,,1+1+毎日+2,1,6_0,6,09:30:00,21_1,21,09:50:00,09:55:00,10:40:00,2+0+毎日+3,2,21_2,28,11:47:00,6_0,43,12:06:00,12:08:00,188.0,28.0,0.0,62.0,39.0,False
baseline,2026-09-19,結ステーション,kajiso_libre,09:30:00,True,,2+0+毎日+3,2,6_0,20,11:28:00,21_2,28,11:47:00,11:52:00,12:37:00,1+1+毎日+4,1,21_1,21,13:32:00,6_0,29,13:54:00,13:56:00,266.0,116.0,0.0,50.0,41.0,False
baseline,2026-09-19,結ステーション,kajiso_libre,10:00:00,True,,2+0+毎日+3,2,6_0,20,11:28:00,21_2,28,11:47:00,11:52:00,12:37:00,1+1+毎日+4,1,21_1,21,13:32:00,6_0,29,13:54:00,13:56:00,236.0,86.0,0.0,50.0,41.0,False
baseline,2026-09-19,結ステーション,kajiso_libre,10:30:00,True,,2+0+毎日+3,2,6_0,20,11:28:00,21_2,28,11:47:00,11:52:00,12:37:00,1+1+毎日+4,1,21_1,21,13:32:00,6_0,29,13:54:00,13:56:00,206.0,56.0,0.0,50.0,41.0,False
baseline,2026-09-19,結ステーション,kajiso_libre,11:00:00,True,,2+0+毎日+3,2,6_0,20,11:28:00,21_2,28,11:47:00,11:52:00,12:37:00,1+1+毎日+4,1,21_1,21,13:32:00,6_0,29,13:54:00,13:56:00,176.0,26.0,0.0,50.0,41.0,True
baseline,2026-09-19,結ステーション,kajiso_libre,11:30:00,True,,1+1+毎日+4,1,6_0,6,13:12:00,21_1,21,13:32:00,13:37:00,14:22:00,2+0+毎日+5,2,21_2,28,16:08:00,6_0,43,16:27:00,16:29:00,299.0,100.0,0.0,101.0,39.0,False
baseline,2026-09-19,結ステーション,kajiso_libre,12:00:00,True,,1+1+毎日+4,1,6_0,6,13:12:00,21_1,21,13:32:00,13:37:00,14:22:00,2+0+毎日+5,2,21_2,28,16:08:00,6_0,43,16:27:00,16:29:00,269.0,70.0,0.0,101.0,39.0,False
baseline,2026-09-19,結ステーション,kajiso_libre,12:30:00,True,,1+1+毎日+4,1,6_0,6,13:12:00,21_1,21,13:32:00,13:37:00,14:22:00,2+0+毎日+5,2,21_2,28,16:08:00,6_0,43,16:27:00,16:29:00,239.0,40.0,0.0,101.0,39.0,False
baseline,2026-09-19,結ステーション,kajiso_libre,13:00:00,True,,1+1+毎日+4,1,6_0,6,13:12:00,21_1,21,13:32:00,13:37:00,14:22:00,2+0+毎日+5,2,21_2,28,16:08:00,6_0,43,16:27:00,16:29:00,209.0,10.0,0.0,101.0,39.0,False
baseline,2026-09-19,結ステーション,kajiso_libre,13:30:00,False,no_return_by_deadline,,,,,,,,,,,,,,,,,,,,,,,,,False
baseline,2026-09-19,結ステーション,kajiso_libre,14:00:00,False,no_return_by_deadline,,,,,,,,,,,,,,,,,,,,,,,,,False
baseline,2026-09-19,結ステーション,kajiso_libre,14:30:00,False,no_return_by_deadline,,,,,,,,,,,,,,,,,,,,,,,,,False
baseline,2026-09-19,結ステーション,kajiso_libre,15:00:00,False,no_return_by_deadline,,,,,,,,,,,,,,,,,,,,,,,,,False
baseline,2026-09-19,結ステーション,kajiso_libre,15:30:00,False,no_return_by_deadline,,,,,,,,,,,,,,,,,,,,,,,,,False
baseline,2026-09-19,結ステーション,kajiso_libre,16:00:00,False,no_outbound_bus,,,,,,,,,,,,,,,,,,,,,,,,,False
baseline,2026-09-19,結ステーション,kajiso_vio,08:00:00,True,,1+1+毎日+2,1,6_0,6,09:30:00,25_0,32,10:13:00,10:18:00,11:03:00,2+0+毎日+3,2,25_0,17,11:19:00,6_0,20,11:28:00,11:30:00,210.0,88.0,0.0,11.0,52.0,False
baseline,2026-09-19,結ステーション,kajiso_vio,08:30:00,True,,1+1+毎日+2,1,6_0,6,09:30:00,25_0,32,10:13:00,10:18:00,11:03:00,2+0+毎日+3,2,25_0,17,11:19:00,6_0,20,11:28:00,11:30:00,180.0,58.0,0.0,11.0,52.0,True
baseline,2026-09-19,結ステーション,kajiso_vio,09:00:00,True,,1+1+毎日+2,1,6_0,6,09:30:00,25_0,32,10:13:00,10:18:00,11:03:00,2+0+毎日+3,2,25_0,17,11:19:00,6_0,20,11:28:00,11:30:00,150.0,28.0,0.0,11.0,52.0,True
baseline,2026-09-19,結ステーション,kajiso_vio,09:30:00,True,,1+1+毎日+2,1,6_0,29,10:04:00,25_0,32,10:13:00,10:18:00,11:03:00,2+0+毎日+3,2,25_0,17,11:19:00,6_0,20,11:28:00,11:30:00,120.0,32.0,0.0,11.0,18.0,True
baseline,2026-09-19,結ステーション,kajiso_vio,10:00:00,True,,1+1+毎日+2,1,6_0,29,10:04:00,25_0,32,10:13:00,10:18:00,11:03:00,2+0+毎日+3,2,25_0,17,11:19:00,6_0,20,11:28:00,11:30:00,90.0,2.0,0.0,11.0,18.0,True
baseline,2026-09-19,結ステーション,kajiso_vio,10:30:00,True,,1+1+毎日+4,1,6_0,6,13:12:00,25_0,32,14:03:00,14:08:00,14:53:00,2+0+毎日+5,2,25_0,17,15:48:00,6_0,20,15:57:00,15:59:00,329.0,160.0,0.0,50.0,60.0,False
baseline,2026-09-19,結ステーション,kajiso_vio,11:00:00,True,,1+1+毎日+4,1,6_0,6,13:12:00,25_0,32,14:03:00,14:08:00,14:53:00,2+0+毎日+5,2,25_0,17,15:48:00,6_0,20,15:57:00,15:59:00,299.0,130.0,0.0,50.0,60.0,False
baseline,2026-09-19,結ステーション,kajiso_vio,11:30:00,True,,1+1+毎日+4,1,6_0,6,13:12:00,25_0,32,14:03:00,14:08:00,14:53:00,2+0+毎日+5,2,25_0,17,15:48:00,6_0,20,15:57:00,15:59:00,269.0,100.0,0.0,50.0,60.0,False
baseline,2026-09-19,結ステーション,kajiso_vio,12:00:00,True,,1+1+毎日+4,1,6_0,6,13:12:00,25_0,32,14:03:00,14:08:00,14:53:00,2+0+毎日+5,2,25_0,17,15:48:00,6_0,20,15:57:00,15:59:00,239.0,70.0,0.0,50.0,60.0,False
baseline,2026-09-19,結ステーション,kajiso_vio,12:30:00,True,,1+1+毎日+4,1,6_0,6,13:12:00,25_0,32,14:03:00,14:08:00,14:53:00,2+0+毎日+5,2,25_0,17,15:48:00,6_0,20,15:57:00,15:59:00,209.0,40.0,0.0,50.0,60.0,False
baseline,2026-09-19,結ステーション,kajiso_vio,13:00:00,True,,1+1+毎日+4,1,6_0,6,13:12:00,25_0,32,14:03:00,14:08:00,14:53:00,2+0+毎日+5,2,25_0,17,15:48:00,6_0,20,15:57:00,15:59:00,179.0,10.0,0.0,50.0,60.0,True
baseline,2026-09-19,結ステーション,kajiso_vio,13:30:00,True,,1+1+毎日+4,1,6_0,29,13:54:00,25_0,32,14:03:00,14:08:00,14:53:00,2+0+毎日+5,2,25_0,17,15:48:00,6_0,20,15:57:00,15:59:00,149.0,22.0,0.0,50.0,18.0,True
baseline,2026-09-19,結ステーション,kajiso_vio,14:00:00,False,no_outbound_bus,,,,,,,,,,,,,,,,,,,,,,,,,False
baseline,2026-09-19,結ステーション,kajiso_vio,14:30:00,False,no_outbound_bus,,,,,,,,,,,,,,,,,,,,,,,,,False
baseline,2026-09-19,結ステーション,kajiso_vio,15:00:00,False,no_outbound_bus,,,,,,,,,,,,,,,,,,,,,,,,,False
baseline,2026-09-19,結ステーション,kajiso_vio,15:30:00,False,no_outbound_bus,,,,,,,,,,,,,,,,,,,,,,,,,False
baseline,2026-09-19,結ステーション,kajiso_vio,16:00:00,False,no_outbound_bus,,,,,,,,,,,,,,,,,,,,,,,,,False
baseline,2026-09-19,下庄小学校,kajiso_libre,08:00:00,True,,1+1+毎日+2,1,9_1,9,09:33:00,21_1,21,09:50:00,09:55:00,10:40:00,2+0+毎日+3,2,21_2,28,11:47:00,9_2,40,12:02:00,12:04:00,244.0,91.0,0.0,62.0,32.0,False
baseline,2026-09-19,下庄小学校,kajiso_libre,08:30:00,True,,1+1+毎日+2,1,9_1,9,09:33:00,21_1,21,09:50:00,09:55:00,10:40:00,2+0+毎日+3,2,21_2,28,11:47:00,9_2,40,12:02:00,12:04:00,214.0,61.0,0.0,62.0,32.0,False
baseline,2026-09-19,下庄小学校,kajiso_libre,09:00:00,True,,1+1+毎日+2,1,9_1,9,09:33:00,21_1,21,09:50:00,09:55:00,10:40:00,2+0+毎日+3,2,21_2,28,11:47:00,9_2,40,12:02:00,12:04:00,184.0,31.0,0.0,62.0,32.0,False
baseline,2026-09-19,下庄小学校,kajiso_libre,09:30:00,True,,1+1+毎日+4,1,9_1,9,13:15:00,21_1,21,13:32:00,13:37:00,14:22:00,2+0+毎日+5,2,21_2,28,16:08:00,9_2,40,16:23:00,16:25:00,415.0,223.0,0.0,101.0,32.0,False
baseline,2026-09-19,下庄小学校,kajiso_libre,10:00:00,True,,1+1+毎日+4,1,9_1,9,13:15:00,21_1,21,13:32:00,13:37:00,14:22:00,2+0+毎日+5,2,21_2,28,16:08:00,9_2,40,16:23:00,16:25:00,385.0,193.0,0.0,101.0,32.0,False
baseline,2026-09-19,下庄小学校,kajiso_libre,10:30:00,True,,1+1+毎日+4,1,9_1,9,13:15:00,21_1,21,13:32:00,13:37:00,14:22:00,2+0+毎日+5,2,21_2,28,16:08:00,9_2,40,16:23:00,16:25:00,355.0,163.0,0.0,101.0,32.0,False
baseline,2026-09-19,下庄小学校,kajiso_libre,11:00:00,True,,1+1+毎日+4,1,9_1,9,13:15:00,21_1,21,13:32:00,13:37:00,14:22:00,2+0+毎日+5,2,21_2,28,16:08:00,9_2,40,16:23:00,16:25:00,325.0,133.0,0.0,101.0,32.0,False
baseline,2026-09-19,下庄小学校,kajiso_libre,11:30:00,True,,1+1+毎日+4,1,9_1,9,13:15:00,21_1,21,13:32:00,13:37:00,14:22:00,2+0+毎日+5,2,21_2,28,16:08:00,9_2,40,16:23:00,16:25:00,295.0,103.0,0.0,101.0,32.0,False
baseline,2026-09-19,下庄小学校,kajiso_libre,12:00:00,True,,1+1+毎日+4,1,9_1,9,13:15:00,21_1,21,13:32:00,13:37:00,14:22:00,2+0+毎日+5,2,21_2,28,16:08:00,9_2,40,16:23:00,16:25:00,265.0,73.0,0.0,101.0,32.0,False
baseline,2026-09-19,下庄小学校,kajiso_libre,12:30:00,True,,1+1+毎日+4,1,9_1,9,13:15:00,21_1,21,13:32:00,13:37:00,14:22:00,2+0+毎日+5,2,21_2,28,16:08:00,9_2,40,16:23:00,16:25:00,235.0,43.0,0.0,101.0,32.0,False
baseline,2026-09-19,下庄小学校,kajiso_libre,13:00:00,True,,1+1+毎日+4,1,9_1,9,13:15:00,21_1,21,13:32:00,13:37:00,14:22:00,2+0+毎日+5,2,21_2,28,16:08:00,9_2,40,16:23:00,16:25:00,205.0,13.0,0.0,101.0,32.0,False
baseline,2026-09-19,下庄小学校,kajiso_libre,13:30:00,False,no_outbound_bus,,,,,,,,,,,,,,,,,,,,,,,,,False
baseline,2026-09-19,下庄小学校,kajiso_libre,14:00:00,False,no_outbound_bus,,,,,,,,,,,,,,,,,,,,,,,,,False
baseline,2026-09-19,下庄小学校,kajiso_libre,14:30:00,False,no_outbound_bus,,,,,,,,,,,,,,,,,,,,,,,,,False
baseline,2026-09-19,下庄小学校,kajiso_libre,15:00:00,False,no_outbound_bus,,,,,,,,,,,,,,,,,,,,,,,,,False
baseline,2026-09-19,下庄小学校,kajiso_libre,15:30:00,False,no_outbound_bus,,,,,,,,,,,,,,,,,,,,,,,,,False
baseline,2026-09-19,下庄小学校,kajiso_libre,16:00:00,False,no_outbound_bus,,,,,,,,,,,,,,,,,,,,,,,,,False
baseline,2026-09-19,下庄小学校,kajiso_vio,08:00:00,True,,1+1+毎日+2,1,9_1,9,09:33:00,25_0,32,10:13:00,10:18:00,11:03:00,2+0+毎日+3,2,25_0,17,11:19:00,9_2,40,12:02:00,12:04:00,244.0,91.0,0.0,11.0,83.0,False
baseline,2026-09-19,下庄小学校,kajiso_vio,08:30:00,True,,1+1+毎日+2,1,9_1,9,09:33:00,25_0,32,10:13:00,10:18:00,11:03:00,2+0+毎日+3,2,25_0,17,11:19:00,9_2,40,12:02:00,12:04:00,214.0,61.0,0.0,11.0,83.0,False
baseline,2026-09-19,下庄小学校,kajiso_vio,09:00:00,True,,1+1+毎日+2,1,9_1,9,09:33:00,25_0,32,10:13:00,10:18:00,11:03:00,2+0+毎日+3,2,25_0,17,11:19:00,9_2,40,12:02:00,12:04:00,184.0,31.0,0.0,11.0,83.0,False
baseline,2026-09-19,下庄小学校,kajiso_vio,09:30:00,True,,1+1+毎日+4,1,9_1,9,13:15:00,25_0,32,14:03:00,14:08:00,14:53:00,2+0+毎日+5,2,25_0,17,15:48:00,9_2,40,16:23:00,16:25:00,415.0,223.0,0.0,50.0,83.0,False
baseline,2026-09-19,下庄小学校,kajiso_vio,10:00:00,True,,1+1+毎日+4,1,9_1,9,13:15:00,25_0,32,14:03:00,14:08:00,14:53:00,2+0+毎日+5,2,25_0,17,15:48:00,9_2,40,16:23:00,16:25:00,385.0,193.0,0.0,50.0,83.0,False
baseline,2026-09-19,下庄小学校,kajiso_vio,10:30:00,True,,1+1+毎日+4,1,9_1,9,13:15:00,25_0,32,14:03:00,14:08:00,14:53:00,2+0+毎日+5,2,25_0,17,15:48:00,9_2,40,16:23:00,16:25:00,355.0,163.0,0.0,50.0,83.0,False
baseline,2026-09-19,下庄小学校,kajiso_vio,11:00:00,True,,1+1+毎日+4,1,9_1,9,13:15:00,25_0,32,14:03:00,14:08:00,14:53:00,2+0+毎日+5,2,25_0,17,15:48:00,9_2,40,16:23:00,16:25:00,325.0,133.0,0.0,50.0,83.0,False
baseline,2026-09-19,下庄小学校,kajiso_vio,11:30:00,True,,1+1+毎日+4,1,9_1,9,13:15:00,25_0,32,14:03:00,14:08:00,14:53:00,2+0+毎日+5,2,25_0,17,15:48:00,9_2,40,16:23:00,16:25:00,295.0,103.0,0.0,50.0,83.0,False
baseline,2026-09-19,下庄小学校,kajiso_vio,12:00:00,True,,1+1+毎日+4,1,9_1,9,13:15:00,25_0,32,14:03:00,14:08:00,14:53:00,2+0+毎日+5,2,25_0,17,15:48:00,9_2,40,16:23:00,16:25:00,265.0,73.0,0.0,50.0,83.0,False
baseline,2026-09-19,下庄小学校,kajiso_vio,12:30:00,True,,1+1+毎日+4,1,9_1,9,13:15:00,25_0,32,14:03:00,14:08:00,14:53:00,2+0+毎日+5,2,25_0,17,15:48:00,9_2,40,16:23:00,16:25:00,235.0,43.0,0.0,50.0,83.0,False
baseline,2026-09-19,下庄小学校,kajiso_vio,13:00:00,True,,1+1+毎日+4,1,9_1,9,13:15:00,25_0,32,14:03:00,14:08:00,14:53:00,2+0+毎日+5,2,25_0,17,15:48:00,9_2,40,16:23:00,16:25:00,205.0,13.0,0.0,50.0,83.0,False
baseline,2026-09-19,下庄小学校,kajiso_vio,13:30:00,False,no_outbound_bus,,,,,,,,,,,,,,,,,,,,,,,,,False
baseline,2026-09-19,下庄小学校,kajiso_vio,14:00:00,False,no_outbound_bus,,,,,,,,,,,,,,,,,,,,,,,,,False
baseline,2026-09-19,下庄小学校,kajiso_vio,14:30:00,False,no_outbound_bus,,,,,,,,,,,,,,,,,,,,,,,,,False
baseline,2026-09-19,下庄小学校,kajiso_vio,15:00:00,False,no_outbound_bus,,,,,,,,,,,,,,,,,,,,,,,,,False
baseline,2026-09-19,下庄小学校,kajiso_vio,15:30:00,False,no_outbound_bus,,,,,,,,,,,,,,,,,,,,,,,,,False
baseline,2026-09-19,下庄小学校,kajiso_vio,16:00:00,False,no_outbound_bus,,,,,,,,,,,,,,,,,,,,,,,,,False
baseline,2026-09-19,青少年教育センター,kajiso_libre,08:00:00,True,,1+1+毎日+2,1,14_1,14,09:40:00,21_1,21,09:50:00,09:55:00,10:40:00,2+0+毎日+3,2,21_2,28,11:47:00,14_2,35,11:55:00,11:57:00,237.0,98.0,0.0,62.0,18.0,False
baseline,2026-09-19,青少年教育センター,kajiso_libre,08:30:00,True,,1+1+毎日+2,1,14_1,14,09:40:00,21_1,21,09:50:00,09:55:00,10:40:00,2+0+毎日+3,2,21_2,28,11:47:00,14_2,35,11:55:00,11:57:00,207.0,68.0,0.0,62.0,18.0,False
baseline,2026-09-19,青少年教育センター,kajiso_libre,09:00:00,True,,1+1+毎日+2,1,14_1,14,09:40:00,21_1,21,09:50:00,09:55:00,10:40:00,2+0+毎日+3,2,21_2,28,11:47:00,14_2,35,11:55:00,11:57:00,177.0,38.0,0.0,62.0,18.0,True
baseline,2026-09-19,青少年教育センター,kajiso_libre,09:30:00,True,,1+1+毎日+2,1,14_1,14,09:40:00,21_1,21,09:50:00,09:55:00,10:40:00,2+0+毎日+3,2,21_2,28,11:47:00,14_2,35,11:55:00,11:57:00,147.0,8.0,0.0,62.0,18.0,True
baseline,2026-09-19,青少年教育センター,kajiso_libre,10:00:00,True,,1+1+毎日+4,1,14_1,14,13:22:00,21_1,21,13:32:00,13:37:00,14:22:00,2+0+毎日+5,2,21_2,28,16:08:00,14_2,35,16:16:00,16:18:00,378.0,200.0,0.0,101.0,18.0,False
baseline,2026-09-19,青少年教育センター,kajiso_libre,10:30:00,True,,1+1+毎日+4,1,14_1,14,13:22:00,21_1,21,13:32:00,13:37:00,14:22:00,2+0+毎日+5,2,21_2,28,16:08:00,14_2,35,16:16:00,16:18:00,348.0,170.0,0.0,101.0,18.0,False
baseline,2026-09-19,青少年教育センター,kajiso_libre,11:00:00,True,,1+1+毎日+4,1,14_1,14,13:22:00,21_1,21,13:32:00,13:37:00,14:22:00,2+0+毎日+5,2,21_2,28,16:08:00,14_2,35,16:16:00,16:18:00,318.0,140.0,0.0,101.0,18.0,False
baseline,2026-09-19,青少年教育センター,kajiso_libre,11:30:00,True,,1+1+毎日+4,1,14_1,14,13:22:00,21_1,21,13:32:00,13:37:00,14:22:00,2+0+毎日+5,2,21_2,28,16:08:00,14_2,35,16:16:00,16:18:00,288.0,110.0,0.0,101.0,18.0,False
baseline,2026-09-19,青少年教育センター,kajiso_libre,12:00:00,True,,1+1+毎日+4,1,14_1,14,13:22:00,21_1,21,13:32:00,13:37:00,14:22:00,2+0+毎日+5,2,21_2,28,16:08:00,14_2,35,16:16:00,16:18:00,258.0,80.0,0.0,101.0,18.0,False
baseline,2026-09-19,青少年教育センター,kajiso_libre,12:30:00,True,,1+1+毎日+4,1,14_1,14,13:22:00,21_1,21,13:32:00,13:37:00,14:22:00,2+0+毎日+5,2,21_2,28,16:08:00,14_2,35,16:16:00,16:18:00,228.0,50.0,0.0,101.0,18.0,False
baseline,2026-09-19,青少年教育センター,kajiso_libre,13:00:00,True,,1+1+毎日+4,1,14_1,14,13:22:00,21_1,21,13:32:00,13:37:00,14:22:00,2+0+毎日+5,2,21_2,28,16:08:00,14_2,35,16:16:00,16:18:00,198.0,20.0,0.0,101.0,18.0,False
baseline,2026-09-19,青少年教育センター,kajiso_libre,13:30:00,False,no_outbound_bus,,,,,,,,,,,,,,,,,,,,,,,,,False
baseline,2026-09-19,青少年教育センター,kajiso_libre,14:00:00,False,no_outbound_bus,,,,,,,,,,,,,,,,,,,,,,,,,False
baseline,2026-09-19,青少年教育センター,kajiso_libre,14:30:00,False,no_outbound_bus,,,,,,,,,,,,,,,,,,,,,,,,,False
baseline,2026-09-19,青少年教育センター,kajiso_libre,15:00:00,False,no_outbound_bus,,,,,,,,,,,,,,,,,,,,,,,,,False
baseline,2026-09-19,青少年教育センター,kajiso_libre,15:30:00,False,no_outbound_bus,,,,,,,,,,,,,,,,,,,,,,,,,False
baseline,2026-09-19,青少年教育センター,kajiso_libre,16:00:00,False,no_outbound_bus,,,,,,,,,,,,,,,,,,,,,,,,,False
baseline,2026-09-19,青少年教育センター,kajiso_vio,08:00:00,True,,1+1+毎日+2,1,14_1,14,09:40:00,25_0,32,10:13:00,10:18:00,11:03:00,2+0+毎日+3,2,25_0,17,11:19:00,14_2,35,11:55:00,11:57:00,237.0,98.0,0.0,11.0,69.0,False
baseline,2026-09-19,青少年教育センター,kajiso_vio,08:30:00,True,,1+1+毎日+2,1,14_1,14,09:40:00,25_0,32,10:13:00,10:18:00,11:03:00,2+0+毎日+3,2,25_0,17,11:19:00,14_2,35,11:55:00,11:57:00,207.0,68.0,0.0,11.0,69.0,False
baseline,2026-09-19,青少年教育センター,kajiso_vio,09:00:00,True,,1+1+毎日+2,1,14_1,14,09:40:00,25_0,32,10:13:00,10:18:00,11:03:00,2+0+毎日+3,2,25_0,17,11:19:00,14_2,35,11:55:00,11:57:00,177.0,38.0,0.0,11.0,69.0,True
baseline,2026-09-19,青少年教育センター,kajiso_vio,09:30:00,True,,1+1+毎日+2,1,14_1,14,09:40:00,25_0,32,10:13:00,10:18:00,11:03:00,2+0+毎日+3,2,25_0,17,11:19:00,14_2,35,11:55:00,11:57:00,147.0,8.0,0.0,11.0,69.0,True
baseline,2026-09-19,青少年教育センター,kajiso_vio,10:00:00,True,,1+1+毎日+4,1,14_1,14,13:22:00,25_0,32,14:03:00,14:08:00,14:53:00,2+0+毎日+5,2,25_0,17,15:48:00,14_2,35,16:16:00,16:18:00,378.0,200.0,0.0,50.0,69.0,False
baseline,2026-09-19,青少年教育センター,kajiso_vio,10:30:00,True,,1+1+毎日+4,1,14_1,14,13:22:00,25_0,32,14:03:00,14:08:00,14:53:00,2+0+毎日+5,2,25_0,17,15:48:00,14_2,35,16:16:00,16:18:00,348.0,170.0,0.0,50.0,69.0,False
baseline,2026-09-19,青少年教育センター,kajiso_vio,11:00:00,True,,1+1+毎日+4,1,14_1,14,13:22:00,25_0,32,14:03:00,14:08:00,14:53:00,2+0+毎日+5,2,25_0,17,15:48:00,14_2,35,16:16:00,16:18:00,318.0,140.0,0.0,50.0,69.0,False
baseline,2026-09-19,青少年教育センター,kajiso_vio,11:30:00,True,,1+1+毎日+4,1,14_1,14,13:22:00,25_0,32,14:03:00,14:08:00,14:53:00,2+0+毎日+5,2,25_0,17,15:48:00,14_2,35,16:16:00,16:18:00,288.0,110.0,0.0,50.0,69.0,False
baseline,2026-09-19,青少年教育センター,kajiso_vio,12:00:00,True,,1+1+毎日+4,1,14_1,14,13:22:00,25_0,32,14:03:00,14:08:00,14:53:00,2+0+毎日+5,2,25_0,17,15:48:00,14_2,35,16:16:00,16:18:00,258.0,80.0,0.0,50.0,69.0,False
baseline,2026-09-19,青少年教育センター,kajiso_vio,12:30:00,True,,1+1+毎日+4,1,14_1,14,13:22:00,25_0,32,14:03:00,14:08:00,14:53:00,2+0+毎日+5,2,25_0,17,15:48:00,14_2,35,16:16:00,16:18:00,228.0,50.0,0.0,50.0,69.0,False
baseline,2026-09-19,青少年教育センター,kajiso_vio,13:00:00,True,,1+1+毎日+4,1,14_1,14,13:22:00,25_0,32,14:03:00,14:08:00,14:53:00,2+0+毎日+5,2,25_0,17,15:48:00,14_2,35,16:16:00,16:18:00,198.0,20.0,0.0,50.0,69.0,False
baseline,2026-09-19,青少年教育センター,kajiso_vio,13:30:00,False,no_outbound_bus,,,,,,,,,,,,,,,,,,,,,,,,,False
baseline,2026-09-19,青少年教育センター,kajiso_vio,14:00:00,False,no_outbound_bus,,,,,,,,,,,,,,,,,,,,,,,,,False
baseline,2026-09-19,青少年教育センター,kajiso_vio,14:30:00,False,no_outbound_bus,,,,,,,,,,,,,,,,,,,,,,,,,False
baseline,2026-09-19,青少年教育センター,kajiso_vio,15:00:00,False,no_outbound_bus,,,,,,,,,,,,,,,,,,,,,,,,,False
baseline,2026-09-19,青少年教育センター,kajiso_vio,15:30:00,False,no_outbound_bus,,,,,,,,,,,,,,,,,,,,,,,,,False
baseline,2026-09-19,青少年教育センター,kajiso_vio,16:00:00,False,no_outbound_bus,,,,,,,,,,,,,,,,,,,,,,,,,False
baseline,2026-09-19,陽明中学校口,kajiso_libre,08:00:00,True,,1+1+毎日+2,1,17_1,17,09:46:00,21_1,21,09:50:00,09:55:00,10:40:00,2+0+毎日+3,2,21_2,28,11:47:00,17_2,32,11:51:00,11:53:00,233.0,104.0,0.0,62.0,8.0,False
baseline,2026-09-19,陽明中学校口,kajiso_libre,08:30:00,True,,1+1+毎日+2,1,17_1,17,09:46:00,21_1,21,09:50:00,09:55:00,10:40:00,2+0+毎日+3,2,21_2,28,11:47:00,17_2,32,11:51:00,11:53:00,203.0,74.0,0.0,62.0,8.0,False
baseline,2026-09-19,陽明中学校口,kajiso_libre,09:00:00,True,,1+1+毎日+2,1,17_1,17,09:46:00,21_1,21,09:50:00,09:55:00,10:40:00,2+0+毎日+3,2,21_2,28,11:47:00,17_2,32,11:51:00,11:53:00,173.0,44.0,0.0,62.0,8.0,True
baseline,2026-09-19,陽明中学校口,kajiso_libre,09:30:00,True,,1+1+毎日+2,1,17_1,17,09:46:00,21_1,21,09:50:00,09:55:00,10:40:00,2+0+毎日+3,2,21_2,28,11:47:00,17_2,32,11:51:00,11:53:00,143.0,14.0,0.0,62.0,8.0,True
baseline,2026-09-19,陽明中学校口,kajiso_libre,10:00:00,True,,1+1+毎日+4,1,17_1,17,13:28:00,21_1,21,13:32:00,13:37:00,14:22:00,2+0+毎日+5,2,21_2,28,16:08:00,17_2,32,16:12:00,16:14:00,374.0,206.0,0.0,101.0,8.0,False
baseline,2026-09-19,陽明中学校口,kajiso_libre,10:30:00,True,,1+1+毎日+4,1,17_1,17,13:28:00,21_1,21,13:32:00,13:37:00,14:22:00,2+0+毎日+5,2,21_2,28,16:08:00,17_2,32,16:12:00,16:14:00,344.0,176.0,0.0,101.0,8.0,False
baseline,2026-09-19,陽明中学校口,kajiso_libre,11:00:00,True,,1+1+毎日+4,1,17_1,17,13:28:00,21_1,21,13:32:00,13:37:00,14:22:00,2+0+毎日+5,2,21_2,28,16:08:00,17_2,32,16:12:00,16:14:00,314.0,146.0,0.0,101.0,8.0,False
baseline,2026-09-19,陽明中学校口,kajiso_libre,11:30:00,True,,1+1+毎日+4,1,17_1,17,13:28:00,21_1,21,13:32:00,13:37:00,14:22:00,2+0+毎日+5,2,21_2,28,16:08:00,17_2,32,16:12:00,16:14:00,284.0,116.0,0.0,101.0,8.0,False
baseline,2026-09-19,陽明中学校口,kajiso_libre,12:00:00,True,,1+1+毎日+4,1,17_1,17,13:28:00,21_1,21,13:32:00,13:37:00,14:22:00,2+0+毎日+5,2,21_2,28,16:08:00,17_2,32,16:12:00,16:14:00,254.0,86.0,0.0,101.0,8.0,False
baseline,2026-09-19,陽明中学校口,kajiso_libre,12:30:00,True,,1+1+毎日+4,1,17_1,17,13:28:00,21_1,21,13:32:00,13:37:00,14:22:00,2+0+毎日+5,2,21_2,28,16:08:00,17_2,32,16:12:00,16:14:00,224.0,56.0,0.0,101.0,8.0,False
baseline,2026-09-19,陽明中学校口,kajiso_libre,13:00:00,True,,1+1+毎日+4,1,17_1,17,13:28:00,21_1,21,13:32:00,13:37:00,14:22:00,2+0+毎日+5,2,21_2,28,16:08:00,17_2,32,16:12:00,16:14:00,194.0,26.0,0.0,101.0,8.0,False
baseline,2026-09-19,陽明中学校口,kajiso_libre,13:30:00,False,no_outbound_bus,,,,,,,,,,,,,,,,,,,,,,,,,False
baseline,2026-09-19,陽明中学校口,kajiso_libre,14:00:00,False,no_outbound_bus,,,,,,,,,,,,,,,,,,,,,,,,,False
baseline,2026-09-19,陽明中学校口,kajiso_libre,14:30:00,False,no_outbound_bus,,,,,,,,,,,,,,,,,,,,,,,,,False
baseline,2026-09-19,陽明中学校口,kajiso_libre,15:00:00,False,no_outbound_bus,,,,,,,,,,,,,,,,,,,,,,,,,False
baseline,2026-09-19,陽明中学校口,kajiso_libre,15:30:00,False,no_outbound_bus,,,,,,,,,,,,,,,,,,,,,,,,,False
baseline,2026-09-19,陽明中学校口,kajiso_libre,16:00:00,False,no_outbound_bus,,,,,,,,,,,,,,,,,,,,,,,,,False
baseline,2026-09-19,陽明中学校口,kajiso_vio,08:00:00,True,,1+1+毎日+2,1,17_1,17,09:46:00,25_0,32,10:13:00,10:18:00,11:03:00,2+0+毎日+3,2,25_0,17,11:19:00,17_2,32,11:51:00,11:53:00,233.0,104.0,0.0,11.0,59.0,False
baseline,2026-09-19,陽明中学校口,kajiso_vio,08:30:00,True,,1+1+毎日+2,1,17_1,17,09:46:00,25_0,32,10:13:00,10:18:00,11:03:00,2+0+毎日+3,2,25_0,17,11:19:00,17_2,32,11:51:00,11:53:00,203.0,74.0,0.0,11.0,59.0,False
baseline,2026-09-19,陽明中学校口,kajiso_vio,09:00:00,True,,1+1+毎日+2,1,17_1,17,09:46:00,25_0,32,10:13:00,10:18:00,11:03:00,2+0+毎日+3,2,25_0,17,11:19:00,17_2,32,11:51:00,11:53:00,173.0,44.0,0.0,11.0,59.0,True
baseline,2026-09-19,陽明中学校口,kajiso_vio,09:30:00,True,,1+1+毎日+2,1,17_1,17,09:46:00,25_0,32,10:13:00,10:18:00,11:03:00,2+0+毎日+3,2,25_0,17,11:19:00,17_2,32,11:51:00,11:53:00,143.0,14.0,0.0,11.0,59.0,True
baseline,2026-09-19,陽明中学校口,kajiso_vio,10:00:00,True,,1+1+毎日+4,1,17_1,17,13:28:00,25_0,32,14:03:00,14:08:00,14:53:00,2+0+毎日+5,2,25_0,17,15:48:00,17_2,32,16:12:00,16:14:00,374.0,206.0,0.0,50.0,59.0,False
baseline,2026-09-19,陽明中学校口,kajiso_vio,10:30:00,True,,1+1+毎日+4,1,17_1,17,13:28:00,25_0,32,14:03:00,14:08:00,14:53:00,2+0+毎日+5,2,25_0,17,15:48:00,17_2,32,16:12:00,16:14:00,344.0,176.0,0.0,50.0,59.0,False
baseline,2026-09-19,陽明中学校口,kajiso_vio,11:00:00,True,,1+1+毎日+4,1,17_1,17,13:28:00,25_0,32,14:03:00,14:08:00,14:53:00,2+0+毎日+5,2,25_0,17,15:48:00,17_2,32,16:12:00,16:14:00,314.0,146.0,0.0,50.0,59.0,False
baseline,2026-09-19,陽明中学校口,kajiso_vio,11:30:00,True,,1+1+毎日+4,1,17_1,17,13:28:00,25_0,32,14:03:00,14:08:00,14:53:00,2+0+毎日+5,2,25_0,17,15:48:00,17_2,32,16:12:00,16:14:00,284.0,116.0,0.0,50.0,59.0,False
baseline,2026-09-19,陽明中学校口,kajiso_vio,12:00:00,True,,1+1+毎日+4,1,17_1,17,13:28:00,25_0,32,14:03:00,14:08:00,14:53:00,2+0+毎日+5,2,25_0,17,15:48:00,17_2,32,16:12:00,16:14:00,254.0,86.0,0.0,50.0,59.0,False
baseline,2026-09-19,陽明中学校口,kajiso_vio,12:30:00,True,,1+1+毎日+4,1,17_1,17,13:28:00,25_0,32,14:03:00,14:08:00,14:53:00,2+0+毎日+5,2,25_0,17,15:48:00,17_2,32,16:12:00,16:14:00,224.0,56.0,0.0,50.0,59.0,False
baseline,2026-09-19,陽明中学校口,kajiso_vio,13:00:00,True,,1+1+毎日+4,1,17_1,17,13:28:00,25_0,32,14:03:00,14:08:00,14:53:00,2+0+毎日+5,2,25_0,17,15:48:00,17_2,32,16:12:00,16:14:00,194.0,26.0,0.0,50.0,59.0,False
baseline,2026-09-19,陽明中学校口,kajiso_vio,13:30:00,False,no_outbound_bus,,,,,,,,,,,,,,,,,,,,,,,,,False
baseline,2026-09-19,陽明中学校口,kajiso_vio,14:00:00,False,no_outbound_bus,,,,,,,,,,,,,,,,,,,,,,,,,False
baseline,2026-09-19,陽明中学校口,kajiso_vio,14:30:00,False,no_outbound_bus,,,,,,,,,,,,,,,,,,,,,,,,,False
baseline,2026-09-19,陽明中学校口,kajiso_vio,15:00:00,False,no_outbound_bus,,,,,,,,,,,,,,,,,,,,,,,,,False
baseline,2026-09-19,陽明中学校口,kajiso_vio,15:30:00,False,no_outbound_bus,,,,,,,,,,,,,,,,,,,,,,,,,False
baseline,2026-09-19,陽明中学校口,kajiso_vio,16:00:00,False,no_outbound_bus,,,,,,,,,,,,,,,,,,,,,,,,,False
baseline,2026-09-19,さくら公園,kajiso_libre,08:00:00,True,,1+1+毎日+2,1,19_1,19,09:48:00,21_1,21,09:50:00,09:55:00,10:40:00,2+0+毎日+3,2,21_2,28,11:47:00,19_2,30,11:49:00,11:51:00,231.0,106.0,0.0,62.0,4.0,False
baseline,2026-09-19,さくら公園,kajiso_libre,08:30:00,True,,1+1+毎日+2,1,19_1,19,09:48:00,21_1,21,09:50:00,09:55:00,10:40:00,2+0+毎日+3,2,21_2,28,11:47:00,19_2,30,11:49:00,11:51:00,201.0,76.0,0.0,62.0,4.0,False
baseline,2026-09-19,さくら公園,kajiso_libre,09:00:00,True,,1+1+毎日+2,1,19_1,19,09:48:00,21_1,21,09:50:00,09:55:00,10:40:00,2+0+毎日+3,2,21_2,28,11:47:00,19_2,30,11:49:00,11:51:00,171.0,46.0,0.0,62.0,4.0,True
baseline,2026-09-19,さくら公園,kajiso_libre,09:30:00,True,,1+1+毎日+2,1,19_1,19,09:48:00,21_1,21,09:50:00,09:55:00,10:40:00,2+0+毎日+3,2,21_2,28,11:47:00,19_2,30,11:49:00,11:51:00,141.0,16.0,0.0,62.0,4.0,True
baseline,2026-09-19,さくら公園,kajiso_libre,10:00:00,True,,1+1+毎日+4,1,19_1,19,13:30:00,21_1,21,13:32:00,13:37:00,14:22:00,2+0+毎日+5,2,21_2,28,16:08:00,19_2,30,16:10:00,16:12:00,372.0,208.0,0.0,101.0,4.0,False
baseline,2026-09-19,さくら公園,kajiso_libre,10:30:00,True,,1+1+毎日+4,1,19_1,19,13:30:00,21_1,21,13:32:00,13:37:00,14:22:00,2+0+毎日+5,2,21_2,28,16:08:00,19_2,30,16:10:00,16:12:00,342.0,178.0,0.0,101.0,4.0,False
baseline,2026-09-19,さくら公園,kajiso_libre,11:00:00,True,,1+1+毎日+4,1,19_1,19,13:30:00,21_1,21,13:32:00,13:37:00,14:22:00,2+0+毎日+5,2,21_2,28,16:08:00,19_2,30,16:10:00,16:12:00,312.0,148.0,0.0,101.0,4.0,False
baseline,2026-09-19,さくら公園,kajiso_libre,11:30:00,True,,1+1+毎日+4,1,19_1,19,13:30:00,21_1,21,13:32:00,13:37:00,14:22:00,2+0+毎日+5,2,21_2,28,16:08:00,19_2,30,16:10:00,16:12:00,282.0,118.0,0.0,101.0,4.0,False
baseline,2026-09-19,さくら公園,kajiso_libre,12:00:00,True,,1+1+毎日+4,1,19_1,19,13:30:00,21_1,21,13:32:00,13:37:00,14:22:00,2+0+毎日+5,2,21_2,28,16:08:00,19_2,30,16:10:00,16:12:00,252.0,88.0,0.0,101.0,4.0,False
baseline,2026-09-19,さくら公園,kajiso_libre,12:30:00,True,,1+1+毎日+4,1,19_1,19,13:30:00,21_1,21,13:32:00,13:37:00,14:22:00,2+0+毎日+5,2,21_2,28,16:08:00,19_2,30,16:10:00,16:12:00,222.0,58.0,0.0,101.0,4.0,False
baseline,2026-09-19,さくら公園,kajiso_libre,13:00:00,True,,1+1+毎日+4,1,19_1,19,13:30:00,21_1,21,13:32:00,13:37:00,14:22:00,2+0+毎日+5,2,21_2,28,16:08:00,19_2,30,16:10:00,16:12:00,192.0,28.0,0.0,101.0,4.0,False
baseline,2026-09-19,さくら公園,kajiso_libre,13:30:00,False,no_outbound_bus,,,,,,,,,,,,,,,,,,,,,,,,,False
baseline,2026-09-19,さくら公園,kajiso_libre,14:00:00,False,no_outbound_bus,,,,,,,,,,,,,,,,,,,,,,,,,False
baseline,2026-09-19,さくら公園,kajiso_libre,14:30:00,False,no_outbound_bus,,,,,,,,,,,,,,,,,,,,,,,,,False
baseline,2026-09-19,さくら公園,kajiso_libre,15:00:00,False,no_outbound_bus,,,,,,,,,,,,,,,,,,,,,,,,,False
baseline,2026-09-19,さくら公園,kajiso_libre,15:30:00,False,no_outbound_bus,,,,,,,,,,,,,,,,,,,,,,,,,False
baseline,2026-09-19,さくら公園,kajiso_libre,16:00:00,False,no_outbound_bus,,,,,,,,,,,,,,,,,,,,,,,,,False
baseline,2026-09-19,さくら公園,kajiso_vio,08:00:00,True,,1+1+毎日+2,1,19_1,19,09:48:00,25_0,32,10:13:00,10:18:00,11:03:00,2+0+毎日+3,2,25_0,17,11:19:00,19_2,30,11:49:00,11:51:00,231.0,106.0,0.0,11.0,55.0,False
baseline,2026-09-19,さくら公園,kajiso_vio,08:30:00,True,,1+1+毎日+2,1,19_1,19,09:48:00,25_0,32,10:13:00,10:18:00,11:03:00,2+0+毎日+3,2,25_0,17,11:19:00,19_2,30,11:49:00,11:51:00,201.0,76.0,0.0,11.0,55.0,False
baseline,2026-09-19,さくら公園,kajiso_vio,09:00:00,True,,1+1+毎日+2,1,19_1,19,09:48:00,25_0,32,10:13:00,10:18:00,11:03:00,2+0+毎日+3,2,25_0,17,11:19:00,19_2,30,11:49:00,11:51:00,171.0,46.0,0.0,11.0,55.0,True
baseline,2026-09-19,さくら公園,kajiso_vio,09:30:00,True,,1+1+毎日+2,1,19_1,19,09:48:00,25_0,32,10:13:00,10:18:00,11:03:00,2+0+毎日+3,2,25_0,17,11:19:00,19_2,30,11:49:00,11:51:00,141.0,16.0,0.0,11.0,55.0,True
baseline,2026-09-19,さくら公園,kajiso_vio,10:00:00,True,,1+1+毎日+4,1,19_1,19,13:30:00,25_0,32,14:03:00,14:08:00,14:53:00,2+0+毎日+5,2,25_0,17,15:48:00,19_2,30,16:10:00,16:12:00,372.0,208.0,0.0,50.0,55.0,False
baseline,2026-09-19,さくら公園,kajiso_vio,10:30:00,True,,1+1+毎日+4,1,19_1,19,13:30:00,25_0,32,14:03:00,14:08:00,14:53:00,2+0+毎日+5,2,25_0,17,15:48:00,19_2,30,16:10:00,16:12:00,342.0,178.0,0.0,50.0,55.0,False
baseline,2026-09-19,さくら公園,kajiso_vio,11:00:00,True,,1+1+毎日+4,1,19_1,19,13:30:00,25_0,32,14:03:00,14:08:00,14:53:00,2+0+毎日+5,2,25_0,17,15:48:00,19_2,30,16:10:00,16:12:00,312.0,148.0,0.0,50.0,55.0,False
baseline,2026-09-19,さくら公園,kajiso_vio,11:30:00,True,,1+1+毎日+4,1,19_1,19,13:30:00,25_0,32,14:03:00,14:08:00,14:53:00,2+0+毎日+5,2,25_0,17,15:48:00,19_2,30,16:10:00,16:12:00,282.0,118.0,0.0,50.0,55.0,False
baseline,2026-09-19,さくら公園,kajiso_vio,12:00:00,True,,1+1+毎日+4,1,19_1,19,13:30:00,25_0,32,14:03:00,14:08:00,14:53:00,2+0+毎日+5,2,25_0,17,15:48:00,19_2,30,16:10:00,16:12:00,252.0,88.0,0.0,50.0,55.0,False
baseline,2026-09-19,さくら公園,kajiso_vio,12:30:00,True,,1+1+毎日+4,1,19_1,19,13:30:00,25_0,32,14:03:00,14:08:00,14:53:00,2+0+毎日+5,2,25_0,17,15:48:00,19_2,30,16:10:00,16:12:00,222.0,58.0,0.0,50.0,55.0,False
baseline,2026-09-19,さくら公園,kajiso_vio,13:00:00,True,,1+1+毎日+4,1,19_1,19,13:30:00,25_0,32,14:03:00,14:08:00,14:53:00,2+0+毎日+5,2,25_0,17,15:48:00,19_2,30,16:10:00,16:12:00,192.0,28.0,0.0,50.0,55.0,False
baseline,2026-09-19,さくら公園,kajiso_vio,13:30:00,False,no_outbound_bus,,,,,,,,,,,,,,,,,,,,,,,,,False
baseline,2026-09-19,さくら公園,kajiso_vio,14:00:00,False,no_outbound_bus,,,,,,,,,,,,,,,,,,,,,,,,,False
baseline,2026-09-19,さくら公園,kajiso_vio,14:30:00,False,no_outbound_bus,,,,,,,,,,,,,,,,,,,,,,,,,False
baseline,2026-09-19,さくら公園,kajiso_vio,15:00:00,False,no_outbound_bus,,,,,,,,,,,,,,,,,,,,,,,,,False
baseline,2026-09-19,さくら公園,kajiso_vio,15:30:00,False,no_outbound_bus,,,,,,,,,,,,,,,,,,,,,,,,,False
baseline,2026-09-19,さくら公園,kajiso_vio,16:00:00,False,no_outbound_bus,,,,,,,,,,,,,,,,,,,,,,,,,False
baseline,2026-09-19,わかくさ,kajiso_libre,08:00:00,True,,2+0+毎日+3,2,22_2,27,11:46:00,21_2,28,11:47:00,11:52:00,12:37:00,1+1+毎日+4,1,21_1,21,13:32:00,22_1,22,13:33:00,13:35:00,335.0,224.0,0.0,50.0,2.0,False
baseline,2026-09-19,わかくさ,kajiso_libre,08:30:00,True,,2+0+毎日+3,2,22_2,27,11:46:00,21_2,28,11:47:00,11:52:00,12:37:00,1+1+毎日+4,1,21_1,21,13:32:00,22_1,22,13:33:00,13:35:00,305.0,194.0,0.0,50.0,2.0,False
baseline,2026-09-19,わかくさ,kajiso_libre,09:00:00,True,,2+0+毎日+3,2,22_2,27,11:46:00,21_2,28,11:47:00,11:52:00,12:37:00,1+1+毎日+4,1,21_1,21,13:32:00,22_1,22,13:33:00,13:35:00,275.0,164.0,0.0,50.0,2.0,False
baseline,2026-09-19,わかくさ,kajiso_libre,09:30:00,True,,2+0+毎日+3,2,22_2,27,11:46:00,21_2,28,11:47:00,11:52:00,12:37:00,1+1+毎日+4,1,21_1,21,13:32:00,22_1,22,13:33:00,13:35:00,245.0,134.0,0.0,50.0,2.0,False
baseline,2026-09-19,わかくさ,kajiso_libre,10:00:00,True,,2+0+毎日+3,2,22_2,27,11:46:00,21_2,28,11:47:00,11:52:00,12:37:00,1+1+毎日+4,1,21_1,21,13:32:00,22_1,22,13:33:00,13:35:00,215.0,104.0,0.0,50.0,2.0,False
baseline,2026-09-19,わかくさ,kajiso_libre,10:30:00,True,,2+0+毎日+3,2,22_2,27,11:46:00,21_2,28,11:47:00,11:52:00,12:37:00,1+1+毎日+4,1,21_1,21,13:32:00,22_1,22,13:33:00,13:35:00,185.0,74.0,0.0,50.0,2.0,False
baseline,2026-09-19,わかくさ,kajiso_libre,11:00:00,True,,2+0+毎日+3,2,22_2,27,11:46:00,21_2,28,11:47:00,11:52:00,12:37:00,1+1+毎日+4,1,21_1,21,13:32:00,22_1,22,13:33:00,13:35:00,155.0,44.0,0.0,50.0,2.0,True
baseline,2026-09-19,わかくさ,kajiso_libre,11:30:00,True,,2+0+毎日+3,2,22_2,27,11:46:00,21_2,28,11:47:00,11:52:00,12:37:00,1+1+毎日+4,1,21_1,21,13:32:00,22_1,22,13:33:00,13:35:00,125.0,14.0,0.0,50.0,2.0,True
baseline,2026-09-19,わかくさ,kajiso_libre,12:00:00,False,no_return_by_deadline,,,,,,,,,,,,,,,,,,,,,,,,,False
baseline,2026-09-19,わかくさ,kajiso_libre,12:30:00,False,no_return_by_deadline,,,,,,,,,,,,,,,,,,,,,,,,,False
baseline,2026-09-19,わかくさ,kajiso_libre,13:00:00,False,no_return_by_deadline,,,,,,,,,,,,,,,,,,,,,,,,,False
baseline,2026-09-19,わかくさ,kajiso_libre,13:30:00,False,no_return_by_deadline,,,,,,,,,,,,,,,,,,,,,,,,,False
baseline,2026-09-19,わかくさ,kajiso_libre,14:00:00,False,no_return_by_deadline,,,,,,,,,,,,,,,,,,,,,,,,,False
baseline,2026-09-19,わかくさ,kajiso_libre,14:30:00,False,no_return_by_deadline,,,,,,,,,,,,,,,,,,,,,,,,,False
baseline,2026-09-19,わかくさ,kajiso_libre,15:00:00,False,no_return_by_deadline,,,,,,,,,,,,,,,,,,,,,,,,,False
baseline,2026-09-19,わかくさ,kajiso_libre,15:30:00,False,no_return_by_deadline,,,,,,,,,,,,,,,,,,,,,,,,,False
baseline,2026-09-19,わかくさ,kajiso_libre,16:00:00,False,no_return_by_deadline,,,,,,,,,,,,,,,,,,,,,,,,,False
baseline,2026-09-19,わかくさ,kajiso_vio,08:00:00,True,,1+1+毎日+2,1,22_1,22,09:51:00,25_0,32,10:13:00,10:18:00,11:03:00,2+0+毎日+3,2,25_0,17,11:19:00,22_2,27,11:46:00,11:48:00,228.0,109.0,0.0,11.0,49.0,False
baseline,2026-09-19,わかくさ,kajiso_vio,08:30:00,True,,1+1+毎日+2,1,22_1,22,09:51:00,25_0,32,10:13:00,10:18:00,11:03:00,2+0+毎日+3,2,25_0,17,11:19:00,22_2,27,11:46:00,11:48:00,198.0,79.0,0.0,11.0,49.0,False
baseline,2026-09-19,わかくさ,kajiso_vio,09:00:00,True,,1+1+毎日+2,1,22_1,22,09:51:00,25_0,32,10:13:00,10:18:00,11:03:00,2+0+毎日+3,2,25_0,17,11:19:00,22_2,27,11:46:00,11:48:00,168.0,49.0,0.0,11.0,49.0,True
baseline,2026-09-19,わかくさ,kajiso_vio,09:30:00,True,,1+1+毎日+2,1,22_1,22,09:51:00,25_0,32,10:13:00,10:18:00,11:03:00,2+0+毎日+3,2,25_0,17,11:19:00,22_2,27,11:46:00,11:48:00,138.0,19.0,0.0,11.0,49.0,True
baseline,2026-09-19,わかくさ,kajiso_vio,10:00:00,True,,1+1+毎日+4,1,22_1,22,13:33:00,25_0,32,14:03:00,14:08:00,14:53:00,2+0+毎日+5,2,25_0,17,15:48:00,22_2,27,16:07:00,16:09:00,369.0,211.0,0.0,50.0,49.0,False
baseline,2026-09-19,わかくさ,kajiso_vio,10:30:00,True,,1+1+毎日+4,1,22_1,22,13:33:00,25_0,32,14:03:00,14:08:00,14:53:00,2+0+毎日+5,2,25_0,17,15:48:00,22_2,27,16:07:00,16:09:00,339.0,181.0,0.0,50.0,49.0,False
baseline,2026-09-19,わかくさ,kajiso_vio,11:00:00,True,,1+1+毎日+4,1,22_1,22,13:33:00,25_0,32,14:03:00,14:08:00,14:53:00,2+0+毎日+5,2,25_0,17,15:48:00,22_2,27,16:07:00,16:09:00,309.0,151.0,0.0,50.0,49.0,False
baseline,2026-09-19,わかくさ,kajiso_vio,11:30:00,True,,1+1+毎日+4,1,22_1,22,13:33:00,25_0,32,14:03:00,14:08:00,14:53:00,2+0+毎日+5,2,25_0,17,15:48:00,22_2,27,16:07:00,16:09:00,279.0,121.0,0.0,50.0,49.0,False
baseline,2026-09-19,わかくさ,kajiso_vio,12:00:00,True,,1+1+毎日+4,1,22_1,22,13:33:00,25_0,32,14:03:00,14:08:00,14:53:00,2+0+毎日+5,2,25_0,17,15:48:00,22_2,27,16:07:00,16:09:00,249.0,91.0,0.0,50.0,49.0,False
baseline,2026-09-19,わかくさ,kajiso_vio,12:30:00,True,,1+1+毎日+4,1,22_1,22,13:33:00,25_0,32,14:03:00,14:08:00,14:53:00,2+0+毎日+5,2,25_0,17,15:48:00,22_2,27,16:07:00,16:09:00,219.0,61.0,0.0,50.0,49.0,False
baseline,2026-09-19,わかくさ,kajiso_vio,13:00:00,True,,1+1+毎日+4,1,22_1,22,13:33:00,25_0,32,14:03:00,14:08:00,14:53:00,2+0+毎日+5,2,25_0,17,15:48:00,22_2,27,16:07:00,16:09:00,189.0,31.0,0.0,50.0,49.0,False
baseline,2026-09-19,わかくさ,kajiso_vio,13:30:00,False,no_outbound_bus,,,,,,,,,,,,,,,,,,,,,,,,,False
baseline,2026-09-19,わかくさ,kajiso_vio,14:00:00,False,no_outbound_bus,,,,,,,,,,,,,,,,,,,,,,,,,False
baseline,2026-09-19,わかくさ,kajiso_vio,14:30:00,False,no_outbound_bus,,,,,,,,,,,,,,,,,,,,,,,,,False
baseline,2026-09-19,わかくさ,kajiso_vio,15:00:00,False,no_outbound_bus,,,,,,,,,,,,,,,,,,,,,,,,,False
baseline,2026-09-19,わかくさ,kajiso_vio,15:30:00,False,no_outbound_bus,,,,,,,,,,,,,,,,,,,,,,,,,False
baseline,2026-09-19,わかくさ,kajiso_vio,16:00:00,False,no_outbound_bus,,,,,,,,,,,,,,,,,,,,,,,,,False
baseline,2026-09-19,篠座,kajiso_libre,08:00:00,True,,2+0+毎日+3,2,29_2,13,11:12:00,21_2,28,11:47:00,11:52:00,12:37:00,1+1+毎日+4,1,21_1,21,13:32:00,29_1,36,14:11:00,14:13:00,373.0,190.0,0.0,50.0,74.0,False
baseline,2026-09-19,篠座,kajiso_libre,08:30:00,True,,2+0+毎日+3,2,29_2,13,11:12:00,21_2,28,11:47:00,11:52:00,12:37:00,1+1+毎日+4,1,21_1,21,13:32:00,29_1,36,14:11:00,14:13:00,343.0,160.0,0.0,50.0,74.0,False
baseline,2026-09-19,篠座,kajiso_libre,09:00:00,True,,2+0+毎日+3,2,29_2,13,11:12:00,21_2,28,11:47:00,11:52:00,12:37:00,1+1+毎日+4,1,21_1,21,13:32:00,29_1,36,14:11:00,14:13:00,313.0,130.0,0.0,50.0,74.0,False
baseline,2026-09-19,篠座,kajiso_libre,09:30:00,True,,2+0+毎日+3,2,29_2,13,11:12:00,21_2,28,11:47:00,11:52:00,12:37:00,1+1+毎日+4,1,21_1,21,13:32:00,29_1,36,14:11:00,14:13:00,283.0,100.0,0.0,50.0,74.0,False
baseline,2026-09-19,篠座,kajiso_libre,10:00:00,True,,2+0+毎日+3,2,29_2,13,11:12:00,21_2,28,11:47:00,11:52:00,12:37:00,1+1+毎日+4,1,21_1,21,13:32:00,29_1,36,14:11:00,14:13:00,253.0,70.0,0.0,50.0,74.0,False
baseline,2026-09-19,篠座,kajiso_libre,10:30:00,True,,2+0+毎日+3,2,29_2,13,11:12:00,21_2,28,11:47:00,11:52:00,12:37:00,1+1+毎日+4,1,21_1,21,13:32:00,29_1,36,14:11:00,14:13:00,223.0,40.0,0.0,50.0,74.0,False
baseline,2026-09-19,篠座,kajiso_libre,11:00:00,True,,2+0+毎日+3,2,29_2,13,11:12:00,21_2,28,11:47:00,11:52:00,12:37:00,1+1+毎日+4,1,21_1,21,13:32:00,29_1,36,14:11:00,14:13:00,193.0,10.0,0.0,50.0,74.0,False
baseline,2026-09-19,篠座,kajiso_libre,11:30:00,False,no_return_by_deadline,,,,,,,,,,,,,,,,,,,,,,,,,False
baseline,2026-09-19,篠座,kajiso_libre,12:00:00,False,no_return_by_deadline,,,,,,,,,,,,,,,,,,,,,,,,,False
baseline,2026-09-19,篠座,kajiso_libre,12:30:00,False,no_return_by_deadline,,,,,,,,,,,,,,,,,,,,,,,,,False
baseline,2026-09-19,篠座,kajiso_libre,13:00:00,False,no_return_by_deadline,,,,,,,,,,,,,,,,,,,,,,,,,False
baseline,2026-09-19,篠座,kajiso_libre,13:30:00,False,no_return_by_deadline,,,,,,,,,,,,,,,,,,,,,,,,,False
baseline,2026-09-19,篠座,kajiso_libre,14:00:00,False,no_return_by_deadline,,,,,,,,,,,,,,,,,,,,,,,,,False
baseline,2026-09-19,篠座,kajiso_libre,14:30:00,False,no_return_by_deadline,,,,,,,,,,,,,,,,,,,,,,,,,False
baseline,2026-09-19,篠座,kajiso_libre,15:00:00,False,no_return_by_deadline,,,,,,,,,,,,,,,,,,,,,,,,,False
baseline,2026-09-19,篠座,kajiso_libre,15:30:00,False,no_return_by_deadline,,,,,,,,,,,,,,,,,,,,,,,,,False
baseline,2026-09-19,篠座,kajiso_libre,16:00:00,False,no_outbound_bus,,,,,,,,,,,,,,,,,,,,,,,,,False
baseline,2026-09-19,篠座,kajiso_vio,08:00:00,True,,2+0+毎日+3,2,29_2,13,11:12:00,25_0,17,11:19:00,11:24:00,12:09:00,1+1+毎日+4,1,25_0,32,14:03:00,29_1,36,14:11:00,14:13:00,373.0,190.0,0.0,109.0,15.0,False
baseline,2026-09-19,篠座,kajiso_vio,08:30:00,True,,2+0+毎日+3,2,29_2,13,11:12:00,25_0,17,11:19:00,11:24:00,12:09:00,1+1+毎日+4,1,25_0,32,14:03:00,29_1,36,14:11:00,14:13:00,343.0,160.0,0.0,109.0,15.0,False
baseline,2026-09-19,篠座,kajiso_vio,09:00:00,True,,2+0+毎日+3,2,29_2,13,11:12:00,25_0,17,11:19:00,11:24:00,12:09:00,1+1+毎日+4,1,25_0,32,14:03:00,29_1,36,14:11:00,14:13:00,313.0,130.0,0.0,109.0,15.0,False
baseline,2026-09-19,篠座,kajiso_vio,09:30:00,True,,2+0+毎日+3,2,29_2,13,11:12:00,25_0,17,11:19:00,11:24:00,12:09:00,1+1+毎日+4,1,25_0,32,14:03:00,29_1,36,14:11:00,14:13:00,283.0,100.0,0.0,109.0,15.0,False
baseline,2026-09-19,篠座,kajiso_vio,10:00:00,True,,2+0+毎日+3,2,29_2,13,11:12:00,25_0,17,11:19:00,11:24:00,12:09:00,1+1+毎日+4,1,25_0,32,14:03:00,29_1,36,14:11:00,14:13:00,253.0,70.0,0.0,109.0,15.0,False
baseline,2026-09-19,篠座,kajiso_vio,10:30:00,True,,2+0+毎日+3,2,29_2,13,11:12:00,25_0,17,11:19:00,11:24:00,12:09:00,1+1+毎日+4,1,25_0,32,14:03:00,29_1,36,14:11:00,14:13:00,223.0,40.0,0.0,109.0,15.0,False
baseline,2026-09-19,篠座,kajiso_vio,11:00:00,True,,2+0+毎日+3,2,29_2,13,11:12:00,25_0,17,11:19:00,11:24:00,12:09:00,1+1+毎日+4,1,25_0,32,14:03:00,29_1,36,14:11:00,14:13:00,193.0,10.0,0.0,109.0,15.0,False
baseline,2026-09-19,篠座,kajiso_vio,11:30:00,False,no_return_by_deadline,,,,,,,,,,,,,,,,,,,,,,,,,False
baseline,2026-09-19,篠座,kajiso_vio,12:00:00,False,no_return_by_deadline,,,,,,,,,,,,,,,,,,,,,,,,,False
baseline,2026-09-19,篠座,kajiso_vio,12:30:00,False,no_return_by_deadline,,,,,,,,,,,,,,,,,,,,,,,,,False
baseline,2026-09-19,篠座,kajiso_vio,13:00:00,False,no_return_by_deadline,,,,,,,,,,,,,,,,,,,,,,,,,False
baseline,2026-09-19,篠座,kajiso_vio,13:30:00,False,no_return_by_deadline,,,,,,,,,,,,,,,,,,,,,,,,,False
baseline,2026-09-19,篠座,kajiso_vio,14:00:00,False,no_return_by_deadline,,,,,,,,,,,,,,,,,,,,,,,,,False
baseline,2026-09-19,篠座,kajiso_vio,14:30:00,False,no_return_by_deadline,,,,,,,,,,,,,,,,,,,,,,,,,False
baseline,2026-09-19,篠座,kajiso_vio,15:00:00,False,no_return_by_deadline,,,,,,,,,,,,,,,,,,,,,,,,,False
baseline,2026-09-19,篠座,kajiso_vio,15:30:00,False,no_return_by_deadline,,,,,,,,,,,,,,,,,,,,,,,,,False
baseline,2026-09-19,篠座,kajiso_vio,16:00:00,False,no_outbound_bus,,,,,,,,,,,,,,,,,,,,,,,,,False
baseline,2026-09-19,いなほこども園,kajiso_libre,08:00:00,True,,2+0+毎日+3,2,33_2,9,11:08:00,21_2,28,11:47:00,11:52:00,12:37:00,1+1+毎日+4,1,21_1,21,13:32:00,33_1,40,14:15:00,14:17:00,377.0,186.0,0.0,50.0,82.0,False
baseline,2026-09-19,いなほこども園,kajiso_libre,08:30:00,True,,2+0+毎日+3,2,33_2,9,11:08:00,21_2,28,11:47:00,11:52:00,12:37:00,1+1+毎日+4,1,21_1,21,13:32:00,33_1,40,14:15:00,14:17:00,347.0,156.0,0.0,50.0,82.0,False
baseline,2026-09-19,いなほこども園,kajiso_libre,09:00:00,True,,2+0+毎日+3,2,33_2,9,11:08:00,21_2,28,11:47:00,11:52:00,12:37:00,1+1+毎日+4,1,21_1,21,13:32:00,33_1,40,14:15:00,14:17:00,317.0,126.0,0.0,50.0,82.0,False
baseline,2026-09-19,いなほこども園,kajiso_libre,09:30:00,True,,2+0+毎日+3,2,33_2,9,11:08:00,21_2,28,11:47:00,11:52:00,12:37:00,1+1+毎日+4,1,21_1,21,13:32:00,33_1,40,14:15:00,14:17:00,287.0,96.0,0.0,50.0,82.0,False
baseline,2026-09-19,いなほこども園,kajiso_libre,10:00:00,True,,2+0+毎日+3,2,33_2,9,11:08:00,21_2,28,11:47:00,11:52:00,12:37:00,1+1+毎日+4,1,21_1,21,13:32:00,33_1,40,14:15:00,14:17:00,257.0,66.0,0.0,50.0,82.0,False
baseline,2026-09-19,いなほこども園,kajiso_libre,10:30:00,True,,2+0+毎日+3,2,33_2,9,11:08:00,21_2,28,11:47:00,11:52:00,12:37:00,1+1+毎日+4,1,21_1,21,13:32:00,33_1,40,14:15:00,14:17:00,227.0,36.0,0.0,50.0,82.0,False
baseline,2026-09-19,いなほこども園,kajiso_libre,11:00:00,True,,2+0+毎日+3,2,33_2,9,11:08:00,21_2,28,11:47:00,11:52:00,12:37:00,1+1+毎日+4,1,21_1,21,13:32:00,33_1,40,14:15:00,14:17:00,197.0,6.0,0.0,50.0,82.0,False
baseline,2026-09-19,いなほこども園,kajiso_libre,11:30:00,False,no_return_by_deadline,,,,,,,,,,,,,,,,,,,,,,,,,False
baseline,2026-09-19,いなほこども園,kajiso_libre,12:00:00,False,no_return_by_deadline,,,,,,,,,,,,,,,,,,,,,,,,,False
baseline,2026-09-19,いなほこども園,kajiso_libre,12:30:00,False,no_return_by_deadline,,,,,,,,,,,,,,,,,,,,,,,,,False
baseline,2026-09-19,いなほこども園,kajiso_libre,13:00:00,False,no_return_by_deadline,,,,,,,,,,,,,,,,,,,,,,,,,False
baseline,2026-09-19,いなほこども園,kajiso_libre,13:30:00,False,no_return_by_deadline,,,,,,,,,,,,,,,,,,,,,,,,,False
baseline,2026-09-19,いなほこども園,kajiso_libre,14:00:00,False,no_return_by_deadline,,,,,,,,,,,,,,,,,,,,,,,,,False
baseline,2026-09-19,いなほこども園,kajiso_libre,14:30:00,False,no_return_by_deadline,,,,,,,,,,,,,,,,,,,,,,,,,False
baseline,2026-09-19,いなほこども園,kajiso_libre,15:00:00,False,no_return_by_deadline,,,,,,,,,,,,,,,,,,,,,,,,,False
baseline,2026-09-19,いなほこども園,kajiso_libre,15:30:00,False,no_return_by_deadline,,,,,,,,,,,,,,,,,,,,,,,,,False
baseline,2026-09-19,いなほこども園,kajiso_libre,16:00:00,False,no_outbound_bus,,,,,,,,,,,,,,,,,,,,,,,,,False
baseline,2026-09-19,いなほこども園,kajiso_vio,08:00:00,True,,2+0+毎日+3,2,33_2,9,11:08:00,25_0,17,11:19:00,11:24:00,12:09:00,1+1+毎日+4,1,25_0,32,14:03:00,33_1,40,14:15:00,14:17:00,377.0,186.0,0.0,109.0,23.0,False
baseline,2026-09-19,いなほこども園,kajiso_vio,08:30:00,True,,2+0+毎日+3,2,33_2,9,11:08:00,25_0,17,11:19:00,11:24:00,12:09:00,1+1+毎日+4,1,25_0,32,14:03:00,33_1,40,14:15:00,14:17:00,347.0,156.0,0.0,109.0,23.0,False
baseline,2026-09-19,いなほこども園,kajiso_vio,09:00:00,True,,2+0+毎日+3,2,33_2,9,11:08:00,25_0,17,11:19:00,11:24:00,12:09:00,1+1+毎日+4,1,25_0,32,14:03:00,33_1,40,14:15:00,14:17:00,317.0,126.0,0.0,109.0,23.0,False
baseline,2026-09-19,いなほこども園,kajiso_vio,09:30:00,True,,2+0+毎日+3,2,33_2,9,11:08:00,25_0,17,11:19:00,11:24:00,12:09:00,1+1+毎日+4,1,25_0,32,14:03:00,33_1,40,14:15:00,14:17:00,287.0,96.0,0.0,109.0,23.0,False
baseline,2026-09-19,いなほこども園,kajiso_vio,10:00:00,True,,2+0+毎日+3,2,33_2,9,11:08:00,25_0,17,11:19:00,11:24:00,12:09:00,1+1+毎日+4,1,25_0,32,14:03:00,33_1,40,14:15:00,14:17:00,257.0,66.0,0.0,109.0,23.0,False
baseline,2026-09-19,いなほこども園,kajiso_vio,10:30:00,True,,2+0+毎日+3,2,33_2,9,11:08:00,25_0,17,11:19:00,11:24:00,12:09:00,1+1+毎日+4,1,25_0,32,14:03:00,33_1,40,14:15:00,14:17:00,227.0,36.0,0.0,109.0,23.0,False
baseline,2026-09-19,いなほこども園,kajiso_vio,11:00:00,True,,2+0+毎日+3,2,33_2,9,11:08:00,25_0,17,11:19:00,11:24:00,12:09:00,1+1+毎日+4,1,25_0,32,14:03:00,33_1,40,14:15:00,14:17:00,197.0,6.0,0.0,109.0,23.0,False
baseline,2026-09-19,いなほこども園,kajiso_vio,11:30:00,False,no_return_by_deadline,,,,,,,,,,,,,,,,,,,,,,,,,False
baseline,2026-09-19,いなほこども園,kajiso_vio,12:00:00,False,no_return_by_deadline,,,,,,,,,,,,,,,,,,,,,,,,,False
baseline,2026-09-19,いなほこども園,kajiso_vio,12:30:00,False,no_return_by_deadline,,,,,,,,,,,,,,,,,,,,,,,,,False
baseline,2026-09-19,いなほこども園,kajiso_vio,13:00:00,False,no_return_by_deadline,,,,,,,,,,,,,,,,,,,,,,,,,False
baseline,2026-09-19,いなほこども園,kajiso_vio,13:30:00,False,no_return_by_deadline,,,,,,,,,,,,,,,,,,,,,,,,,False
baseline,2026-09-19,いなほこども園,kajiso_vio,14:00:00,False,no_return_by_deadline,,,,,,,,,,,,,,,,,,,,,,,,,False
baseline,2026-09-19,いなほこども園,kajiso_vio,14:30:00,False,no_return_by_deadline,,,,,,,,,,,,,,,,,,,,,,,,,False
baseline,2026-09-19,いなほこども園,kajiso_vio,15:00:00,False,no_return_by_deadline,,,,,,,,,,,,,,,,,,,,,,,,,False
baseline,2026-09-19,いなほこども園,kajiso_vio,15:30:00,False,no_return_by_deadline,,,,,,,,,,,,,,,,,,,,,,,,,False
baseline,2026-09-19,いなほこども園,kajiso_vio,16:00:00,False,no_outbound_bus,,,,,,,,,,,,,,,,,,,,,,,,,False
baseline,2026-09-19,童子丸郵便局口,kajiso_libre,08:00:00,True,,2+0+毎日+3,2,39_2,3,10:59:00,21_2,28,11:47:00,11:52:00,12:37:00,1+1+毎日+4,1,21_1,21,13:32:00,39_1,46,14:23:00,14:25:00,385.0,177.0,0.0,50.0,99.0,False
baseline,2026-09-19,童子丸郵便局口,kajiso_libre,08:30:00,True,,2+0+毎日+3,2,39_2,3,10:59:00,21_2,28,11:47:00,11:52:00,12:37:00,1+1+毎日+4,1,21_1,21,13:32:00,39_1,46,14:23:00,14:25:00,355.0,147.0,0.0,50.0,99.0,False
baseline,2026-09-19,童子丸郵便局口,kajiso_libre,09:00:00,True,,2+0+毎日+3,2,39_2,3,10:59:00,21_2,28,11:47:00,11:52:00,12:37:00,1+1+毎日+4,1,21_1,21,13:32:00,39_1,46,14:23:00,14:25:00,325.0,117.0,0.0,50.0,99.0,False
baseline,2026-09-19,童子丸郵便局口,kajiso_libre,09:30:00,True,,2+0+毎日+3,2,39_2,3,10:59:00,21_2,28,11:47:00,11:52:00,12:37:00,1+1+毎日+4,1,21_1,21,13:32:00,39_1,46,14:23:00,14:25:00,295.0,87.0,0.0,50.0,99.0,False
baseline,2026-09-19,童子丸郵便局口,kajiso_libre,10:00:00,True,,2+0+毎日+3,2,39_2,3,10:59:00,21_2,28,11:47:00,11:52:00,12:37:00,1+1+毎日+4,1,21_1,21,13:32:00,39_1,46,14:23:00,14:25:00,265.0,57.0,0.0,50.0,99.0,False
baseline,2026-09-19,童子丸郵便局口,kajiso_libre,10:30:00,True,,2+0+毎日+3,2,39_2,3,10:59:00,21_2,28,11:47:00,11:52:00,12:37:00,1+1+毎日+4,1,21_1,21,13:32:00,39_1,46,14:23:00,14:25:00,235.0,27.0,0.0,50.0,99.0,False
baseline,2026-09-19,童子丸郵便局口,kajiso_libre,11:00:00,False,no_return_by_deadline,,,,,,,,,,,,,,,,,,,,,,,,,False
baseline,2026-09-19,童子丸郵便局口,kajiso_libre,11:30:00,False,no_return_by_deadline,,,,,,,,,,,,,,,,,,,,,,,,,False
baseline,2026-09-19,童子丸郵便局口,kajiso_libre,12:00:00,False,no_return_by_deadline,,,,,,,,,,,,,,,,,,,,,,,,,False
baseline,2026-09-19,童子丸郵便局口,kajiso_libre,12:30:00,False,no_return_by_deadline,,,,,,,,,,,,,,,,,,,,,,,,,False
baseline,2026-09-19,童子丸郵便局口,kajiso_libre,13:00:00,False,no_return_by_deadline,,,,,,,,,,,,,,,,,,,,,,,,,False
baseline,2026-09-19,童子丸郵便局口,kajiso_libre,13:30:00,False,no_return_by_deadline,,,,,,,,,,,,,,,,,,,,,,,,,False
baseline,2026-09-19,童子丸郵便局口,kajiso_libre,14:00:00,False,no_return_by_deadline,,,,,,,,,,,,,,,,,,,,,,,,,False
baseline,2026-09-19,童子丸郵便局口,kajiso_libre,14:30:00,False,no_return_by_deadline,,,,,,,,,,,,,,,,,,,,,,,,,False
baseline,2026-09-19,童子丸郵便局口,kajiso_libre,15:00:00,False,no_return_by_deadline,,,,,,,,,,,,,,,,,,,,,,,,,False
baseline,2026-09-19,童子丸郵便局口,kajiso_libre,15:30:00,False,no_outbound_bus,,,,,,,,,,,,,,,,,,,,,,,,,False
baseline,2026-09-19,童子丸郵便局口,kajiso_libre,16:00:00,False,no_outbound_bus,,,,,,,,,,,,,,,,,,,,,,,,,False
baseline,2026-09-19,童子丸郵便局口,kajiso_vio,08:00:00,True,,2+0+毎日+3,2,39_2,3,10:59:00,25_0,17,11:19:00,11:24:00,12:09:00,1+1+毎日+4,1,25_0,32,14:03:00,39_1,46,14:23:00,14:25:00,385.0,177.0,0.0,109.0,40.0,False
baseline,2026-09-19,童子丸郵便局口,kajiso_vio,08:30:00,True,,2+0+毎日+3,2,39_2,3,10:59:00,25_0,17,11:19:00,11:24:00,12:09:00,1+1+毎日+4,1,25_0,32,14:03:00,39_1,46,14:23:00,14:25:00,355.0,147.0,0.0,109.0,40.0,False
baseline,2026-09-19,童子丸郵便局口,kajiso_vio,09:00:00,True,,2+0+毎日+3,2,39_2,3,10:59:00,25_0,17,11:19:00,11:24:00,12:09:00,1+1+毎日+4,1,25_0,32,14:03:00,39_1,46,14:23:00,14:25:00,325.0,117.0,0.0,109.0,40.0,False
baseline,2026-09-19,童子丸郵便局口,kajiso_vio,09:30:00,True,,2+0+毎日+3,2,39_2,3,10:59:00,25_0,17,11:19:00,11:24:00,12:09:00,1+1+毎日+4,1,25_0,32,14:03:00,39_1,46,14:23:00,14:25:00,295.0,87.0,0.0,109.0,40.0,False
baseline,2026-09-19,童子丸郵便局口,kajiso_vio,10:00:00,True,,2+0+毎日+3,2,39_2,3,10:59:00,25_0,17,11:19:00,11:24:00,12:09:00,1+1+毎日+4,1,25_0,32,14:03:00,39_1,46,14:23:00,14:25:00,265.0,57.0,0.0,109.0,40.0,False
baseline,2026-09-19,童子丸郵便局口,kajiso_vio,10:30:00,True,,2+0+毎日+3,2,39_2,3,10:59:00,25_0,17,11:19:00,11:24:00,12:09:00,1+1+毎日+4,1,25_0,32,14:03:00,39_1,46,14:23:00,14:25:00,235.0,27.0,0.0,109.0,40.0,False
baseline,2026-09-19,童子丸郵便局口,kajiso_vio,11:00:00,False,no_return_by_deadline,,,,,,,,,,,,,,,,,,,,,,,,,False
baseline,2026-09-19,童子丸郵便局口,kajiso_vio,11:30:00,False,no_return_by_deadline,,,,,,,,,,,,,,,,,,,,,,,,,False
baseline,2026-09-19,童子丸郵便局口,kajiso_vio,12:00:00,False,no_return_by_deadline,,,,,,,,,,,,,,,,,,,,,,,,,False
baseline,2026-09-19,童子丸郵便局口,kajiso_vio,12:30:00,False,no_return_by_deadline,,,,,,,,,,,,,,,,,,,,,,,,,False
baseline,2026-09-19,童子丸郵便局口,kajiso_vio,13:00:00,False,no_return_by_deadline,,,,,,,,,,,,,,,,,,,,,,,,,False
baseline,2026-09-19,童子丸郵便局口,kajiso_vio,13:30:00,False,no_return_by_deadline,,,,,,,,,,,,,,,,,,,,,,,,,False
baseline,2026-09-19,童子丸郵便局口,kajiso_vio,14:00:00,False,no_return_by_deadline,,,,,,,,,,,,,,,,,,,,,,,,,False
baseline,2026-09-19,童子丸郵便局口,kajiso_vio,14:30:00,False,no_return_by_deadline,,,,,,,,,,,,,,,,,,,,,,,,,False
baseline,2026-09-19,童子丸郵便局口,kajiso_vio,15:00:00,False,no_return_by_deadline,,,,,,,,,,,,,,,,,,,,,,,,,False
baseline,2026-09-19,童子丸郵便局口,kajiso_vio,15:30:00,False,no_outbound_bus,,,,,,,,,,,,,,,,,,,,,,,,,False
baseline,2026-09-19,童子丸郵便局口,kajiso_vio,16:00:00,False,no_outbound_bus,,,,,,,,,,,,,,,,,,,,,,,,,False
blue_plus_10,2026-09-15,越前大野駅,kajiso_libre,08:00:00,True,,2+0+平日+1,2,1_1,24,08:22:00,21_2,28,08:26:00,09:30:00,10:15:00,1+1+平日+3,1,21_1,21,11:28:00,1_1,24,11:32:00,11:34:00,214.0,20.0,59.0,68.0,8.0,False
blue_plus_10,2026-09-15,越前大野駅,kajiso_libre,08:30:00,True,,1+1+毎日+2,1,1_1,1,09:23:00,21_1,21,09:50:00,09:55:00,10:40:00,1+1+平日+3,1,21_1,21,11:28:00,1_1,24,11:32:00,11:34:00,184.0,51.0,0.0,43.0,31.0,False
blue_plus_10,2026-09-15,越前大野駅,kajiso_libre,09:00:00,True,,1+1+毎日+2,1,1_1,1,09:23:00,21_1,21,09:50:00,09:55:00,10:40:00,1+1+平日+3,1,21_1,21,11:28:00,1_1,24,11:32:00,11:34:00,154.0,21.0,0.0,43.0,31.0,True
blue_plus_10,2026-09-15,越前大野駅,kajiso_libre,09:30:00,True,,2+0+平日+2,2,1_1,24,10:04:00,21_2,28,10:08:00,10:13:00,10:58:00,1+1+平日+3,1,21_1,21,11:28:00,1_1,24,11:32:00,11:34:00,124.0,32.0,0.0,25.0,8.0,True
blue_plus_10,2026-09-15,越前大野駅,kajiso_libre,10:00:00,True,,2+0+平日+2,2,1_1,24,10:04:00,21_2,28,10:08:00,10:13:00,10:58:00,1+1+平日+3,1,21_1,21,11:28:00,1_1,24,11:32:00,11:34:00,94.0,2.0,0.0,25.0,8.0,True
blue_plus_10,2026-09-15,越前大野駅,kajiso_libre,10:30:00,True,,1+1+平日+3,1,1_1,1,11:01:00,21_1,21,11:28:00,11:33:00,12:18:00,1+1+毎日+4,1,21_1,21,13:32:00,1_1,24,13:36:00,13:38:00,188.0,29.0,0.0,69.0,31.0,False
blue_plus_10,2026-09-15,越前大野駅,kajiso_libre,11:00:00,True,,2+0+毎日+3,2,1_1,1,11:06:00,21_2,28,11:57:00,12:02:00,12:47:00,1+1+毎日+4,1,21_1,21,13:32:00,1_1,24,13:36:00,13:38:00,158.0,4.0,0.0,40.0,55.0,True
blue_plus_10,2026-09-15,越前大野駅,kajiso_libre,11:30:00,True,,2+0+毎日+3,2,1_1,24,11:53:00,21_2,28,11:57:00,12:02:00,12:47:00,1+1+毎日+4,1,21_1,21,13:32:00,1_1,24,13:36:00,13:38:00,128.0,21.0,0.0,40.0,8.0,True
blue_plus_10,2026-09-15,越前大野駅,kajiso_libre,12:00:00,True,,1+1+毎日+4,1,1_1,1,13:05:00,21_1,21,13:32:00,13:37:00,14:22:00,1+1+平日+5,1,21_1,21,16:02:00,1_1,24,16:06:00,16:08:00,248.0,63.0,0.0,95.0,31.0,False
blue_plus_10,2026-09-15,越前大野駅,kajiso_libre,12:30:00,True,,1+1+毎日+4,1,1_1,1,13:05:00,21_1,21,13:32:00,13:37:00,14:22:00,1+1+平日+5,1,21_1,21,16:02:00,1_1,24,16:06:00,16:08:00,218.0,33.0,0.0,95.0,31.0,False
blue_plus_10,2026-09-15,越前大野駅,kajiso_libre,13:00:00,True,,1+1+毎日+4,1,1_1,1,13:05:00,21_1,21,13:32:00,13:37:00,14:22:00,1+1+平日+5,1,21_1,21,16:02:00,1_1,24,16:06:00,16:08:00,188.0,3.0,0.0,95.0,31.0,False
blue_plus_10,2026-09-15,越前大野駅,kajiso_libre,13:30:00,True,,2+0+平日+4,2,1_1,24,14:00:00,21_2,28,14:04:00,14:09:00,14:54:00,1+1+平日+5,1,21_1,21,16:02:00,1_1,24,16:06:00,16:08:00,158.0,28.0,0.0,63.0,8.0,True
blue_plus_10,2026-09-15,越前大野駅,kajiso_libre,14:00:00,False,no_return_by_deadline,,,,,,,,,,,,,,,,,,,,,,,,,False
blue_plus_10,2026-09-15,越前大野駅,kajiso_libre,14:30:00,False,no_return_by_deadline,,,,,,,,,,,,,,,,,,,,,,,,,False
blue_plus_10,2026-09-15,越前大野駅,kajiso_libre,15:00:00,False,no_return_by_deadline,,,,,,,,,,,,,,,,,,,,,,,,,False
blue_plus_10,2026-09-15,越前大野駅,kajiso_libre,15:30:00,False,no_return_by_deadline,,,,,,,,,,,,,,,,,,,,,,,,,False
blue_plus_10,2026-09-15,越前大野駅,kajiso_libre,16:00:00,False,no_return_by_deadline,,,,,,,,,,,,,,,,,,,,,,,,,False
blue_plus_10,2026-09-15,越前大野駅,kajiso_vio,08:00:00,True,,1+1+毎日+2,1,1_1,1,09:23:00,25_0,32,10:13:00,10:18:00,11:03:00,2+0+毎日+3,2,25_0,17,11:29:00,1_1,24,11:42:00,11:44:00,224.0,81.0,0.0,21.0,63.0,False
blue_plus_10,2026-09-15,越前大野駅,kajiso_vio,08:30:00,True,,1+1+毎日+2,1,1_1,1,09:23:00,25_0,32,10:13:00,10:18:00,11:03:00,2+0+毎日+3,2,25_0,17,11:29:00,1_1,24,11:42:00,11:44:00,194.0,51.0,0.0,21.0,63.0,False
blue_plus_10,2026-09-15,越前大野駅,kajiso_vio,09:00:00,True,,1+1+毎日+2,1,1_1,1,09:23:00,25_0,32,10:13:00,10:18:00,11:03:00,2+0+毎日+3,2,25_0,17,11:29:00,1_1,24,11:42:00,11:44:00,164.0,21.0,0.0,21.0,63.0,True
blue_plus_10,2026-09-15,越前大野駅,kajiso_vio,09:30:00,True,,1+1+毎日+2,1,1_1,24,10:00:00,25_0,32,10:13:00,10:18:00,11:03:00,2+0+毎日+3,2,25_0,17,11:29:00,1_1,24,11:42:00,11:44:00,134.0,28.0,0.0,21.0,26.0,True
blue_plus_10,2026-09-15,越前大野駅,kajiso_vio,10:00:00,True,,1+1+平日+3,1,1_1,1,11:01:00,25_0,32,11:56:00,12:01:00,12:46:00,2+0+平日+4,2,25_0,17,13:33:00,1_1,24,13:46:00,13:48:00,228.0,59.0,0.0,42.0,68.0,False
blue_plus_10,2026-09-15,越前大野駅,kajiso_vio,10:30:00,True,,1+1+平日+3,1,1_1,1,11:01:00,25_0,32,11:56:00,12:01:00,12:46:00,2+0+平日+4,2,25_0,17,13:33:00,1_1,24,13:46:00,13:48:00,198.0,29.0,0.0,42.0,68.0,False
blue_plus_10,2026-09-15,越前大野駅,kajiso_vio,11:00:00,True,,2+0+毎日+3,2,1_1,1,11:06:00,25_0,17,11:29:00,11:34:00,12:19:00,2+0+平日+4,2,25_0,17,13:33:00,1_1,24,13:46:00,13:48:00,168.0,4.0,0.0,69.0,36.0,True
blue_plus_10,2026-09-15,越前大野駅,kajiso_vio,11:30:00,True,,1+1+平日+3,1,1_1,24,11:43:00,25_0,32,11:56:00,12:01:00,12:46:00,2+0+平日+4,2,25_0,17,13:33:00,1_1,24,13:46:00,13:48:00,138.0,11.0,0.0,42.0,26.0,True
blue_plus_10,2026-09-15,越前大野駅,kajiso_vio,12:00:00,True,,1+1+毎日+4,1,1_1,1,13:05:00,25_0,32,14:03:00,14:08:00,14:53:00,2+0+毎日+5,2,25_0,17,15:58:00,1_1,24,16:11:00,16:13:00,253.0,63.0,0.0,60.0,71.0,False
blue_plus_10,2026-09-15,越前大野駅,kajiso_vio,12:30:00,True,,1+1+毎日+4,1,1_1,1,13:05:00,25_0,32,14:03:00,14:08:00,14:53:00,2+0+毎日+5,2,25_0,17,15:58:00,1_1,24,16:11:00,16:13:00,223.0,33.0,0.0,60.0,71.0,False
blue_plus_10,2026-09-15,越前大野駅,kajiso_vio,13:00:00,True,,1+1+毎日+4,1,1_1,1,13:05:00,25_0,32,14:03:00,14:08:00,14:53:00,2+0+毎日+5,2,25_0,17,15:58:00,1_1,24,16:11:00,16:13:00,193.0,3.0,0.0,60.0,71.0,False
blue_plus_10,2026-09-15,越前大野駅,kajiso_vio,13:30:00,True,,1+1+毎日+4,1,1_1,24,13:50:00,25_0,32,14:03:00,14:08:00,14:53:00,2+0+毎日+5,2,25_0,17,15:58:00,1_1,24,16:11:00,16:13:00,163.0,18.0,0.0,60.0,26.0,True
blue_plus_10,2026-09-15,越前大野駅,kajiso_vio,14:00:00,False,no_return_by_deadline,,,,,,,,,,,,,,,,,,,,,,,,,False
blue_plus_10,2026-09-15,越前大野駅,kajiso_vio,14:30:00,False,no_return_by_deadline,,,,,,,,,,,,,,,,,,,,,,,,,False
blue_plus_10,2026-09-15,越前大野駅,kajiso_vio,15:00:00,False,no_return_by_deadline,,,,,,,,,,,,,,,,,,,,,,,,,False
blue_plus_10,2026-09-15,越前大野駅,kajiso_vio,15:30:00,False,no_return_by_deadline,,,,,,,,,,,,,,,,,,,,,,,,,False
blue_plus_10,2026-09-15,越前大野駅,kajiso_vio,16:00:00,False,no_return_by_deadline,,,,,,,,,,,,,,,,,,,,,,,,,False
blue_plus_10,2026-09-15,結ステーション,kajiso_libre,08:00:00,True,,1+1+毎日+2,1,6_0,6,09:30:00,21_1,21,09:50:00,09:55:00,10:40:00,1+1+平日+3,1,21_1,21,11:28:00,6_0,29,11:47:00,11:49:00,229.0,88.0,0.0,43.0,39.0,False
blue_plus_10,2026-09-15,結ステーション,kajiso_libre,08:30:00,True,,1+1+毎日+2,1,6_0,6,09:30:00,21_1,21,09:50:00,09:55:00,10:40:00,1+1+平日+3,1,21_1,21,11:28:00,6_0,29,11:47:00,11:49:00,199.0,58.0,0.0,43.0,39.0,False
blue_plus_10,2026-09-15,結ステーション,kajiso_libre,09:00:00,True,,1+1+毎日+2,1,6_0,6,09:30:00,21_1,21,09:50:00,09:55:00,10:40:00,1+1+平日+3,1,21_1,21,11:28:00,6_0,29,11:47:00,11:49:00,169.0,28.0,0.0,43.0,39.0,True
blue_plus_10,2026-09-15,結ステーション,kajiso_libre,09:30:00,True,,2+0+平日+2,2,6_0,20,09:57:00,21_2,28,10:08:00,10:13:00,10:58:00,1+1+平日+3,1,21_1,21,11:28:00,6_0,29,11:47:00,11:49:00,139.0,25.0,0.0,25.0,30.0,True
blue_plus_10,2026-09-15,結ステーション,kajiso_libre,10:00:00,True,,1+1+平日+3,1,6_0,6,11:08:00,21_1,21,11:28:00,11:33:00,12:18:00,1+1+毎日+4,1,21_1,21,13:32:00,6_0,29,13:54:00,13:56:00,236.0,66.0,0.0,69.0,42.0,False
blue_plus_10,2026-09-15,結ステーション,kajiso_libre,10:30:00,True,,1+1+平日+3,1,6_0,6,11:08:00,21_1,21,11:28:00,11:33:00,12:18:00,1+1+毎日+4,1,21_1,21,13:32:00,6_0,29,13:54:00,13:56:00,206.0,36.0,0.0,69.0,42.0,False
blue_plus_10,2026-09-15,結ステーション,kajiso_libre,11:00:00,True,,1+1+平日+3,1,6_0,6,11:08:00,21_1,21,11:28:00,11:33:00,12:18:00,1+1+毎日+4,1,21_1,21,13:32:00,6_0,29,13:54:00,13:56:00,176.0,6.0,0.0,69.0,42.0,True
blue_plus_10,2026-09-15,結ステーション,kajiso_libre,11:30:00,True,,2+0+毎日+3,2,6_0,20,11:38:00,21_2,28,11:57:00,12:02:00,12:47:00,1+1+毎日+4,1,21_1,21,13:32:00,6_0,29,13:54:00,13:56:00,146.0,6.0,0.0,40.0,41.0,True
blue_plus_10,2026-09-15,結ステーション,kajiso_libre,12:00:00,True,,1+1+毎日+4,1,6_0,6,13:12:00,21_1,21,13:32:00,13:37:00,14:22:00,1+1+平日+5,1,21_1,21,16:02:00,6_0,29,16:13:00,16:15:00,255.0,70.0,0.0,95.0,31.0,False
blue_plus_10,2026-09-15,結ステーション,kajiso_libre,12:30:00,True,,1+1+毎日+4,1,6_0,6,13:12:00,21_1,21,13:32:00,13:37:00,14:22:00,1+1+平日+5,1,21_1,21,16:02:00,6_0,29,16:13:00,16:15:00,225.0,40.0,0.0,95.0,31.0,False
blue_plus_10,2026-09-15,結ステーション,kajiso_libre,13:00:00,True,,1+1+毎日+4,1,6_0,6,13:12:00,21_1,21,13:32:00,13:37:00,14:22:00,1+1+平日+5,1,21_1,21,16:02:00,6_0,29,16:13:00,16:15:00,195.0,10.0,0.0,95.0,31.0,False
blue_plus_10,2026-09-15,結ステーション,kajiso_libre,13:30:00,True,,2+0+平日+4,2,6_0,20,13:42:00,21_2,28,14:04:00,14:09:00,14:54:00,1+1+平日+5,1,21_1,21,16:02:00,6_0,29,16:13:00,16:15:00,165.0,10.0,0.0,63.0,33.0,True
blue_plus_10,2026-09-15,結ステーション,kajiso_libre,14:00:00,False,no_return_by_deadline,,,,,,,,,,,,,,,,,,,,,,,,,False
blue_plus_10,2026-09-15,結ステーション,kajiso_libre,14:30:00,False,no_return_by_deadline,,,,,,,,,,,,,,,,,,,,,,,,,False
blue_plus_10,2026-09-15,結ステーション,kajiso_libre,15:00:00,False,no_return_by_deadline,,,,,,,,,,,,,,,,,,,,,,,,,False
blue_plus_10,2026-09-15,結ステーション,kajiso_libre,15:30:00,False,no_return_by_deadline,,,,,,,,,,,,,,,,,,,,,,,,,False
blue_plus_10,2026-09-15,結ステーション,kajiso_libre,16:00:00,False,no_return_by_deadline,,,,,,,,,,,,,,,,,,,,,,,,,False
blue_plus_10,2026-09-15,結ステーション,kajiso_vio,08:00:00,True,,1+1+毎日+2,1,6_0,6,09:30:00,25_0,32,10:13:00,10:18:00,11:03:00,2+0+毎日+3,2,25_0,17,11:29:00,6_0,20,11:38:00,11:40:00,220.0,88.0,0.0,21.0,52.0,False
blue_plus_10,2026-09-15,結ステーション,kajiso_vio,08:30:00,True,,1+1+毎日+2,1,6_0,6,09:30:00,25_0,32,10:13:00,10:18:00,11:03:00,2+0+毎日+3,2,25_0,17,11:29:00,6_0,20,11:38:00,11:40:00,190.0,58.0,0.0,21.0,52.0,False
blue_plus_10,2026-09-15,結ステーション,kajiso_vio,09:00:00,True,,1+1+毎日+2,1,6_0,6,09:30:00,25_0,32,10:13:00,10:18:00,11:03:00,2+0+毎日+3,2,25_0,17,11:29:00,6_0,20,11:38:00,11:40:00,160.0,28.0,0.0,21.0,52.0,True
blue_plus_10,2026-09-15,結ステーション,kajiso_vio,09:30:00,True,,1+1+毎日+2,1,6_0,29,10:04:00,25_0,32,10:13:00,10:18:00,11:03:00,2+0+毎日+3,2,25_0,17,11:29:00,6_0,20,11:38:00,11:40:00,130.0,32.0,0.0,21.0,18.0,True
blue_plus_10,2026-09-15,結ステーション,kajiso_vio,10:00:00,True,,1+1+毎日+2,1,6_0,29,10:04:00,25_0,32,10:13:00,10:18:00,11:03:00,2+0+毎日+3,2,25_0,17,11:29:00,6_0,20,11:38:00,11:40:00,100.0,2.0,0.0,21.0,18.0,True
blue_plus_10,2026-09-15,結ステーション,kajiso_vio,10:30:00,True,,1+1+平日+3,1,6_0,6,11:08:00,25_0,32,11:56:00,12:01:00,12:46:00,2+0+平日+4,2,25_0,17,13:33:00,6_0,20,13:42:00,13:44:00,194.0,36.0,0.0,42.0,57.0,False
blue_plus_10,2026-09-15,結ステーション,kajiso_vio,11:00:00,True,,1+1+平日+3,1,6_0,6,11:08:00,25_0,32,11:56:00,12:01:00,12:46:00,2+0+平日+4,2,25_0,17,13:33:00,6_0,20,13:42:00,13:44:00,164.0,6.0,0.0,42.0,57.0,True
blue_plus_10,2026-09-15,結ステーション,kajiso_vio,11:30:00,True,,1+1+平日+3,1,6_0,29,11:47:00,25_0,32,11:56:00,12:01:00,12:46:00,2+0+平日+4,2,25_0,17,13:33:00,6_0,20,13:42:00,13:44:00,134.0,15.0,0.0,42.0,18.0,True
blue_plus_10,2026-09-15,結ステーション,kajiso_vio,12:00:00,True,,1+1+毎日+4,1,6_0,6,13:12:00,25_0,32,14:03:00,14:08:00,14:53:00,2+0+毎日+5,2,25_0,17,15:58:00,6_0,20,16:07:00,16:09:00,249.0,70.0,0.0,60.0,60.0,False
blue_plus_10,2026-09-15,結ステーション,kajiso_vio,12:30:00,True,,1+1+毎日+4,1,6_0,6,13:12:00,25_0,32,14:03:00,14:08:00,14:53:00,2+0+毎日+5,2,25_0,17,15:58:00,6_0,20,16:07:00,16:09:00,219.0,40.0,0.0,60.0,60.0,False
blue_plus_10,2026-09-15,結ステーション,kajiso_vio,13:00:00,True,,1+1+毎日+4,1,6_0,6,13:12:00,25_0,32,14:03:00,14:08:00,14:53:00,2+0+毎日+5,2,25_0,17,15:58:00,6_0,20,16:07:00,16:09:00,189.0,10.0,0.0,60.0,60.0,False
blue_plus_10,2026-09-15,結ステーション,kajiso_vio,13:30:00,True,,1+1+毎日+4,1,6_0,29,13:54:00,25_0,32,14:03:00,14:08:00,14:53:00,2+0+毎日+5,2,25_0,17,15:58:00,6_0,20,16:07:00,16:09:00,159.0,22.0,0.0,60.0,18.0,True
blue_plus_10,2026-09-15,結ステーション,kajiso_vio,14:00:00,False,no_return_by_deadline,,,,,,,,,,,,,,,,,,,,,,,,,False
blue_plus_10,2026-09-15,結ステーション,kajiso_vio,14:30:00,False,no_return_by_deadline,,,,,,,,,,,,,,,,,,,,,,,,,False
blue_plus_10,2026-09-15,結ステーション,kajiso_vio,15:00:00,False,no_return_by_deadline,,,,,,,,,,,,,,,,,,,,,,,,,False
blue_plus_10,2026-09-15,結ステーション,kajiso_vio,15:30:00,False,no_return_by_deadline,,,,,,,,,,,,,,,,,,,,,,,,,False
blue_plus_10,2026-09-15,結ステーション,kajiso_vio,16:00:00,False,no_return_by_deadline,,,,,,,,,,,,,,,,,,,,,,,,,False
blue_plus_10,2026-09-15,下庄小学校,kajiso_libre,08:00:00,True,,1+1+毎日+2,1,9_1,9,09:33:00,21_1,21,09:50:00,09:55:00,10:40:00,2+0+毎日+3,2,21_2,28,11:57:00,9_2,40,12:12:00,12:14:00,254.0,91.0,0.0,72.0,32.0,False
blue_plus_10,2026-09-15,下庄小学校,kajiso_libre,08:30:00,True,,1+1+毎日+2,1,9_1,9,09:33:00,21_1,21,09:50:00,09:55:00,10:40:00,2+0+毎日+3,2,21_2,28,11:57:00,9_2,40,12:12:00,12:14:00,224.0,61.0,0.0,72.0,32.0,False
blue_plus_10,2026-09-15,下庄小学校,kajiso_libre,09:00:00,True,,1+1+毎日+2,1,9_1,9,09:33:00,21_1,21,09:50:00,09:55:00,10:40:00,2+0+毎日+3,2,21_2,28,11:57:00,9_2,40,12:12:00,12:14:00,194.0,31.0,0.0,72.0,32.0,False
blue_plus_10,2026-09-15,下庄小学校,kajiso_libre,09:30:00,True,,1+1+平日+3,1,9_1,9,11:11:00,21_1,21,11:28:00,11:33:00,12:18:00,2+0+平日+4,2,21_2,28,14:04:00,9_2,40,14:19:00,14:21:00,291.0,99.0,0.0,101.0,32.0,False
blue_plus_10,2026-09-15,下庄小学校,kajiso_libre,10:00:00,True,,1+1+平日+3,1,9_1,9,11:11:00,21_1,21,11:28:00,11:33:00,12:18:00,2+0+平日+4,2,21_2,28,14:04:00,9_2,40,14:19:00,14:21:00,261.0,69.0,0.0,101.0,32.0,False
blue_plus_10,2026-09-15,下庄小学校,kajiso_libre,10:30:00,True,,1+1+平日+3,1,9_1,9,11:11:00,21_1,21,11:28:00,11:33:00,12:18:00,2+0+平日+4,2,21_2,28,14:04:00,9_2,40,14:19:00,14:21:00,231.0,39.0,0.0,101.0,32.0,False
blue_plus_10,2026-09-15,下庄小学校,kajiso_libre,11:00:00,True,,1+1+平日+3,1,9_1,9,11:11:00,21_1,21,11:28:00,11:33:00,12:18:00,2+0+平日+4,2,21_2,28,14:04:00,9_2,40,14:19:00,14:21:00,201.0,9.0,0.0,101.0,32.0,False
blue_plus_10,2026-09-15,下庄小学校,kajiso_libre,11:30:00,True,,1+1+毎日+4,1,9_1,9,13:15:00,21_1,21,13:32:00,13:37:00,14:22:00,2+0+毎日+5,2,21_2,28,16:18:00,9_2,40,16:33:00,16:35:00,305.0,103.0,0.0,111.0,32.0,False
blue_plus_10,2026-09-15,下庄小学校,kajiso_libre,12:00:00,True,,1+1+毎日+4,1,9_1,9,13:15:00,21_1,21,13:32:00,13:37:00,14:22:00,2+0+毎日+5,2,21_2,28,16:18:00,9_2,40,16:33:00,16:35:00,275.0,73.0,0.0,111.0,32.0,False
blue_plus_10,2026-09-15,下庄小学校,kajiso_libre,12:30:00,True,,1+1+毎日+4,1,9_1,9,13:15:00,21_1,21,13:32:00,13:37:00,14:22:00,2+0+毎日+5,2,21_2,28,16:18:00,9_2,40,16:33:00,16:35:00,245.0,43.0,0.0,111.0,32.0,False
blue_plus_10,2026-09-15,下庄小学校,kajiso_libre,13:00:00,True,,1+1+毎日+4,1,9_1,9,13:15:00,21_1,21,13:32:00,13:37:00,14:22:00,2+0+毎日+5,2,21_2,28,16:18:00,9_2,40,16:33:00,16:35:00,215.0,13.0,0.0,111.0,32.0,False
blue_plus_10,2026-09-15,下庄小学校,kajiso_libre,13:30:00,False,no_return_by_deadline,,,,,,,,,,,,,,,,,,,,,,,,,False
blue_plus_10,2026-09-15,下庄小学校,kajiso_libre,14:00:00,False,no_return_by_deadline,,,,,,,,,,,,,,,,,,,,,,,,,False
blue_plus_10,2026-09-15,下庄小学校,kajiso_libre,14:30:00,False,no_return_by_deadline,,,,,,,,,,,,,,,,,,,,,,,,,False
blue_plus_10,2026-09-15,下庄小学校,kajiso_libre,15:00:00,False,no_return_by_deadline,,,,,,,,,,,,,,,,,,,,,,,,,False
blue_plus_10,2026-09-15,下庄小学校,kajiso_libre,15:30:00,False,no_return_by_deadline,,,,,,,,,,,,,,,,,,,,,,,,,False
blue_plus_10,2026-09-15,下庄小学校,kajiso_libre,16:00:00,False,no_outbound_bus,,,,,,,,,,,,,,,,,,,,,,,,,False
blue_plus_10,2026-09-15,下庄小学校,kajiso_vio,08:00:00,True,,1+1+毎日+2,1,9_1,9,09:33:00,25_0,32,10:13:00,10:18:00,11:03:00,2+0+毎日+3,2,25_0,17,11:29:00,9_2,40,12:12:00,12:14:00,254.0,91.0,0.0,21.0,83.0,False
blue_plus_10,2026-09-15,下庄小学校,kajiso_vio,08:30:00,True,,1+1+毎日+2,1,9_1,9,09:33:00,25_0,32,10:13:00,10:18:00,11:03:00,2+0+毎日+3,2,25_0,17,11:29:00,9_2,40,12:12:00,12:14:00,224.0,61.0,0.0,21.0,83.0,False
blue_plus_10,2026-09-15,下庄小学校,kajiso_vio,09:00:00,True,,1+1+毎日+2,1,9_1,9,09:33:00,25_0,32,10:13:00,10:18:00,11:03:00,2+0+毎日+3,2,25_0,17,11:29:00,9_2,40,12:12:00,12:14:00,194.0,31.0,0.0,21.0,83.0,False
blue_plus_10,2026-09-15,下庄小学校,kajiso_vio,09:30:00,True,,1+1+平日+3,1,9_1,9,11:11:00,25_0,32,11:56:00,12:01:00,12:46:00,2+0+平日+4,2,25_0,17,13:33:00,9_2,40,14:19:00,14:21:00,291.0,99.0,0.0,42.0,91.0,False
blue_plus_10,2026-09-15,下庄小学校,kajiso_vio,10:00:00,True,,1+1+平日+3,1,9_1,9,11:11:00,25_0,32,11:56:00,12:01:00,12:46:00,2+0+平日+4,2,25_0,17,13:33:00,9_2,40,14:19:00,14:21:00,261.0,69.0,0.0,42.0,91.0,False
blue_plus_10,2026-09-15,下庄小学校,kajiso_vio,10:30:00,True,,1+1+平日+3,1,9_1,9,11:11:00,25_0,32,11:56:00,12:01:00,12:46:00,2+0+平日+4,2,25_0,17,13:33:00,9_2,40,14:19:00,14:21:00,231.0,39.0,0.0,42.0,91.0,False
blue_plus_10,2026-09-15,下庄小学校,kajiso_vio,11:00:00,True,,1+1+平日+3,1,9_1,9,11:11:00,25_0,32,11:56:00,12:01:00,12:46:00,2+0+平日+4,2,25_0,17,13:33:00,9_2,40,14:19:00,14:21:00,201.0,9.0,0.0,42.0,91.0,False
blue_plus_10,2026-09-15,下庄小学校,kajiso_vio,11:30:00,True,,1+1+毎日+4,1,9_1,9,13:15:00,25_0,32,14:03:00,14:08:00,14:53:00,2+0+毎日+5,2,25_0,17,15:58:00,9_2,40,16:33:00,16:35:00,305.0,103.0,0.0,60.0,83.0,False
blue_plus_10,2026-09-15,下庄小学校,kajiso_vio,12:00:00,True,,1+1+毎日+4,1,9_1,9,13:15:00,25_0,32,14:03:00,14:08:00,14:53:00,2+0+毎日+5,2,25_0,17,15:58:00,9_2,40,16:33:00,16:35:00,275.0,73.0,0.0,60.0,83.0,False
blue_plus_10,2026-09-15,下庄小学校,kajiso_vio,12:30:00,True,,1+1+毎日+4,1,9_1,9,13:15:00,25_0,32,14:03:00,14:08:00,14:53:00,2+0+毎日+5,2,25_0,17,15:58:00,9_2,40,16:33:00,16:35:00,245.0,43.0,0.0,60.0,83.0,False
blue_plus_10,2026-09-15,下庄小学校,kajiso_vio,13:00:00,True,,1+1+毎日+4,1,9_1,9,13:15:00,25_0,32,14:03:00,14:08:00,14:53:00,2+0+毎日+5,2,25_0,17,15:58:00,9_2,40,16:33:00,16:35:00,215.0,13.0,0.0,60.0,83.0,False
blue_plus_10,2026-09-15,下庄小学校,kajiso_vio,13:30:00,False,no_return_by_deadline,,,,,,,,,,,,,,,,,,,,,,,,,False
blue_plus_10,2026-09-15,下庄小学校,kajiso_vio,14:00:00,False,no_return_by_deadline,,,,,,,,,,,,,,,,,,,,,,,,,False
blue_plus_10,2026-09-15,下庄小学校,kajiso_vio,14:30:00,False,no_return_by_deadline,,,,,,,,,,,,,,,,,,,,,,,,,False
blue_plus_10,2026-09-15,下庄小学校,kajiso_vio,15:00:00,False,no_return_by_deadline,,,,,,,,,,,,,,,,,,,,,,,,,False
blue_plus_10,2026-09-15,下庄小学校,kajiso_vio,15:30:00,False,no_return_by_deadline,,,,,,,,,,,,,,,,,,,,,,,,,False
blue_plus_10,2026-09-15,下庄小学校,kajiso_vio,16:00:00,False,no_outbound_bus,,,,,,,,,,,,,,,,,,,,,,,,,False
blue_plus_10,2026-09-15,青少年教育センター,kajiso_libre,08:00:00,True,,1+1+毎日+2,1,14_1,14,09:40:00,21_1,21,09:50:00,09:55:00,10:40:00,2+0+毎日+3,2,21_2,28,11:57:00,14_2,35,12:05:00,12:07:00,247.0,98.0,0.0,72.0,18.0,False
blue_plus_10,2026-09-15,青少年教育センター,kajiso_libre,08:30:00,True,,1+1+毎日+2,1,14_1,14,09:40:00,21_1,21,09:50:00,09:55:00,10:40:00,2+0+毎日+3,2,21_2,28,11:57:00,14_2,35,12:05:00,12:07:00,217.0,68.0,0.0,72.0,18.0,False
blue_plus_10,2026-09-15,青少年教育センター,kajiso_libre,09:00:00,True,,1+1+毎日+2,1,14_1,14,09:40:00,21_1,21,09:50:00,09:55:00,10:40:00,2+0+毎日+3,2,21_2,28,11:57:00,14_2,35,12:05:00,12:07:00,187.0,38.0,0.0,72.0,18.0,False
blue_plus_10,2026-09-15,青少年教育センター,kajiso_libre,09:30:00,True,,1+1+毎日+2,1,14_1,14,09:40:00,21_1,21,09:50:00,09:55:00,10:40:00,2+0+毎日+3,2,21_2,28,11:57:00,14_2,35,12:05:00,12:07:00,157.0,8.0,0.0,72.0,18.0,True
blue_plus_10,2026-09-15,青少年教育センター,kajiso_libre,10:00:00,True,,1+1+平日+3,1,14_1,14,11:18:00,21_1,21,11:28:00,11:33:00,12:18:00,2+0+平日+4,2,21_2,28,14:04:00,14_2,35,14:12:00,14:14:00,254.0,76.0,0.0,101.0,18.0,False
blue_plus_10,2026-09-15,青少年教育センター,kajiso_libre,10:30:00,True,,1+1+平日+3,1,14_1,14,11:18:00,21_1,21,11:28:00,11:33:00,12:18:00,2+0+平日+4,2,21_2,28,14:04:00,14_2,35,14:12:00,14:14:00,224.0,46.0,0.0,101.0,18.0,False
blue_plus_10,2026-09-15,青少年教育センター,kajiso_libre,11:00:00,True,,1+1+平日+3,1,14_1,14,11:18:00,21_1,21,11:28:00,11:33:00,12:18:00,2+0+平日+4,2,21_2,28,14:04:00,14_2,35,14:12:00,14:14:00,194.0,16.0,0.0,101.0,18.0,False
blue_plus_10,2026-09-15,青少年教育センター,kajiso_libre,11:30:00,True,,1+1+毎日+4,1,14_1,14,13:22:00,21_1,21,13:32:00,13:37:00,14:22:00,2+0+毎日+5,2,21_2,28,16:18:00,14_2,35,16:26:00,16:28:00,298.0,110.0,0.0,111.0,18.0,False
blue_plus_10,2026-09-15,青少年教育センター,kajiso_libre,12:00:00,True,,1+1+毎日+4,1,14_1,14,13:22:00,21_1,21,13:32:00,13:37:00,14:22:00,2+0+毎日+5,2,21_2,28,16:18:00,14_2,35,16:26:00,16:28:00,268.0,80.0,0.0,111.0,18.0,False
blue_plus_10,2026-09-15,青少年教育センター,kajiso_libre,12:30:00,True,,1+1+毎日+4,1,14_1,14,13:22:00,21_1,21,13:32:00,13:37:00,14:22:00,2+0+毎日+5,2,21_2,28,16:18:00,14_2,35,16:26:00,16:28:00,238.0,50.0,0.0,111.0,18.0,False
blue_plus_10,2026-09-15,青少年教育センター,kajiso_libre,13:00:00,True,,1+1+毎日+4,1,14_1,14,13:22:00,21_1,21,13:32:00,13:37:00,14:22:00,2+0+毎日+5,2,21_2,28,16:18:00,14_2,35,16:26:00,16:28:00,208.0,20.0,0.0,111.0,18.0,False
blue_plus_10,2026-09-15,青少年教育センター,kajiso_libre,13:30:00,False,no_return_by_deadline,,,,,,,,,,,,,,,,,,,,,,,,,False
blue_plus_10,2026-09-15,青少年教育センター,kajiso_libre,14:00:00,False,no_return_by_deadline,,,,,,,,,,,,,,,,,,,,,,,,,False
blue_plus_10,2026-09-15,青少年教育センター,kajiso_libre,14:30:00,False,no_return_by_deadline,,,,,,,,,,,,,,,,,,,,,,,,,False
blue_plus_10,2026-09-15,青少年教育センター,kajiso_libre,15:00:00,False,no_return_by_deadline,,,,,,,,,,,,,,,,,,,,,,,,,False
blue_plus_10,2026-09-15,青少年教育センター,kajiso_libre,15:30:00,False,no_return_by_deadline,,,,,,,,,,,,,,,,,,,,,,,,,False
blue_plus_10,2026-09-15,青少年教育センター,kajiso_libre,16:00:00,False,no_outbound_bus,,,,,,,,,,,,,,,,,,,,,,,,,False
blue_plus_10,2026-09-15,青少年教育センター,kajiso_vio,08:00:00,True,,1+1+毎日+2,1,14_1,14,09:40:00,25_0,32,10:13:00,10:18:00,11:03:00,2+0+毎日+3,2,25_0,17,11:29:00,14_2,35,12:05:00,12:07:00,247.0,98.0,0.0,21.0,69.0,False
blue_plus_10,2026-09-15,青少年教育センター,kajiso_vio,08:30:00,True,,1+1+毎日+2,1,14_1,14,09:40:00,25_0,32,10:13:00,10:18:00,11:03:00,2+0+毎日+3,2,25_0,17,11:29:00,14_2,35,12:05:00,12:07:00,217.0,68.0,0.0,21.0,69.0,False
blue_plus_10,2026-09-15,青少年教育センター,kajiso_vio,09:00:00,True,,1+1+毎日+2,1,14_1,14,09:40:00,25_0,32,10:13:00,10:18:00,11:03:00,2+0+毎日+3,2,25_0,17,11:29:00,14_2,35,12:05:00,12:07:00,187.0,38.0,0.0,21.0,69.0,False
blue_plus_10,2026-09-15,青少年教育センター,kajiso_vio,09:30:00,True,,1+1+毎日+2,1,14_1,14,09:40:00,25_0,32,10:13:00,10:18:00,11:03:00,2+0+毎日+3,2,25_0,17,11:29:00,14_2,35,12:05:00,12:07:00,157.0,8.0,0.0,21.0,69.0,True
blue_plus_10,2026-09-15,青少年教育センター,kajiso_vio,10:00:00,True,,1+1+平日+3,1,14_1,14,11:18:00,25_0,32,11:56:00,12:01:00,12:46:00,2+0+平日+4,2,25_0,17,13:33:00,14_2,35,14:12:00,14:14:00,254.0,76.0,0.0,42.0,77.0,False
blue_plus_10,2026-09-15,青少年教育センター,kajiso_vio,10:30:00,True,,1+1+平日+3,1,14_1,14,11:18:00,25_0,32,11:56:00,12:01:00,12:46:00,2+0+平日+4,2,25_0,17,13:33:00,14_2,35,14:12:00,14:14:00,224.0,46.0,0.0,42.0,77.0,False
blue_plus_10,2026-09-15,青少年教育センター,kajiso_vio,11:00:00,True,,1+1+平日+3,1,14_1,14,11:18:00,25_0,32,11:56:00,12:01:00,12:46:00,2+0+平日+4,2,25_0,17,13:33:00,14_2,35,14:12:00,14:14:00,194.0,16.0,0.0,42.0,77.0,False
blue_plus_10,2026-09-15,青少年教育センター,kajiso_vio,11:30:00,True,,1+1+毎日+4,1,14_1,14,13:22:00,25_0,32,14:03:00,14:08:00,14:53:00,2+0+毎日+5,2,25_0,17,15:58:00,14_2,35,16:26:00,16:28:00,298.0,110.0,0.0,60.0,69.0,False
blue_plus_10,2026-09-15,青少年教育センター,kajiso_vio,12:00:00,True,,1+1+毎日+4,1,14_1,14,13:22:00,25_0,32,14:03:00,14:08:00,14:53:00,2+0+毎日+5,2,25_0,17,15:58:00,14_2,35,16:26:00,16:28:00,268.0,80.0,0.0,60.0,69.0,False
blue_plus_10,2026-09-15,青少年教育センター,kajiso_vio,12:30:00,True,,1+1+毎日+4,1,14_1,14,13:22:00,25_0,32,14:03:00,14:08:00,14:53:00,2+0+毎日+5,2,25_0,17,15:58:00,14_2,35,16:26:00,16:28:00,238.0,50.0,0.0,60.0,69.0,False
blue_plus_10,2026-09-15,青少年教育センター,kajiso_vio,13:00:00,True,,1+1+毎日+4,1,14_1,14,13:22:00,25_0,32,14:03:00,14:08:00,14:53:00,2+0+毎日+5,2,25_0,17,15:58:00,14_2,35,16:26:00,16:28:00,208.0,20.0,0.0,60.0,69.0,False
blue_plus_10,2026-09-15,青少年教育センター,kajiso_vio,13:30:00,False,no_return_by_deadline,,,,,,,,,,,,,,,,,,,,,,,,,False
blue_plus_10,2026-09-15,青少年教育センター,kajiso_vio,14:00:00,False,no_return_by_deadline,,,,,,,,,,,,,,,,,,,,,,,,,False
blue_plus_10,2026-09-15,青少年教育センター,kajiso_vio,14:30:00,False,no_return_by_deadline,,,,,,,,,,,,,,,,,,,,,,,,,False
blue_plus_10,2026-09-15,青少年教育センター,kajiso_vio,15:00:00,False,no_return_by_deadline,,,,,,,,,,,,,,,,,,,,,,,,,False
blue_plus_10,2026-09-15,青少年教育センター,kajiso_vio,15:30:00,False,no_return_by_deadline,,,,,,,,,,,,,,,,,,,,,,,,,False
blue_plus_10,2026-09-15,青少年教育センター,kajiso_vio,16:00:00,False,no_outbound_bus,,,,,,,,,,,,,,,,,,,,,,,,,False
blue_plus_10,2026-09-15,陽明中学校口,kajiso_libre,08:00:00,True,,1+1+毎日+2,1,17_1,17,09:46:00,21_1,21,09:50:00,09:55:00,10:40:00,2+0+毎日+3,2,21_2,28,11:57:00,17_2,32,12:01:00,12:03:00,243.0,104.0,0.0,72.0,8.0,False
blue_plus_10,2026-09-15,陽明中学校口,kajiso_libre,08:30:00,True,,1+1+毎日+2,1,17_1,17,09:46:00,21_1,21,09:50:00,09:55:00,10:40:00,2+0+毎日+3,2,21_2,28,11:57:00,17_2,32,12:01:00,12:03:00,213.0,74.0,0.0,72.0,8.0,False
blue_plus_10,2026-09-15,陽明中学校口,kajiso_libre,09:00:00,True,,1+1+毎日+2,1,17_1,17,09:46:00,21_1,21,09:50:00,09:55:00,10:40:00,2+0+毎日+3,2,21_2,28,11:57:00,17_2,32,12:01:00,12:03:00,183.0,44.0,0.0,72.0,8.0,False
blue_plus_10,2026-09-15,陽明中学校口,kajiso_libre,09:30:00,True,,1+1+毎日+2,1,17_1,17,09:46:00,21_1,21,09:50:00,09:55:00,10:40:00,2+0+毎日+3,2,21_2,28,11:57:00,17_2,32,12:01:00,12:03:00,153.0,14.0,0.0,72.0,8.0,True
blue_plus_10,2026-09-15,陽明中学校口,kajiso_libre,10:00:00,True,,1+1+平日+3,1,17_1,17,11:24:00,21_1,21,11:28:00,11:33:00,12:18:00,2+0+平日+4,2,21_2,28,14:04:00,17_2,32,14:08:00,14:10:00,250.0,82.0,0.0,101.0,8.0,False
blue_plus_10,2026-09-15,陽明中学校口,kajiso_libre,10:30:00,True,,1+1+平日+3,1,17_1,17,11:24:00,21_1,21,11:28:00,11:33:00,12:18:00,2+0+平日+4,2,21_2,28,14:04:00,17_2,32,14:08:00,14:10:00,220.0,52.0,0.0,101.0,8.0,False
blue_plus_10,2026-09-15,陽明中学校口,kajiso_libre,11:00:00,True,,1+1+平日+3,1,17_1,17,11:24:00,21_1,21,11:28:00,11:33:00,12:18:00,2+0+平日+4,2,21_2,28,14:04:00,17_2,32,14:08:00,14:10:00,190.0,22.0,0.0,101.0,8.0,False
blue_plus_10,2026-09-15,陽明中学校口,kajiso_libre,11:30:00,True,,1+1+毎日+4,1,17_1,17,13:28:00,21_1,21,13:32:00,13:37:00,14:22:00,2+0+毎日+5,2,21_2,28,16:18:00,17_2,32,16:22:00,16:24:00,294.0,116.0,0.0,111.0,8.0,False
blue_plus_10,2026-09-15,陽明中学校口,kajiso_libre,12:00:00,True,,1+1+毎日+4,1,17_1,17,13:28:00,21_1,21,13:32:00,13:37:00,14:22:00,2+0+毎日+5,2,21_2,28,16:18:00,17_2,32,16:22:00,16:24:00,264.0,86.0,0.0,111.0,8.0,False
blue_plus_10,2026-09-15,陽明中学校口,kajiso_libre,12:30:00,True,,1+1+毎日+4,1,17_1,17,13:28:00,21_1,21,13:32:00,13:37:00,14:22:00,2+0+毎日+5,2,21_2,28,16:18:00,17_2,32,16:22:00,16:24:00,234.0,56.0,0.0,111.0,8.0,False
blue_plus_10,2026-09-15,陽明中学校口,kajiso_libre,13:00:00,True,,1+1+毎日+4,1,17_1,17,13:28:00,21_1,21,13:32:00,13:37:00,14:22:00,2+0+毎日+5,2,21_2,28,16:18:00,17_2,32,16:22:00,16:24:00,204.0,26.0,0.0,111.0,8.0,False
blue_plus_10,2026-09-15,陽明中学校口,kajiso_libre,13:30:00,False,no_return_by_deadline,,,,,,,,,,,,,,,,,,,,,,,,,False
blue_plus_10,2026-09-15,陽明中学校口,kajiso_libre,14:00:00,False,no_return_by_deadline,,,,,,,,,,,,,,,,,,,,,,,,,False
blue_plus_10,2026-09-15,陽明中学校口,kajiso_libre,14:30:00,False,no_return_by_deadline,,,,,,,,,,,,,,,,,,,,,,,,,False
blue_plus_10,2026-09-15,陽明中学校口,kajiso_libre,15:00:00,False,no_return_by_deadline,,,,,,,,,,,,,,,,,,,,,,,,,False
blue_plus_10,2026-09-15,陽明中学校口,kajiso_libre,15:30:00,False,no_return_by_deadline,,,,,,,,,,,,,,,,,,,,,,,,,False
blue_plus_10,2026-09-15,陽明中学校口,kajiso_libre,16:00:00,False,no_outbound_bus,,,,,,,,,,,,,,,,,,,,,,,,,False
blue_plus_10,2026-09-15,陽明中学校口,kajiso_vio,08:00:00,True,,1+1+毎日+2,1,17_1,17,09:46:00,25_0,32,10:13:00,10:18:00,11:03:00,2+0+毎日+3,2,25_0,17,11:29:00,17_2,32,12:01:00,12:03:00,243.0,104.0,0.0,21.0,59.0,False
blue_plus_10,2026-09-15,陽明中学校口,kajiso_vio,08:30:00,True,,1+1+毎日+2,1,17_1,17,09:46:00,25_0,32,10:13:00,10:18:00,11:03:00,2+0+毎日+3,2,25_0,17,11:29:00,17_2,32,12:01:00,12:03:00,213.0,74.0,0.0,21.0,59.0,False
blue_plus_10,2026-09-15,陽明中学校口,kajiso_vio,09:00:00,True,,1+1+毎日+2,1,17_1,17,09:46:00,25_0,32,10:13:00,10:18:00,11:03:00,2+0+毎日+3,2,25_0,17,11:29:00,17_2,32,12:01:00,12:03:00,183.0,44.0,0.0,21.0,59.0,False
blue_plus_10,2026-09-15,陽明中学校口,kajiso_vio,09:30:00,True,,1+1+毎日+2,1,17_1,17,09:46:00,25_0,32,10:13:00,10:18:00,11:03:00,2+0+毎日+3,2,25_0,17,11:29:00,17_2,32,12:01:00,12:03:00,153.0,14.0,0.0,21.0,59.0,True
blue_plus_10,2026-09-15,陽明中学校口,kajiso_vio,10:00:00,True,,1+1+平日+3,1,17_1,17,11:24:00,25_0,32,11:56:00,12:01:00,12:46:00,2+0+平日+4,2,25_0,17,13:33:00,17_2,32,14:08:00,14:10:00,250.0,82.0,0.0,42.0,67.0,False
blue_plus_10,2026-09-15,陽明中学校口,kajiso_vio,10:30:00,True,,1+1+平日+3,1,17_1,17,11:24:00,25_0,32,11:56:00,12:01:00,12:46:00,2+0+平日+4,2,25_0,17,13:33:00,17_2,32,14:08:00,14:10:00,220.0,52.0,0.0,42.0,67.0,False
blue_plus_10,2026-09-15,陽明中学校口,kajiso_vio,11:00:00,True,,1+1+平日+3,1,17_1,17,11:24:00,25_0,32,11:56:00,12:01:00,12:46:00,2+0+平日+4,2,25_0,17,13:33:00,17_2,32,14:08:00,14:10:00,190.0,22.0,0.0,42.0,67.0,False
blue_plus_10,2026-09-15,陽明中学校口,kajiso_vio,11:30:00,True,,1+1+毎日+4,1,17_1,17,13:28:00,25_0,32,14:03:00,14:08:00,14:53:00,2+0+毎日+5,2,25_0,17,15:58:00,17_2,32,16:22:00,16:24:00,294.0,116.0,0.0,60.0,59.0,False
blue_plus_10,2026-09-15,陽明中学校口,kajiso_vio,12:00:00,True,,1+1+毎日+4,1,17_1,17,13:28:00,25_0,32,14:03:00,14:08:00,14:53:00,2+0+毎日+5,2,25_0,17,15:58:00,17_2,32,16:22:00,16:24:00,264.0,86.0,0.0,60.0,59.0,False
blue_plus_10,2026-09-15,陽明中学校口,kajiso_vio,12:30:00,True,,1+1+毎日+4,1,17_1,17,13:28:00,25_0,32,14:03:00,14:08:00,14:53:00,2+0+毎日+5,2,25_0,17,15:58:00,17_2,32,16:22:00,16:24:00,234.0,56.0,0.0,60.0,59.0,False
blue_plus_10,2026-09-15,陽明中学校口,kajiso_vio,13:00:00,True,,1+1+毎日+4,1,17_1,17,13:28:00,25_0,32,14:03:00,14:08:00,14:53:00,2+0+毎日+5,2,25_0,17,15:58:00,17_2,32,16:22:00,16:24:00,204.0,26.0,0.0,60.0,59.0,False
blue_plus_10,2026-09-15,陽明中学校口,kajiso_vio,13:30:00,False,no_return_by_deadline,,,,,,,,,,,,,,,,,,,,,,,,,False
blue_plus_10,2026-09-15,陽明中学校口,kajiso_vio,14:00:00,False,no_return_by_deadline,,,,,,,,,,,,,,,,,,,,,,,,,False
blue_plus_10,2026-09-15,陽明中学校口,kajiso_vio,14:30:00,False,no_return_by_deadline,,,,,,,,,,,,,,,,,,,,,,,,,False
blue_plus_10,2026-09-15,陽明中学校口,kajiso_vio,15:00:00,False,no_return_by_deadline,,,,,,,,,,,,,,,,,,,,,,,,,False
blue_plus_10,2026-09-15,陽明中学校口,kajiso_vio,15:30:00,False,no_return_by_deadline,,,,,,,,,,,,,,,,,,,,,,,,,False
blue_plus_10,2026-09-15,陽明中学校口,kajiso_vio,16:00:00,False,no_outbound_bus,,,,,,,,,,,,,,,,,,,,,,,,,False
blue_plus_10,2026-09-15,さくら公園,kajiso_libre,08:00:00,True,,1+1+毎日+2,1,19_1,19,09:48:00,21_1,21,09:50:00,09:55:00,10:40:00,2+0+毎日+3,2,21_2,28,11:57:00,19_2,30,11:59:00,12:01:00,241.0,106.0,0.0,72.0,4.0,False
blue_plus_10,2026-09-15,さくら公園,kajiso_libre,08:30:00,True,,1+1+毎日+2,1,19_1,19,09:48:00,21_1,21,09:50:00,09:55:00,10:40:00,2+0+毎日+3,2,21_2,28,11:57:00,19_2,30,11:59:00,12:01:00,211.0,76.0,0.0,72.0,4.0,False
blue_plus_10,2026-09-15,さくら公園,kajiso_libre,09:00:00,True,,1+1+毎日+2,1,19_1,19,09:48:00,21_1,21,09:50:00,09:55:00,10:40:00,2+0+毎日+3,2,21_2,28,11:57:00,19_2,30,11:59:00,12:01:00,181.0,46.0,0.0,72.0,4.0,False
blue_plus_10,2026-09-15,さくら公園,kajiso_libre,09:30:00,True,,1+1+毎日+2,1,19_1,19,09:48:00,21_1,21,09:50:00,09:55:00,10:40:00,2+0+毎日+3,2,21_2,28,11:57:00,19_2,30,11:59:00,12:01:00,151.0,16.0,0.0,72.0,4.0,True
blue_plus_10,2026-09-15,さくら公園,kajiso_libre,10:00:00,True,,1+1+平日+3,1,19_1,19,11:26:00,21_1,21,11:28:00,11:33:00,12:18:00,2+0+平日+4,2,21_2,28,14:04:00,19_2,30,14:06:00,14:08:00,248.0,84.0,0.0,101.0,4.0,False
blue_plus_10,2026-09-15,さくら公園,kajiso_libre,10:30:00,True,,1+1+平日+3,1,19_1,19,11:26:00,21_1,21,11:28:00,11:33:00,12:18:00,2+0+平日+4,2,21_2,28,14:04:00,19_2,30,14:06:00,14:08:00,218.0,54.0,0.0,101.0,4.0,False
blue_plus_10,2026-09-15,さくら公園,kajiso_libre,11:00:00,True,,1+1+平日+3,1,19_1,19,11:26:00,21_1,21,11:28:00,11:33:00,12:18:00,2+0+平日+4,2,21_2,28,14:04:00,19_2,30,14:06:00,14:08:00,188.0,24.0,0.0,101.0,4.0,False
blue_plus_10,2026-09-15,さくら公園,kajiso_libre,11:30:00,True,,1+1+毎日+4,1,19_1,19,13:30:00,21_1,21,13:32:00,13:37:00,14:22:00,2+0+毎日+5,2,21_2,28,16:18:00,19_2,30,16:20:00,16:22:00,292.0,118.0,0.0,111.0,4.0,False
blue_plus_10,2026-09-15,さくら公園,kajiso_libre,12:00:00,True,,1+1+毎日+4,1,19_1,19,13:30:00,21_1,21,13:32:00,13:37:00,14:22:00,2+0+毎日+5,2,21_2,28,16:18:00,19_2,30,16:20:00,16:22:00,262.0,88.0,0.0,111.0,4.0,False
blue_plus_10,2026-09-15,さくら公園,kajiso_libre,12:30:00,True,,1+1+毎日+4,1,19_1,19,13:30:00,21_1,21,13:32:00,13:37:00,14:22:00,2+0+毎日+5,2,21_2,28,16:18:00,19_2,30,16:20:00,16:22:00,232.0,58.0,0.0,111.0,4.0,False
blue_plus_10,2026-09-15,さくら公園,kajiso_libre,13:00:00,True,,1+1+毎日+4,1,19_1,19,13:30:00,21_1,21,13:32:00,13:37:00,14:22:00,2+0+毎日+5,2,21_2,28,16:18:00,19_2,30,16:20:00,16:22:00,202.0,28.0,0.0,111.0,4.0,False
blue_plus_10,2026-09-15,さくら公園,kajiso_libre,13:30:00,False,no_return_by_deadline,,,,,,,,,,,,,,,,,,,,,,,,,False
blue_plus_10,2026-09-15,さくら公園,kajiso_libre,14:00:00,False,no_return_by_deadline,,,,,,,,,,,,,,,,,,,,,,,,,False
blue_plus_10,2026-09-15,さくら公園,kajiso_libre,14:30:00,False,no_return_by_deadline,,,,,,,,,,,,,,,,,,,,,,,,,False
blue_plus_10,2026-09-15,さくら公園,kajiso_libre,15:00:00,False,no_return_by_deadline,,,,,,,,,,,,,,,,,,,,,,,,,False
blue_plus_10,2026-09-15,さくら公園,kajiso_libre,15:30:00,False,no_return_by_deadline,,,,,,,,,,,,,,,,,,,,,,,,,False
blue_plus_10,2026-09-15,さくら公園,kajiso_libre,16:00:00,False,no_outbound_bus,,,,,,,,,,,,,,,,,,,,,,,,,False
blue_plus_10,2026-09-15,さくら公園,kajiso_vio,08:00:00,True,,1+1+毎日+2,1,19_1,19,09:48:00,25_0,32,10:13:00,10:18:00,11:03:00,2+0+毎日+3,2,25_0,17,11:29:00,19_2,30,11:59:00,12:01:00,241.0,106.0,0.0,21.0,55.0,False
blue_plus_10,2026-09-15,さくら公園,kajiso_vio,08:30:00,True,,1+1+毎日+2,1,19_1,19,09:48:00,25_0,32,10:13:00,10:18:00,11:03:00,2+0+毎日+3,2,25_0,17,11:29:00,19_2,30,11:59:00,12:01:00,211.0,76.0,0.0,21.0,55.0,False
blue_plus_10,2026-09-15,さくら公園,kajiso_vio,09:00:00,True,,1+1+毎日+2,1,19_1,19,09:48:00,25_0,32,10:13:00,10:18:00,11:03:00,2+0+毎日+3,2,25_0,17,11:29:00,19_2,30,11:59:00,12:01:00,181.0,46.0,0.0,21.0,55.0,False
blue_plus_10,2026-09-15,さくら公園,kajiso_vio,09:30:00,True,,1+1+毎日+2,1,19_1,19,09:48:00,25_0,32,10:13:00,10:18:00,11:03:00,2+0+毎日+3,2,25_0,17,11:29:00,19_2,30,11:59:00,12:01:00,151.0,16.0,0.0,21.0,55.0,True
blue_plus_10,2026-09-15,さくら公園,kajiso_vio,10:00:00,True,,1+1+平日+3,1,19_1,19,11:26:00,25_0,32,11:56:00,12:01:00,12:46:00,2+0+平日+4,2,25_0,17,13:33:00,19_2,30,14:06:00,14:08:00,248.0,84.0,0.0,42.0,63.0,False
blue_plus_10,2026-09-15,さくら公園,kajiso_vio,10:30:00,True,,1+1+平日+3,1,19_1,19,11:26:00,25_0,32,11:56:00,12:01:00,12:46:00,2+0+平日+4,2,25_0,17,13:33:00,19_2,30,14:06:00,14:08:00,218.0,54.0,0.0,42.0,63.0,False
blue_plus_10,2026-09-15,さくら公園,kajiso_vio,11:00:00,True,,1+1+平日+3,1,19_1,19,11:26:00,25_0,32,11:56:00,12:01:00,12:46:00,2+0+平日+4,2,25_0,17,13:33:00,19_2,30,14:06:00,14:08:00,188.0,24.0,0.0,42.0,63.0,False
blue_plus_10,2026-09-15,さくら公園,kajiso_vio,11:30:00,True,,1+1+毎日+4,1,19_1,19,13:30:00,25_0,32,14:03:00,14:08:00,14:53:00,2+0+毎日+5,2,25_0,17,15:58:00,19_2,30,16:20:00,16:22:00,292.0,118.0,0.0,60.0,55.0,False
blue_plus_10,2026-09-15,さくら公園,kajiso_vio,12:00:00,True,,1+1+毎日+4,1,19_1,19,13:30:00,25_0,32,14:03:00,14:08:00,14:53:00,2+0+毎日+5,2,25_0,17,15:58:00,19_2,30,16:20:00,16:22:00,262.0,88.0,0.0,60.0,55.0,False
blue_plus_10,2026-09-15,さくら公園,kajiso_vio,12:30:00,True,,1+1+毎日+4,1,19_1,19,13:30:00,25_0,32,14:03:00,14:08:00,14:53:00,2+0+毎日+5,2,25_0,17,15:58:00,19_2,30,16:20:00,16:22:00,232.0,58.0,0.0,60.0,55.0,False
blue_plus_10,2026-09-15,さくら公園,kajiso_vio,13:00:00,True,,1+1+毎日+4,1,19_1,19,13:30:00,25_0,32,14:03:00,14:08:00,14:53:00,2+0+毎日+5,2,25_0,17,15:58:00,19_2,30,16:20:00,16:22:00,202.0,28.0,0.0,60.0,55.0,False
blue_plus_10,2026-09-15,さくら公園,kajiso_vio,13:30:00,False,no_return_by_deadline,,,,,,,,,,,,,,,,,,,,,,,,,False
blue_plus_10,2026-09-15,さくら公園,kajiso_vio,14:00:00,False,no_return_by_deadline,,,,,,,,,,,,,,,,,,,,,,,,,False
blue_plus_10,2026-09-15,さくら公園,kajiso_vio,14:30:00,False,no_return_by_deadline,,,,,,,,,,,,,,,,,,,,,,,,,False
blue_plus_10,2026-09-15,さくら公園,kajiso_vio,15:00:00,False,no_return_by_deadline,,,,,,,,,,,,,,,,,,,,,,,,,False
blue_plus_10,2026-09-15,さくら公園,kajiso_vio,15:30:00,False,no_return_by_deadline,,,,,,,,,,,,,,,,,,,,,,,,,False
blue_plus_10,2026-09-15,さくら公園,kajiso_vio,16:00:00,False,no_outbound_bus,,,,,,,,,,,,,,,,,,,,,,,,,False
blue_plus_10,2026-09-15,わかくさ,kajiso_libre,08:00:00,True,,2+0+平日+1,2,22_2,27,08:25:00,21_2,28,08:26:00,09:30:00,10:15:00,1+1+平日+3,1,21_1,21,11:28:00,22_1,22,11:29:00,11:31:00,211.0,23.0,59.0,68.0,2.0,False
blue_plus_10,2026-09-15,わかくさ,kajiso_libre,08:30:00,True,,2+0+平日+2,2,22_2,27,10:07:00,21_2,28,10:08:00,10:13:00,10:58:00,1+1+平日+3,1,21_1,21,11:28:00,22_1,22,11:29:00,11:31:00,181.0,95.0,0.0,25.0,2.0,False
blue_plus_10,2026-09-15,わかくさ,kajiso_libre,09:00:00,True,,2+0+平日+2,2,22_2,27,10:07:00,21_2,28,10:08:00,10:13:00,10:58:00,1+1+平日+3,1,21_1,21,11:28:00,22_1,22,11:29:00,11:31:00,151.0,65.0,0.0,25.0,2.0,True
blue_plus_10,2026-09-15,わかくさ,kajiso_libre,09:30:00,True,,2+0+平日+2,2,22_2,27,10:07:00,21_2,28,10:08:00,10:13:00,10:58:00,1+1+平日+3,1,21_1,21,11:28:00,22_1,22,11:29:00,11:31:00,121.0,35.0,0.0,25.0,2.0,True
blue_plus_10,2026-09-15,わかくさ,kajiso_libre,10:00:00,True,,2+0+平日+2,2,22_2,27,10:07:00,21_2,28,10:08:00,10:13:00,10:58:00,1+1+平日+3,1,21_1,21,11:28:00,22_1,22,11:29:00,11:31:00,91.0,5.0,0.0,25.0,2.0,True
blue_plus_10,2026-09-15,わかくさ,kajiso_libre,10:30:00,True,,2+0+毎日+3,2,22_2,27,11:56:00,21_2,28,11:57:00,12:02:00,12:47:00,1+1+毎日+4,1,21_1,21,13:32:00,22_1,22,13:33:00,13:35:00,185.0,84.0,0.0,40.0,2.0,False
blue_plus_10,2026-09-15,わかくさ,kajiso_libre,11:00:00,True,,2+0+毎日+3,2,22_2,27,11:56:00,21_2,28,11:57:00,12:02:00,12:47:00,1+1+毎日+4,1,21_1,21,13:32:00,22_1,22,13:33:00,13:35:00,155.0,54.0,0.0,40.0,2.0,True
blue_plus_10,2026-09-15,わかくさ,kajiso_libre,11:30:00,True,,2+0+毎日+3,2,22_2,27,11:56:00,21_2,28,11:57:00,12:02:00,12:47:00,1+1+毎日+4,1,21_1,21,13:32:00,22_1,22,13:33:00,13:35:00,125.0,24.0,0.0,40.0,2.0,True
blue_plus_10,2026-09-15,わかくさ,kajiso_libre,12:00:00,True,,2+0+平日+4,2,22_2,27,14:03:00,21_2,28,14:04:00,14:09:00,14:54:00,1+1+平日+5,1,21_1,21,16:02:00,22_1,22,16:03:00,16:05:00,245.0,121.0,0.0,63.0,2.0,False
blue_plus_10,2026-09-15,わかくさ,kajiso_libre,12:30:00,True,,2+0+平日+4,2,22_2,27,14:03:00,21_2,28,14:04:00,14:09:00,14:54:00,1+1+平日+5,1,21_1,21,16:02:00,22_1,22,16:03:00,16:05:00,215.0,91.0,0.0,63.0,2.0,False
blue_plus_10,2026-09-15,わかくさ,kajiso_libre,13:00:00,True,,2+0+平日+4,2,22_2,27,14:03:00,21_2,28,14:04:00,14:09:00,14:54:00,1+1+平日+5,1,21_1,21,16:02:00,22_1,22,16:03:00,16:05:00,185.0,61.0,0.0,63.0,2.0,False
blue_plus_10,2026-09-15,わかくさ,kajiso_libre,13:30:00,True,,2+0+平日+4,2,22_2,27,14:03:00,21_2,28,14:04:00,14:09:00,14:54:00,1+1+平日+5,1,21_1,21,16:02:00,22_1,22,16:03:00,16:05:00,155.0,31.0,0.0,63.0,2.0,True
blue_plus_10,2026-09-15,わかくさ,kajiso_libre,14:00:00,False,no_return_by_deadline,,,,,,,,,,,,,,,,,,,,,,,,,False
blue_plus_10,2026-09-15,わかくさ,kajiso_libre,14:30:00,False,no_return_by_deadline,,,,,,,,,,,,,,,,,,,,,,,,,False
blue_plus_10,2026-09-15,わかくさ,kajiso_libre,15:00:00,False,no_return_by_deadline,,,,,,,,,,,,,,,,,,,,,,,,,False
blue_plus_10,2026-09-15,わかくさ,kajiso_libre,15:30:00,False,no_return_by_deadline,,,,,,,,,,,,,,,,,,,,,,,,,False
blue_plus_10,2026-09-15,わかくさ,kajiso_libre,16:00:00,False,no_return_by_deadline,,,,,,,,,,,,,,,,,,,,,,,,,False
blue_plus_10,2026-09-15,わかくさ,kajiso_vio,08:00:00,True,,1+1+毎日+2,1,22_1,22,09:51:00,25_0,32,10:13:00,10:18:00,11:03:00,2+0+毎日+3,2,25_0,17,11:29:00,22_2,27,11:56:00,11:58:00,238.0,109.0,0.0,21.0,49.0,False
blue_plus_10,2026-09-15,わかくさ,kajiso_vio,08:30:00,True,,1+1+毎日+2,1,22_1,22,09:51:00,25_0,32,10:13:00,10:18:00,11:03:00,2+0+毎日+3,2,25_0,17,11:29:00,22_2,27,11:56:00,11:58:00,208.0,79.0,0.0,21.0,49.0,False
blue_plus_10,2026-09-15,わかくさ,kajiso_vio,09:00:00,True,,1+1+毎日+2,1,22_1,22,09:51:00,25_0,32,10:13:00,10:18:00,11:03:00,2+0+毎日+3,2,25_0,17,11:29:00,22_2,27,11:56:00,11:58:00,178.0,49.0,0.0,21.0,49.0,True
blue_plus_10,2026-09-15,わかくさ,kajiso_vio,09:30:00,True,,1+1+毎日+2,1,22_1,22,09:51:00,25_0,32,10:13:00,10:18:00,11:03:00,2+0+毎日+3,2,25_0,17,11:29:00,22_2,27,11:56:00,11:58:00,148.0,19.0,0.0,21.0,49.0,True
blue_plus_10,2026-09-15,わかくさ,kajiso_vio,10:00:00,True,,1+1+平日+3,1,22_1,22,11:29:00,25_0,32,11:56:00,12:01:00,12:46:00,2+0+平日+4,2,25_0,17,13:33:00,22_2,27,14:03:00,14:05:00,245.0,87.0,0.0,42.0,57.0,False
blue_plus_10,2026-09-15,わかくさ,kajiso_vio,10:30:00,True,,1+1+平日+3,1,22_1,22,11:29:00,25_0,32,11:56:00,12:01:00,12:46:00,2+0+平日+4,2,25_0,17,13:33:00,22_2,27,14:03:00,14:05:00,215.0,57.0,0.0,42.0,57.0,False
blue_plus_10,2026-09-15,わかくさ,kajiso_vio,11:00:00,True,,1+1+平日+3,1,22_1,22,11:29:00,25_0,32,11:56:00,12:01:00,12:46:00,2+0+平日+4,2,25_0,17,13:33:00,22_2,27,14:03:00,14:05:00,185.0,27.0,0.0,42.0,57.0,False
blue_plus_10,2026-09-15,わかくさ,kajiso_vio,11:30:00,True,,1+1+毎日+4,1,22_1,22,13:33:00,25_0,32,14:03:00,14:08:00,14:53:00,2+0+毎日+5,2,25_0,17,15:58:00,22_2,27,16:17:00,16:19:00,289.0,121.0,0.0,60.0,49.0,False
blue_plus_10,2026-09-15,わかくさ,kajiso_vio,12:00:00,True,,1+1+毎日+4,1,22_1,22,13:33:00,25_0,32,14:03:00,14:08:00,14:53:00,2+0+毎日+5,2,25_0,17,15:58:00,22_2,27,16:17:00,16:19:00,259.0,91.0,0.0,60.0,49.0,False
blue_plus_10,2026-09-15,わかくさ,kajiso_vio,12:30:00,True,,1+1+毎日+4,1,22_1,22,13:33:00,25_0,32,14:03:00,14:08:00,14:53:00,2+0+毎日+5,2,25_0,17,15:58:00,22_2,27,16:17:00,16:19:00,229.0,61.0,0.0,60.0,49.0,False
blue_plus_10,2026-09-15,わかくさ,kajiso_vio,13:00:00,True,,1+1+毎日+4,1,22_1,22,13:33:00,25_0,32,14:03:00,14:08:00,14:53:00,2+0+毎日+5,2,25_0,17,15:58:00,22_2,27,16:17:00,16:19:00,199.0,31.0,0.0,60.0,49.0,False
blue_plus_10,2026-09-15,わかくさ,kajiso_vio,13:30:00,False,no_return_by_deadline,,,,,,,,,,,,,,,,,,,,,,,,,False
blue_plus_10,2026-09-15,わかくさ,kajiso_vio,14:00:00,False,no_return_by_deadline,,,,,,,,,,,,,,,,,,,,,,,,,False
blue_plus_10,2026-09-15,わかくさ,kajiso_vio,14:30:00,False,no_return_by_deadline,,,,,,,,,,,,,,,,,,,,,,,,,False
blue_plus_10,2026-09-15,わかくさ,kajiso_vio,15:00:00,False,no_return_by_deadline,,,,,,,,,,,,,,,,,,,,,,,,,False
blue_plus_10,2026-09-15,わかくさ,kajiso_vio,15:30:00,False,no_return_by_deadline,,,,,,,,,,,,,,,,,,,,,,,,,False
blue_plus_10,2026-09-15,わかくさ,kajiso_vio,16:00:00,False,no_outbound_bus,,,,,,,,,,,,,,,,,,,,,,,,,False
blue_plus_10,2026-09-15,篠座,kajiso_libre,08:00:00,True,,2+0+平日+1,2,29_2,13,08:08:00,21_2,28,08:26:00,09:30:00,10:15:00,1+1+平日+3,1,21_1,21,11:28:00,29_1,36,12:04:00,12:06:00,246.0,6.0,59.0,68.0,54.0,False
blue_plus_10,2026-09-15,篠座,kajiso_libre,08:30:00,True,,2+0+平日+2,2,29_2,13,09:41:00,21_2,28,10:08:00,10:13:00,10:58:00,1+1+平日+3,1,21_1,21,11:28:00,29_1,36,12:04:00,12:06:00,216.0,69.0,0.0,25.0,63.0,False
blue_plus_10,2026-09-15,篠座,kajiso_libre,09:00:00,True,,2+0+平日+2,2,29_2,13,09:41:00,21_2,28,10:08:00,10:13:00,10:58:00,1+1+平日+3,1,21_1,21,11:28:00,29_1,36,12:04:00,12:06:00,186.0,39.0,0.0,25.0,63.0,False
blue_plus_10,2026-09-15,篠座,kajiso_libre,09:30:00,True,,2+0+平日+2,2,29_2,13,09:41:00,21_2,28,10:08:00,10:13:00,10:58:00,1+1+平日+3,1,21_1,21,11:28:00,29_1,36,12:04:00,12:06:00,156.0,9.0,0.0,25.0,63.0,True
blue_plus_10,2026-09-15,篠座,kajiso_libre,10:00:00,True,,2+0+毎日+3,2,29_2,13,11:22:00,21_2,28,11:57:00,12:02:00,12:47:00,1+1+毎日+4,1,21_1,21,13:32:00,29_1,36,14:11:00,14:13:00,253.0,80.0,0.0,40.0,74.0,False
blue_plus_10,2026-09-15,篠座,kajiso_libre,10:30:00,True,,2+0+毎日+3,2,29_2,13,11:22:00,21_2,28,11:57:00,12:02:00,12:47:00,1+1+毎日+4,1,21_1,21,13:32:00,29_1,36,14:11:00,14:13:00,223.0,50.0,0.0,40.0,74.0,False
blue_plus_10,2026-09-15,篠座,kajiso_libre,11:00:00,True,,2+0+毎日+3,2,29_2,13,11:22:00,21_2,28,11:57:00,12:02:00,12:47:00,1+1+毎日+4,1,21_1,21,13:32:00,29_1,36,14:11:00,14:13:00,193.0,20.0,0.0,40.0,74.0,False
blue_plus_10,2026-09-15,篠座,kajiso_libre,11:30:00,True,,2+0+平日+4,2,29_2,13,13:26:00,21_2,28,14:04:00,14:09:00,14:54:00,1+1+平日+5,1,21_1,21,16:02:00,29_1,36,16:30:00,16:32:00,302.0,114.0,0.0,63.0,66.0,False
blue_plus_10,2026-09-15,篠座,kajiso_libre,12:00:00,True,,2+0+平日+4,2,29_2,13,13:26:00,21_2,28,14:04:00,14:09:00,14:54:00,1+1+平日+5,1,21_1,21,16:02:00,29_1,36,16:30:00,16:32:00,272.0,84.0,0.0,63.0,66.0,False
blue_plus_10,2026-09-15,篠座,kajiso_libre,12:30:00,True,,2+0+平日+4,2,29_2,13,13:26:00,21_2,28,14:04:00,14:09:00,14:54:00,1+1+平日+5,1,21_1,21,16:02:00,29_1,36,16:30:00,16:32:00,242.0,54.0,0.0,63.0,66.0,False
blue_plus_10,2026-09-15,篠座,kajiso_libre,13:00:00,True,,2+0+平日+4,2,29_2,13,13:26:00,21_2,28,14:04:00,14:09:00,14:54:00,1+1+平日+5,1,21_1,21,16:02:00,29_1,36,16:30:00,16:32:00,212.0,24.0,0.0,63.0,66.0,False
blue_plus_10,2026-09-15,篠座,kajiso_libre,13:30:00,False,no_return_by_deadline,,,,,,,,,,,,,,,,,,,,,,,,,False
blue_plus_10,2026-09-15,篠座,kajiso_libre,14:00:00,False,no_return_by_deadline,,,,,,,,,,,,,,,,,,,,,,,,,False
blue_plus_10,2026-09-15,篠座,kajiso_libre,14:30:00,False,no_return_by_deadline,,,,,,,,,,,,,,,,,,,,,,,,,False
blue_plus_10,2026-09-15,篠座,kajiso_libre,15:00:00,False,no_return_by_deadline,,,,,,,,,,,,,,,,,,,,,,,,,False
blue_plus_10,2026-09-15,篠座,kajiso_libre,15:30:00,False,no_return_by_deadline,,,,,,,,,,,,,,,,,,,,,,,,,False
blue_plus_10,2026-09-15,篠座,kajiso_libre,16:00:00,False,no_outbound_bus,,,,,,,,,,,,,,,,,,,,,,,,,False
blue_plus_10,2026-09-15,篠座,kajiso_vio,08:00:00,True,,2+0+平日+2,2,29_2,13,09:41:00,25_0,17,09:48:00,09:53:00,10:38:00,1+1+平日+3,1,25_0,32,11:56:00,29_1,36,12:04:00,12:06:00,246.0,99.0,0.0,73.0,15.0,False
blue_plus_10,2026-09-15,篠座,kajiso_vio,08:30:00,True,,2+0+平日+2,2,29_2,13,09:41:00,25_0,17,09:48:00,09:53:00,10:38:00,1+1+平日+3,1,25_0,32,11:56:00,29_1,36,12:04:00,12:06:00,216.0,69.0,0.0,73.0,15.0,False
blue_plus_10,2026-09-15,篠座,kajiso_vio,09:00:00,True,,2+0+平日+2,2,29_2,13,09:41:00,25_0,17,09:48:00,09:53:00,10:38:00,1+1+平日+3,1,25_0,32,11:56:00,29_1,36,12:04:00,12:06:00,186.0,39.0,0.0,73.0,15.0,False
blue_plus_10,2026-09-15,篠座,kajiso_vio,09:30:00,True,,2+0+平日+2,2,29_2,13,09:41:00,25_0,17,09:48:00,09:53:00,10:38:00,1+1+平日+3,1,25_0,32,11:56:00,29_1,36,12:04:00,12:06:00,156.0,9.0,0.0,73.0,15.0,True
blue_plus_10,2026-09-15,篠座,kajiso_vio,10:00:00,True,,2+0+毎日+3,2,29_2,13,11:22:00,25_0,17,11:29:00,11:34:00,12:19:00,1+1+毎日+4,1,25_0,32,14:03:00,29_1,36,14:11:00,14:13:00,253.0,80.0,0.0,99.0,15.0,False
blue_plus_10,2026-09-15,篠座,kajiso_vio,10:30:00,True,,2+0+毎日+3,2,29_2,13,11:22:00,25_0,17,11:29:00,11:34:00,12:19:00,1+1+毎日+4,1,25_0,32,14:03:00,29_1,36,14:11:00,14:13:00,223.0,50.0,0.0,99.0,15.0,False
blue_plus_10,2026-09-15,篠座,kajiso_vio,11:00:00,True,,2+0+毎日+3,2,29_2,13,11:22:00,25_0,17,11:29:00,11:34:00,12:19:00,1+1+毎日+4,1,25_0,32,14:03:00,29_1,36,14:11:00,14:13:00,193.0,20.0,0.0,99.0,15.0,False
blue_plus_10,2026-09-15,篠座,kajiso_vio,11:30:00,True,,2+0+平日+4,2,29_2,13,13:26:00,25_0,17,13:33:00,13:38:00,14:23:00,1+1+平日+5,1,25_0,32,16:22:00,29_1,36,16:30:00,16:32:00,302.0,114.0,0.0,114.0,15.0,False
blue_plus_10,2026-09-15,篠座,kajiso_vio,12:00:00,True,,2+0+平日+4,2,29_2,13,13:26:00,25_0,17,13:33:00,13:38:00,14:23:00,1+1+平日+5,1,25_0,32,16:22:00,29_1,36,16:30:00,16:32:00,272.0,84.0,0.0,114.0,15.0,False
blue_plus_10,2026-09-15,篠座,kajiso_vio,12:30:00,True,,2+0+平日+4,2,29_2,13,13:26:00,25_0,17,13:33:00,13:38:00,14:23:00,1+1+平日+5,1,25_0,32,16:22:00,29_1,36,16:30:00,16:32:00,242.0,54.0,0.0,114.0,15.0,False
blue_plus_10,2026-09-15,篠座,kajiso_vio,13:00:00,True,,2+0+平日+4,2,29_2,13,13:26:00,25_0,17,13:33:00,13:38:00,14:23:00,1+1+平日+5,1,25_0,32,16:22:00,29_1,36,16:30:00,16:32:00,212.0,24.0,0.0,114.0,15.0,False
blue_plus_10,2026-09-15,篠座,kajiso_vio,13:30:00,False,no_return_by_deadline,,,,,,,,,,,,,,,,,,,,,,,,,False
blue_plus_10,2026-09-15,篠座,kajiso_vio,14:00:00,False,no_return_by_deadline,,,,,,,,,,,,,,,,,,,,,,,,,False
blue_plus_10,2026-09-15,篠座,kajiso_vio,14:30:00,False,no_return_by_deadline,,,,,,,,,,,,,,,,,,,,,,,,,False
blue_plus_10,2026-09-15,篠座,kajiso_vio,15:00:00,False,no_return_by_deadline,,,,,,,,,,,,,,,,,,,,,,,,,False
blue_plus_10,2026-09-15,篠座,kajiso_vio,15:30:00,False,no_return_by_deadline,,,,,,,,,,,,,,,,,,,,,,,,,False
blue_plus_10,2026-09-15,篠座,kajiso_vio,16:00:00,False,no_outbound_bus,,,,,,,,,,,,,,,,,,,,,,,,,False
blue_plus_10,2026-09-15,いなほこども園,kajiso_libre,08:00:00,True,,2+0+平日+1,2,33_2,9,08:04:00,21_2,28,08:26:00,09:30:00,10:15:00,1+1+平日+3,1,21_1,21,11:28:00,33_1,40,12:08:00,12:10:00,250.0,2.0,59.0,68.0,62.0,False
blue_plus_10,2026-09-15,いなほこども園,kajiso_libre,08:30:00,True,,2+0+平日+2,2,33_2,9,09:37:00,21_2,28,10:08:00,10:13:00,10:58:00,1+1+平日+3,1,21_1,21,11:28:00,33_1,40,12:08:00,12:10:00,220.0,65.0,0.0,25.0,71.0,False
blue_plus_10,2026-09-15,いなほこども園,kajiso_libre,09:00:00,True,,2+0+平日+2,2,33_2,9,09:37:00,21_2,28,10:08:00,10:13:00,10:58:00,1+1+平日+3,1,21_1,21,11:28:00,33_1,40,12:08:00,12:10:00,190.0,35.0,0.0,25.0,71.0,False
blue_plus_10,2026-09-15,いなほこども園,kajiso_libre,09:30:00,True,,2+0+平日+2,2,33_2,9,09:37:00,21_2,28,10:08:00,10:13:00,10:58:00,1+1+平日+3,1,21_1,21,11:28:00,33_1,40,12:08:00,12:10:00,160.0,5.0,0.0,25.0,71.0,True
blue_plus_10,2026-09-15,いなほこども園,kajiso_libre,10:00:00,True,,2+0+毎日+3,2,33_2,9,11:18:00,21_2,28,11:57:00,12:02:00,12:47:00,1+1+毎日+4,1,21_1,21,13:32:00,33_1,40,14:15:00,14:17:00,257.0,76.0,0.0,40.0,82.0,False
blue_plus_10,2026-09-15,いなほこども園,kajiso_libre,10:30:00,True,,2+0+毎日+3,2,33_2,9,11:18:00,21_2,28,11:57:00,12:02:00,12:47:00,1+1+毎日+4,1,21_1,21,13:32:00,33_1,40,14:15:00,14:17:00,227.0,46.0,0.0,40.0,82.0,False
blue_plus_10,2026-09-15,いなほこども園,kajiso_libre,11:00:00,True,,2+0+毎日+3,2,33_2,9,11:18:00,21_2,28,11:57:00,12:02:00,12:47:00,1+1+毎日+4,1,21_1,21,13:32:00,33_1,40,14:15:00,14:17:00,197.0,16.0,0.0,40.0,82.0,False
blue_plus_10,2026-09-15,いなほこども園,kajiso_libre,11:30:00,True,,2+0+平日+4,2,33_2,9,13:22:00,21_2,28,14:04:00,14:09:00,14:54:00,1+1+平日+5,1,21_1,21,16:02:00,33_1,40,16:34:00,16:36:00,306.0,110.0,0.0,63.0,74.0,False
blue_plus_10,2026-09-15,いなほこども園,kajiso_libre,12:00:00,True,,2+0+平日+4,2,33_2,9,13:22:00,21_2,28,14:04:00,14:09:00,14:54:00,1+1+平日+5,1,21_1,21,16:02:00,33_1,40,16:34:00,16:36:00,276.0,80.0,0.0,63.0,74.0,False
blue_plus_10,2026-09-15,いなほこども園,kajiso_libre,12:30:00,True,,2+0+平日+4,2,33_2,9,13:22:00,21_2,28,14:04:00,14:09:00,14:54:00,1+1+平日+5,1,21_1,21,16:02:00,33_1,40,16:34:00,16:36:00,246.0,50.0,0.0,63.0,74.0,False
blue_plus_10,2026-09-15,いなほこども園,kajiso_libre,13:00:00,True,,2+0+平日+4,2,33_2,9,13:22:00,21_2,28,14:04:00,14:09:00,14:54:00,1+1+平日+5,1,21_1,21,16:02:00,33_1,40,16:34:00,16:36:00,216.0,20.0,0.0,63.0,74.0,False
blue_plus_10,2026-09-15,いなほこども園,kajiso_libre,13:30:00,False,no_return_by_deadline,,,,,,,,,,,,,,,,,,,,,,,,,False
blue_plus_10,2026-09-15,いなほこども園,kajiso_libre,14:00:00,False,no_return_by_deadline,,,,,,,,,,,,,,,,,,,,,,,,,False
blue_plus_10,2026-09-15,いなほこども園,kajiso_libre,14:30:00,False,no_return_by_deadline,,,,,,,,,,,,,,,,,,,,,,,,,False
blue_plus_10,2026-09-15,いなほこども園,kajiso_libre,15:00:00,False,no_return_by_deadline,,,,,,,,,,,,,,,,,,,,,,,,,False
blue_plus_10,2026-09-15,いなほこども園,kajiso_libre,15:30:00,False,no_return_by_deadline,,,,,,,,,,,,,,,,,,,,,,,,,False
blue_plus_10,2026-09-15,いなほこども園,kajiso_libre,16:00:00,False,no_outbound_bus,,,,,,,,,,,,,,,,,,,,,,,,,False
blue_plus_10,2026-09-15,いなほこども園,kajiso_vio,08:00:00,True,,2+0+平日+2,2,33_2,9,09:37:00,25_0,17,09:48:00,09:53:00,10:38:00,1+1+平日+3,1,25_0,32,11:56:00,33_1,40,12:08:00,12:10:00,250.0,95.0,0.0,73.0,23.0,False
blue_plus_10,2026-09-15,いなほこども園,kajiso_vio,08:30:00,True,,2+0+平日+2,2,33_2,9,09:37:00,25_0,17,09:48:00,09:53:00,10:38:00,1+1+平日+3,1,25_0,32,11:56:00,33_1,40,12:08:00,12:10:00,220.0,65.0,0.0,73.0,23.0,False
blue_plus_10,2026-09-15,いなほこども園,kajiso_vio,09:00:00,True,,2+0+平日+2,2,33_2,9,09:37:00,25_0,17,09:48:00,09:53:00,10:38:00,1+1+平日+3,1,25_0,32,11:56:00,33_1,40,12:08:00,12:10:00,190.0,35.0,0.0,73.0,23.0,False
blue_plus_10,2026-09-15,いなほこども園,kajiso_vio,09:30:00,True,,2+0+平日+2,2,33_2,9,09:37:00,25_0,17,09:48:00,09:53:00,10:38:00,1+1+平日+3,1,25_0,32,11:56:00,33_1,40,12:08:00,12:10:00,160.0,5.0,0.0,73.0,23.0,True
blue_plus_10,2026-09-15,いなほこども園,kajiso_vio,10:00:00,True,,2+0+毎日+3,2,33_2,9,11:18:00,25_0,17,11:29:00,11:34:00,12:19:00,1+1+毎日+4,1,25_0,32,14:03:00,33_1,40,14:15:00,14:17:00,257.0,76.0,0.0,99.0,23.0,False
blue_plus_10,2026-09-15,いなほこども園,kajiso_vio,10:30:00,True,,2+0+毎日+3,2,33_2,9,11:18:00,25_0,17,11:29:00,11:34:00,12:19:00,1+1+毎日+4,1,25_0,32,14:03:00,33_1,40,14:15:00,14:17:00,227.0,46.0,0.0,99.0,23.0,False
blue_plus_10,2026-09-15,いなほこども園,kajiso_vio,11:00:00,True,,2+0+毎日+3,2,33_2,9,11:18:00,25_0,17,11:29:00,11:34:00,12:19:00,1+1+毎日+4,1,25_0,32,14:03:00,33_1,40,14:15:00,14:17:00,197.0,16.0,0.0,99.0,23.0,False
blue_plus_10,2026-09-15,いなほこども園,kajiso_vio,11:30:00,True,,2+0+平日+4,2,33_2,9,13:22:00,25_0,17,13:33:00,13:38:00,14:23:00,1+1+平日+5,1,25_0,32,16:22:00,33_1,40,16:34:00,16:36:00,306.0,110.0,0.0,114.0,23.0,False
blue_plus_10,2026-09-15,いなほこども園,kajiso_vio,12:00:00,True,,2+0+平日+4,2,33_2,9,13:22:00,25_0,17,13:33:00,13:38:00,14:23:00,1+1+平日+5,1,25_0,32,16:22:00,33_1,40,16:34:00,16:36:00,276.0,80.0,0.0,114.0,23.0,False
blue_plus_10,2026-09-15,いなほこども園,kajiso_vio,12:30:00,True,,2+0+平日+4,2,33_2,9,13:22:00,25_0,17,13:33:00,13:38:00,14:23:00,1+1+平日+5,1,25_0,32,16:22:00,33_1,40,16:34:00,16:36:00,246.0,50.0,0.0,114.0,23.0,False
blue_plus_10,2026-09-15,いなほこども園,kajiso_vio,13:00:00,True,,2+0+平日+4,2,33_2,9,13:22:00,25_0,17,13:33:00,13:38:00,14:23:00,1+1+平日+5,1,25_0,32,16:22:00,33_1,40,16:34:00,16:36:00,216.0,20.0,0.0,114.0,23.0,False
blue_plus_10,2026-09-15,いなほこども園,kajiso_vio,13:30:00,False,no_return_by_deadline,,,,,,,,,,,,,,,,,,,,,,,,,False
blue_plus_10,2026-09-15,いなほこども園,kajiso_vio,14:00:00,False,no_return_by_deadline,,,,,,,,,,,,,,,,,,,,,,,,,False
blue_plus_10,2026-09-15,いなほこども園,kajiso_vio,14:30:00,False,no_return_by_deadline,,,,,,,,,,,,,,,,,,,,,,,,,False
blue_plus_10,2026-09-15,いなほこども園,kajiso_vio,15:00:00,False,no_return_by_deadline,,,,,,,,,,,,,,,,,,,,,,,,,False
blue_plus_10,2026-09-15,いなほこども園,kajiso_vio,15:30:00,False,no_return_by_deadline,,,,,,,,,,,,,,,,,,,,,,,,,False
blue_plus_10,2026-09-15,いなほこども園,kajiso_vio,16:00:00,False,no_outbound_bus,,,,,,,,,,,,,,,,,,,,,,,,,False
blue_plus_10,2026-09-15,童子丸郵便局口,kajiso_libre,08:00:00,True,,2+0+平日+2,2,39_2,3,09:28:00,21_2,28,10:08:00,10:13:00,10:58:00,1+1+平日+3,1,21_1,21,11:28:00,39_1,46,12:16:00,12:18:00,258.0,86.0,0.0,25.0,88.0,False
blue_plus_10,2026-09-15,童子丸郵便局口,kajiso_libre,08:30:00,True,,2+0+平日+2,2,39_2,3,09:28:00,21_2,28,10:08:00,10:13:00,10:58:00,1+1+平日+3,1,21_1,21,11:28:00,39_1,46,12:16:00,12:18:00,228.0,56.0,0.0,25.0,88.0,False
blue_plus_10,2026-09-15,童子丸郵便局口,kajiso_libre,09:00:00,True,,2+0+平日+2,2,39_2,3,09:28:00,21_2,28,10:08:00,10:13:00,10:58:00,1+1+平日+3,1,21_1,21,11:28:00,39_1,46,12:16:00,12:18:00,198.0,26.0,0.0,25.0,88.0,False
blue_plus_10,2026-09-15,童子丸郵便局口,kajiso_libre,09:30:00,True,,2+0+毎日+3,2,39_2,3,11:09:00,21_2,28,11:57:00,12:02:00,12:47:00,1+1+毎日+4,1,21_1,21,13:32:00,39_1,46,14:23:00,14:25:00,295.0,97.0,0.0,40.0,99.0,False
blue_plus_10,2026-09-15,童子丸郵便局口,kajiso_libre,10:00:00,True,,2+0+毎日+3,2,39_2,3,11:09:00,21_2,28,11:57:00,12:02:00,12:47:00,1+1+毎日+4,1,21_1,21,13:32:00,39_1,46,14:23:00,14:25:00,265.0,67.0,0.0,40.0,99.0,False
blue_plus_10,2026-09-15,童子丸郵便局口,kajiso_libre,10:30:00,True,,2+0+毎日+3,2,39_2,3,11:09:00,21_2,28,11:57:00,12:02:00,12:47:00,1+1+毎日+4,1,21_1,21,13:32:00,39_1,46,14:23:00,14:25:00,235.0,37.0,0.0,40.0,99.0,False
blue_plus_10,2026-09-15,童子丸郵便局口,kajiso_libre,11:00:00,True,,2+0+毎日+3,2,39_2,3,11:09:00,21_2,28,11:57:00,12:02:00,12:47:00,1+1+毎日+4,1,21_1,21,13:32:00,39_1,46,14:23:00,14:25:00,205.0,7.0,0.0,40.0,99.0,False
blue_plus_10,2026-09-15,童子丸郵便局口,kajiso_libre,11:30:00,True,,2+0+平日+4,2,39_2,3,13:13:00,21_2,28,14:04:00,14:09:00,14:54:00,1+1+平日+5,1,21_1,21,16:02:00,39_1,46,16:42:00,16:44:00,314.0,101.0,0.0,63.0,91.0,False
blue_plus_10,2026-09-15,童子丸郵便局口,kajiso_libre,12:00:00,True,,2+0+平日+4,2,39_2,3,13:13:00,21_2,28,14:04:00,14:09:00,14:54:00,1+1+平日+5,1,21_1,21,16:02:00,39_1,46,16:42:00,16:44:00,284.0,71.0,0.0,63.0,91.0,False
blue_plus_10,2026-09-15,童子丸郵便局口,kajiso_libre,12:30:00,True,,2+0+平日+4,2,39_2,3,13:13:00,21_2,28,14:04:00,14:09:00,14:54:00,1+1+平日+5,1,21_1,21,16:02:00,39_1,46,16:42:00,16:44:00,254.0,41.0,0.0,63.0,91.0,False
blue_plus_10,2026-09-15,童子丸郵便局口,kajiso_libre,13:00:00,True,,2+0+平日+4,2,39_2,3,13:13:00,21_2,28,14:04:00,14:09:00,14:54:00,1+1+平日+5,1,21_1,21,16:02:00,39_1,46,16:42:00,16:44:00,224.0,11.0,0.0,63.0,91.0,False
blue_plus_10,2026-09-15,童子丸郵便局口,kajiso_libre,13:30:00,False,no_return_by_deadline,,,,,,,,,,,,,,,,,,,,,,,,,False
blue_plus_10,2026-09-15,童子丸郵便局口,kajiso_libre,14:00:00,False,no_return_by_deadline,,,,,,,,,,,,,,,,,,,,,,,,,False
blue_plus_10,2026-09-15,童子丸郵便局口,kajiso_libre,14:30:00,False,no_return_by_deadline,,,,,,,,,,,,,,,,,,,,,,,,,False
blue_plus_10,2026-09-15,童子丸郵便局口,kajiso_libre,15:00:00,False,no_return_by_deadline,,,,,,,,,,,,,,,,,,,,,,,,,False
blue_plus_10,2026-09-15,童子丸郵便局口,kajiso_libre,15:30:00,False,no_return_by_deadline,,,,,,,,,,,,,,,,,,,,,,,,,False
blue_plus_10,2026-09-15,童子丸郵便局口,kajiso_libre,16:00:00,False,no_outbound_bus,,,,,,,,,,,,,,,,,,,,,,,,,False
blue_plus_10,2026-09-15,童子丸郵便局口,kajiso_vio,08:00:00,True,,2+0+平日+2,2,39_2,3,09:28:00,25_0,17,09:48:00,09:53:00,10:38:00,1+1+平日+3,1,25_0,32,11:56:00,39_1,46,12:16:00,12:18:00,258.0,86.0,0.0,73.0,40.0,False
blue_plus_10,2026-09-15,童子丸郵便局口,kajiso_vio,08:30:00,True,,2+0+平日+2,2,39_2,3,09:28:00,25_0,17,09:48:00,09:53:00,10:38:00,1+1+平日+3,1,25_0,32,11:56:00,39_1,46,12:16:00,12:18:00,228.0,56.0,0.0,73.0,40.0,False
blue_plus_10,2026-09-15,童子丸郵便局口,kajiso_vio,09:00:00,True,,2+0+平日+2,2,39_2,3,09:28:00,25_0,17,09:48:00,09:53:00,10:38:00,1+1+平日+3,1,25_0,32,11:56:00,39_1,46,12:16:00,12:18:00,198.0,26.0,0.0,73.0,40.0,False
blue_plus_10,2026-09-15,童子丸郵便局口,kajiso_vio,09:30:00,True,,2+0+毎日+3,2,39_2,3,11:09:00,25_0,17,11:29:00,11:34:00,12:19:00,1+1+毎日+4,1,25_0,32,14:03:00,39_1,46,14:23:00,14:25:00,295.0,97.0,0.0,99.0,40.0,False
blue_plus_10,2026-09-15,童子丸郵便局口,kajiso_vio,10:00:00,True,,2+0+毎日+3,2,39_2,3,11:09:00,25_0,17,11:29:00,11:34:00,12:19:00,1+1+毎日+4,1,25_0,32,14:03:00,39_1,46,14:23:00,14:25:00,265.0,67.0,0.0,99.0,40.0,False
blue_plus_10,2026-09-15,童子丸郵便局口,kajiso_vio,10:30:00,True,,2+0+毎日+3,2,39_2,3,11:09:00,25_0,17,11:29:00,11:34:00,12:19:00,1+1+毎日+4,1,25_0,32,14:03:00,39_1,46,14:23:00,14:25:00,235.0,37.0,0.0,99.0,40.0,False
blue_plus_10,2026-09-15,童子丸郵便局口,kajiso_vio,11:00:00,True,,2+0+毎日+3,2,39_2,3,11:09:00,25_0,17,11:29:00,11:34:00,12:19:00,1+1+毎日+4,1,25_0,32,14:03:00,39_1,46,14:23:00,14:25:00,205.0,7.0,0.0,99.0,40.0,False
blue_plus_10,2026-09-15,童子丸郵便局口,kajiso_vio,11:30:00,True,,2+0+平日+4,2,39_2,3,13:13:00,25_0,17,13:33:00,13:38:00,14:23:00,1+1+平日+5,1,25_0,32,16:22:00,39_1,46,16:42:00,16:44:00,314.0,101.0,0.0,114.0,40.0,False
blue_plus_10,2026-09-15,童子丸郵便局口,kajiso_vio,12:00:00,True,,2+0+平日+4,2,39_2,3,13:13:00,25_0,17,13:33:00,13:38:00,14:23:00,1+1+平日+5,1,25_0,32,16:22:00,39_1,46,16:42:00,16:44:00,284.0,71.0,0.0,114.0,40.0,False
blue_plus_10,2026-09-15,童子丸郵便局口,kajiso_vio,12:30:00,True,,2+0+平日+4,2,39_2,3,13:13:00,25_0,17,13:33:00,13:38:00,14:23:00,1+1+平日+5,1,25_0,32,16:22:00,39_1,46,16:42:00,16:44:00,254.0,41.0,0.0,114.0,40.0,False
blue_plus_10,2026-09-15,童子丸郵便局口,kajiso_vio,13:00:00,True,,2+0+平日+4,2,39_2,3,13:13:00,25_0,17,13:33:00,13:38:00,14:23:00,1+1+平日+5,1,25_0,32,16:22:00,39_1,46,16:42:00,16:44:00,224.0,11.0,0.0,114.0,40.0,False
blue_plus_10,2026-09-15,童子丸郵便局口,kajiso_vio,13:30:00,False,no_return_by_deadline,,,,,,,,,,,,,,,,,,,,,,,,,False
blue_plus_10,2026-09-15,童子丸郵便局口,kajiso_vio,14:00:00,False,no_return_by_deadline,,,,,,,,,,,,,,,,,,,,,,,,,False
blue_plus_10,2026-09-15,童子丸郵便局口,kajiso_vio,14:30:00,False,no_return_by_deadline,,,,,,,,,,,,,,,,,,,,,,,,,False
blue_plus_10,2026-09-15,童子丸郵便局口,kajiso_vio,15:00:00,False,no_return_by_deadline,,,,,,,,,,,,,,,,,,,,,,,,,False
blue_plus_10,2026-09-15,童子丸郵便局口,kajiso_vio,15:30:00,False,no_return_by_deadline,,,,,,,,,,,,,,,,,,,,,,,,,False
blue_plus_10,2026-09-15,童子丸郵便局口,kajiso_vio,16:00:00,False,no_outbound_bus,,,,,,,,,,,,,,,,,,,,,,,,,False
blue_plus_10,2026-09-19,越前大野駅,kajiso_libre,08:00:00,True,,1+1+毎日+2,1,1_1,1,09:23:00,21_1,21,09:50:00,09:55:00,10:40:00,2+0+毎日+3,2,21_2,28,11:57:00,1_1,48,12:23:00,12:25:00,265.0,81.0,0.0,72.0,53.0,False
blue_plus_10,2026-09-19,越前大野駅,kajiso_libre,08:30:00,True,,1+1+毎日+2,1,1_1,1,09:23:00,21_1,21,09:50:00,09:55:00,10:40:00,2+0+毎日+3,2,21_2,28,11:57:00,1_1,48,12:23:00,12:25:00,235.0,51.0,0.0,72.0,53.0,False
blue_plus_10,2026-09-19,越前大野駅,kajiso_libre,09:00:00,True,,1+1+毎日+2,1,1_1,1,09:23:00,21_1,21,09:50:00,09:55:00,10:40:00,2+0+毎日+3,2,21_2,28,11:57:00,1_1,48,12:23:00,12:25:00,205.0,21.0,0.0,72.0,53.0,False
blue_plus_10,2026-09-19,越前大野駅,kajiso_libre,09:30:00,True,,2+0+毎日+3,2,1_1,1,11:06:00,21_2,28,11:57:00,12:02:00,12:47:00,1+1+毎日+4,1,21_1,21,13:32:00,1_1,24,13:36:00,13:38:00,248.0,94.0,0.0,40.0,55.0,False
blue_plus_10,2026-09-19,越前大野駅,kajiso_libre,10:00:00,True,,2+0+毎日+3,2,1_1,1,11:06:00,21_2,28,11:57:00,12:02:00,12:47:00,1+1+毎日+4,1,21_1,21,13:32:00,1_1,24,13:36:00,13:38:00,218.0,64.0,0.0,40.0,55.0,False
blue_plus_10,2026-09-19,越前大野駅,kajiso_libre,10:30:00,True,,2+0+毎日+3,2,1_1,1,11:06:00,21_2,28,11:57:00,12:02:00,12:47:00,1+1+毎日+4,1,21_1,21,13:32:00,1_1,24,13:36:00,13:38:00,188.0,34.0,0.0,40.0,55.0,False
blue_plus_10,2026-09-19,越前大野駅,kajiso_libre,11:00:00,True,,2+0+毎日+3,2,1_1,1,11:06:00,21_2,28,11:57:00,12:02:00,12:47:00,1+1+毎日+4,1,21_1,21,13:32:00,1_1,24,13:36:00,13:38:00,158.0,4.0,0.0,40.0,55.0,True
blue_plus_10,2026-09-19,越前大野駅,kajiso_libre,11:30:00,True,,2+0+毎日+3,2,1_1,24,11:53:00,21_2,28,11:57:00,12:02:00,12:47:00,1+1+毎日+4,1,21_1,21,13:32:00,1_1,24,13:36:00,13:38:00,128.0,21.0,0.0,40.0,8.0,True
blue_plus_10,2026-09-19,越前大野駅,kajiso_libre,12:00:00,True,,1+1+毎日+4,1,1_1,1,13:05:00,21_1,21,13:32:00,13:37:00,14:22:00,2+0+毎日+5,2,21_2,28,16:18:00,1_1,48,16:44:00,16:46:00,286.0,63.0,0.0,111.0,53.0,False
blue_plus_10,2026-09-19,越前大野駅,kajiso_libre,12:30:00,True,,1+1+毎日+4,1,1_1,1,13:05:00,21_1,21,13:32:00,13:37:00,14:22:00,2+0+毎日+5,2,21_2,28,16:18:00,1_1,48,16:44:00,16:46:00,256.0,33.0,0.0,111.0,53.0,False
blue_plus_10,2026-09-19,越前大野駅,kajiso_libre,13:00:00,True,,1+1+毎日+4,1,1_1,1,13:05:00,21_1,21,13:32:00,13:37:00,14:22:00,2+0+毎日+5,2,21_2,28,16:18:00,1_1,48,16:44:00,16:46:00,226.0,3.0,0.0,111.0,53.0,False
blue_plus_10,2026-09-19,越前大野駅,kajiso_libre,13:30:00,False,no_return_by_deadline,,,,,,,,,,,,,,,,,,,,,,,,,False
blue_plus_10,2026-09-19,越前大野駅,kajiso_libre,14:00:00,False,no_return_by_deadline,,,,,,,,,,,,,,,,,,,,,,,,,False
blue_plus_10,2026-09-19,越前大野駅,kajiso_libre,14:30:00,False,no_return_by_deadline,,,,,,,,,,,,,,,,,,,,,,,,,False
blue_plus_10,2026-09-19,越前大野駅,kajiso_libre,15:00:00,False,no_return_by_deadline,,,,,,,,,,,,,,,,,,,,,,,,,False
blue_plus_10,2026-09-19,越前大野駅,kajiso_libre,15:30:00,False,no_return_by_deadline,,,,,,,,,,,,,,,,,,,,,,,,,False
blue_plus_10,2026-09-19,越前大野駅,kajiso_libre,16:00:00,False,no_return_by_deadline,,,,,,,,,,,,,,,,,,,,,,,,,False
blue_plus_10,2026-09-19,越前大野駅,kajiso_vio,08:00:00,True,,1+1+毎日+2,1,1_1,1,09:23:00,25_0,32,10:13:00,10:18:00,11:03:00,2+0+毎日+3,2,25_0,17,11:29:00,1_1,24,11:42:00,11:44:00,224.0,81.0,0.0,21.0,63.0,False
blue_plus_10,2026-09-19,越前大野駅,kajiso_vio,08:30:00,True,,1+1+毎日+2,1,1_1,1,09:23:00,25_0,32,10:13:00,10:18:00,11:03:00,2+0+毎日+3,2,25_0,17,11:29:00,1_1,24,11:42:00,11:44:00,194.0,51.0,0.0,21.0,63.0,False
blue_plus_10,2026-09-19,越前大野駅,kajiso_vio,09:00:00,True,,1+1+毎日+2,1,1_1,1,09:23:00,25_0,32,10:13:00,10:18:00,11:03:00,2+0+毎日+3,2,25_0,17,11:29:00,1_1,24,11:42:00,11:44:00,164.0,21.0,0.0,21.0,63.0,True
blue_plus_10,2026-09-19,越前大野駅,kajiso_vio,09:30:00,True,,1+1+毎日+2,1,1_1,24,10:00:00,25_0,32,10:13:00,10:18:00,11:03:00,2+0+毎日+3,2,25_0,17,11:29:00,1_1,24,11:42:00,11:44:00,134.0,28.0,0.0,21.0,26.0,True
blue_plus_10,2026-09-19,越前大野駅,kajiso_vio,10:00:00,True,,2+0+毎日+3,2,1_1,1,11:06:00,25_0,17,11:29:00,11:34:00,12:19:00,1+1+毎日+4,1,25_0,32,14:03:00,1_1,48,14:26:00,14:28:00,268.0,64.0,0.0,99.0,46.0,False
blue_plus_10,2026-09-19,越前大野駅,kajiso_vio,10:30:00,True,,2+0+毎日+3,2,1_1,1,11:06:00,25_0,17,11:29:00,11:34:00,12:19:00,1+1+毎日+4,1,25_0,32,14:03:00,1_1,48,14:26:00,14:28:00,238.0,34.0,0.0,99.0,46.0,False
blue_plus_10,2026-09-19,越前大野駅,kajiso_vio,11:00:00,True,,2+0+毎日+3,2,1_1,1,11:06:00,25_0,17,11:29:00,11:34:00,12:19:00,1+1+毎日+4,1,25_0,32,14:03:00,1_1,48,14:26:00,14:28:00,208.0,4.0,0.0,99.0,46.0,False
blue_plus_10,2026-09-19,越前大野駅,kajiso_vio,11:30:00,True,,1+1+毎日+4,1,1_1,1,13:05:00,25_0,32,14:03:00,14:08:00,14:53:00,2+0+毎日+5,2,25_0,17,15:58:00,1_1,24,16:11:00,16:13:00,283.0,93.0,0.0,60.0,71.0,False
blue_plus_10,2026-09-19,越前大野駅,kajiso_vio,12:00:00,True,,1+1+毎日+4,1,1_1,1,13:05:00,25_0,32,14:03:00,14:08:00,14:53:00,2+0+毎日+5,2,25_0,17,15:58:00,1_1,24,16:11:00,16:13:00,253.0,63.0,0.0,60.0,71.0,False
blue_plus_10,2026-09-19,越前大野駅,kajiso_vio,12:30:00,True,,1+1+毎日+4,1,1_1,1,13:05:00,25_0,32,14:03:00,14:08:00,14:53:00,2+0+毎日+5,2,25_0,17,15:58:00,1_1,24,16:11:00,16:13:00,223.0,33.0,0.0,60.0,71.0,False
blue_plus_10,2026-09-19,越前大野駅,kajiso_vio,13:00:00,True,,1+1+毎日+4,1,1_1,1,13:05:00,25_0,32,14:03:00,14:08:00,14:53:00,2+0+毎日+5,2,25_0,17,15:58:00,1_1,24,16:11:00,16:13:00,193.0,3.0,0.0,60.0,71.0,False
blue_plus_10,2026-09-19,越前大野駅,kajiso_vio,13:30:00,True,,1+1+毎日+4,1,1_1,24,13:50:00,25_0,32,14:03:00,14:08:00,14:53:00,2+0+毎日+5,2,25_0,17,15:58:00,1_1,24,16:11:00,16:13:00,163.0,18.0,0.0,60.0,26.0,True
blue_plus_10,2026-09-19,越前大野駅,kajiso_vio,14:00:00,False,no_return_by_deadline,,,,,,,,,,,,,,,,,,,,,,,,,False
blue_plus_10,2026-09-19,越前大野駅,kajiso_vio,14:30:00,False,no_return_by_deadline,,,,,,,,,,,,,,,,,,,,,,,,,False
blue_plus_10,2026-09-19,越前大野駅,kajiso_vio,15:00:00,False,no_return_by_deadline,,,,,,,,,,,,,,,,,,,,,,,,,False
blue_plus_10,2026-09-19,越前大野駅,kajiso_vio,15:30:00,False,no_return_by_deadline,,,,,,,,,,,,,,,,,,,,,,,,,False
blue_plus_10,2026-09-19,越前大野駅,kajiso_vio,16:00:00,False,no_outbound_bus,,,,,,,,,,,,,,,,,,,,,,,,,False
blue_plus_10,2026-09-19,結ステーション,kajiso_libre,08:00:00,True,,1+1+毎日+2,1,6_0,6,09:30:00,21_1,21,09:50:00,09:55:00,10:40:00,2+0+毎日+3,2,21_2,28,11:57:00,6_0,43,12:16:00,12:18:00,258.0,88.0,0.0,72.0,39.0,False
blue_plus_10,2026-09-19,結ステーション,kajiso_libre,08:30:00,True,,1+1+毎日+2,1,6_0,6,09:30:00,21_1,21,09:50:00,09:55:00,10:40:00,2+0+毎日+3,2,21_2,28,11:57:00,6_0,43,12:16:00,12:18:00,228.0,58.0,0.0,72.0,39.0,False
blue_plus_10,2026-09-19,結ステーション,kajiso_libre,09:00:00,True,,1+1+毎日+2,1,6_0,6,09:30:00,21_1,21,09:50:00,09:55:00,10:40:00,2+0+毎日+3,2,21_2,28,11:57:00,6_0,43,12:16:00,12:18:00,198.0,28.0,0.0,72.0,39.0,False
blue_plus_10,2026-09-19,結ステーション,kajiso_libre,09:30:00,True,,2+0+毎日+3,2,6_0,20,11:38:00,21_2,28,11:57:00,12:02:00,12:47:00,1+1+毎日+4,1,21_1,21,13:32:00,6_0,29,13:54:00,13:56:00,266.0,126.0,0.0,40.0,41.0,False
blue_plus_10,2026-09-19,結ステーション,kajiso_libre,10:00:00,True,,2+0+毎日+3,2,6_0,20,11:38:00,21_2,28,11:57:00,12:02:00,12:47:00,1+1+毎日+4,1,21_1,21,13:32:00,6_0,29,13:54:00,13:56:00,236.0,96.0,0.0,40.0,41.0,False
blue_plus_10,2026-09-19,結ステーション,kajiso_libre,10:30:00,True,,2+0+毎日+3,2,6_0,20,11:38:00,21_2,28,11:57:00,12:02:00,12:47:00,1+1+毎日+4,1,21_1,21,13:32:00,6_0,29,13:54:00,13:56:00,206.0,66.0,0.0,40.0,41.0,False
blue_plus_10,2026-09-19,結ステーション,kajiso_libre,11:00:00,True,,2+0+毎日+3,2,6_0,20,11:38:00,21_2,28,11:57:00,12:02:00,12:47:00,1+1+毎日+4,1,21_1,21,13:32:00,6_0,29,13:54:00,13:56:00,176.0,36.0,0.0,40.0,41.0,True
blue_plus_10,2026-09-19,結ステーション,kajiso_libre,11:30:00,True,,2+0+毎日+3,2,6_0,20,11:38:00,21_2,28,11:57:00,12:02:00,12:47:00,1+1+毎日+4,1,21_1,21,13:32:00,6_0,29,13:54:00,13:56:00,146.0,6.0,0.0,40.0,41.0,True
blue_plus_10,2026-09-19,結ステーション,kajiso_libre,12:00:00,True,,1+1+毎日+4,1,6_0,6,13:12:00,21_1,21,13:32:00,13:37:00,14:22:00,2+0+毎日+5,2,21_2,28,16:18:00,6_0,43,16:37:00,16:39:00,279.0,70.0,0.0,111.0,39.0,False
blue_plus_10,2026-09-19,結ステーション,kajiso_libre,12:30:00,True,,1+1+毎日+4,1,6_0,6,13:12:00,21_1,21,13:32:00,13:37:00,14:22:00,2+0+毎日+5,2,21_2,28,16:18:00,6_0,43,16:37:00,16:39:00,249.0,40.0,0.0,111.0,39.0,False
blue_plus_10,2026-09-19,結ステーション,kajiso_libre,13:00:00,True,,1+1+毎日+4,1,6_0,6,13:12:00,21_1,21,13:32:00,13:37:00,14:22:00,2+0+毎日+5,2,21_2,28,16:18:00,6_0,43,16:37:00,16:39:00,219.0,10.0,0.0,111.0,39.0,False
blue_plus_10,2026-09-19,結ステーション,kajiso_libre,13:30:00,False,no_return_by_deadline,,,,,,,,,,,,,,,,,,,,,,,,,False
blue_plus_10,2026-09-19,結ステーション,kajiso_libre,14:00:00,False,no_return_by_deadline,,,,,,,,,,,,,,,,,,,,,,,,,False
blue_plus_10,2026-09-19,結ステーション,kajiso_libre,14:30:00,False,no_return_by_deadline,,,,,,,,,,,,,,,,,,,,,,,,,False
blue_plus_10,2026-09-19,結ステーション,kajiso_libre,15:00:00,False,no_return_by_deadline,,,,,,,,,,,,,,,,,,,,,,,,,False
blue_plus_10,2026-09-19,結ステーション,kajiso_libre,15:30:00,False,no_return_by_deadline,,,,,,,,,,,,,,,,,,,,,,,,,False
blue_plus_10,2026-09-19,結ステーション,kajiso_libre,16:00:00,False,no_return_by_deadline,,,,,,,,,,,,,,,,,,,,,,,,,False
blue_plus_10,2026-09-19,結ステーション,kajiso_vio,08:00:00,True,,1+1+毎日+2,1,6_0,6,09:30:00,25_0,32,10:13:00,10:18:00,11:03:00,2+0+毎日+3,2,25_0,17,11:29:00,6_0,20,11:38:00,11:40:00,220.0,88.0,0.0,21.0,52.0,False
blue_plus_10,2026-09-19,結ステーション,kajiso_vio,08:30:00,True,,1+1+毎日+2,1,6_0,6,09:30:00,25_0,32,10:13:00,10:18:00,11:03:00,2+0+毎日+3,2,25_0,17,11:29:00,6_0,20,11:38:00,11:40:00,190.0,58.0,0.0,21.0,52.0,False
blue_plus_10,2026-09-19,結ステーション,kajiso_vio,09:00:00,True,,1+1+毎日+2,1,6_0,6,09:30:00,25_0,32,10:13:00,10:18:00,11:03:00,2+0+毎日+3,2,25_0,17,11:29:00,6_0,20,11:38:00,11:40:00,160.0,28.0,0.0,21.0,52.0,True
blue_plus_10,2026-09-19,結ステーション,kajiso_vio,09:30:00,True,,1+1+毎日+2,1,6_0,29,10:04:00,25_0,32,10:13:00,10:18:00,11:03:00,2+0+毎日+3,2,25_0,17,11:29:00,6_0,20,11:38:00,11:40:00,130.0,32.0,0.0,21.0,18.0,True
blue_plus_10,2026-09-19,結ステーション,kajiso_vio,10:00:00,True,,1+1+毎日+2,1,6_0,29,10:04:00,25_0,32,10:13:00,10:18:00,11:03:00,2+0+毎日+3,2,25_0,17,11:29:00,6_0,20,11:38:00,11:40:00,100.0,2.0,0.0,21.0,18.0,True
blue_plus_10,2026-09-19,結ステーション,kajiso_vio,10:30:00,True,,1+1+毎日+4,1,6_0,6,13:12:00,25_0,32,14:03:00,14:08:00,14:53:00,2+0+毎日+5,2,25_0,17,15:58:00,6_0,20,16:07:00,16:09:00,339.0,160.0,0.0,60.0,60.0,False
blue_plus_10,2026-09-19,結ステーション,kajiso_vio,11:00:00,True,,1+1+毎日+4,1,6_0,6,13:12:00,25_0,32,14:03:00,14:08:00,14:53:00,2+0+毎日+5,2,25_0,17,15:58:00,6_0,20,16:07:00,16:09:00,309.0,130.0,0.0,60.0,60.0,False
blue_plus_10,2026-09-19,結ステーション,kajiso_vio,11:30:00,True,,1+1+毎日+4,1,6_0,6,13:12:00,25_0,32,14:03:00,14:08:00,14:53:00,2+0+毎日+5,2,25_0,17,15:58:00,6_0,20,16:07:00,16:09:00,279.0,100.0,0.0,60.0,60.0,False
blue_plus_10,2026-09-19,結ステーション,kajiso_vio,12:00:00,True,,1+1+毎日+4,1,6_0,6,13:12:00,25_0,32,14:03:00,14:08:00,14:53:00,2+0+毎日+5,2,25_0,17,15:58:00,6_0,20,16:07:00,16:09:00,249.0,70.0,0.0,60.0,60.0,False
blue_plus_10,2026-09-19,結ステーション,kajiso_vio,12:30:00,True,,1+1+毎日+4,1,6_0,6,13:12:00,25_0,32,14:03:00,14:08:00,14:53:00,2+0+毎日+5,2,25_0,17,15:58:00,6_0,20,16:07:00,16:09:00,219.0,40.0,0.0,60.0,60.0,False
blue_plus_10,2026-09-19,結ステーション,kajiso_vio,13:00:00,True,,1+1+毎日+4,1,6_0,6,13:12:00,25_0,32,14:03:00,14:08:00,14:53:00,2+0+毎日+5,2,25_0,17,15:58:00,6_0,20,16:07:00,16:09:00,189.0,10.0,0.0,60.0,60.0,False
blue_plus_10,2026-09-19,結ステーション,kajiso_vio,13:30:00,True,,1+1+毎日+4,1,6_0,29,13:54:00,25_0,32,14:03:00,14:08:00,14:53:00,2+0+毎日+5,2,25_0,17,15:58:00,6_0,20,16:07:00,16:09:00,159.0,22.0,0.0,60.0,18.0,True
blue_plus_10,2026-09-19,結ステーション,kajiso_vio,14:00:00,False,no_outbound_bus,,,,,,,,,,,,,,,,,,,,,,,,,False
blue_plus_10,2026-09-19,結ステーション,kajiso_vio,14:30:00,False,no_outbound_bus,,,,,,,,,,,,,,,,,,,,,,,,,False
blue_plus_10,2026-09-19,結ステーション,kajiso_vio,15:00:00,False,no_outbound_bus,,,,,,,,,,,,,,,,,,,,,,,,,False
blue_plus_10,2026-09-19,結ステーション,kajiso_vio,15:30:00,False,no_outbound_bus,,,,,,,,,,,,,,,,,,,,,,,,,False
blue_plus_10,2026-09-19,結ステーション,kajiso_vio,16:00:00,False,no_outbound_bus,,,,,,,,,,,,,,,,,,,,,,,,,False
blue_plus_10,2026-09-19,下庄小学校,kajiso_libre,08:00:00,True,,1+1+毎日+2,1,9_1,9,09:33:00,21_1,21,09:50:00,09:55:00,10:40:00,2+0+毎日+3,2,21_2,28,11:57:00,9_2,40,12:12:00,12:14:00,254.0,91.0,0.0,72.0,32.0,False
blue_plus_10,2026-09-19,下庄小学校,kajiso_libre,08:30:00,True,,1+1+毎日+2,1,9_1,9,09:33:00,21_1,21,09:50:00,09:55:00,10:40:00,2+0+毎日+3,2,21_2,28,11:57:00,9_2,40,12:12:00,12:14:00,224.0,61.0,0.0,72.0,32.0,False
blue_plus_10,2026-09-19,下庄小学校,kajiso_libre,09:00:00,True,,1+1+毎日+2,1,9_1,9,09:33:00,21_1,21,09:50:00,09:55:00,10:40:00,2+0+毎日+3,2,21_2,28,11:57:00,9_2,40,12:12:00,12:14:00,194.0,31.0,0.0,72.0,32.0,False
blue_plus_10,2026-09-19,下庄小学校,kajiso_libre,09:30:00,True,,1+1+毎日+4,1,9_1,9,13:15:00,21_1,21,13:32:00,13:37:00,14:22:00,2+0+毎日+5,2,21_2,28,16:18:00,9_2,40,16:33:00,16:35:00,425.0,223.0,0.0,111.0,32.0,False
blue_plus_10,2026-09-19,下庄小学校,kajiso_libre,10:00:00,True,,1+1+毎日+4,1,9_1,9,13:15:00,21_1,21,13:32:00,13:37:00,14:22:00,2+0+毎日+5,2,21_2,28,16:18:00,9_2,40,16:33:00,16:35:00,395.0,193.0,0.0,111.0,32.0,False
blue_plus_10,2026-09-19,下庄小学校,kajiso_libre,10:30:00,True,,1+1+毎日+4,1,9_1,9,13:15:00,21_1,21,13:32:00,13:37:00,14:22:00,2+0+毎日+5,2,21_2,28,16:18:00,9_2,40,16:33:00,16:35:00,365.0,163.0,0.0,111.0,32.0,False
blue_plus_10,2026-09-19,下庄小学校,kajiso_libre,11:00:00,True,,1+1+毎日+4,1,9_1,9,13:15:00,21_1,21,13:32:00,13:37:00,14:22:00,2+0+毎日+5,2,21_2,28,16:18:00,9_2,40,16:33:00,16:35:00,335.0,133.0,0.0,111.0,32.0,False
blue_plus_10,2026-09-19,下庄小学校,kajiso_libre,11:30:00,True,,1+1+毎日+4,1,9_1,9,13:15:00,21_1,21,13:32:00,13:37:00,14:22:00,2+0+毎日+5,2,21_2,28,16:18:00,9_2,40,16:33:00,16:35:00,305.0,103.0,0.0,111.0,32.0,False
blue_plus_10,2026-09-19,下庄小学校,kajiso_libre,12:00:00,True,,1+1+毎日+4,1,9_1,9,13:15:00,21_1,21,13:32:00,13:37:00,14:22:00,2+0+毎日+5,2,21_2,28,16:18:00,9_2,40,16:33:00,16:35:00,275.0,73.0,0.0,111.0,32.0,False
blue_plus_10,2026-09-19,下庄小学校,kajiso_libre,12:30:00,True,,1+1+毎日+4,1,9_1,9,13:15:00,21_1,21,13:32:00,13:37:00,14:22:00,2+0+毎日+5,2,21_2,28,16:18:00,9_2,40,16:33:00,16:35:00,245.0,43.0,0.0,111.0,32.0,False
blue_plus_10,2026-09-19,下庄小学校,kajiso_libre,13:00:00,True,,1+1+毎日+4,1,9_1,9,13:15:00,21_1,21,13:32:00,13:37:00,14:22:00,2+0+毎日+5,2,21_2,28,16:18:00,9_2,40,16:33:00,16:35:00,215.0,13.0,0.0,111.0,32.0,False
blue_plus_10,2026-09-19,下庄小学校,kajiso_libre,13:30:00,False,no_outbound_bus,,,,,,,,,,,,,,,,,,,,,,,,,False
blue_plus_10,2026-09-19,下庄小学校,kajiso_libre,14:00:00,False,no_outbound_bus,,,,,,,,,,,,,,,,,,,,,,,,,False
blue_plus_10,2026-09-19,下庄小学校,kajiso_libre,14:30:00,False,no_outbound_bus,,,,,,,,,,,,,,,,,,,,,,,,,False
blue_plus_10,2026-09-19,下庄小学校,kajiso_libre,15:00:00,False,no_outbound_bus,,,,,,,,,,,,,,,,,,,,,,,,,False
blue_plus_10,2026-09-19,下庄小学校,kajiso_libre,15:30:00,False,no_outbound_bus,,,,,,,,,,,,,,,,,,,,,,,,,False
blue_plus_10,2026-09-19,下庄小学校,kajiso_libre,16:00:00,False,no_outbound_bus,,,,,,,,,,,,,,,,,,,,,,,,,False
blue_plus_10,2026-09-19,下庄小学校,kajiso_vio,08:00:00,True,,1+1+毎日+2,1,9_1,9,09:33:00,25_0,32,10:13:00,10:18:00,11:03:00,2+0+毎日+3,2,25_0,17,11:29:00,9_2,40,12:12:00,12:14:00,254.0,91.0,0.0,21.0,83.0,False
blue_plus_10,2026-09-19,下庄小学校,kajiso_vio,08:30:00,True,,1+1+毎日+2,1,9_1,9,09:33:00,25_0,32,10:13:00,10:18:00,11:03:00,2+0+毎日+3,2,25_0,17,11:29:00,9_2,40,12:12:00,12:14:00,224.0,61.0,0.0,21.0,83.0,False
blue_plus_10,2026-09-19,下庄小学校,kajiso_vio,09:00:00,True,,1+1+毎日+2,1,9_1,9,09:33:00,25_0,32,10:13:00,10:18:00,11:03:00,2+0+毎日+3,2,25_0,17,11:29:00,9_2,40,12:12:00,12:14:00,194.0,31.0,0.0,21.0,83.0,False
blue_plus_10,2026-09-19,下庄小学校,kajiso_vio,09:30:00,True,,1+1+毎日+4,1,9_1,9,13:15:00,25_0,32,14:03:00,14:08:00,14:53:00,2+0+毎日+5,2,25_0,17,15:58:00,9_2,40,16:33:00,16:35:00,425.0,223.0,0.0,60.0,83.0,False
blue_plus_10,2026-09-19,下庄小学校,kajiso_vio,10:00:00,True,,1+1+毎日+4,1,9_1,9,13:15:00,25_0,32,14:03:00,14:08:00,14:53:00,2+0+毎日+5,2,25_0,17,15:58:00,9_2,40,16:33:00,16:35:00,395.0,193.0,0.0,60.0,83.0,False
blue_plus_10,2026-09-19,下庄小学校,kajiso_vio,10:30:00,True,,1+1+毎日+4,1,9_1,9,13:15:00,25_0,32,14:03:00,14:08:00,14:53:00,2+0+毎日+5,2,25_0,17,15:58:00,9_2,40,16:33:00,16:35:00,365.0,163.0,0.0,60.0,83.0,False
blue_plus_10,2026-09-19,下庄小学校,kajiso_vio,11:00:00,True,,1+1+毎日+4,1,9_1,9,13:15:00,25_0,32,14:03:00,14:08:00,14:53:00,2+0+毎日+5,2,25_0,17,15:58:00,9_2,40,16:33:00,16:35:00,335.0,133.0,0.0,60.0,83.0,False
blue_plus_10,2026-09-19,下庄小学校,kajiso_vio,11:30:00,True,,1+1+毎日+4,1,9_1,9,13:15:00,25_0,32,14:03:00,14:08:00,14:53:00,2+0+毎日+5,2,25_0,17,15:58:00,9_2,40,16:33:00,16:35:00,305.0,103.0,0.0,60.0,83.0,False
blue_plus_10,2026-09-19,下庄小学校,kajiso_vio,12:00:00,True,,1+1+毎日+4,1,9_1,9,13:15:00,25_0,32,14:03:00,14:08:00,14:53:00,2+0+毎日+5,2,25_0,17,15:58:00,9_2,40,16:33:00,16:35:00,275.0,73.0,0.0,60.0,83.0,False
blue_plus_10,2026-09-19,下庄小学校,kajiso_vio,12:30:00,True,,1+1+毎日+4,1,9_1,9,13:15:00,25_0,32,14:03:00,14:08:00,14:53:00,2+0+毎日+5,2,25_0,17,15:58:00,9_2,40,16:33:00,16:35:00,245.0,43.0,0.0,60.0,83.0,False
blue_plus_10,2026-09-19,下庄小学校,kajiso_vio,13:00:00,True,,1+1+毎日+4,1,9_1,9,13:15:00,25_0,32,14:03:00,14:08:00,14:53:00,2+0+毎日+5,2,25_0,17,15:58:00,9_2,40,16:33:00,16:35:00,215.0,13.0,0.0,60.0,83.0,False
blue_plus_10,2026-09-19,下庄小学校,kajiso_vio,13:30:00,False,no_outbound_bus,,,,,,,,,,,,,,,,,,,,,,,,,False
blue_plus_10,2026-09-19,下庄小学校,kajiso_vio,14:00:00,False,no_outbound_bus,,,,,,,,,,,,,,,,,,,,,,,,,False
blue_plus_10,2026-09-19,下庄小学校,kajiso_vio,14:30:00,False,no_outbound_bus,,,,,,,,,,,,,,,,,,,,,,,,,False
blue_plus_10,2026-09-19,下庄小学校,kajiso_vio,15:00:00,False,no_outbound_bus,,,,,,,,,,,,,,,,,,,,,,,,,False
blue_plus_10,2026-09-19,下庄小学校,kajiso_vio,15:30:00,False,no_outbound_bus,,,,,,,,,,,,,,,,,,,,,,,,,False
blue_plus_10,2026-09-19,下庄小学校,kajiso_vio,16:00:00,False,no_outbound_bus,,,,,,,,,,,,,,,,,,,,,,,,,False
blue_plus_10,2026-09-19,青少年教育センター,kajiso_libre,08:00:00,True,,1+1+毎日+2,1,14_1,14,09:40:00,21_1,21,09:50:00,09:55:00,10:40:00,2+0+毎日+3,2,21_2,28,11:57:00,14_2,35,12:05:00,12:07:00,247.0,98.0,0.0,72.0,18.0,False
blue_plus_10,2026-09-19,青少年教育センター,kajiso_libre,08:30:00,True,,1+1+毎日+2,1,14_1,14,09:40:00,21_1,21,09:50:00,09:55:00,10:40:00,2+0+毎日+3,2,21_2,28,11:57:00,14_2,35,12:05:00,12:07:00,217.0,68.0,0.0,72.0,18.0,False
blue_plus_10,2026-09-19,青少年教育センター,kajiso_libre,09:00:00,True,,1+1+毎日+2,1,14_1,14,09:40:00,21_1,21,09:50:00,09:55:00,10:40:00,2+0+毎日+3,2,21_2,28,11:57:00,14_2,35,12:05:00,12:07:00,187.0,38.0,0.0,72.0,18.0,False
blue_plus_10,2026-09-19,青少年教育センター,kajiso_libre,09:30:00,True,,1+1+毎日+2,1,14_1,14,09:40:00,21_1,21,09:50:00,09:55:00,10:40:00,2+0+毎日+3,2,21_2,28,11:57:00,14_2,35,12:05:00,12:07:00,157.0,8.0,0.0,72.0,18.0,True
blue_plus_10,2026-09-19,青少年教育センター,kajiso_libre,10:00:00,True,,1+1+毎日+4,1,14_1,14,13:22:00,21_1,21,13:32:00,13:37:00,14:22:00,2+0+毎日+5,2,21_2,28,16:18:00,14_2,35,16:26:00,16:28:00,388.0,200.0,0.0,111.0,18.0,False
blue_plus_10,2026-09-19,青少年教育センター,kajiso_libre,10:30:00,True,,1+1+毎日+4,1,14_1,14,13:22:00,21_1,21,13:32:00,13:37:00,14:22:00,2+0+毎日+5,2,21_2,28,16:18:00,14_2,35,16:26:00,16:28:00,358.0,170.0,0.0,111.0,18.0,False
blue_plus_10,2026-09-19,青少年教育センター,kajiso_libre,11:00:00,True,,1+1+毎日+4,1,14_1,14,13:22:00,21_1,21,13:32:00,13:37:00,14:22:00,2+0+毎日+5,2,21_2,28,16:18:00,14_2,35,16:26:00,16:28:00,328.0,140.0,0.0,111.0,18.0,False
blue_plus_10,2026-09-19,青少年教育センター,kajiso_libre,11:30:00,True,,1+1+毎日+4,1,14_1,14,13:22:00,21_1,21,13:32:00,13:37:00,14:22:00,2+0+毎日+5,2,21_2,28,16:18:00,14_2,35,16:26:00,16:28:00,298.0,110.0,0.0,111.0,18.0,False
blue_plus_10,2026-09-19,青少年教育センター,kajiso_libre,12:00:00,True,,1+1+毎日+4,1,14_1,14,13:22:00,21_1,21,13:32:00,13:37:00,14:22:00,2+0+毎日+5,2,21_2,28,16:18:00,14_2,35,16:26:00,16:28:00,268.0,80.0,0.0,111.0,18.0,False
blue_plus_10,2026-09-19,青少年教育センター,kajiso_libre,12:30:00,True,,1+1+毎日+4,1,14_1,14,13:22:00,21_1,21,13:32:00,13:37:00,14:22:00,2+0+毎日+5,2,21_2,28,16:18:00,14_2,35,16:26:00,16:28:00,238.0,50.0,0.0,111.0,18.0,False
blue_plus_10,2026-09-19,青少年教育センター,kajiso_libre,13:00:00,True,,1+1+毎日+4,1,14_1,14,13:22:00,21_1,21,13:32:00,13:37:00,14:22:00,2+0+毎日+5,2,21_2,28,16:18:00,14_2,35,16:26:00,16:28:00,208.0,20.0,0.0,111.0,18.0,False
blue_plus_10,2026-09-19,青少年教育センター,kajiso_libre,13:30:00,False,no_outbound_bus,,,,,,,,,,,,,,,,,,,,,,,,,False
blue_plus_10,2026-09-19,青少年教育センター,kajiso_libre,14:00:00,False,no_outbound_bus,,,,,,,,,,,,,,,,,,,,,,,,,False
blue_plus_10,2026-09-19,青少年教育センター,kajiso_libre,14:30:00,False,no_outbound_bus,,,,,,,,,,,,,,,,,,,,,,,,,False
blue_plus_10,2026-09-19,青少年教育センター,kajiso_libre,15:00:00,False,no_outbound_bus,,,,,,,,,,,,,,,,,,,,,,,,,False
blue_plus_10,2026-09-19,青少年教育センター,kajiso_libre,15:30:00,False,no_outbound_bus,,,,,,,,,,,,,,,,,,,,,,,,,False
blue_plus_10,2026-09-19,青少年教育センター,kajiso_libre,16:00:00,False,no_outbound_bus,,,,,,,,,,,,,,,,,,,,,,,,,False
blue_plus_10,2026-09-19,青少年教育センター,kajiso_vio,08:00:00,True,,1+1+毎日+2,1,14_1,14,09:40:00,25_0,32,10:13:00,10:18:00,11:03:00,2+0+毎日+3,2,25_0,17,11:29:00,14_2,35,12:05:00,12:07:00,247.0,98.0,0.0,21.0,69.0,False
blue_plus_10,2026-09-19,青少年教育センター,kajiso_vio,08:30:00,True,,1+1+毎日+2,1,14_1,14,09:40:00,25_0,32,10:13:00,10:18:00,11:03:00,2+0+毎日+3,2,25_0,17,11:29:00,14_2,35,12:05:00,12:07:00,217.0,68.0,0.0,21.0,69.0,False
blue_plus_10,2026-09-19,青少年教育センター,kajiso_vio,09:00:00,True,,1+1+毎日+2,1,14_1,14,09:40:00,25_0,32,10:13:00,10:18:00,11:03:00,2+0+毎日+3,2,25_0,17,11:29:00,14_2,35,12:05:00,12:07:00,187.0,38.0,0.0,21.0,69.0,False
blue_plus_10,2026-09-19,青少年教育センター,kajiso_vio,09:30:00,True,,1+1+毎日+2,1,14_1,14,09:40:00,25_0,32,10:13:00,10:18:00,11:03:00,2+0+毎日+3,2,25_0,17,11:29:00,14_2,35,12:05:00,12:07:00,157.0,8.0,0.0,21.0,69.0,True
blue_plus_10,2026-09-19,青少年教育センター,kajiso_vio,10:00:00,True,,1+1+毎日+4,1,14_1,14,13:22:00,25_0,32,14:03:00,14:08:00,14:53:00,2+0+毎日+5,2,25_0,17,15:58:00,14_2,35,16:26:00,16:28:00,388.0,200.0,0.0,60.0,69.0,False
blue_plus_10,2026-09-19,青少年教育センター,kajiso_vio,10:30:00,True,,1+1+毎日+4,1,14_1,14,13:22:00,25_0,32,14:03:00,14:08:00,14:53:00,2+0+毎日+5,2,25_0,17,15:58:00,14_2,35,16:26:00,16:28:00,358.0,170.0,0.0,60.0,69.0,False
blue_plus_10,2026-09-19,青少年教育センター,kajiso_vio,11:00:00,True,,1+1+毎日+4,1,14_1,14,13:22:00,25_0,32,14:03:00,14:08:00,14:53:00,2+0+毎日+5,2,25_0,17,15:58:00,14_2,35,16:26:00,16:28:00,328.0,140.0,0.0,60.0,69.0,False
blue_plus_10,2026-09-19,青少年教育センター,kajiso_vio,11:30:00,True,,1+1+毎日+4,1,14_1,14,13:22:00,25_0,32,14:03:00,14:08:00,14:53:00,2+0+毎日+5,2,25_0,17,15:58:00,14_2,35,16:26:00,16:28:00,298.0,110.0,0.0,60.0,69.0,False
blue_plus_10,2026-09-19,青少年教育センター,kajiso_vio,12:00:00,True,,1+1+毎日+4,1,14_1,14,13:22:00,25_0,32,14:03:00,14:08:00,14:53:00,2+0+毎日+5,2,25_0,17,15:58:00,14_2,35,16:26:00,16:28:00,268.0,80.0,0.0,60.0,69.0,False
blue_plus_10,2026-09-19,青少年教育センター,kajiso_vio,12:30:00,True,,1+1+毎日+4,1,14_1,14,13:22:00,25_0,32,14:03:00,14:08:00,14:53:00,2+0+毎日+5,2,25_0,17,15:58:00,14_2,35,16:26:00,16:28:00,238.0,50.0,0.0,60.0,69.0,False
blue_plus_10,2026-09-19,青少年教育センター,kajiso_vio,13:00:00,True,,1+1+毎日+4,1,14_1,14,13:22:00,25_0,32,14:03:00,14:08:00,14:53:00,2+0+毎日+5,2,25_0,17,15:58:00,14_2,35,16:26:00,16:28:00,208.0,20.0,0.0,60.0,69.0,False
blue_plus_10,2026-09-19,青少年教育センター,kajiso_vio,13:30:00,False,no_outbound_bus,,,,,,,,,,,,,,,,,,,,,,,,,False
blue_plus_10,2026-09-19,青少年教育センター,kajiso_vio,14:00:00,False,no_outbound_bus,,,,,,,,,,,,,,,,,,,,,,,,,False
blue_plus_10,2026-09-19,青少年教育センター,kajiso_vio,14:30:00,False,no_outbound_bus,,,,,,,,,,,,,,,,,,,,,,,,,False
blue_plus_10,2026-09-19,青少年教育センター,kajiso_vio,15:00:00,False,no_outbound_bus,,,,,,,,,,,,,,,,,,,,,,,,,False
blue_plus_10,2026-09-19,青少年教育センター,kajiso_vio,15:30:00,False,no_outbound_bus,,,,,,,,,,,,,,,,,,,,,,,,,False
blue_plus_10,2026-09-19,青少年教育センター,kajiso_vio,16:00:00,False,no_outbound_bus,,,,,,,,,,,,,,,,,,,,,,,,,False
blue_plus_10,2026-09-19,陽明中学校口,kajiso_libre,08:00:00,True,,1+1+毎日+2,1,17_1,17,09:46:00,21_1,21,09:50:00,09:55:00,10:40:00,2+0+毎日+3,2,21_2,28,11:57:00,17_2,32,12:01:00,12:03:00,243.0,104.0,0.0,72.0,8.0,False
blue_plus_10,2026-09-19,陽明中学校口,kajiso_libre,08:30:00,True,,1+1+毎日+2,1,17_1,17,09:46:00,21_1,21,09:50:00,09:55:00,10:40:00,2+0+毎日+3,2,21_2,28,11:57:00,17_2,32,12:01:00,12:03:00,213.0,74.0,0.0,72.0,8.0,False
blue_plus_10,2026-09-19,陽明中学校口,kajiso_libre,09:00:00,True,,1+1+毎日+2,1,17_1,17,09:46:00,21_1,21,09:50:00,09:55:00,10:40:00,2+0+毎日+3,2,21_2,28,11:57:00,17_2,32,12:01:00,12:03:00,183.0,44.0,0.0,72.0,8.0,False
blue_plus_10,2026-09-19,陽明中学校口,kajiso_libre,09:30:00,True,,1+1+毎日+2,1,17_1,17,09:46:00,21_1,21,09:50:00,09:55:00,10:40:00,2+0+毎日+3,2,21_2,28,11:57:00,17_2,32,12:01:00,12:03:00,153.0,14.0,0.0,72.0,8.0,True
blue_plus_10,2026-09-19,陽明中学校口,kajiso_libre,10:00:00,True,,1+1+毎日+4,1,17_1,17,13:28:00,21_1,21,13:32:00,13:37:00,14:22:00,2+0+毎日+5,2,21_2,28,16:18:00,17_2,32,16:22:00,16:24:00,384.0,206.0,0.0,111.0,8.0,False
blue_plus_10,2026-09-19,陽明中学校口,kajiso_libre,10:30:00,True,,1+1+毎日+4,1,17_1,17,13:28:00,21_1,21,13:32:00,13:37:00,14:22:00,2+0+毎日+5,2,21_2,28,16:18:00,17_2,32,16:22:00,16:24:00,354.0,176.0,0.0,111.0,8.0,False
blue_plus_10,2026-09-19,陽明中学校口,kajiso_libre,11:00:00,True,,1+1+毎日+4,1,17_1,17,13:28:00,21_1,21,13:32:00,13:37:00,14:22:00,2+0+毎日+5,2,21_2,28,16:18:00,17_2,32,16:22:00,16:24:00,324.0,146.0,0.0,111.0,8.0,False
blue_plus_10,2026-09-19,陽明中学校口,kajiso_libre,11:30:00,True,,1+1+毎日+4,1,17_1,17,13:28:00,21_1,21,13:32:00,13:37:00,14:22:00,2+0+毎日+5,2,21_2,28,16:18:00,17_2,32,16:22:00,16:24:00,294.0,116.0,0.0,111.0,8.0,False
blue_plus_10,2026-09-19,陽明中学校口,kajiso_libre,12:00:00,True,,1+1+毎日+4,1,17_1,17,13:28:00,21_1,21,13:32:00,13:37:00,14:22:00,2+0+毎日+5,2,21_2,28,16:18:00,17_2,32,16:22:00,16:24:00,264.0,86.0,0.0,111.0,8.0,False
blue_plus_10,2026-09-19,陽明中学校口,kajiso_libre,12:30:00,True,,1+1+毎日+4,1,17_1,17,13:28:00,21_1,21,13:32:00,13:37:00,14:22:00,2+0+毎日+5,2,21_2,28,16:18:00,17_2,32,16:22:00,16:24:00,234.0,56.0,0.0,111.0,8.0,False
blue_plus_10,2026-09-19,陽明中学校口,kajiso_libre,13:00:00,True,,1+1+毎日+4,1,17_1,17,13:28:00,21_1,21,13:32:00,13:37:00,14:22:00,2+0+毎日+5,2,21_2,28,16:18:00,17_2,32,16:22:00,16:24:00,204.0,26.0,0.0,111.0,8.0,False
blue_plus_10,2026-09-19,陽明中学校口,kajiso_libre,13:30:00,False,no_outbound_bus,,,,,,,,,,,,,,,,,,,,,,,,,False
blue_plus_10,2026-09-19,陽明中学校口,kajiso_libre,14:00:00,False,no_outbound_bus,,,,,,,,,,,,,,,,,,,,,,,,,False
blue_plus_10,2026-09-19,陽明中学校口,kajiso_libre,14:30:00,False,no_outbound_bus,,,,,,,,,,,,,,,,,,,,,,,,,False
blue_plus_10,2026-09-19,陽明中学校口,kajiso_libre,15:00:00,False,no_outbound_bus,,,,,,,,,,,,,,,,,,,,,,,,,False
blue_plus_10,2026-09-19,陽明中学校口,kajiso_libre,15:30:00,False,no_outbound_bus,,,,,,,,,,,,,,,,,,,,,,,,,False
blue_plus_10,2026-09-19,陽明中学校口,kajiso_libre,16:00:00,False,no_outbound_bus,,,,,,,,,,,,,,,,,,,,,,,,,False
blue_plus_10,2026-09-19,陽明中学校口,kajiso_vio,08:00:00,True,,1+1+毎日+2,1,17_1,17,09:46:00,25_0,32,10:13:00,10:18:00,11:03:00,2+0+毎日+3,2,25_0,17,11:29:00,17_2,32,12:01:00,12:03:00,243.0,104.0,0.0,21.0,59.0,False
blue_plus_10,2026-09-19,陽明中学校口,kajiso_vio,08:30:00,True,,1+1+毎日+2,1,17_1,17,09:46:00,25_0,32,10:13:00,10:18:00,11:03:00,2+0+毎日+3,2,25_0,17,11:29:00,17_2,32,12:01:00,12:03:00,213.0,74.0,0.0,21.0,59.0,False
blue_plus_10,2026-09-19,陽明中学校口,kajiso_vio,09:00:00,True,,1+1+毎日+2,1,17_1,17,09:46:00,25_0,32,10:13:00,10:18:00,11:03:00,2+0+毎日+3,2,25_0,17,11:29:00,17_2,32,12:01:00,12:03:00,183.0,44.0,0.0,21.0,59.0,False
blue_plus_10,2026-09-19,陽明中学校口,kajiso_vio,09:30:00,True,,1+1+毎日+2,1,17_1,17,09:46:00,25_0,32,10:13:00,10:18:00,11:03:00,2+0+毎日+3,2,25_0,17,11:29:00,17_2,32,12:01:00,12:03:00,153.0,14.0,0.0,21.0,59.0,True
blue_plus_10,2026-09-19,陽明中学校口,kajiso_vio,10:00:00,True,,1+1+毎日+4,1,17_1,17,13:28:00,25_0,32,14:03:00,14:08:00,14:53:00,2+0+毎日+5,2,25_0,17,15:58:00,17_2,32,16:22:00,16:24:00,384.0,206.0,0.0,60.0,59.0,False
blue_plus_10,2026-09-19,陽明中学校口,kajiso_vio,10:30:00,True,,1+1+毎日+4,1,17_1,17,13:28:00,25_0,32,14:03:00,14:08:00,14:53:00,2+0+毎日+5,2,25_0,17,15:58:00,17_2,32,16:22:00,16:24:00,354.0,176.0,0.0,60.0,59.0,False
blue_plus_10,2026-09-19,陽明中学校口,kajiso_vio,11:00:00,True,,1+1+毎日+4,1,17_1,17,13:28:00,25_0,32,14:03:00,14:08:00,14:53:00,2+0+毎日+5,2,25_0,17,15:58:00,17_2,32,16:22:00,16:24:00,324.0,146.0,0.0,60.0,59.0,False
blue_plus_10,2026-09-19,陽明中学校口,kajiso_vio,11:30:00,True,,1+1+毎日+4,1,17_1,17,13:28:00,25_0,32,14:03:00,14:08:00,14:53:00,2+0+毎日+5,2,25_0,17,15:58:00,17_2,32,16:22:00,16:24:00,294.0,116.0,0.0,60.0,59.0,False
blue_plus_10,2026-09-19,陽明中学校口,kajiso_vio,12:00:00,True,,1+1+毎日+4,1,17_1,17,13:28:00,25_0,32,14:03:00,14:08:00,14:53:00,2+0+毎日+5,2,25_0,17,15:58:00,17_2,32,16:22:00,16:24:00,264.0,86.0,0.0,60.0,59.0,False
blue_plus_10,2026-09-19,陽明中学校口,kajiso_vio,12:30:00,True,,1+1+毎日+4,1,17_1,17,13:28:00,25_0,32,14:03:00,14:08:00,14:53:00,2+0+毎日+5,2,25_0,17,15:58:00,17_2,32,16:22:00,16:24:00,234.0,56.0,0.0,60.0,59.0,False
blue_plus_10,2026-09-19,陽明中学校口,kajiso_vio,13:00:00,True,,1+1+毎日+4,1,17_1,17,13:28:00,25_0,32,14:03:00,14:08:00,14:53:00,2+0+毎日+5,2,25_0,17,15:58:00,17_2,32,16:22:00,16:24:00,204.0,26.0,0.0,60.0,59.0,False
blue_plus_10,2026-09-19,陽明中学校口,kajiso_vio,13:30:00,False,no_outbound_bus,,,,,,,,,,,,,,,,,,,,,,,,,False
blue_plus_10,2026-09-19,陽明中学校口,kajiso_vio,14:00:00,False,no_outbound_bus,,,,,,,,,,,,,,,,,,,,,,,,,False
blue_plus_10,2026-09-19,陽明中学校口,kajiso_vio,14:30:00,False,no_outbound_bus,,,,,,,,,,,,,,,,,,,,,,,,,False
blue_plus_10,2026-09-19,陽明中学校口,kajiso_vio,15:00:00,False,no_outbound_bus,,,,,,,,,,,,,,,,,,,,,,,,,False
blue_plus_10,2026-09-19,陽明中学校口,kajiso_vio,15:30:00,False,no_outbound_bus,,,,,,,,,,,,,,,,,,,,,,,,,False
blue_plus_10,2026-09-19,陽明中学校口,kajiso_vio,16:00:00,False,no_outbound_bus,,,,,,,,,,,,,,,,,,,,,,,,,False
blue_plus_10,2026-09-19,さくら公園,kajiso_libre,08:00:00,True,,1+1+毎日+2,1,19_1,19,09:48:00,21_1,21,09:50:00,09:55:00,10:40:00,2+0+毎日+3,2,21_2,28,11:57:00,19_2,30,11:59:00,12:01:00,241.0,106.0,0.0,72.0,4.0,False
blue_plus_10,2026-09-19,さくら公園,kajiso_libre,08:30:00,True,,1+1+毎日+2,1,19_1,19,09:48:00,21_1,21,09:50:00,09:55:00,10:40:00,2+0+毎日+3,2,21_2,28,11:57:00,19_2,30,11:59:00,12:01:00,211.0,76.0,0.0,72.0,4.0,False
blue_plus_10,2026-09-19,さくら公園,kajiso_libre,09:00:00,True,,1+1+毎日+2,1,19_1,19,09:48:00,21_1,21,09:50:00,09:55:00,10:40:00,2+0+毎日+3,2,21_2,28,11:57:00,19_2,30,11:59:00,12:01:00,181.0,46.0,0.0,72.0,4.0,False
blue_plus_10,2026-09-19,さくら公園,kajiso_libre,09:30:00,True,,1+1+毎日+2,1,19_1,19,09:48:00,21_1,21,09:50:00,09:55:00,10:40:00,2+0+毎日+3,2,21_2,28,11:57:00,19_2,30,11:59:00,12:01:00,151.0,16.0,0.0,72.0,4.0,True
blue_plus_10,2026-09-19,さくら公園,kajiso_libre,10:00:00,True,,1+1+毎日+4,1,19_1,19,13:30:00,21_1,21,13:32:00,13:37:00,14:22:00,2+0+毎日+5,2,21_2,28,16:18:00,19_2,30,16:20:00,16:22:00,382.0,208.0,0.0,111.0,4.0,False
blue_plus_10,2026-09-19,さくら公園,kajiso_libre,10:30:00,True,,1+1+毎日+4,1,19_1,19,13:30:00,21_1,21,13:32:00,13:37:00,14:22:00,2+0+毎日+5,2,21_2,28,16:18:00,19_2,30,16:20:00,16:22:00,352.0,178.0,0.0,111.0,4.0,False
blue_plus_10,2026-09-19,さくら公園,kajiso_libre,11:00:00,True,,1+1+毎日+4,1,19_1,19,13:30:00,21_1,21,13:32:00,13:37:00,14:22:00,2+0+毎日+5,2,21_2,28,16:18:00,19_2,30,16:20:00,16:22:00,322.0,148.0,0.0,111.0,4.0,False
blue_plus_10,2026-09-19,さくら公園,kajiso_libre,11:30:00,True,,1+1+毎日+4,1,19_1,19,13:30:00,21_1,21,13:32:00,13:37:00,14:22:00,2+0+毎日+5,2,21_2,28,16:18:00,19_2,30,16:20:00,16:22:00,292.0,118.0,0.0,111.0,4.0,False
blue_plus_10,2026-09-19,さくら公園,kajiso_libre,12:00:00,True,,1+1+毎日+4,1,19_1,19,13:30:00,21_1,21,13:32:00,13:37:00,14:22:00,2+0+毎日+5,2,21_2,28,16:18:00,19_2,30,16:20:00,16:22:00,262.0,88.0,0.0,111.0,4.0,False
blue_plus_10,2026-09-19,さくら公園,kajiso_libre,12:30:00,True,,1+1+毎日+4,1,19_1,19,13:30:00,21_1,21,13:32:00,13:37:00,14:22:00,2+0+毎日+5,2,21_2,28,16:18:00,19_2,30,16:20:00,16:22:00,232.0,58.0,0.0,111.0,4.0,False
blue_plus_10,2026-09-19,さくら公園,kajiso_libre,13:00:00,True,,1+1+毎日+4,1,19_1,19,13:30:00,21_1,21,13:32:00,13:37:00,14:22:00,2+0+毎日+5,2,21_2,28,16:18:00,19_2,30,16:20:00,16:22:00,202.0,28.0,0.0,111.0,4.0,False
blue_plus_10,2026-09-19,さくら公園,kajiso_libre,13:30:00,False,no_outbound_bus,,,,,,,,,,,,,,,,,,,,,,,,,False
blue_plus_10,2026-09-19,さくら公園,kajiso_libre,14:00:00,False,no_outbound_bus,,,,,,,,,,,,,,,,,,,,,,,,,False
blue_plus_10,2026-09-19,さくら公園,kajiso_libre,14:30:00,False,no_outbound_bus,,,,,,,,,,,,,,,,,,,,,,,,,False
blue_plus_10,2026-09-19,さくら公園,kajiso_libre,15:00:00,False,no_outbound_bus,,,,,,,,,,,,,,,,,,,,,,,,,False
blue_plus_10,2026-09-19,さくら公園,kajiso_libre,15:30:00,False,no_outbound_bus,,,,,,,,,,,,,,,,,,,,,,,,,False
blue_plus_10,2026-09-19,さくら公園,kajiso_libre,16:00:00,False,no_outbound_bus,,,,,,,,,,,,,,,,,,,,,,,,,False
blue_plus_10,2026-09-19,さくら公園,kajiso_vio,08:00:00,True,,1+1+毎日+2,1,19_1,19,09:48:00,25_0,32,10:13:00,10:18:00,11:03:00,2+0+毎日+3,2,25_0,17,11:29:00,19_2,30,11:59:00,12:01:00,241.0,106.0,0.0,21.0,55.0,False
blue_plus_10,2026-09-19,さくら公園,kajiso_vio,08:30:00,True,,1+1+毎日+2,1,19_1,19,09:48:00,25_0,32,10:13:00,10:18:00,11:03:00,2+0+毎日+3,2,25_0,17,11:29:00,19_2,30,11:59:00,12:01:00,211.0,76.0,0.0,21.0,55.0,False
blue_plus_10,2026-09-19,さくら公園,kajiso_vio,09:00:00,True,,1+1+毎日+2,1,19_1,19,09:48:00,25_0,32,10:13:00,10:18:00,11:03:00,2+0+毎日+3,2,25_0,17,11:29:00,19_2,30,11:59:00,12:01:00,181.0,46.0,0.0,21.0,55.0,False
blue_plus_10,2026-09-19,さくら公園,kajiso_vio,09:30:00,True,,1+1+毎日+2,1,19_1,19,09:48:00,25_0,32,10:13:00,10:18:00,11:03:00,2+0+毎日+3,2,25_0,17,11:29:00,19_2,30,11:59:00,12:01:00,151.0,16.0,0.0,21.0,55.0,True
blue_plus_10,2026-09-19,さくら公園,kajiso_vio,10:00:00,True,,1+1+毎日+4,1,19_1,19,13:30:00,25_0,32,14:03:00,14:08:00,14:53:00,2+0+毎日+5,2,25_0,17,15:58:00,19_2,30,16:20:00,16:22:00,382.0,208.0,0.0,60.0,55.0,False
blue_plus_10,2026-09-19,さくら公園,kajiso_vio,10:30:00,True,,1+1+毎日+4,1,19_1,19,13:30:00,25_0,32,14:03:00,14:08:00,14:53:00,2+0+毎日+5,2,25_0,17,15:58:00,19_2,30,16:20:00,16:22:00,352.0,178.0,0.0,60.0,55.0,False
blue_plus_10,2026-09-19,さくら公園,kajiso_vio,11:00:00,True,,1+1+毎日+4,1,19_1,19,13:30:00,25_0,32,14:03:00,14:08:00,14:53:00,2+0+毎日+5,2,25_0,17,15:58:00,19_2,30,16:20:00,16:22:00,322.0,148.0,0.0,60.0,55.0,False
blue_plus_10,2026-09-19,さくら公園,kajiso_vio,11:30:00,True,,1+1+毎日+4,1,19_1,19,13:30:00,25_0,32,14:03:00,14:08:00,14:53:00,2+0+毎日+5,2,25_0,17,15:58:00,19_2,30,16:20:00,16:22:00,292.0,118.0,0.0,60.0,55.0,False
blue_plus_10,2026-09-19,さくら公園,kajiso_vio,12:00:00,True,,1+1+毎日+4,1,19_1,19,13:30:00,25_0,32,14:03:00,14:08:00,14:53:00,2+0+毎日+5,2,25_0,17,15:58:00,19_2,30,16:20:00,16:22:00,262.0,88.0,0.0,60.0,55.0,False
blue_plus_10,2026-09-19,さくら公園,kajiso_vio,12:30:00,True,,1+1+毎日+4,1,19_1,19,13:30:00,25_0,32,14:03:00,14:08:00,14:53:00,2+0+毎日+5,2,25_0,17,15:58:00,19_2,30,16:20:00,16:22:00,232.0,58.0,0.0,60.0,55.0,False
blue_plus_10,2026-09-19,さくら公園,kajiso_vio,13:00:00,True,,1+1+毎日+4,1,19_1,19,13:30:00,25_0,32,14:03:00,14:08:00,14:53:00,2+0+毎日+5,2,25_0,17,15:58:00,19_2,30,16:20:00,16:22:00,202.0,28.0,0.0,60.0,55.0,False
blue_plus_10,2026-09-19,さくら公園,kajiso_vio,13:30:00,False,no_outbound_bus,,,,,,,,,,,,,,,,,,,,,,,,,False
blue_plus_10,2026-09-19,さくら公園,kajiso_vio,14:00:00,False,no_outbound_bus,,,,,,,,,,,,,,,,,,,,,,,,,False
blue_plus_10,2026-09-19,さくら公園,kajiso_vio,14:30:00,False,no_outbound_bus,,,,,,,,,,,,,,,,,,,,,,,,,False
blue_plus_10,2026-09-19,さくら公園,kajiso_vio,15:00:00,False,no_outbound_bus,,,,,,,,,,,,,,,,,,,,,,,,,False
blue_plus_10,2026-09-19,さくら公園,kajiso_vio,15:30:00,False,no_outbound_bus,,,,,,,,,,,,,,,,,,,,,,,,,False
blue_plus_10,2026-09-19,さくら公園,kajiso_vio,16:00:00,False,no_outbound_bus,,,,,,,,,,,,,,,,,,,,,,,,,False
blue_plus_10,2026-09-19,わかくさ,kajiso_libre,08:00:00,True,,2+0+毎日+3,2,22_2,27,11:56:00,21_2,28,11:57:00,12:02:00,12:47:00,1+1+毎日+4,1,21_1,21,13:32:00,22_1,22,13:33:00,13:35:00,335.0,234.0,0.0,40.0,2.0,False
blue_plus_10,2026-09-19,わかくさ,kajiso_libre,08:30:00,True,,2+0+毎日+3,2,22_2,27,11:56:00,21_2,28,11:57:00,12:02:00,12:47:00,1+1+毎日+4,1,21_1,21,13:32:00,22_1,22,13:33:00,13:35:00,305.0,204.0,0.0,40.0,2.0,False
blue_plus_10,2026-09-19,わかくさ,kajiso_libre,09:00:00,True,,2+0+毎日+3,2,22_2,27,11:56:00,21_2,28,11:57:00,12:02:00,12:47:00,1+1+毎日+4,1,21_1,21,13:32:00,22_1,22,13:33:00,13:35:00,275.0,174.0,0.0,40.0,2.0,False
blue_plus_10,2026-09-19,わかくさ,kajiso_libre,09:30:00,True,,2+0+毎日+3,2,22_2,27,11:56:00,21_2,28,11:57:00,12:02:00,12:47:00,1+1+毎日+4,1,21_1,21,13:32:00,22_1,22,13:33:00,13:35:00,245.0,144.0,0.0,40.0,2.0,False
blue_plus_10,2026-09-19,わかくさ,kajiso_libre,10:00:00,True,,2+0+毎日+3,2,22_2,27,11:56:00,21_2,28,11:57:00,12:02:00,12:47:00,1+1+毎日+4,1,21_1,21,13:32:00,22_1,22,13:33:00,13:35:00,215.0,114.0,0.0,40.0,2.0,False
blue_plus_10,2026-09-19,わかくさ,kajiso_libre,10:30:00,True,,2+0+毎日+3,2,22_2,27,11:56:00,21_2,28,11:57:00,12:02:00,12:47:00,1+1+毎日+4,1,21_1,21,13:32:00,22_1,22,13:33:00,13:35:00,185.0,84.0,0.0,40.0,2.0,False
blue_plus_10,2026-09-19,わかくさ,kajiso_libre,11:00:00,True,,2+0+毎日+3,2,22_2,27,11:56:00,21_2,28,11:57:00,12:02:00,12:47:00,1+1+毎日+4,1,21_1,21,13:32:00,22_1,22,13:33:00,13:35:00,155.0,54.0,0.0,40.0,2.0,True
blue_plus_10,2026-09-19,わかくさ,kajiso_libre,11:30:00,True,,2+0+毎日+3,2,22_2,27,11:56:00,21_2,28,11:57:00,12:02:00,12:47:00,1+1+毎日+4,1,21_1,21,13:32:00,22_1,22,13:33:00,13:35:00,125.0,24.0,0.0,40.0,2.0,True
blue_plus_10,2026-09-19,わかくさ,kajiso_libre,12:00:00,False,no_return_by_deadline,,,,,,,,,,,,,,,,,,,,,,,,,False
blue_plus_10,2026-09-19,わかくさ,kajiso_libre,12:30:00,False,no_return_by_deadline,,,,,,,,,,,,,,,,,,,,,,,,,False
blue_plus_10,2026-09-19,わかくさ,kajiso_libre,13:00:00,False,no_return_by_deadline,,,,,,,,,,,,,,,,,,,,,,,,,False
blue_plus_10,2026-09-19,わかくさ,kajiso_libre,13:30:00,False,no_return_by_deadline,,,,,,,,,,,,,,,,,,,,,,,,,False
blue_plus_10,2026-09-19,わかくさ,kajiso_libre,14:00:00,False,no_return_by_deadline,,,,,,,,,,,,,,,,,,,,,,,,,False
blue_plus_10,2026-09-19,わかくさ,kajiso_libre,14:30:00,False,no_return_by_deadline,,,,,,,,,,,,,,,,,,,,,,,,,False
blue_plus_10,2026-09-19,わかくさ,kajiso_libre,15:00:00,False,no_return_by_deadline,,,,,,,,,,,,,,,,,,,,,,,,,False
blue_plus_10,2026-09-19,わかくさ,kajiso_libre,15:30:00,False,no_return_by_deadline,,,,,,,,,,,,,,,,,,,,,,,,,False
blue_plus_10,2026-09-19,わかくさ,kajiso_libre,16:00:00,False,no_return_by_deadline,,,,,,,,,,,,,,,,,,,,,,,,,False
blue_plus_10,2026-09-19,わかくさ,kajiso_vio,08:00:00,True,,1+1+毎日+2,1,22_1,22,09:51:00,25_0,32,10:13:00,10:18:00,11:03:00,2+0+毎日+3,2,25_0,17,11:29:00,22_2,27,11:56:00,11:58:00,238.0,109.0,0.0,21.0,49.0,False
blue_plus_10,2026-09-19,わかくさ,kajiso_vio,08:30:00,True,,1+1+毎日+2,1,22_1,22,09:51:00,25_0,32,10:13:00,10:18:00,11:03:00,2+0+毎日+3,2,25_0,17,11:29:00,22_2,27,11:56:00,11:58:00,208.0,79.0,0.0,21.0,49.0,False
blue_plus_10,2026-09-19,わかくさ,kajiso_vio,09:00:00,True,,1+1+毎日+2,1,22_1,22,09:51:00,25_0,32,10:13:00,10:18:00,11:03:00,2+0+毎日+3,2,25_0,17,11:29:00,22_2,27,11:56:00,11:58:00,178.0,49.0,0.0,21.0,49.0,True
blue_plus_10,2026-09-19,わかくさ,kajiso_vio,09:30:00,True,,1+1+毎日+2,1,22_1,22,09:51:00,25_0,32,10:13:00,10:18:00,11:03:00,2+0+毎日+3,2,25_0,17,11:29:00,22_2,27,11:56:00,11:58:00,148.0,19.0,0.0,21.0,49.0,True
blue_plus_10,2026-09-19,わかくさ,kajiso_vio,10:00:00,True,,1+1+毎日+4,1,22_1,22,13:33:00,25_0,32,14:03:00,14:08:00,14:53:00,2+0+毎日+5,2,25_0,17,15:58:00,22_2,27,16:17:00,16:19:00,379.0,211.0,0.0,60.0,49.0,False
blue_plus_10,2026-09-19,わかくさ,kajiso_vio,10:30:00,True,,1+1+毎日+4,1,22_1,22,13:33:00,25_0,32,14:03:00,14:08:00,14:53:00,2+0+毎日+5,2,25_0,17,15:58:00,22_2,27,16:17:00,16:19:00,349.0,181.0,0.0,60.0,49.0,False
blue_plus_10,2026-09-19,わかくさ,kajiso_vio,11:00:00,True,,1+1+毎日+4,1,22_1,22,13:33:00,25_0,32,14:03:00,14:08:00,14:53:00,2+0+毎日+5,2,25_0,17,15:58:00,22_2,27,16:17:00,16:19:00,319.0,151.0,0.0,60.0,49.0,False
blue_plus_10,2026-09-19,わかくさ,kajiso_vio,11:30:00,True,,1+1+毎日+4,1,22_1,22,13:33:00,25_0,32,14:03:00,14:08:00,14:53:00,2+0+毎日+5,2,25_0,17,15:58:00,22_2,27,16:17:00,16:19:00,289.0,121.0,0.0,60.0,49.0,False
blue_plus_10,2026-09-19,わかくさ,kajiso_vio,12:00:00,True,,1+1+毎日+4,1,22_1,22,13:33:00,25_0,32,14:03:00,14:08:00,14:53:00,2+0+毎日+5,2,25_0,17,15:58:00,22_2,27,16:17:00,16:19:00,259.0,91.0,0.0,60.0,49.0,False
blue_plus_10,2026-09-19,わかくさ,kajiso_vio,12:30:00,True,,1+1+毎日+4,1,22_1,22,13:33:00,25_0,32,14:03:00,14:08:00,14:53:00,2+0+毎日+5,2,25_0,17,15:58:00,22_2,27,16:17:00,16:19:00,229.0,61.0,0.0,60.0,49.0,False
blue_plus_10,2026-09-19,わかくさ,kajiso_vio,13:00:00,True,,1+1+毎日+4,1,22_1,22,13:33:00,25_0,32,14:03:00,14:08:00,14:53:00,2+0+毎日+5,2,25_0,17,15:58:00,22_2,27,16:17:00,16:19:00,199.0,31.0,0.0,60.0,49.0,False
blue_plus_10,2026-09-19,わかくさ,kajiso_vio,13:30:00,False,no_outbound_bus,,,,,,,,,,,,,,,,,,,,,,,,,False
blue_plus_10,2026-09-19,わかくさ,kajiso_vio,14:00:00,False,no_outbound_bus,,,,,,,,,,,,,,,,,,,,,,,,,False
blue_plus_10,2026-09-19,わかくさ,kajiso_vio,14:30:00,False,no_outbound_bus,,,,,,,,,,,,,,,,,,,,,,,,,False
blue_plus_10,2026-09-19,わかくさ,kajiso_vio,15:00:00,False,no_outbound_bus,,,,,,,,,,,,,,,,,,,,,,,,,False
blue_plus_10,2026-09-19,わかくさ,kajiso_vio,15:30:00,False,no_outbound_bus,,,,,,,,,,,,,,,,,,,,,,,,,False
blue_plus_10,2026-09-19,わかくさ,kajiso_vio,16:00:00,False,no_outbound_bus,,,,,,,,,,,,,,,,,,,,,,,,,False
blue_plus_10,2026-09-19,篠座,kajiso_libre,08:00:00,True,,2+0+毎日+3,2,29_2,13,11:22:00,21_2,28,11:57:00,12:02:00,12:47:00,1+1+毎日+4,1,21_1,21,13:32:00,29_1,36,14:11:00,14:13:00,373.0,200.0,0.0,40.0,74.0,False
blue_plus_10,2026-09-19,篠座,kajiso_libre,08:30:00,True,,2+0+毎日+3,2,29_2,13,11:22:00,21_2,28,11:57:00,12:02:00,12:47:00,1+1+毎日+4,1,21_1,21,13:32:00,29_1,36,14:11:00,14:13:00,343.0,170.0,0.0,40.0,74.0,False
blue_plus_10,2026-09-19,篠座,kajiso_libre,09:00:00,True,,2+0+毎日+3,2,29_2,13,11:22:00,21_2,28,11:57:00,12:02:00,12:47:00,1+1+毎日+4,1,21_1,21,13:32:00,29_1,36,14:11:00,14:13:00,313.0,140.0,0.0,40.0,74.0,False
blue_plus_10,2026-09-19,篠座,kajiso_libre,09:30:00,True,,2+0+毎日+3,2,29_2,13,11:22:00,21_2,28,11:57:00,12:02:00,12:47:00,1+1+毎日+4,1,21_1,21,13:32:00,29_1,36,14:11:00,14:13:00,283.0,110.0,0.0,40.0,74.0,False
blue_plus_10,2026-09-19,篠座,kajiso_libre,10:00:00,True,,2+0+毎日+3,2,29_2,13,11:22:00,21_2,28,11:57:00,12:02:00,12:47:00,1+1+毎日+4,1,21_1,21,13:32:00,29_1,36,14:11:00,14:13:00,253.0,80.0,0.0,40.0,74.0,False
blue_plus_10,2026-09-19,篠座,kajiso_libre,10:30:00,True,,2+0+毎日+3,2,29_2,13,11:22:00,21_2,28,11:57:00,12:02:00,12:47:00,1+1+毎日+4,1,21_1,21,13:32:00,29_1,36,14:11:00,14:13:00,223.0,50.0,0.0,40.0,74.0,False
blue_plus_10,2026-09-19,篠座,kajiso_libre,11:00:00,True,,2+0+毎日+3,2,29_2,13,11:22:00,21_2,28,11:57:00,12:02:00,12:47:00,1+1+毎日+4,1,21_1,21,13:32:00,29_1,36,14:11:00,14:13:00,193.0,20.0,0.0,40.0,74.0,False
blue_plus_10,2026-09-19,篠座,kajiso_libre,11:30:00,False,no_return_by_deadline,,,,,,,,,,,,,,,,,,,,,,,,,False
blue_plus_10,2026-09-19,篠座,kajiso_libre,12:00:00,False,no_return_by_deadline,,,,,,,,,,,,,,,,,,,,,,,,,False
blue_plus_10,2026-09-19,篠座,kajiso_libre,12:30:00,False,no_return_by_deadline,,,,,,,,,,,,,,,,,,,,,,,,,False
blue_plus_10,2026-09-19,篠座,kajiso_libre,13:00:00,False,no_return_by_deadline,,,,,,,,,,,,,,,,,,,,,,,,,False
blue_plus_10,2026-09-19,篠座,kajiso_libre,13:30:00,False,no_return_by_deadline,,,,,,,,,,,,,,,,,,,,,,,,,False
blue_plus_10,2026-09-19,篠座,kajiso_libre,14:00:00,False,no_return_by_deadline,,,,,,,,,,,,,,,,,,,,,,,,,False
blue_plus_10,2026-09-19,篠座,kajiso_libre,14:30:00,False,no_return_by_deadline,,,,,,,,,,,,,,,,,,,,,,,,,False
blue_plus_10,2026-09-19,篠座,kajiso_libre,15:00:00,False,no_return_by_deadline,,,,,,,,,,,,,,,,,,,,,,,,,False
blue_plus_10,2026-09-19,篠座,kajiso_libre,15:30:00,False,no_return_by_deadline,,,,,,,,,,,,,,,,,,,,,,,,,False
blue_plus_10,2026-09-19,篠座,kajiso_libre,16:00:00,False,no_outbound_bus,,,,,,,,,,,,,,,,,,,,,,,,,False
blue_plus_10,2026-09-19,篠座,kajiso_vio,08:00:00,True,,2+0+毎日+3,2,29_2,13,11:22:00,25_0,17,11:29:00,11:34:00,12:19:00,1+1+毎日+4,1,25_0,32,14:03:00,29_1,36,14:11:00,14:13:00,373.0,200.0,0.0,99.0,15.0,False
blue_plus_10,2026-09-19,篠座,kajiso_vio,08:30:00,True,,2+0+毎日+3,2,29_2,13,11:22:00,25_0,17,11:29:00,11:34:00,12:19:00,1+1+毎日+4,1,25_0,32,14:03:00,29_1,36,14:11:00,14:13:00,343.0,170.0,0.0,99.0,15.0,False
blue_plus_10,2026-09-19,篠座,kajiso_vio,09:00:00,True,,2+0+毎日+3,2,29_2,13,11:22:00,25_0,17,11:29:00,11:34:00,12:19:00,1+1+毎日+4,1,25_0,32,14:03:00,29_1,36,14:11:00,14:13:00,313.0,140.0,0.0,99.0,15.0,False
blue_plus_10,2026-09-19,篠座,kajiso_vio,09:30:00,True,,2+0+毎日+3,2,29_2,13,11:22:00,25_0,17,11:29:00,11:34:00,12:19:00,1+1+毎日+4,1,25_0,32,14:03:00,29_1,36,14:11:00,14:13:00,283.0,110.0,0.0,99.0,15.0,False
blue_plus_10,2026-09-19,篠座,kajiso_vio,10:00:00,True,,2+0+毎日+3,2,29_2,13,11:22:00,25_0,17,11:29:00,11:34:00,12:19:00,1+1+毎日+4,1,25_0,32,14:03:00,29_1,36,14:11:00,14:13:00,253.0,80.0,0.0,99.0,15.0,False
blue_plus_10,2026-09-19,篠座,kajiso_vio,10:30:00,True,,2+0+毎日+3,2,29_2,13,11:22:00,25_0,17,11:29:00,11:34:00,12:19:00,1+1+毎日+4,1,25_0,32,14:03:00,29_1,36,14:11:00,14:13:00,223.0,50.0,0.0,99.0,15.0,False
blue_plus_10,2026-09-19,篠座,kajiso_vio,11:00:00,True,,2+0+毎日+3,2,29_2,13,11:22:00,25_0,17,11:29:00,11:34:00,12:19:00,1+1+毎日+4,1,25_0,32,14:03:00,29_1,36,14:11:00,14:13:00,193.0,20.0,0.0,99.0,15.0,False
blue_plus_10,2026-09-19,篠座,kajiso_vio,11:30:00,False,no_return_by_deadline,,,,,,,,,,,,,,,,,,,,,,,,,False
blue_plus_10,2026-09-19,篠座,kajiso_vio,12:00:00,False,no_return_by_deadline,,,,,,,,,,,,,,,,,,,,,,,,,False
blue_plus_10,2026-09-19,篠座,kajiso_vio,12:30:00,False,no_return_by_deadline,,,,,,,,,,,,,,,,,,,,,,,,,False
blue_plus_10,2026-09-19,篠座,kajiso_vio,13:00:00,False,no_return_by_deadline,,,,,,,,,,,,,,,,,,,,,,,,,False
blue_plus_10,2026-09-19,篠座,kajiso_vio,13:30:00,False,no_return_by_deadline,,,,,,,,,,,,,,,,,,,,,,,,,False
blue_plus_10,2026-09-19,篠座,kajiso_vio,14:00:00,False,no_return_by_deadline,,,,,,,,,,,,,,,,,,,,,,,,,False
blue_plus_10,2026-09-19,篠座,kajiso_vio,14:30:00,False,no_return_by_deadline,,,,,,,,,,,,,,,,,,,,,,,,,False
blue_plus_10,2026-09-19,篠座,kajiso_vio,15:00:00,False,no_return_by_deadline,,,,,,,,,,,,,,,,,,,,,,,,,False
blue_plus_10,2026-09-19,篠座,kajiso_vio,15:30:00,False,no_return_by_deadline,,,,,,,,,,,,,,,,,,,,,,,,,False
blue_plus_10,2026-09-19,篠座,kajiso_vio,16:00:00,False,no_outbound_bus,,,,,,,,,,,,,,,,,,,,,,,,,False
blue_plus_10,2026-09-19,いなほこども園,kajiso_libre,08:00:00,True,,2+0+毎日+3,2,33_2,9,11:18:00,21_2,28,11:57:00,12:02:00,12:47:00,1+1+毎日+4,1,21_1,21,13:32:00,33_1,40,14:15:00,14:17:00,377.0,196.0,0.0,40.0,82.0,False
blue_plus_10,2026-09-19,いなほこども園,kajiso_libre,08:30:00,True,,2+0+毎日+3,2,33_2,9,11:18:00,21_2,28,11:57:00,12:02:00,12:47:00,1+1+毎日+4,1,21_1,21,13:32:00,33_1,40,14:15:00,14:17:00,347.0,166.0,0.0,40.0,82.0,False
blue_plus_10,2026-09-19,いなほこども園,kajiso_libre,09:00:00,True,,2+0+毎日+3,2,33_2,9,11:18:00,21_2,28,11:57:00,12:02:00,12:47:00,1+1+毎日+4,1,21_1,21,13:32:00,33_1,40,14:15:00,14:17:00,317.0,136.0,0.0,40.0,82.0,False
blue_plus_10,2026-09-19,いなほこども園,kajiso_libre,09:30:00,True,,2+0+毎日+3,2,33_2,9,11:18:00,21_2,28,11:57:00,12:02:00,12:47:00,1+1+毎日+4,1,21_1,21,13:32:00,33_1,40,14:15:00,14:17:00,287.0,106.0,0.0,40.0,82.0,False
blue_plus_10,2026-09-19,いなほこども園,kajiso_libre,10:00:00,True,,2+0+毎日+3,2,33_2,9,11:18:00,21_2,28,11:57:00,12:02:00,12:47:00,1+1+毎日+4,1,21_1,21,13:32:00,33_1,40,14:15:00,14:17:00,257.0,76.0,0.0,40.0,82.0,False
blue_plus_10,2026-09-19,いなほこども園,kajiso_libre,10:30:00,True,,2+0+毎日+3,2,33_2,9,11:18:00,21_2,28,11:57:00,12:02:00,12:47:00,1+1+毎日+4,1,21_1,21,13:32:00,33_1,40,14:15:00,14:17:00,227.0,46.0,0.0,40.0,82.0,False
blue_plus_10,2026-09-19,いなほこども園,kajiso_libre,11:00:00,True,,2+0+毎日+3,2,33_2,9,11:18:00,21_2,28,11:57:00,12:02:00,12:47:00,1+1+毎日+4,1,21_1,21,13:32:00,33_1,40,14:15:00,14:17:00,197.0,16.0,0.0,40.0,82.0,False
blue_plus_10,2026-09-19,いなほこども園,kajiso_libre,11:30:00,False,no_return_by_deadline,,,,,,,,,,,,,,,,,,,,,,,,,False
blue_plus_10,2026-09-19,いなほこども園,kajiso_libre,12:00:00,False,no_return_by_deadline,,,,,,,,,,,,,,,,,,,,,,,,,False
blue_plus_10,2026-09-19,いなほこども園,kajiso_libre,12:30:00,False,no_return_by_deadline,,,,,,,,,,,,,,,,,,,,,,,,,False
blue_plus_10,2026-09-19,いなほこども園,kajiso_libre,13:00:00,False,no_return_by_deadline,,,,,,,,,,,,,,,,,,,,,,,,,False
blue_plus_10,2026-09-19,いなほこども園,kajiso_libre,13:30:00,False,no_return_by_deadline,,,,,,,,,,,,,,,,,,,,,,,,,False
blue_plus_10,2026-09-19,いなほこども園,kajiso_libre,14:00:00,False,no_return_by_deadline,,,,,,,,,,,,,,,,,,,,,,,,,False
blue_plus_10,2026-09-19,いなほこども園,kajiso_libre,14:30:00,False,no_return_by_deadline,,,,,,,,,,,,,,,,,,,,,,,,,False
blue_plus_10,2026-09-19,いなほこども園,kajiso_libre,15:00:00,False,no_return_by_deadline,,,,,,,,,,,,,,,,,,,,,,,,,False
blue_plus_10,2026-09-19,いなほこども園,kajiso_libre,15:30:00,False,no_return_by_deadline,,,,,,,,,,,,,,,,,,,,,,,,,False
blue_plus_10,2026-09-19,いなほこども園,kajiso_libre,16:00:00,False,no_outbound_bus,,,,,,,,,,,,,,,,,,,,,,,,,False
blue_plus_10,2026-09-19,いなほこども園,kajiso_vio,08:00:00,True,,2+0+毎日+3,2,33_2,9,11:18:00,25_0,17,11:29:00,11:34:00,12:19:00,1+1+毎日+4,1,25_0,32,14:03:00,33_1,40,14:15:00,14:17:00,377.0,196.0,0.0,99.0,23.0,False
blue_plus_10,2026-09-19,いなほこども園,kajiso_vio,08:30:00,True,,2+0+毎日+3,2,33_2,9,11:18:00,25_0,17,11:29:00,11:34:00,12:19:00,1+1+毎日+4,1,25_0,32,14:03:00,33_1,40,14:15:00,14:17:00,347.0,166.0,0.0,99.0,23.0,False
blue_plus_10,2026-09-19,いなほこども園,kajiso_vio,09:00:00,True,,2+0+毎日+3,2,33_2,9,11:18:00,25_0,17,11:29:00,11:34:00,12:19:00,1+1+毎日+4,1,25_0,32,14:03:00,33_1,40,14:15:00,14:17:00,317.0,136.0,0.0,99.0,23.0,False
blue_plus_10,2026-09-19,いなほこども園,kajiso_vio,09:30:00,True,,2+0+毎日+3,2,33_2,9,11:18:00,25_0,17,11:29:00,11:34:00,12:19:00,1+1+毎日+4,1,25_0,32,14:03:00,33_1,40,14:15:00,14:17:00,287.0,106.0,0.0,99.0,23.0,False
blue_plus_10,2026-09-19,いなほこども園,kajiso_vio,10:00:00,True,,2+0+毎日+3,2,33_2,9,11:18:00,25_0,17,11:29:00,11:34:00,12:19:00,1+1+毎日+4,1,25_0,32,14:03:00,33_1,40,14:15:00,14:17:00,257.0,76.0,0.0,99.0,23.0,False
blue_plus_10,2026-09-19,いなほこども園,kajiso_vio,10:30:00,True,,2+0+毎日+3,2,33_2,9,11:18:00,25_0,17,11:29:00,11:34:00,12:19:00,1+1+毎日+4,1,25_0,32,14:03:00,33_1,40,14:15:00,14:17:00,227.0,46.0,0.0,99.0,23.0,False
blue_plus_10,2026-09-19,いなほこども園,kajiso_vio,11:00:00,True,,2+0+毎日+3,2,33_2,9,11:18:00,25_0,17,11:29:00,11:34:00,12:19:00,1+1+毎日+4,1,25_0,32,14:03:00,33_1,40,14:15:00,14:17:00,197.0,16.0,0.0,99.0,23.0,False
blue_plus_10,2026-09-19,いなほこども園,kajiso_vio,11:30:00,False,no_return_by_deadline,,,,,,,,,,,,,,,,,,,,,,,,,False
blue_plus_10,2026-09-19,いなほこども園,kajiso_vio,12:00:00,False,no_return_by_deadline,,,,,,,,,,,,,,,,,,,,,,,,,False
blue_plus_10,2026-09-19,いなほこども園,kajiso_vio,12:30:00,False,no_return_by_deadline,,,,,,,,,,,,,,,,,,,,,,,,,False
blue_plus_10,2026-09-19,いなほこども園,kajiso_vio,13:00:00,False,no_return_by_deadline,,,,,,,,,,,,,,,,,,,,,,,,,False
blue_plus_10,2026-09-19,いなほこども園,kajiso_vio,13:30:00,False,no_return_by_deadline,,,,,,,,,,,,,,,,,,,,,,,,,False
blue_plus_10,2026-09-19,いなほこども園,kajiso_vio,14:00:00,False,no_return_by_deadline,,,,,,,,,,,,,,,,,,,,,,,,,False
blue_plus_10,2026-09-19,いなほこども園,kajiso_vio,14:30:00,False,no_return_by_deadline,,,,,,,,,,,,,,,,,,,,,,,,,False
blue_plus_10,2026-09-19,いなほこども園,kajiso_vio,15:00:00,False,no_return_by_deadline,,,,,,,,,,,,,,,,,,,,,,,,,False
blue_plus_10,2026-09-19,いなほこども園,kajiso_vio,15:30:00,False,no_return_by_deadline,,,,,,,,,,,,,,,,,,,,,,,,,False
blue_plus_10,2026-09-19,いなほこども園,kajiso_vio,16:00:00,False,no_outbound_bus,,,,,,,,,,,,,,,,,,,,,,,,,False
blue_plus_10,2026-09-19,童子丸郵便局口,kajiso_libre,08:00:00,True,,2+0+毎日+3,2,39_2,3,11:09:00,21_2,28,11:57:00,12:02:00,12:47:00,1+1+毎日+4,1,21_1,21,13:32:00,39_1,46,14:23:00,14:25:00,385.0,187.0,0.0,40.0,99.0,False
blue_plus_10,2026-09-19,童子丸郵便局口,kajiso_libre,08:30:00,True,,2+0+毎日+3,2,39_2,3,11:09:00,21_2,28,11:57:00,12:02:00,12:47:00,1+1+毎日+4,1,21_1,21,13:32:00,39_1,46,14:23:00,14:25:00,355.0,157.0,0.0,40.0,99.0,False
blue_plus_10,2026-09-19,童子丸郵便局口,kajiso_libre,09:00:00,True,,2+0+毎日+3,2,39_2,3,11:09:00,21_2,28,11:57:00,12:02:00,12:47:00,1+1+毎日+4,1,21_1,21,13:32:00,39_1,46,14:23:00,14:25:00,325.0,127.0,0.0,40.0,99.0,False
blue_plus_10,2026-09-19,童子丸郵便局口,kajiso_libre,09:30:00,True,,2+0+毎日+3,2,39_2,3,11:09:00,21_2,28,11:57:00,12:02:00,12:47:00,1+1+毎日+4,1,21_1,21,13:32:00,39_1,46,14:23:00,14:25:00,295.0,97.0,0.0,40.0,99.0,False
blue_plus_10,2026-09-19,童子丸郵便局口,kajiso_libre,10:00:00,True,,2+0+毎日+3,2,39_2,3,11:09:00,21_2,28,11:57:00,12:02:00,12:47:00,1+1+毎日+4,1,21_1,21,13:32:00,39_1,46,14:23:00,14:25:00,265.0,67.0,0.0,40.0,99.0,False
blue_plus_10,2026-09-19,童子丸郵便局口,kajiso_libre,10:30:00,True,,2+0+毎日+3,2,39_2,3,11:09:00,21_2,28,11:57:00,12:02:00,12:47:00,1+1+毎日+4,1,21_1,21,13:32:00,39_1,46,14:23:00,14:25:00,235.0,37.0,0.0,40.0,99.0,False
blue_plus_10,2026-09-19,童子丸郵便局口,kajiso_libre,11:00:00,True,,2+0+毎日+3,2,39_2,3,11:09:00,21_2,28,11:57:00,12:02:00,12:47:00,1+1+毎日+4,1,21_1,21,13:32:00,39_1,46,14:23:00,14:25:00,205.0,7.0,0.0,40.0,99.0,False
blue_plus_10,2026-09-19,童子丸郵便局口,kajiso_libre,11:30:00,False,no_return_by_deadline,,,,,,,,,,,,,,,,,,,,,,,,,False
blue_plus_10,2026-09-19,童子丸郵便局口,kajiso_libre,12:00:00,False,no_return_by_deadline,,,,,,,,,,,,,,,,,,,,,,,,,False
blue_plus_10,2026-09-19,童子丸郵便局口,kajiso_libre,12:30:00,False,no_return_by_deadline,,,,,,,,,,,,,,,,,,,,,,,,,False
blue_plus_10,2026-09-19,童子丸郵便局口,kajiso_libre,13:00:00,False,no_return_by_deadline,,,,,,,,,,,,,,,,,,,,,,,,,False
blue_plus_10,2026-09-19,童子丸郵便局口,kajiso_libre,13:30:00,False,no_return_by_deadline,,,,,,,,,,,,,,,,,,,,,,,,,False
blue_plus_10,2026-09-19,童子丸郵便局口,kajiso_libre,14:00:00,False,no_return_by_deadline,,,,,,,,,,,,,,,,,,,,,,,,,False
blue_plus_10,2026-09-19,童子丸郵便局口,kajiso_libre,14:30:00,False,no_return_by_deadline,,,,,,,,,,,,,,,,,,,,,,,,,False
blue_plus_10,2026-09-19,童子丸郵便局口,kajiso_libre,15:00:00,False,no_return_by_deadline,,,,,,,,,,,,,,,,,,,,,,,,,False
blue_plus_10,2026-09-19,童子丸郵便局口,kajiso_libre,15:30:00,False,no_return_by_deadline,,,,,,,,,,,,,,,,,,,,,,,,,False
blue_plus_10,2026-09-19,童子丸郵便局口,kajiso_libre,16:00:00,False,no_outbound_bus,,,,,,,,,,,,,,,,,,,,,,,,,False
blue_plus_10,2026-09-19,童子丸郵便局口,kajiso_vio,08:00:00,True,,2+0+毎日+3,2,39_2,3,11:09:00,25_0,17,11:29:00,11:34:00,12:19:00,1+1+毎日+4,1,25_0,32,14:03:00,39_1,46,14:23:00,14:25:00,385.0,187.0,0.0,99.0,40.0,False
blue_plus_10,2026-09-19,童子丸郵便局口,kajiso_vio,08:30:00,True,,2+0+毎日+3,2,39_2,3,11:09:00,25_0,17,11:29:00,11:34:00,12:19:00,1+1+毎日+4,1,25_0,32,14:03:00,39_1,46,14:23:00,14:25:00,355.0,157.0,0.0,99.0,40.0,False
blue_plus_10,2026-09-19,童子丸郵便局口,kajiso_vio,09:00:00,True,,2+0+毎日+3,2,39_2,3,11:09:00,25_0,17,11:29:00,11:34:00,12:19:00,1+1+毎日+4,1,25_0,32,14:03:00,39_1,46,14:23:00,14:25:00,325.0,127.0,0.0,99.0,40.0,False
blue_plus_10,2026-09-19,童子丸郵便局口,kajiso_vio,09:30:00,True,,2+0+毎日+3,2,39_2,3,11:09:00,25_0,17,11:29:00,11:34:00,12:19:00,1+1+毎日+4,1,25_0,32,14:03:00,39_1,46,14:23:00,14:25:00,295.0,97.0,0.0,99.0,40.0,False
blue_plus_10,2026-09-19,童子丸郵便局口,kajiso_vio,10:00:00,True,,2+0+毎日+3,2,39_2,3,11:09:00,25_0,17,11:29:00,11:34:00,12:19:00,1+1+毎日+4,1,25_0,32,14:03:00,39_1,46,14:23:00,14:25:00,265.0,67.0,0.0,99.0,40.0,False
blue_plus_10,2026-09-19,童子丸郵便局口,kajiso_vio,10:30:00,True,,2+0+毎日+3,2,39_2,3,11:09:00,25_0,17,11:29:00,11:34:00,12:19:00,1+1+毎日+4,1,25_0,32,14:03:00,39_1,46,14:23:00,14:25:00,235.0,37.0,0.0,99.0,40.0,False
blue_plus_10,2026-09-19,童子丸郵便局口,kajiso_vio,11:00:00,True,,2+0+毎日+3,2,39_2,3,11:09:00,25_0,17,11:29:00,11:34:00,12:19:00,1+1+毎日+4,1,25_0,32,14:03:00,39_1,46,14:23:00,14:25:00,205.0,7.0,0.0,99.0,40.0,False
blue_plus_10,2026-09-19,童子丸郵便局口,kajiso_vio,11:30:00,False,no_return_by_deadline,,,,,,,,,,,,,,,,,,,,,,,,,False
blue_plus_10,2026-09-19,童子丸郵便局口,kajiso_vio,12:00:00,False,no_return_by_deadline,,,,,,,,,,,,,,,,,,,,,,,,,False
blue_plus_10,2026-09-19,童子丸郵便局口,kajiso_vio,12:30:00,False,no_return_by_deadline,,,,,,,,,,,,,,,,,,,,,,,,,False
blue_plus_10,2026-09-19,童子丸郵便局口,kajiso_vio,13:00:00,False,no_return_by_deadline,,,,,,,,,,,,,,,,,,,,,,,,,False
blue_plus_10,2026-09-19,童子丸郵便局口,kajiso_vio,13:30:00,False,no_return_by_deadline,,,,,,,,,,,,,,,,,,,,,,,,,False
blue_plus_10,2026-09-19,童子丸郵便局口,kajiso_vio,14:00:00,False,no_return_by_deadline,,,,,,,,,,,,,,,,,,,,,,,,,False
blue_plus_10,2026-09-19,童子丸郵便局口,kajiso_vio,14:30:00,False,no_return_by_deadline,,,,,,,,,,,,,,,,,,,,,,,,,False
blue_plus_10,2026-09-19,童子丸郵便局口,kajiso_vio,15:00:00,False,no_return_by_deadline,,,,,,,,,,,,,,,,,,,,,,,,,False
blue_plus_10,2026-09-19,童子丸郵便局口,kajiso_vio,15:30:00,False,no_return_by_deadline,,,,,,,,,,,,,,,,,,,,,,,,,False
blue_plus_10,2026-09-19,童子丸郵便局口,kajiso_vio,16:00:00,False,no_outbound_bus,,,,,,,,,,,,,,,,,,,,,,,,,False
shopping_30,2026-09-15,越前大野駅,kajiso_libre,08:00:00,True,,2+0+平日+1,2,1_1,24,08:12:00,21_2,28,08:16:00,09:30:00,10:00:00,1+1+平日+3,1,21_1,21,11:28:00,1_1,24,11:32:00,11:34:00,214.0,10.0,69.0,83.0,8.0,False
shopping_30,2026-09-15,越前大野駅,kajiso_libre,08:30:00,True,,2+0+平日+2,2,1_1,1,09:15:00,21_2,28,09:58:00,10:03:00,10:33:00,1+1+平日+3,1,21_1,21,11:28:00,1_1,24,11:32:00,11:34:00,184.0,43.0,0.0,50.0,47.0,False
shopping_30,2026-09-15,越前大野駅,kajiso_libre,09:00:00,True,,2+0+平日+2,2,1_1,1,09:15:00,21_2,28,09:58:00,10:03:00,10:33:00,1+1+平日+3,1,21_1,21,11:28:00,1_1,24,11:32:00,11:34:00,154.0,13.0,0.0,50.0,47.0,True
shopping_30,2026-09-15,越前大野駅,kajiso_libre,09:30:00,True,,2+0+平日+2,2,1_1,24,09:54:00,21_2,28,09:58:00,10:03:00,10:33:00,1+1+平日+3,1,21_1,21,11:28:00,1_1,24,11:32:00,11:34:00,124.0,22.0,0.0,50.0,8.0,True
shopping_30,2026-09-15,越前大野駅,kajiso_libre,10:00:00,True,,2+0+毎日+3,2,1_1,1,10:56:00,21_2,28,11:47:00,11:52:00,12:22:00,1+1+毎日+4,1,21_1,21,13:32:00,1_1,24,13:36:00,13:38:00,218.0,54.0,0.0,65.0,55.0,False
shopping_30,2026-09-15,越前大野駅,kajiso_libre,10:30:00,True,,2+0+毎日+3,2,1_1,1,10:56:00,21_2,28,11:47:00,11:52:00,12:22:00,1+1+毎日+4,1,21_1,21,13:32:00,1_1,24,13:36:00,13:38:00,188.0,24.0,0.0,65.0,55.0,False
shopping_30,2026-09-15,越前大野駅,kajiso_libre,11:00:00,True,,2+0+毎日+3,2,1_1,24,11:43:00,21_2,28,11:47:00,11:52:00,12:22:00,1+1+毎日+4,1,21_1,21,13:32:00,1_1,24,13:36:00,13:38:00,158.0,41.0,0.0,65.0,8.0,True
shopping_30,2026-09-15,越前大野駅,kajiso_libre,11:30:00,True,,2+0+毎日+3,2,1_1,24,11:43:00,21_2,28,11:47:00,11:52:00,12:22:00,1+1+毎日+4,1,21_1,21,13:32:00,1_1,24,13:36:00,13:38:00,128.0,11.0,0.0,65.0,8.0,True
shopping_30,2026-09-15,越前大野駅,kajiso_libre,12:00:00,True,,2+0+平日+4,2,1_1,1,13:00:00,21_2,28,13:54:00,13:59:00,14:29:00,1+1+平日+5,1,21_1,21,16:02:00,1_1,24,16:06:00,16:08:00,248.0,58.0,0.0,88.0,58.0,False
shopping_30,2026-09-15,越前大野駅,kajiso_libre,12:30:00,True,,2+0+平日+4,2,1_1,1,13:00:00,21_2,28,13:54:00,13:59:00,14:29:00,1+1+平日+5,1,21_1,21,16:02:00,1_1,24,16:06:00,16:08:00,218.0,28.0,0.0,88.0,58.0,False
shopping_30,2026-09-15,越前大野駅,kajiso_libre,13:00:00,True,,1+1+毎日+4,1,1_1,1,13:05:00,21_1,21,13:32:00,13:37:00,14:07:00,1+1+平日+5,1,21_1,21,16:02:00,1_1,24,16:06:00,16:08:00,188.0,3.0,0.0,110.0,31.0,False
shopping_30,2026-09-15,越前大野駅,kajiso_libre,13:30:00,True,,2+0+平日+4,2,1_1,24,13:50:00,21_2,28,13:54:00,13:59:00,14:29:00,1+1+平日+5,1,21_1,21,16:02:00,1_1,24,16:06:00,16:08:00,158.0,18.0,0.0,88.0,8.0,True
shopping_30,2026-09-15,越前大野駅,kajiso_libre,14:00:00,False,no_return_by_deadline,,,,,,,,,,,,,,,,,,,,,,,,,False
shopping_30,2026-09-15,越前大野駅,kajiso_libre,14:30:00,False,no_return_by_deadline,,,,,,,,,,,,,,,,,,,,,,,,,False
shopping_30,2026-09-15,越前大野駅,kajiso_libre,15:00:00,False,no_return_by_deadline,,,,,,,,,,,,,,,,,,,,,,,,,False
shopping_30,2026-09-15,越前大野駅,kajiso_libre,15:30:00,False,no_return_by_deadline,,,,,,,,,,,,,,,,,,,,,,,,,False
shopping_30,2026-09-15,越前大野駅,kajiso_libre,16:00:00,False,no_return_by_deadline,,,,,,,,,,,,,,,,,,,,,,,,,False
shopping_30,2026-09-15,越前大野駅,kajiso_vio,08:00:00,True,,2+0+平日+2,2,1_1,1,09:15:00,25_0,17,09:38:00,09:43:00,10:13:00,2+0+毎日+3,2,25_0,17,11:19:00,1_1,24,11:32:00,11:34:00,214.0,73.0,0.0,61.0,36.0,False
shopping_30,2026-09-15,越前大野駅,kajiso_vio,08:30:00,True,,2+0+平日+2,2,1_1,1,09:15:00,25_0,17,09:38:00,09:43:00,10:13:00,2+0+毎日+3,2,25_0,17,11:19:00,1_1,24,11:32:00,11:34:00,184.0,43.0,0.0,61.0,36.0,False
shopping_30,2026-09-15,越前大野駅,kajiso_vio,09:00:00,True,,2+0+平日+2,2,1_1,1,09:15:00,25_0,17,09:38:00,09:43:00,10:13:00,2+0+毎日+3,2,25_0,17,11:19:00,1_1,24,11:32:00,11:34:00,154.0,13.0,0.0,61.0,36.0,True
shopping_30,2026-09-15,越前大野駅,kajiso_vio,09:30:00,True,,1+1+毎日+2,1,1_1,24,10:00:00,25_0,32,10:13:00,10:18:00,10:48:00,2+0+毎日+3,2,25_0,17,11:19:00,1_1,24,11:32:00,11:34:00,124.0,28.0,0.0,26.0,26.0,True
shopping_30,2026-09-15,越前大野駅,kajiso_vio,10:00:00,True,,2+0+毎日+3,2,1_1,1,10:56:00,25_0,17,11:19:00,11:24:00,11:54:00,2+0+平日+4,2,25_0,17,13:23:00,1_1,24,13:36:00,13:38:00,218.0,54.0,0.0,84.0,36.0,False
shopping_30,2026-09-15,越前大野駅,kajiso_vio,10:30:00,True,,2+0+毎日+3,2,1_1,1,10:56:00,25_0,17,11:19:00,11:24:00,11:54:00,2+0+平日+4,2,25_0,17,13:23:00,1_1,24,13:36:00,13:38:00,188.0,24.0,0.0,84.0,36.0,False
shopping_30,2026-09-15,越前大野駅,kajiso_vio,11:00:00,True,,1+1+平日+3,1,1_1,24,11:43:00,25_0,32,11:56:00,12:01:00,12:31:00,2+0+平日+4,2,25_0,17,13:23:00,1_1,24,13:36:00,13:38:00,158.0,41.0,0.0,47.0,26.0,True
shopping_30,2026-09-15,越前大野駅,kajiso_vio,11:30:00,True,,1+1+平日+3,1,1_1,24,11:43:00,25_0,32,11:56:00,12:01:00,12:31:00,2+0+平日+4,2,25_0,17,13:23:00,1_1,24,13:36:00,13:38:00,128.0,11.0,0.0,47.0,26.0,True
shopping_30,2026-09-15,越前大野駅,kajiso_vio,12:00:00,True,,2+0+平日+4,2,1_1,1,13:00:00,25_0,17,13:23:00,13:28:00,13:58:00,2+0+毎日+5,2,25_0,17,15:48:00,1_1,24,16:01:00,16:03:00,243.0,58.0,0.0,105.0,36.0,False
shopping_30,2026-09-15,越前大野駅,kajiso_vio,12:30:00,True,,2+0+平日+4,2,1_1,1,13:00:00,25_0,17,13:23:00,13:28:00,13:58:00,2+0+毎日+5,2,25_0,17,15:48:00,1_1,24,16:01:00,16:03:00,213.0,28.0,0.0,105.0,36.0,False
shopping_30,2026-09-15,越前大野駅,kajiso_vio,13:00:00,True,,1+1+毎日+4,1,1_1,1,13:05:00,25_0,32,14:03:00,14:08:00,14:38:00,2+0+毎日+5,2,25_0,17,15:48:00,1_1,24,16:01:00,16:03:00,183.0,3.0,0.0,65.0,71.0,False
shopping_30,2026-09-15,越前大野駅,kajiso_vio,13:30:00,True,,1+1+毎日+4,1,1_1,24,13:50:00,25_0,32,14:03:00,14:08:00,14:38:00,2+0+毎日+5,2,25_0,17,15:48:00,1_1,24,16:01:00,16:03:00,153.0,18.0,0.0,65.0,26.0,True
shopping_30,2026-09-15,越前大野駅,kajiso_vio,14:00:00,False,no_return_by_deadline,,,,,,,,,,,,,,,,,,,,,,,,,False
shopping_30,2026-09-15,越前大野駅,kajiso_vio,14:30:00,False,no_return_by_deadline,,,,,,,,,,,,,,,,,,,,,,,,,False
shopping_30,2026-09-15,越前大野駅,kajiso_vio,15:00:00,False,no_return_by_deadline,,,,,,,,,,,,,,,,,,,,,,,,,False
shopping_30,2026-09-15,越前大野駅,kajiso_vio,15:30:00,False,no_return_by_deadline,,,,,,,,,,,,,,,,,,,,,,,,,False
shopping_30,2026-09-15,越前大野駅,kajiso_vio,16:00:00,False,no_return_by_deadline,,,,,,,,,,,,,,,,,,,,,,,,,False
shopping_30,2026-09-15,結ステーション,kajiso_libre,08:00:00,True,,1+1+毎日+2,1,6_0,6,09:30:00,21_1,21,09:50:00,09:55:00,10:25:00,1+1+平日+3,1,21_1,21,11:28:00,6_0,29,11:47:00,11:49:00,229.0,88.0,0.0,58.0,39.0,False
shopping_30,2026-09-15,結ステーション,kajiso_libre,08:30:00,True,,1+1+毎日+2,1,6_0,6,09:30:00,21_1,21,09:50:00,09:55:00,10:25:00,1+1+平日+3,1,21_1,21,11:28:00,6_0,29,11:47:00,11:49:00,199.0,58.0,0.0,58.0,39.0,False
shopping_30,2026-09-15,結ステーション,kajiso_libre,09:00:00,True,,1+1+毎日+2,1,6_0,6,09:30:00,21_1,21,09:50:00,09:55:00,10:25:00,1+1+平日+3,1,21_1,21,11:28:00,6_0,29,11:47:00,11:49:00,169.0,28.0,0.0,58.0,39.0,True
shopping_30,2026-09-15,結ステーション,kajiso_libre,09:30:00,True,,2+0+平日+2,2,6_0,20,09:47:00,21_2,28,09:58:00,10:03:00,10:33:00,1+1+平日+3,1,21_1,21,11:28:00,6_0,29,11:47:00,11:49:00,139.0,15.0,0.0,50.0,30.0,True
shopping_30,2026-09-15,結ステーション,kajiso_libre,10:00:00,True,,1+1+平日+3,1,6_0,6,11:08:00,21_1,21,11:28:00,11:33:00,12:03:00,1+1+毎日+4,1,21_1,21,13:32:00,6_0,29,13:54:00,13:56:00,236.0,66.0,0.0,84.0,42.0,False
shopping_30,2026-09-15,結ステーション,kajiso_libre,10:30:00,True,,1+1+平日+3,1,6_0,6,11:08:00,21_1,21,11:28:00,11:33:00,12:03:00,1+1+毎日+4,1,21_1,21,13:32:00,6_0,29,13:54:00,13:56:00,206.0,36.0,0.0,84.0,42.0,False
shopping_30,2026-09-15,結ステーション,kajiso_libre,11:00:00,True,,1+1+平日+3,1,6_0,6,11:08:00,21_1,21,11:28:00,11:33:00,12:03:00,1+1+毎日+4,1,21_1,21,13:32:00,6_0,29,13:54:00,13:56:00,176.0,6.0,0.0,84.0,42.0,True
shopping_30,2026-09-15,結ステーション,kajiso_libre,11:30:00,True,,1+1+毎日+4,1,6_0,6,13:12:00,21_1,21,13:32:00,13:37:00,14:07:00,1+1+平日+5,1,21_1,21,16:02:00,6_0,29,16:13:00,16:15:00,285.0,100.0,0.0,110.0,31.0,False
shopping_30,2026-09-15,結ステーション,kajiso_libre,12:00:00,True,,1+1+毎日+4,1,6_0,6,13:12:00,21_1,21,13:32:00,13:37:00,14:07:00,1+1+平日+5,1,21_1,21,16:02:00,6_0,29,16:13:00,16:15:00,255.0,70.0,0.0,110.0,31.0,False
shopping_30,2026-09-15,結ステーション,kajiso_libre,12:30:00,True,,1+1+毎日+4,1,6_0,6,13:12:00,21_1,21,13:32:00,13:37:00,14:07:00,1+1+平日+5,1,21_1,21,16:02:00,6_0,29,16:13:00,16:15:00,225.0,40.0,0.0,110.0,31.0,False
shopping_30,2026-09-15,結ステーション,kajiso_libre,13:00:00,True,,1+1+毎日+4,1,6_0,6,13:12:00,21_1,21,13:32:00,13:37:00,14:07:00,1+1+平日+5,1,21_1,21,16:02:00,6_0,29,16:13:00,16:15:00,195.0,10.0,0.0,110.0,31.0,False
shopping_30,2026-09-15,結ステーション,kajiso_libre,13:30:00,False,no_return_by_deadline,,,,,,,,,,,,,,,,,,,,,,,,,False
shopping_30,2026-09-15,結ステーション,kajiso_libre,14:00:00,False,no_return_by_deadline,,,,,,,,,,,,,,,,,,,,,,,,,False
shopping_30,2026-09-15,結ステーション,kajiso_libre,14:30:00,False,no_return_by_deadline,,,,,,,,,,,,,,,,,,,,,,,,,False
shopping_30,2026-09-15,結ステーション,kajiso_libre,15:00:00,False,no_return_by_deadline,,,,,,,,,,,,,,,,,,,,,,,,,False
shopping_30,2026-09-15,結ステーション,kajiso_libre,15:30:00,False,no_return_by_deadline,,,,,,,,,,,,,,,,,,,,,,,,,False
shopping_30,2026-09-15,結ステーション,kajiso_libre,16:00:00,False,no_outbound_bus,,,,,,,,,,,,,,,,,,,,,,,,,False
shopping_30,2026-09-15,結ステーション,kajiso_vio,08:00:00,True,,1+1+毎日+2,1,6_0,6,09:30:00,25_0,32,10:13:00,10:18:00,10:48:00,2+0+毎日+3,2,25_0,17,11:19:00,6_0,20,11:28:00,11:30:00,210.0,88.0,0.0,26.0,52.0,False
shopping_30,2026-09-15,結ステーション,kajiso_vio,08:30:00,True,,1+1+毎日+2,1,6_0,6,09:30:00,25_0,32,10:13:00,10:18:00,10:48:00,2+0+毎日+3,2,25_0,17,11:19:00,6_0,20,11:28:00,11:30:00,180.0,58.0,0.0,26.0,52.0,True
shopping_30,2026-09-15,結ステーション,kajiso_vio,09:00:00,True,,1+1+毎日+2,1,6_0,6,09:30:00,25_0,32,10:13:00,10:18:00,10:48:00,2+0+毎日+3,2,25_0,17,11:19:00,6_0,20,11:28:00,11:30:00,150.0,28.0,0.0,26.0,52.0,True
shopping_30,2026-09-15,結ステーション,kajiso_vio,09:30:00,True,,1+1+毎日+2,1,6_0,29,10:04:00,25_0,32,10:13:00,10:18:00,10:48:00,2+0+毎日+3,2,25_0,17,11:19:00,6_0,20,11:28:00,11:30:00,120.0,32.0,0.0,26.0,18.0,True
shopping_30,2026-09-15,結ステーション,kajiso_vio,10:00:00,True,,1+1+毎日+2,1,6_0,29,10:04:00,25_0,32,10:13:00,10:18:00,10:48:00,2+0+毎日+3,2,25_0,17,11:19:00,6_0,20,11:28:00,11:30:00,90.0,2.0,0.0,26.0,18.0,True
shopping_30,2026-09-15,結ステーション,kajiso_vio,10:30:00,True,,1+1+平日+3,1,6_0,6,11:08:00,25_0,32,11:56:00,12:01:00,12:31:00,2+0+平日+4,2,25_0,17,13:23:00,6_0,20,13:32:00,13:34:00,184.0,36.0,0.0,47.0,57.0,False
shopping_30,2026-09-15,結ステーション,kajiso_vio,11:00:00,True,,1+1+平日+3,1,6_0,6,11:08:00,25_0,32,11:56:00,12:01:00,12:31:00,2+0+平日+4,2,25_0,17,13:23:00,6_0,20,13:32:00,13:34:00,154.0,6.0,0.0,47.0,57.0,True
shopping_30,2026-09-15,結ステーション,kajiso_vio,11:30:00,True,,1+1+平日+3,1,6_0,29,11:47:00,25_0,32,11:56:00,12:01:00,12:31:00,2+0+平日+4,2,25_0,17,13:23:00,6_0,20,13:32:00,13:34:00,124.0,15.0,0.0,47.0,18.0,True
shopping_30,2026-09-15,結ステーション,kajiso_vio,12:00:00,True,,1+1+毎日+4,1,6_0,6,13:12:00,25_0,32,14:03:00,14:08:00,14:38:00,2+0+毎日+5,2,25_0,17,15:48:00,6_0,20,15:57:00,15:59:00,239.0,70.0,0.0,65.0,60.0,False
shopping_30,2026-09-15,結ステーション,kajiso_vio,12:30:00,True,,1+1+毎日+4,1,6_0,6,13:12:00,25_0,32,14:03:00,14:08:00,14:38:00,2+0+毎日+5,2,25_0,17,15:48:00,6_0,20,15:57:00,15:59:00,209.0,40.0,0.0,65.0,60.0,False
shopping_30,2026-09-15,結ステーション,kajiso_vio,13:00:00,True,,1+1+毎日+4,1,6_0,6,13:12:00,25_0,32,14:03:00,14:08:00,14:38:00,2+0+毎日+5,2,25_0,17,15:48:00,6_0,20,15:57:00,15:59:00,179.0,10.0,0.0,65.0,60.0,True
shopping_30,2026-09-15,結ステーション,kajiso_vio,13:30:00,True,,1+1+毎日+4,1,6_0,29,13:54:00,25_0,32,14:03:00,14:08:00,14:38:00,2+0+毎日+5,2,25_0,17,15:48:00,6_0,20,15:57:00,15:59:00,149.0,22.0,0.0,65.0,18.0,True
shopping_30,2026-09-15,結ステーション,kajiso_vio,14:00:00,False,no_return_by_deadline,,,,,,,,,,,,,,,,,,,,,,,,,False
shopping_30,2026-09-15,結ステーション,kajiso_vio,14:30:00,False,no_return_by_deadline,,,,,,,,,,,,,,,,,,,,,,,,,False
shopping_30,2026-09-15,結ステーション,kajiso_vio,15:00:00,False,no_return_by_deadline,,,,,,,,,,,,,,,,,,,,,,,,,False
shopping_30,2026-09-15,結ステーション,kajiso_vio,15:30:00,False,no_return_by_deadline,,,,,,,,,,,,,,,,,,,,,,,,,False
shopping_30,2026-09-15,結ステーション,kajiso_vio,16:00:00,False,no_return_by_deadline,,,,,,,,,,,,,,,,,,,,,,,,,False
shopping_30,2026-09-15,下庄小学校,kajiso_libre,08:00:00,True,,1+1+毎日+2,1,9_1,9,09:33:00,21_1,21,09:50:00,09:55:00,10:25:00,2+0+毎日+3,2,21_2,28,11:47:00,9_2,40,12:02:00,12:04:00,244.0,91.0,0.0,77.0,32.0,False
shopping_30,2026-09-15,下庄小学校,kajiso_libre,08:30:00,True,,1+1+毎日+2,1,9_1,9,09:33:00,21_1,21,09:50:00,09:55:00,10:25:00,2+0+毎日+3,2,21_2,28,11:47:00,9_2,40,12:02:00,12:04:00,214.0,61.0,0.0,77.0,32.0,False
shopping_30,2026-09-15,下庄小学校,kajiso_libre,09:00:00,True,,1+1+毎日+2,1,9_1,9,09:33:00,21_1,21,09:50:00,09:55:00,10:25:00,2+0+毎日+3,2,21_2,28,11:47:00,9_2,40,12:02:00,12:04:00,184.0,31.0,0.0,77.0,32.0,False
shopping_30,2026-09-15,下庄小学校,kajiso_libre,09:30:00,True,,1+1+平日+3,1,9_1,9,11:11:00,21_1,21,11:28:00,11:33:00,12:03:00,2+0+平日+4,2,21_2,28,13:54:00,9_2,40,14:09:00,14:11:00,281.0,99.0,0.0,106.0,32.0,False
shopping_30,2026-09-15,下庄小学校,kajiso_libre,10:00:00,True,,1+1+平日+3,1,9_1,9,11:11:00,21_1,21,11:28:00,11:33:00,12:03:00,2+0+平日+4,2,21_2,28,13:54:00,9_2,40,14:09:00,14:11:00,251.0,69.0,0.0,106.0,32.0,False
shopping_30,2026-09-15,下庄小学校,kajiso_libre,10:30:00,True,,1+1+平日+3,1,9_1,9,11:11:00,21_1,21,11:28:00,11:33:00,12:03:00,2+0+平日+4,2,21_2,28,13:54:00,9_2,40,14:09:00,14:11:00,221.0,39.0,0.0,106.0,32.0,False
shopping_30,2026-09-15,下庄小学校,kajiso_libre,11:00:00,True,,1+1+平日+3,1,9_1,9,11:11:00,21_1,21,11:28:00,11:33:00,12:03:00,2+0+平日+4,2,21_2,28,13:54:00,9_2,40,14:09:00,14:11:00,191.0,9.0,0.0,106.0,32.0,False
shopping_30,2026-09-15,下庄小学校,kajiso_libre,11:30:00,True,,1+1+毎日+4,1,9_1,9,13:15:00,21_1,21,13:32:00,13:37:00,14:07:00,2+0+毎日+5,2,21_2,28,16:08:00,9_2,40,16:23:00,16:25:00,295.0,103.0,0.0,116.0,32.0,False
shopping_30,2026-09-15,下庄小学校,kajiso_libre,12:00:00,True,,1+1+毎日+4,1,9_1,9,13:15:00,21_1,21,13:32:00,13:37:00,14:07:00,2+0+毎日+5,2,21_2,28,16:08:00,9_2,40,16:23:00,16:25:00,265.0,73.0,0.0,116.0,32.0,False
shopping_30,2026-09-15,下庄小学校,kajiso_libre,12:30:00,True,,1+1+毎日+4,1,9_1,9,13:15:00,21_1,21,13:32:00,13:37:00,14:07:00,2+0+毎日+5,2,21_2,28,16:08:00,9_2,40,16:23:00,16:25:00,235.0,43.0,0.0,116.0,32.0,False
shopping_30,2026-09-15,下庄小学校,kajiso_libre,13:00:00,True,,1+1+毎日+4,1,9_1,9,13:15:00,21_1,21,13:32:00,13:37:00,14:07:00,2+0+毎日+5,2,21_2,28,16:08:00,9_2,40,16:23:00,16:25:00,205.0,13.0,0.0,116.0,32.0,False
shopping_30,2026-09-15,下庄小学校,kajiso_libre,13:30:00,False,no_return_by_deadline,,,,,,,,,,,,,,,,,,,,,,,,,False
shopping_30,2026-09-15,下庄小学校,kajiso_libre,14:00:00,False,no_return_by_deadline,,,,,,,,,,,,,,,,,,,,,,,,,False
shopping_30,2026-09-15,下庄小学校,kajiso_libre,14:30:00,False,no_return_by_deadline,,,,,,,,,,,,,,,,,,,,,,,,,False
shopping_30,2026-09-15,下庄小学校,kajiso_libre,15:00:00,False,no_return_by_deadline,,,,,,,,,,,,,,,,,,,,,,,,,False
shopping_30,2026-09-15,下庄小学校,kajiso_libre,15:30:00,False,no_return_by_deadline,,,,,,,,,,,,,,,,,,,,,,,,,False
shopping_30,2026-09-15,下庄小学校,kajiso_libre,16:00:00,False,no_outbound_bus,,,,,,,,,,,,,,,,,,,,,,,,,False
shopping_30,2026-09-15,下庄小学校,kajiso_vio,08:00:00,True,,1+1+毎日+2,1,9_1,9,09:33:00,25_0,32,10:13:00,10:18:00,10:48:00,2+0+毎日+3,2,25_0,17,11:19:00,9_2,40,12:02:00,12:04:00,244.0,91.0,0.0,26.0,83.0,False
shopping_30,2026-09-15,下庄小学校,kajiso_vio,08:30:00,True,,1+1+毎日+2,1,9_1,9,09:33:00,25_0,32,10:13:00,10:18:00,10:48:00,2+0+毎日+3,2,25_0,17,11:19:00,9_2,40,12:02:00,12:04:00,214.0,61.0,0.0,26.0,83.0,False
shopping_30,2026-09-15,下庄小学校,kajiso_vio,09:00:00,True,,1+1+毎日+2,1,9_1,9,09:33:00,25_0,32,10:13:00,10:18:00,10:48:00,2+0+毎日+3,2,25_0,17,11:19:00,9_2,40,12:02:00,12:04:00,184.0,31.0,0.0,26.0,83.0,False
shopping_30,2026-09-15,下庄小学校,kajiso_vio,09:30:00,True,,1+1+平日+3,1,9_1,9,11:11:00,25_0,32,11:56:00,12:01:00,12:31:00,2+0+平日+4,2,25_0,17,13:23:00,9_2,40,14:09:00,14:11:00,281.0,99.0,0.0,47.0,91.0,False
shopping_30,2026-09-15,下庄小学校,kajiso_vio,10:00:00,True,,1+1+平日+3,1,9_1,9,11:11:00,25_0,32,11:56:00,12:01:00,12:31:00,2+0+平日+4,2,25_0,17,13:23:00,9_2,40,14:09:00,14:11:00,251.0,69.0,0.0,47.0,91.0,False
shopping_30,2026-09-15,下庄小学校,kajiso_vio,10:30:00,True,,1+1+平日+3,1,9_1,9,11:11:00,25_0,32,11:56:00,12:01:00,12:31:00,2+0+平日+4,2,25_0,17,13:23:00,9_2,40,14:09:00,14:11:00,221.0,39.0,0.0,47.0,91.0,False
shopping_30,2026-09-15,下庄小学校,kajiso_vio,11:00:00,True,,1+1+平日+3,1,9_1,9,11:11:00,25_0,32,11:56:00,12:01:00,12:31:00,2+0+平日+4,2,25_0,17,13:23:00,9_2,40,14:09:00,14:11:00,191.0,9.0,0.0,47.0,91.0,False
shopping_30,2026-09-15,下庄小学校,kajiso_vio,11:30:00,True,,1+1+毎日+4,1,9_1,9,13:15:00,25_0,32,14:03:00,14:08:00,14:38:00,2+0+毎日+5,2,25_0,17,15:48:00,9_2,40,16:23:00,16:25:00,295.0,103.0,0.0,65.0,83.0,False
shopping_30,2026-09-15,下庄小学校,kajiso_vio,12:00:00,True,,1+1+毎日+4,1,9_1,9,13:15:00,25_0,32,14:03:00,14:08:00,14:38:00,2+0+毎日+5,2,25_0,17,15:48:00,9_2,40,16:23:00,16:25:00,265.0,73.0,0.0,65.0,83.0,False
shopping_30,2026-09-15,下庄小学校,kajiso_vio,12:30:00,True,,1+1+毎日+4,1,9_1,9,13:15:00,25_0,32,14:03:00,14:08:00,14:38:00,2+0+毎日+5,2,25_0,17,15:48:00,9_2,40,16:23:00,16:25:00,235.0,43.0,0.0,65.0,83.0,False
shopping_30,2026-09-15,下庄小学校,kajiso_vio,13:00:00,True,,1+1+毎日+4,1,9_1,9,13:15:00,25_0,32,14:03:00,14:08:00,14:38:00,2+0+毎日+5,2,25_0,17,15:48:00,9_2,40,16:23:00,16:25:00,205.0,13.0,0.0,65.0,83.0,False
shopping_30,2026-09-15,下庄小学校,kajiso_vio,13:30:00,False,no_return_by_deadline,,,,,,,,,,,,,,,,,,,,,,,,,False
shopping_30,2026-09-15,下庄小学校,kajiso_vio,14:00:00,False,no_return_by_deadline,,,,,,,,,,,,,,,,,,,,,,,,,False
shopping_30,2026-09-15,下庄小学校,kajiso_vio,14:30:00,False,no_return_by_deadline,,,,,,,,,,,,,,,,,,,,,,,,,False
shopping_30,2026-09-15,下庄小学校,kajiso_vio,15:00:00,False,no_return_by_deadline,,,,,,,,,,,,,,,,,,,,,,,,,False
shopping_30,2026-09-15,下庄小学校,kajiso_vio,15:30:00,False,no_return_by_deadline,,,,,,,,,,,,,,,,,,,,,,,,,False
shopping_30,2026-09-15,下庄小学校,kajiso_vio,16:00:00,False,no_outbound_bus,,,,,,,,,,,,,,,,,,,,,,,,,False
shopping_30,2026-09-15,青少年教育センター,kajiso_libre,08:00:00,True,,1+1+毎日+2,1,14_1,14,09:40:00,21_1,21,09:50:00,09:55:00,10:25:00,2+0+毎日+3,2,21_2,28,11:47:00,14_2,35,11:55:00,11:57:00,237.0,98.0,0.0,77.0,18.0,False
shopping_30,2026-09-15,青少年教育センター,kajiso_libre,08:30:00,True,,1+1+毎日+2,1,14_1,14,09:40:00,21_1,21,09:50:00,09:55:00,10:25:00,2+0+毎日+3,2,21_2,28,11:47:00,14_2,35,11:55:00,11:57:00,207.0,68.0,0.0,77.0,18.0,False
shopping_30,2026-09-15,青少年教育センター,kajiso_libre,09:00:00,True,,1+1+毎日+2,1,14_1,14,09:40:00,21_1,21,09:50:00,09:55:00,10:25:00,2+0+毎日+3,2,21_2,28,11:47:00,14_2,35,11:55:00,11:57:00,177.0,38.0,0.0,77.0,18.0,True
shopping_30,2026-09-15,青少年教育センター,kajiso_libre,09:30:00,True,,1+1+毎日+2,1,14_1,14,09:40:00,21_1,21,09:50:00,09:55:00,10:25:00,2+0+毎日+3,2,21_2,28,11:47:00,14_2,35,11:55:00,11:57:00,147.0,8.0,0.0,77.0,18.0,True
shopping_30,2026-09-15,青少年教育センター,kajiso_libre,10:00:00,True,,1+1+平日+3,1,14_1,14,11:18:00,21_1,21,11:28:00,11:33:00,12:03:00,2+0+平日+4,2,21_2,28,13:54:00,14_2,35,14:02:00,14:04:00,244.0,76.0,0.0,106.0,18.0,False
shopping_30,2026-09-15,青少年教育センター,kajiso_libre,10:30:00,True,,1+1+平日+3,1,14_1,14,11:18:00,21_1,21,11:28:00,11:33:00,12:03:00,2+0+平日+4,2,21_2,28,13:54:00,14_2,35,14:02:00,14:04:00,214.0,46.0,0.0,106.0,18.0,False
shopping_30,2026-09-15,青少年教育センター,kajiso_libre,11:00:00,True,,1+1+平日+3,1,14_1,14,11:18:00,21_1,21,11:28:00,11:33:00,12:03:00,2+0+平日+4,2,21_2,28,13:54:00,14_2,35,14:02:00,14:04:00,184.0,16.0,0.0,106.0,18.0,False
shopping_30,2026-09-15,青少年教育センター,kajiso_libre,11:30:00,True,,1+1+毎日+4,1,14_1,14,13:22:00,21_1,21,13:32:00,13:37:00,14:07:00,2+0+毎日+5,2,21_2,28,16:08:00,14_2,35,16:16:00,16:18:00,288.0,110.0,0.0,116.0,18.0,False
shopping_30,2026-09-15,青少年教育センター,kajiso_libre,12:00:00,True,,1+1+毎日+4,1,14_1,14,13:22:00,21_1,21,13:32:00,13:37:00,14:07:00,2+0+毎日+5,2,21_2,28,16:08:00,14_2,35,16:16:00,16:18:00,258.0,80.0,0.0,116.0,18.0,False
shopping_30,2026-09-15,青少年教育センター,kajiso_libre,12:30:00,True,,1+1+毎日+4,1,14_1,14,13:22:00,21_1,21,13:32:00,13:37:00,14:07:00,2+0+毎日+5,2,21_2,28,16:08:00,14_2,35,16:16:00,16:18:00,228.0,50.0,0.0,116.0,18.0,False
shopping_30,2026-09-15,青少年教育センター,kajiso_libre,13:00:00,True,,1+1+毎日+4,1,14_1,14,13:22:00,21_1,21,13:32:00,13:37:00,14:07:00,2+0+毎日+5,2,21_2,28,16:08:00,14_2,35,16:16:00,16:18:00,198.0,20.0,0.0,116.0,18.0,False
shopping_30,2026-09-15,青少年教育センター,kajiso_libre,13:30:00,False,no_return_by_deadline,,,,,,,,,,,,,,,,,,,,,,,,,False
shopping_30,2026-09-15,青少年教育センター,kajiso_libre,14:00:00,False,no_return_by_deadline,,,,,,,,,,,,,,,,,,,,,,,,,False
shopping_30,2026-09-15,青少年教育センター,kajiso_libre,14:30:00,False,no_return_by_deadline,,,,,,,,,,,,,,,,,,,,,,,,,False
shopping_30,2026-09-15,青少年教育センター,kajiso_libre,15:00:00,False,no_return_by_deadline,,,,,,,,,,,,,,,,,,,,,,,,,False
shopping_30,2026-09-15,青少年教育センター,kajiso_libre,15:30:00,False,no_return_by_deadline,,,,,,,,,,,,,,,,,,,,,,,,,False
shopping_30,2026-09-15,青少年教育センター,kajiso_libre,16:00:00,False,no_outbound_bus,,,,,,,,,,,,,,,,,,,,,,,,,False
shopping_30,2026-09-15,青少年教育センター,kajiso_vio,08:00:00,True,,1+1+毎日+2,1,14_1,14,09:40:00,25_0,32,10:13:00,10:18:00,10:48:00,2+0+毎日+3,2,25_0,17,11:19:00,14_2,35,11:55:00,11:57:00,237.0,98.0,0.0,26.0,69.0,False
shopping_30,2026-09-15,青少年教育センター,kajiso_vio,08:30:00,True,,1+1+毎日+2,1,14_1,14,09:40:00,25_0,32,10:13:00,10:18:00,10:48:00,2+0+毎日+3,2,25_0,17,11:19:00,14_2,35,11:55:00,11:57:00,207.0,68.0,0.0,26.0,69.0,False
shopping_30,2026-09-15,青少年教育センター,kajiso_vio,09:00:00,True,,1+1+毎日+2,1,14_1,14,09:40:00,25_0,32,10:13:00,10:18:00,10:48:00,2+0+毎日+3,2,25_0,17,11:19:00,14_2,35,11:55:00,11:57:00,177.0,38.0,0.0,26.0,69.0,True
shopping_30,2026-09-15,青少年教育センター,kajiso_vio,09:30:00,True,,1+1+毎日+2,1,14_1,14,09:40:00,25_0,32,10:13:00,10:18:00,10:48:00,2+0+毎日+3,2,25_0,17,11:19:00,14_2,35,11:55:00,11:57:00,147.0,8.0,0.0,26.0,69.0,True
shopping_30,2026-09-15,青少年教育センター,kajiso_vio,10:00:00,True,,1+1+平日+3,1,14_1,14,11:18:00,25_0,32,11:56:00,12:01:00,12:31:00,2+0+平日+4,2,25_0,17,13:23:00,14_2,35,14:02:00,14:04:00,244.0,76.0,0.0,47.0,77.0,False
shopping_30,2026-09-15,青少年教育センター,kajiso_vio,10:30:00,True,,1+1+平日+3,1,14_1,14,11:18:00,25_0,32,11:56:00,12:01:00,12:31:00,2+0+平日+4,2,25_0,17,13:23:00,14_2,35,14:02:00,14:04:00,214.0,46.0,0.0,47.0,77.0,False
shopping_30,2026-09-15,青少年教育センター,kajiso_vio,11:00:00,True,,1+1+平日+3,1,14_1,14,11:18:00,25_0,32,11:56:00,12:01:00,12:31:00,2+0+平日+4,2,25_0,17,13:23:00,14_2,35,14:02:00,14:04:00,184.0,16.0,0.0,47.0,77.0,False
shopping_30,2026-09-15,青少年教育センター,kajiso_vio,11:30:00,True,,1+1+毎日+4,1,14_1,14,13:22:00,25_0,32,14:03:00,14:08:00,14:38:00,2+0+毎日+5,2,25_0,17,15:48:00,14_2,35,16:16:00,16:18:00,288.0,110.0,0.0,65.0,69.0,False
shopping_30,2026-09-15,青少年教育センター,kajiso_vio,12:00:00,True,,1+1+毎日+4,1,14_1,14,13:22:00,25_0,32,14:03:00,14:08:00,14:38:00,2+0+毎日+5,2,25_0,17,15:48:00,14_2,35,16:16:00,16:18:00,258.0,80.0,0.0,65.0,69.0,False
shopping_30,2026-09-15,青少年教育センター,kajiso_vio,12:30:00,True,,1+1+毎日+4,1,14_1,14,13:22:00,25_0,32,14:03:00,14:08:00,14:38:00,2+0+毎日+5,2,25_0,17,15:48:00,14_2,35,16:16:00,16:18:00,228.0,50.0,0.0,65.0,69.0,False
shopping_30,2026-09-15,青少年教育センター,kajiso_vio,13:00:00,True,,1+1+毎日+4,1,14_1,14,13:22:00,25_0,32,14:03:00,14:08:00,14:38:00,2+0+毎日+5,2,25_0,17,15:48:00,14_2,35,16:16:00,16:18:00,198.0,20.0,0.0,65.0,69.0,False
shopping_30,2026-09-15,青少年教育センター,kajiso_vio,13:30:00,False,no_return_by_deadline,,,,,,,,,,,,,,,,,,,,,,,,,False
shopping_30,2026-09-15,青少年教育センター,kajiso_vio,14:00:00,False,no_return_by_deadline,,,,,,,,,,,,,,,,,,,,,,,,,False
shopping_30,2026-09-15,青少年教育センター,kajiso_vio,14:30:00,False,no_return_by_deadline,,,,,,,,,,,,,,,,,,,,,,,,,False
shopping_30,2026-09-15,青少年教育センター,kajiso_vio,15:00:00,False,no_return_by_deadline,,,,,,,,,,,,,,,,,,,,,,,,,False
shopping_30,2026-09-15,青少年教育センター,kajiso_vio,15:30:00,False,no_return_by_deadline,,,,,,,,,,,,,,,,,,,,,,,,,False
shopping_30,2026-09-15,青少年教育センター,kajiso_vio,16:00:00,False,no_outbound_bus,,,,,,,,,,,,,,,,,,,,,,,,,False
shopping_30,2026-09-15,陽明中学校口,kajiso_libre,08:00:00,True,,1+1+毎日+2,1,17_1,17,09:46:00,21_1,21,09:50:00,09:55:00,10:25:00,2+0+毎日+3,2,21_2,28,11:47:00,17_2,32,11:51:00,11:53:00,233.0,104.0,0.0,77.0,8.0,False
shopping_30,2026-09-15,陽明中学校口,kajiso_libre,08:30:00,True,,1+1+毎日+2,1,17_1,17,09:46:00,21_1,21,09:50:00,09:55:00,10:25:00,2+0+毎日+3,2,21_2,28,11:47:00,17_2,32,11:51:00,11:53:00,203.0,74.0,0.0,77.0,8.0,False
shopping_30,2026-09-15,陽明中学校口,kajiso_libre,09:00:00,True,,1+1+毎日+2,1,17_1,17,09:46:00,21_1,21,09:50:00,09:55:00,10:25:00,2+0+毎日+3,2,21_2,28,11:47:00,17_2,32,11:51:00,11:53:00,173.0,44.0,0.0,77.0,8.0,True
shopping_30,2026-09-15,陽明中学校口,kajiso_libre,09:30:00,True,,1+1+毎日+2,1,17_1,17,09:46:00,21_1,21,09:50:00,09:55:00,10:25:00,2+0+毎日+3,2,21_2,28,11:47:00,17_2,32,11:51:00,11:53:00,143.0,14.0,0.0,77.0,8.0,True
shopping_30,2026-09-15,陽明中学校口,kajiso_libre,10:00:00,True,,1+1+平日+3,1,17_1,17,11:24:00,21_1,21,11:28:00,11:33:00,12:03:00,2+0+平日+4,2,21_2,28,13:54:00,17_2,32,13:58:00,14:00:00,240.0,82.0,0.0,106.0,8.0,False
shopping_30,2026-09-15,陽明中学校口,kajiso_libre,10:30:00,True,,1+1+平日+3,1,17_1,17,11:24:00,21_1,21,11:28:00,11:33:00,12:03:00,2+0+平日+4,2,21_2,28,13:54:00,17_2,32,13:58:00,14:00:00,210.0,52.0,0.0,106.0,8.0,False
shopping_30,2026-09-15,陽明中学校口,kajiso_libre,11:00:00,True,,1+1+平日+3,1,17_1,17,11:24:00,21_1,21,11:28:00,11:33:00,12:03:00,2+0+平日+4,2,21_2,28,13:54:00,17_2,32,13:58:00,14:00:00,180.0,22.0,0.0,106.0,8.0,True
shopping_30,2026-09-15,陽明中学校口,kajiso_libre,11:30:00,True,,1+1+毎日+4,1,17_1,17,13:28:00,21_1,21,13:32:00,13:37:00,14:07:00,2+0+毎日+5,2,21_2,28,16:08:00,17_2,32,16:12:00,16:14:00,284.0,116.0,0.0,116.0,8.0,False
shopping_30,2026-09-15,陽明中学校口,kajiso_libre,12:00:00,True,,1+1+毎日+4,1,17_1,17,13:28:00,21_1,21,13:32:00,13:37:00,14:07:00,2+0+毎日+5,2,21_2,28,16:08:00,17_2,32,16:12:00,16:14:00,254.0,86.0,0.0,116.0,8.0,False
shopping_30,2026-09-15,陽明中学校口,kajiso_libre,12:30:00,True,,1+1+毎日+4,1,17_1,17,13:28:00,21_1,21,13:32:00,13:37:00,14:07:00,2+0+毎日+5,2,21_2,28,16:08:00,17_2,32,16:12:00,16:14:00,224.0,56.0,0.0,116.0,8.0,False
shopping_30,2026-09-15,陽明中学校口,kajiso_libre,13:00:00,True,,1+1+毎日+4,1,17_1,17,13:28:00,21_1,21,13:32:00,13:37:00,14:07:00,2+0+毎日+5,2,21_2,28,16:08:00,17_2,32,16:12:00,16:14:00,194.0,26.0,0.0,116.0,8.0,False
shopping_30,2026-09-15,陽明中学校口,kajiso_libre,13:30:00,False,no_return_by_deadline,,,,,,,,,,,,,,,,,,,,,,,,,False
shopping_30,2026-09-15,陽明中学校口,kajiso_libre,14:00:00,False,no_return_by_deadline,,,,,,,,,,,,,,,,,,,,,,,,,False
shopping_30,2026-09-15,陽明中学校口,kajiso_libre,14:30:00,False,no_return_by_deadline,,,,,,,,,,,,,,,,,,,,,,,,,False
shopping_30,2026-09-15,陽明中学校口,kajiso_libre,15:00:00,False,no_return_by_deadline,,,,,,,,,,,,,,,,,,,,,,,,,False
shopping_30,2026-09-15,陽明中学校口,kajiso_libre,15:30:00,False,no_return_by_deadline,,,,,,,,,,,,,,,,,,,,,,,,,False
shopping_30,2026-09-15,陽明中学校口,kajiso_libre,16:00:00,False,no_outbound_bus,,,,,,,,,,,,,,,,,,,,,,,,,False
shopping_30,2026-09-15,陽明中学校口,kajiso_vio,08:00:00,True,,1+1+毎日+2,1,17_1,17,09:46:00,25_0,32,10:13:00,10:18:00,10:48:00,2+0+毎日+3,2,25_0,17,11:19:00,17_2,32,11:51:00,11:53:00,233.0,104.0,0.0,26.0,59.0,False
shopping_30,2026-09-15,陽明中学校口,kajiso_vio,08:30:00,True,,1+1+毎日+2,1,17_1,17,09:46:00,25_0,32,10:13:00,10:18:00,10:48:00,2+0+毎日+3,2,25_0,17,11:19:00,17_2,32,11:51:00,11:53:00,203.0,74.0,0.0,26.0,59.0,False
shopping_30,2026-09-15,陽明中学校口,kajiso_vio,09:00:00,True,,1+1+毎日+2,1,17_1,17,09:46:00,25_0,32,10:13:00,10:18:00,10:48:00,2+0+毎日+3,2,25_0,17,11:19:00,17_2,32,11:51:00,11:53:00,173.0,44.0,0.0,26.0,59.0,True
shopping_30,2026-09-15,陽明中学校口,kajiso_vio,09:30:00,True,,1+1+毎日+2,1,17_1,17,09:46:00,25_0,32,10:13:00,10:18:00,10:48:00,2+0+毎日+3,2,25_0,17,11:19:00,17_2,32,11:51:00,11:53:00,143.0,14.0,0.0,26.0,59.0,True
shopping_30,2026-09-15,陽明中学校口,kajiso_vio,10:00:00,True,,1+1+平日+3,1,17_1,17,11:24:00,25_0,32,11:56:00,12:01:00,12:31:00,2+0+平日+4,2,25_0,17,13:23:00,17_2,32,13:58:00,14:00:00,240.0,82.0,0.0,47.0,67.0,False
shopping_30,2026-09-15,陽明中学校口,kajiso_vio,10:30:00,True,,1+1+平日+3,1,17_1,17,11:24:00,25_0,32,11:56:00,12:01:00,12:31:00,2+0+平日+4,2,25_0,17,13:23:00,17_2,32,13:58:00,14:00:00,210.0,52.0,0.0,47.0,67.0,False
shopping_30,2026-09-15,陽明中学校口,kajiso_vio,11:00:00,True,,1+1+平日+3,1,17_1,17,11:24:00,25_0,32,11:56:00,12:01:00,12:31:00,2+0+平日+4,2,25_0,17,13:23:00,17_2,32,13:58:00,14:00:00,180.0,22.0,0.0,47.0,67.0,True
shopping_30,2026-09-15,陽明中学校口,kajiso_vio,11:30:00,True,,1+1+毎日+4,1,17_1,17,13:28:00,25_0,32,14:03:00,14:08:00,14:38:00,2+0+毎日+5,2,25_0,17,15:48:00,17_2,32,16:12:00,16:14:00,284.0,116.0,0.0,65.0,59.0,False
shopping_30,2026-09-15,陽明中学校口,kajiso_vio,12:00:00,True,,1+1+毎日+4,1,17_1,17,13:28:00,25_0,32,14:03:00,14:08:00,14:38:00,2+0+毎日+5,2,25_0,17,15:48:00,17_2,32,16:12:00,16:14:00,254.0,86.0,0.0,65.0,59.0,False
shopping_30,2026-09-15,陽明中学校口,kajiso_vio,12:30:00,True,,1+1+毎日+4,1,17_1,17,13:28:00,25_0,32,14:03:00,14:08:00,14:38:00,2+0+毎日+5,2,25_0,17,15:48:00,17_2,32,16:12:00,16:14:00,224.0,56.0,0.0,65.0,59.0,False
shopping_30,2026-09-15,陽明中学校口,kajiso_vio,13:00:00,True,,1+1+毎日+4,1,17_1,17,13:28:00,25_0,32,14:03:00,14:08:00,14:38:00,2+0+毎日+5,2,25_0,17,15:48:00,17_2,32,16:12:00,16:14:00,194.0,26.0,0.0,65.0,59.0,False
shopping_30,2026-09-15,陽明中学校口,kajiso_vio,13:30:00,False,no_return_by_deadline,,,,,,,,,,,,,,,,,,,,,,,,,False
shopping_30,2026-09-15,陽明中学校口,kajiso_vio,14:00:00,False,no_return_by_deadline,,,,,,,,,,,,,,,,,,,,,,,,,False
shopping_30,2026-09-15,陽明中学校口,kajiso_vio,14:30:00,False,no_return_by_deadline,,,,,,,,,,,,,,,,,,,,,,,,,False
shopping_30,2026-09-15,陽明中学校口,kajiso_vio,15:00:00,False,no_return_by_deadline,,,,,,,,,,,,,,,,,,,,,,,,,False
shopping_30,2026-09-15,陽明中学校口,kajiso_vio,15:30:00,False,no_return_by_deadline,,,,,,,,,,,,,,,,,,,,,,,,,False
shopping_30,2026-09-15,陽明中学校口,kajiso_vio,16:00:00,False,no_outbound_bus,,,,,,,,,,,,,,,,,,,,,,,,,False
shopping_30,2026-09-15,さくら公園,kajiso_libre,08:00:00,True,,1+1+毎日+2,1,19_1,19,09:48:00,21_1,21,09:50:00,09:55:00,10:25:00,2+0+毎日+3,2,21_2,28,11:47:00,19_2,30,11:49:00,11:51:00,231.0,106.0,0.0,77.0,4.0,False
shopping_30,2026-09-15,さくら公園,kajiso_libre,08:30:00,True,,1+1+毎日+2,1,19_1,19,09:48:00,21_1,21,09:50:00,09:55:00,10:25:00,2+0+毎日+3,2,21_2,28,11:47:00,19_2,30,11:49:00,11:51:00,201.0,76.0,0.0,77.0,4.0,False
shopping_30,2026-09-15,さくら公園,kajiso_libre,09:00:00,True,,1+1+毎日+2,1,19_1,19,09:48:00,21_1,21,09:50:00,09:55:00,10:25:00,2+0+毎日+3,2,21_2,28,11:47:00,19_2,30,11:49:00,11:51:00,171.0,46.0,0.0,77.0,4.0,True
shopping_30,2026-09-15,さくら公園,kajiso_libre,09:30:00,True,,1+1+毎日+2,1,19_1,19,09:48:00,21_1,21,09:50:00,09:55:00,10:25:00,2+0+毎日+3,2,21_2,28,11:47:00,19_2,30,11:49:00,11:51:00,141.0,16.0,0.0,77.0,4.0,True
shopping_30,2026-09-15,さくら公園,kajiso_libre,10:00:00,True,,1+1+平日+3,1,19_1,19,11:26:00,21_1,21,11:28:00,11:33:00,12:03:00,2+0+平日+4,2,21_2,28,13:54:00,19_2,30,13:56:00,13:58:00,238.0,84.0,0.0,106.0,4.0,False
shopping_30,2026-09-15,さくら公園,kajiso_libre,10:30:00,True,,1+1+平日+3,1,19_1,19,11:26:00,21_1,21,11:28:00,11:33:00,12:03:00,2+0+平日+4,2,21_2,28,13:54:00,19_2,30,13:56:00,13:58:00,208.0,54.0,0.0,106.0,4.0,False
shopping_30,2026-09-15,さくら公園,kajiso_libre,11:00:00,True,,1+1+平日+3,1,19_1,19,11:26:00,21_1,21,11:28:00,11:33:00,12:03:00,2+0+平日+4,2,21_2,28,13:54:00,19_2,30,13:56:00,13:58:00,178.0,24.0,0.0,106.0,4.0,True
shopping_30,2026-09-15,さくら公園,kajiso_libre,11:30:00,True,,1+1+毎日+4,1,19_1,19,13:30:00,21_1,21,13:32:00,13:37:00,14:07:00,2+0+毎日+5,2,21_2,28,16:08:00,19_2,30,16:10:00,16:12:00,282.0,118.0,0.0,116.0,4.0,False
shopping_30,2026-09-15,さくら公園,kajiso_libre,12:00:00,True,,1+1+毎日+4,1,19_1,19,13:30:00,21_1,21,13:32:00,13:37:00,14:07:00,2+0+毎日+5,2,21_2,28,16:08:00,19_2,30,16:10:00,16:12:00,252.0,88.0,0.0,116.0,4.0,False
shopping_30,2026-09-15,さくら公園,kajiso_libre,12:30:00,True,,1+1+毎日+4,1,19_1,19,13:30:00,21_1,21,13:32:00,13:37:00,14:07:00,2+0+毎日+5,2,21_2,28,16:08:00,19_2,30,16:10:00,16:12:00,222.0,58.0,0.0,116.0,4.0,False
shopping_30,2026-09-15,さくら公園,kajiso_libre,13:00:00,True,,1+1+毎日+4,1,19_1,19,13:30:00,21_1,21,13:32:00,13:37:00,14:07:00,2+0+毎日+5,2,21_2,28,16:08:00,19_2,30,16:10:00,16:12:00,192.0,28.0,0.0,116.0,4.0,False
shopping_30,2026-09-15,さくら公園,kajiso_libre,13:30:00,False,no_return_by_deadline,,,,,,,,,,,,,,,,,,,,,,,,,False
shopping_30,2026-09-15,さくら公園,kajiso_libre,14:00:00,False,no_return_by_deadline,,,,,,,,,,,,,,,,,,,,,,,,,False
shopping_30,2026-09-15,さくら公園,kajiso_libre,14:30:00,False,no_return_by_deadline,,,,,,,,,,,,,,,,,,,,,,,,,False
shopping_30,2026-09-15,さくら公園,kajiso_libre,15:00:00,False,no_return_by_deadline,,,,,,,,,,,,,,,,,,,,,,,,,False
shopping_30,2026-09-15,さくら公園,kajiso_libre,15:30:00,False,no_return_by_deadline,,,,,,,,,,,,,,,,,,,,,,,,,False
shopping_30,2026-09-15,さくら公園,kajiso_libre,16:00:00,False,no_outbound_bus,,,,,,,,,,,,,,,,,,,,,,,,,False
shopping_30,2026-09-15,さくら公園,kajiso_vio,08:00:00,True,,1+1+毎日+2,1,19_1,19,09:48:00,25_0,32,10:13:00,10:18:00,10:48:00,2+0+毎日+3,2,25_0,17,11:19:00,19_2,30,11:49:00,11:51:00,231.0,106.0,0.0,26.0,55.0,False
shopping_30,2026-09-15,さくら公園,kajiso_vio,08:30:00,True,,1+1+毎日+2,1,19_1,19,09:48:00,25_0,32,10:13:00,10:18:00,10:48:00,2+0+毎日+3,2,25_0,17,11:19:00,19_2,30,11:49:00,11:51:00,201.0,76.0,0.0,26.0,55.0,False
shopping_30,2026-09-15,さくら公園,kajiso_vio,09:00:00,True,,1+1+毎日+2,1,19_1,19,09:48:00,25_0,32,10:13:00,10:18:00,10:48:00,2+0+毎日+3,2,25_0,17,11:19:00,19_2,30,11:49:00,11:51:00,171.0,46.0,0.0,26.0,55.0,True
shopping_30,2026-09-15,さくら公園,kajiso_vio,09:30:00,True,,1+1+毎日+2,1,19_1,19,09:48:00,25_0,32,10:13:00,10:18:00,10:48:00,2+0+毎日+3,2,25_0,17,11:19:00,19_2,30,11:49:00,11:51:00,141.0,16.0,0.0,26.0,55.0,True
shopping_30,2026-09-15,さくら公園,kajiso_vio,10:00:00,True,,1+1+平日+3,1,19_1,19,11:26:00,25_0,32,11:56:00,12:01:00,12:31:00,2+0+平日+4,2,25_0,17,13:23:00,19_2,30,13:56:00,13:58:00,238.0,84.0,0.0,47.0,63.0,False
shopping_30,2026-09-15,さくら公園,kajiso_vio,10:30:00,True,,1+1+平日+3,1,19_1,19,11:26:00,25_0,32,11:56:00,12:01:00,12:31:00,2+0+平日+4,2,25_0,17,13:23:00,19_2,30,13:56:00,13:58:00,208.0,54.0,0.0,47.0,63.0,False
shopping_30,2026-09-15,さくら公園,kajiso_vio,11:00:00,True,,1+1+平日+3,1,19_1,19,11:26:00,25_0,32,11:56:00,12:01:00,12:31:00,2+0+平日+4,2,25_0,17,13:23:00,19_2,30,13:56:00,13:58:00,178.0,24.0,0.0,47.0,63.0,True
shopping_30,2026-09-15,さくら公園,kajiso_vio,11:30:00,True,,1+1+毎日+4,1,19_1,19,13:30:00,25_0,32,14:03:00,14:08:00,14:38:00,2+0+毎日+5,2,25_0,17,15:48:00,19_2,30,16:10:00,16:12:00,282.0,118.0,0.0,65.0,55.0,False
shopping_30,2026-09-15,さくら公園,kajiso_vio,12:00:00,True,,1+1+毎日+4,1,19_1,19,13:30:00,25_0,32,14:03:00,14:08:00,14:38:00,2+0+毎日+5,2,25_0,17,15:48:00,19_2,30,16:10:00,16:12:00,252.0,88.0,0.0,65.0,55.0,False
shopping_30,2026-09-15,さくら公園,kajiso_vio,12:30:00,True,,1+1+毎日+4,1,19_1,19,13:30:00,25_0,32,14:03:00,14:08:00,14:38:00,2+0+毎日+5,2,25_0,17,15:48:00,19_2,30,16:10:00,16:12:00,222.0,58.0,0.0,65.0,55.0,False
shopping_30,2026-09-15,さくら公園,kajiso_vio,13:00:00,True,,1+1+毎日+4,1,19_1,19,13:30:00,25_0,32,14:03:00,14:08:00,14:38:00,2+0+毎日+5,2,25_0,17,15:48:00,19_2,30,16:10:00,16:12:00,192.0,28.0,0.0,65.0,55.0,False
shopping_30,2026-09-15,さくら公園,kajiso_vio,13:30:00,False,no_return_by_deadline,,,,,,,,,,,,,,,,,,,,,,,,,False
shopping_30,2026-09-15,さくら公園,kajiso_vio,14:00:00,False,no_return_by_deadline,,,,,,,,,,,,,,,,,,,,,,,,,False
shopping_30,2026-09-15,さくら公園,kajiso_vio,14:30:00,False,no_return_by_deadline,,,,,,,,,,,,,,,,,,,,,,,,,False
shopping_30,2026-09-15,さくら公園,kajiso_vio,15:00:00,False,no_return_by_deadline,,,,,,,,,,,,,,,,,,,,,,,,,False
shopping_30,2026-09-15,さくら公園,kajiso_vio,15:30:00,False,no_return_by_deadline,,,,,,,,,,,,,,,,,,,,,,,,,False
shopping_30,2026-09-15,さくら公園,kajiso_vio,16:00:00,False,no_outbound_bus,,,,,,,,,,,,,,,,,,,,,,,,,False
shopping_30,2026-09-15,わかくさ,kajiso_libre,08:00:00,True,,2+0+平日+1,2,22_2,27,08:15:00,21_2,28,08:16:00,09:30:00,10:00:00,1+1+平日+3,1,21_1,21,11:28:00,22_1,22,11:29:00,11:31:00,211.0,13.0,69.0,83.0,2.0,False
shopping_30,2026-09-15,わかくさ,kajiso_libre,08:30:00,True,,2+0+平日+2,2,22_2,27,09:57:00,21_2,28,09:58:00,10:03:00,10:33:00,1+1+平日+3,1,21_1,21,11:28:00,22_1,22,11:29:00,11:31:00,181.0,85.0,0.0,50.0,2.0,False
shopping_30,2026-09-15,わかくさ,kajiso_libre,09:00:00,True,,2+0+平日+2,2,22_2,27,09:57:00,21_2,28,09:58:00,10:03:00,10:33:00,1+1+平日+3,1,21_1,21,11:28:00,22_1,22,11:29:00,11:31:00,151.0,55.0,0.0,50.0,2.0,True
shopping_30,2026-09-15,わかくさ,kajiso_libre,09:30:00,True,,2+0+平日+2,2,22_2,27,09:57:00,21_2,28,09:58:00,10:03:00,10:33:00,1+1+平日+3,1,21_1,21,11:28:00,22_1,22,11:29:00,11:31:00,121.0,25.0,0.0,50.0,2.0,True
shopping_30,2026-09-15,わかくさ,kajiso_libre,10:00:00,True,,2+0+毎日+3,2,22_2,27,11:46:00,21_2,28,11:47:00,11:52:00,12:22:00,1+1+毎日+4,1,21_1,21,13:32:00,22_1,22,13:33:00,13:35:00,215.0,104.0,0.0,65.0,2.0,False
shopping_30,2026-09-15,わかくさ,kajiso_libre,10:30:00,True,,2+0+毎日+3,2,22_2,27,11:46:00,21_2,28,11:47:00,11:52:00,12:22:00,1+1+毎日+4,1,21_1,21,13:32:00,22_1,22,13:33:00,13:35:00,185.0,74.0,0.0,65.0,2.0,False
shopping_30,2026-09-15,わかくさ,kajiso_libre,11:00:00,True,,2+0+毎日+3,2,22_2,27,11:46:00,21_2,28,11:47:00,11:52:00,12:22:00,1+1+毎日+4,1,21_1,21,13:32:00,22_1,22,13:33:00,13:35:00,155.0,44.0,0.0,65.0,2.0,True
shopping_30,2026-09-15,わかくさ,kajiso_libre,11:30:00,True,,2+0+毎日+3,2,22_2,27,11:46:00,21_2,28,11:47:00,11:52:00,12:22:00,1+1+毎日+4,1,21_1,21,13:32:00,22_1,22,13:33:00,13:35:00,125.0,14.0,0.0,65.0,2.0,True
shopping_30,2026-09-15,わかくさ,kajiso_libre,12:00:00,True,,2+0+平日+4,2,22_2,27,13:53:00,21_2,28,13:54:00,13:59:00,14:29:00,1+1+平日+5,1,21_1,21,16:02:00,22_1,22,16:03:00,16:05:00,245.0,111.0,0.0,88.0,2.0,False
shopping_30,2026-09-15,わかくさ,kajiso_libre,12:30:00,True,,2+0+平日+4,2,22_2,27,13:53:00,21_2,28,13:54:00,13:59:00,14:29:00,1+1+平日+5,1,21_1,21,16:02:00,22_1,22,16:03:00,16:05:00,215.0,81.0,0.0,88.0,2.0,False
shopping_30,2026-09-15,わかくさ,kajiso_libre,13:00:00,True,,2+0+平日+4,2,22_2,27,13:53:00,21_2,28,13:54:00,13:59:00,14:29:00,1+1+平日+5,1,21_1,21,16:02:00,22_1,22,16:03:00,16:05:00,185.0,51.0,0.0,88.0,2.0,False
shopping_30,2026-09-15,わかくさ,kajiso_libre,13:30:00,True,,2+0+平日+4,2,22_2,27,13:53:00,21_2,28,13:54:00,13:59:00,14:29:00,1+1+平日+5,1,21_1,21,16:02:00,22_1,22,16:03:00,16:05:00,155.0,21.0,0.0,88.0,2.0,True
shopping_30,2026-09-15,わかくさ,kajiso_libre,14:00:00,False,no_return_by_deadline,,,,,,,,,,,,,,,,,,,,,,,,,False
shopping_30,2026-09-15,わかくさ,kajiso_libre,14:30:00,False,no_return_by_deadline,,,,,,,,,,,,,,,,,,,,,,,,,False
shopping_30,2026-09-15,わかくさ,kajiso_libre,15:00:00,False,no_return_by_deadline,,,,,,,,,,,,,,,,,,,,,,,,,False
shopping_30,2026-09-15,わかくさ,kajiso_libre,15:30:00,False,no_return_by_deadline,,,,,,,,,,,,,,,,,,,,,,,,,False
shopping_30,2026-09-15,わかくさ,kajiso_libre,16:00:00,False,no_return_by_deadline,,,,,,,,,,,,,,,,,,,,,,,,,False
shopping_30,2026-09-15,わかくさ,kajiso_vio,08:00:00,True,,1+1+毎日+2,1,22_1,22,09:51:00,25_0,32,10:13:00,10:18:00,10:48:00,2+0+毎日+3,2,25_0,17,11:19:00,22_2,27,11:46:00,11:48:00,228.0,109.0,0.0,26.0,49.0,False
shopping_30,2026-09-15,わかくさ,kajiso_vio,08:30:00,True,,1+1+毎日+2,1,22_1,22,09:51:00,25_0,32,10:13:00,10:18:00,10:48:00,2+0+毎日+3,2,25_0,17,11:19:00,22_2,27,11:46:00,11:48:00,198.0,79.0,0.0,26.0,49.0,False
shopping_30,2026-09-15,わかくさ,kajiso_vio,09:00:00,True,,1+1+毎日+2,1,22_1,22,09:51:00,25_0,32,10:13:00,10:18:00,10:48:00,2+0+毎日+3,2,25_0,17,11:19:00,22_2,27,11:46:00,11:48:00,168.0,49.0,0.0,26.0,49.0,True
shopping_30,2026-09-15,わかくさ,kajiso_vio,09:30:00,True,,1+1+毎日+2,1,22_1,22,09:51:00,25_0,32,10:13:00,10:18:00,10:48:00,2+0+毎日+3,2,25_0,17,11:19:00,22_2,27,11:46:00,11:48:00,138.0,19.0,0.0,26.0,49.0,True
shopping_30,2026-09-15,わかくさ,kajiso_vio,10:00:00,True,,1+1+平日+3,1,22_1,22,11:29:00,25_0,32,11:56:00,12:01:00,12:31:00,2+0+平日+4,2,25_0,17,13:23:00,22_2,27,13:53:00,13:55:00,235.0,87.0,0.0,47.0,57.0,False
shopping_30,2026-09-15,わかくさ,kajiso_vio,10:30:00,True,,1+1+平日+3,1,22_1,22,11:29:00,25_0,32,11:56:00,12:01:00,12:31:00,2+0+平日+4,2,25_0,17,13:23:00,22_2,27,13:53:00,13:55:00,205.0,57.0,0.0,47.0,57.0,False
shopping_30,2026-09-15,わかくさ,kajiso_vio,11:00:00,True,,1+1+平日+3,1,22_1,22,11:29:00,25_0,32,11:56:00,12:01:00,12:31:00,2+0+平日+4,2,25_0,17,13:23:00,22_2,27,13:53:00,13:55:00,175.0,27.0,0.0,47.0,57.0,True
shopping_30,2026-09-15,わかくさ,kajiso_vio,11:30:00,True,,1+1+毎日+4,1,22_1,22,13:33:00,25_0,32,14:03:00,14:08:00,14:38:00,2+0+毎日+5,2,25_0,17,15:48:00,22_2,27,16:07:00,16:09:00,279.0,121.0,0.0,65.0,49.0,False
shopping_30,2026-09-15,わかくさ,kajiso_vio,12:00:00,True,,1+1+毎日+4,1,22_1,22,13:33:00,25_0,32,14:03:00,14:08:00,14:38:00,2+0+毎日+5,2,25_0,17,15:48:00,22_2,27,16:07:00,16:09:00,249.0,91.0,0.0,65.0,49.0,False
shopping_30,2026-09-15,わかくさ,kajiso_vio,12:30:00,True,,1+1+毎日+4,1,22_1,22,13:33:00,25_0,32,14:03:00,14:08:00,14:38:00,2+0+毎日+5,2,25_0,17,15:48:00,22_2,27,16:07:00,16:09:00,219.0,61.0,0.0,65.0,49.0,False
shopping_30,2026-09-15,わかくさ,kajiso_vio,13:00:00,True,,1+1+毎日+4,1,22_1,22,13:33:00,25_0,32,14:03:00,14:08:00,14:38:00,2+0+毎日+5,2,25_0,17,15:48:00,22_2,27,16:07:00,16:09:00,189.0,31.0,0.0,65.0,49.0,False
shopping_30,2026-09-15,わかくさ,kajiso_vio,13:30:00,False,no_return_by_deadline,,,,,,,,,,,,,,,,,,,,,,,,,False
shopping_30,2026-09-15,わかくさ,kajiso_vio,14:00:00,False,no_return_by_deadline,,,,,,,,,,,,,,,,,,,,,,,,,False
shopping_30,2026-09-15,わかくさ,kajiso_vio,14:30:00,False,no_return_by_deadline,,,,,,,,,,,,,,,,,,,,,,,,,False
shopping_30,2026-09-15,わかくさ,kajiso_vio,15:00:00,False,no_return_by_deadline,,,,,,,,,,,,,,,,,,,,,,,,,False
shopping_30,2026-09-15,わかくさ,kajiso_vio,15:30:00,False,no_return_by_deadline,,,,,,,,,,,,,,,,,,,,,,,,,False
shopping_30,2026-09-15,わかくさ,kajiso_vio,16:00:00,False,no_outbound_bus,,,,,,,,,,,,,,,,,,,,,,,,,False
shopping_30,2026-09-15,篠座,kajiso_libre,08:00:00,True,,2+0+平日+2,2,29_2,13,09:31:00,21_2,28,09:58:00,10:03:00,10:33:00,1+1+平日+3,1,21_1,21,11:28:00,29_1,36,12:04:00,12:06:00,246.0,89.0,0.0,50.0,63.0,False
shopping_30,2026-09-15,篠座,kajiso_libre,08:30:00,True,,2+0+平日+2,2,29_2,13,09:31:00,21_2,28,09:58:00,10:03:00,10:33:00,1+1+平日+3,1,21_1,21,11:28:00,29_1,36,12:04:00,12:06:00,216.0,59.0,0.0,50.0,63.0,False
shopping_30,2026-09-15,篠座,kajiso_libre,09:00:00,True,,2+0+平日+2,2,29_2,13,09:31:00,21_2,28,09:58:00,10:03:00,10:33:00,1+1+平日+3,1,21_1,21,11:28:00,29_1,36,12:04:00,12:06:00,186.0,29.0,0.0,50.0,63.0,False
shopping_30,2026-09-15,篠座,kajiso_libre,09:30:00,True,,2+0+毎日+3,2,29_2,13,11:12:00,21_2,28,11:47:00,11:52:00,12:22:00,1+1+毎日+4,1,21_1,21,13:32:00,29_1,36,14:11:00,14:13:00,283.0,100.0,0.0,65.0,74.0,False
shopping_30,2026-09-15,篠座,kajiso_libre,10:00:00,True,,2+0+毎日+3,2,29_2,13,11:12:00,21_2,28,11:47:00,11:52:00,12:22:00,1+1+毎日+4,1,21_1,21,13:32:00,29_1,36,14:11:00,14:13:00,253.0,70.0,0.0,65.0,74.0,False
shopping_30,2026-09-15,篠座,kajiso_libre,10:30:00,True,,2+0+毎日+3,2,29_2,13,11:12:00,21_2,28,11:47:00,11:52:00,12:22:00,1+1+毎日+4,1,21_1,21,13:32:00,29_1,36,14:11:00,14:13:00,223.0,40.0,0.0,65.0,74.0,False
shopping_30,2026-09-15,篠座,kajiso_libre,11:00:00,True,,2+0+毎日+3,2,29_2,13,11:12:00,21_2,28,11:47:00,11:52:00,12:22:00,1+1+毎日+4,1,21_1,21,13:32:00,29_1,36,14:11:00,14:13:00,193.0,10.0,0.0,65.0,74.0,False
shopping_30,2026-09-15,篠座,kajiso_libre,11:30:00,True,,2+0+平日+4,2,29_2,13,13:16:00,21_2,28,13:54:00,13:59:00,14:29:00,1+1+平日+5,1,21_1,21,16:02:00,29_1,36,16:30:00,16:32:00,302.0,104.0,0.0,88.0,66.0,False
shopping_30,2026-09-15,篠座,kajiso_libre,12:00:00,True,,2+0+平日+4,2,29_2,13,13:16:00,21_2,28,13:54:00,13:59:00,14:29:00,1+1+平日+5,1,21_1,21,16:02:00,29_1,36,16:30:00,16:32:00,272.0,74.0,0.0,88.0,66.0,False
shopping_30,2026-09-15,篠座,kajiso_libre,12:30:00,True,,2+0+平日+4,2,29_2,13,13:16:00,21_2,28,13:54:00,13:59:00,14:29:00,1+1+平日+5,1,21_1,21,16:02:00,29_1,36,16:30:00,16:32:00,242.0,44.0,0.0,88.0,66.0,False
shopping_30,2026-09-15,篠座,kajiso_libre,13:00:00,True,,2+0+平日+4,2,29_2,13,13:16:00,21_2,28,13:54:00,13:59:00,14:29:00,1+1+平日+5,1,21_1,21,16:02:00,29_1,36,16:30:00,16:32:00,212.0,14.0,0.0,88.0,66.0,False
shopping_30,2026-09-15,篠座,kajiso_libre,13:30:00,False,no_return_by_deadline,,,,,,,,,,,,,,,,,,,,,,,,,False
shopping_30,2026-09-15,篠座,kajiso_libre,14:00:00,False,no_return_by_deadline,,,,,,,,,,,,,,,,,,,,,,,,,False
shopping_30,2026-09-15,篠座,kajiso_libre,14:30:00,False,no_return_by_deadline,,,,,,,,,,,,,,,,,,,,,,,,,False
shopping_30,2026-09-15,篠座,kajiso_libre,15:00:00,False,no_return_by_deadline,,,,,,,,,,,,,,,,,,,,,,,,,False
shopping_30,2026-09-15,篠座,kajiso_libre,15:30:00,False,no_return_by_deadline,,,,,,,,,,,,,,,,,,,,,,,,,False
shopping_30,2026-09-15,篠座,kajiso_libre,16:00:00,False,no_outbound_bus,,,,,,,,,,,,,,,,,,,,,,,,,False
shopping_30,2026-09-15,篠座,kajiso_vio,08:00:00,True,,2+0+平日+2,2,29_2,13,09:31:00,25_0,17,09:38:00,09:43:00,10:13:00,1+1+平日+3,1,25_0,32,11:56:00,29_1,36,12:04:00,12:06:00,246.0,89.0,0.0,98.0,15.0,False
shopping_30,2026-09-15,篠座,kajiso_vio,08:30:00,True,,2+0+平日+2,2,29_2,13,09:31:00,25_0,17,09:38:00,09:43:00,10:13:00,1+1+平日+3,1,25_0,32,11:56:00,29_1,36,12:04:00,12:06:00,216.0,59.0,0.0,98.0,15.0,False
shopping_30,2026-09-15,篠座,kajiso_vio,09:00:00,True,,2+0+平日+2,2,29_2,13,09:31:00,25_0,17,09:38:00,09:43:00,10:13:00,1+1+平日+3,1,25_0,32,11:56:00,29_1,36,12:04:00,12:06:00,186.0,29.0,0.0,98.0,15.0,False
shopping_30,2026-09-15,篠座,kajiso_vio,09:30:00,True,,2+0+毎日+3,2,29_2,13,11:12:00,25_0,17,11:19:00,11:24:00,11:54:00,1+1+毎日+4,1,25_0,32,14:03:00,29_1,36,14:11:00,14:13:00,283.0,100.0,0.0,124.0,15.0,False
shopping_30,2026-09-15,篠座,kajiso_vio,10:00:00,True,,2+0+毎日+3,2,29_2,13,11:12:00,25_0,17,11:19:00,11:24:00,11:54:00,1+1+毎日+4,1,25_0,32,14:03:00,29_1,36,14:11:00,14:13:00,253.0,70.0,0.0,124.0,15.0,False
shopping_30,2026-09-15,篠座,kajiso_vio,10:30:00,True,,2+0+毎日+3,2,29_2,13,11:12:00,25_0,17,11:19:00,11:24:00,11:54:00,1+1+毎日+4,1,25_0,32,14:03:00,29_1,36,14:11:00,14:13:00,223.0,40.0,0.0,124.0,15.0,False
shopping_30,2026-09-15,篠座,kajiso_vio,11:00:00,True,,2+0+毎日+3,2,29_2,13,11:12:00,25_0,17,11:19:00,11:24:00,11:54:00,1+1+毎日+4,1,25_0,32,14:03:00,29_1,36,14:11:00,14:13:00,193.0,10.0,0.0,124.0,15.0,False
shopping_30,2026-09-15,篠座,kajiso_vio,11:30:00,True,,2+0+平日+4,2,29_2,13,13:16:00,25_0,17,13:23:00,13:28:00,13:58:00,1+1+平日+5,1,25_0,32,16:22:00,29_1,36,16:30:00,16:32:00,302.0,104.0,0.0,139.0,15.0,False
shopping_30,2026-09-15,篠座,kajiso_vio,12:00:00,True,,2+0+平日+4,2,29_2,13,13:16:00,25_0,17,13:23:00,13:28:00,13:58:00,1+1+平日+5,1,25_0,32,16:22:00,29_1,36,16:30:00,16:32:00,272.0,74.0,0.0,139.0,15.0,False
shopping_30,2026-09-15,篠座,kajiso_vio,12:30:00,True,,2+0+平日+4,2,29_2,13,13:16:00,25_0,17,13:23:00,13:28:00,13:58:00,1+1+平日+5,1,25_0,32,16:22:00,29_1,36,16:30:00,16:32:00,242.0,44.0,0.0,139.0,15.0,False
shopping_30,2026-09-15,篠座,kajiso_vio,13:00:00,True,,2+0+平日+4,2,29_2,13,13:16:00,25_0,17,13:23:00,13:28:00,13:58:00,1+1+平日+5,1,25_0,32,16:22:00,29_1,36,16:30:00,16:32:00,212.0,14.0,0.0,139.0,15.0,False
shopping_30,2026-09-15,篠座,kajiso_vio,13:30:00,False,no_return_by_deadline,,,,,,,,,,,,,,,,,,,,,,,,,False
shopping_30,2026-09-15,篠座,kajiso_vio,14:00:00,False,no_return_by_deadline,,,,,,,,,,,,,,,,,,,,,,,,,False
shopping_30,2026-09-15,篠座,kajiso_vio,14:30:00,False,no_return_by_deadline,,,,,,,,,,,,,,,,,,,,,,,,,False
shopping_30,2026-09-15,篠座,kajiso_vio,15:00:00,False,no_return_by_deadline,,,,,,,,,,,,,,,,,,,,,,,,,False
shopping_30,2026-09-15,篠座,kajiso_vio,15:30:00,False,no_return_by_deadline,,,,,,,,,,,,,,,,,,,,,,,,,False
shopping_30,2026-09-15,篠座,kajiso_vio,16:00:00,False,no_outbound_bus,,,,,,,,,,,,,,,,,,,,,,,,,False
shopping_30,2026-09-15,いなほこども園,kajiso_libre,08:00:00,True,,2+0+平日+2,2,33_2,9,09:27:00,21_2,28,09:58:00,10:03:00,10:33:00,1+1+平日+3,1,21_1,21,11:28:00,33_1,40,12:08:00,12:10:00,250.0,85.0,0.0,50.0,71.0,False
shopping_30,2026-09-15,いなほこども園,kajiso_libre,08:30:00,True,,2+0+平日+2,2,33_2,9,09:27:00,21_2,28,09:58:00,10:03:00,10:33:00,1+1+平日+3,1,21_1,21,11:28:00,33_1,40,12:08:00,12:10:00,220.0,55.0,0.0,50.0,71.0,False
shopping_30,2026-09-15,いなほこども園,kajiso_libre,09:00:00,True,,2+0+平日+2,2,33_2,9,09:27:00,21_2,28,09:58:00,10:03:00,10:33:00,1+1+平日+3,1,21_1,21,11:28:00,33_1,40,12:08:00,12:10:00,190.0,25.0,0.0,50.0,71.0,False
shopping_30,2026-09-15,いなほこども園,kajiso_libre,09:30:00,True,,2+0+毎日+3,2,33_2,9,11:08:00,21_2,28,11:47:00,11:52:00,12:22:00,1+1+毎日+4,1,21_1,21,13:32:00,33_1,40,14:15:00,14:17:00,287.0,96.0,0.0,65.0,82.0,False
shopping_30,2026-09-15,いなほこども園,kajiso_libre,10:00:00,True,,2+0+毎日+3,2,33_2,9,11:08:00,21_2,28,11:47:00,11:52:00,12:22:00,1+1+毎日+4,1,21_1,21,13:32:00,33_1,40,14:15:00,14:17:00,257.0,66.0,0.0,65.0,82.0,False
shopping_30,2026-09-15,いなほこども園,kajiso_libre,10:30:00,True,,2+0+毎日+3,2,33_2,9,11:08:00,21_2,28,11:47:00,11:52:00,12:22:00,1+1+毎日+4,1,21_1,21,13:32:00,33_1,40,14:15:00,14:17:00,227.0,36.0,0.0,65.0,82.0,False
shopping_30,2026-09-15,いなほこども園,kajiso_libre,11:00:00,True,,2+0+毎日+3,2,33_2,9,11:08:00,21_2,28,11:47:00,11:52:00,12:22:00,1+1+毎日+4,1,21_1,21,13:32:00,33_1,40,14:15:00,14:17:00,197.0,6.0,0.0,65.0,82.0,False
shopping_30,2026-09-15,いなほこども園,kajiso_libre,11:30:00,True,,2+0+平日+4,2,33_2,9,13:12:00,21_2,28,13:54:00,13:59:00,14:29:00,1+1+平日+5,1,21_1,21,16:02:00,33_1,40,16:34:00,16:36:00,306.0,100.0,0.0,88.0,74.0,False
shopping_30,2026-09-15,いなほこども園,kajiso_libre,12:00:00,True,,2+0+平日+4,2,33_2,9,13:12:00,21_2,28,13:54:00,13:59:00,14:29:00,1+1+平日+5,1,21_1,21,16:02:00,33_1,40,16:34:00,16:36:00,276.0,70.0,0.0,88.0,74.0,False
shopping_30,2026-09-15,いなほこども園,kajiso_libre,12:30:00,True,,2+0+平日+4,2,33_2,9,13:12:00,21_2,28,13:54:00,13:59:00,14:29:00,1+1+平日+5,1,21_1,21,16:02:00,33_1,40,16:34:00,16:36:00,246.0,40.0,0.0,88.0,74.0,False
shopping_30,2026-09-15,いなほこども園,kajiso_libre,13:00:00,True,,2+0+平日+4,2,33_2,9,13:12:00,21_2,28,13:54:00,13:59:00,14:29:00,1+1+平日+5,1,21_1,21,16:02:00,33_1,40,16:34:00,16:36:00,216.0,10.0,0.0,88.0,74.0,False
shopping_30,2026-09-15,いなほこども園,kajiso_libre,13:30:00,False,no_return_by_deadline,,,,,,,,,,,,,,,,,,,,,,,,,False
shopping_30,2026-09-15,いなほこども園,kajiso_libre,14:00:00,False,no_return_by_deadline,,,,,,,,,,,,,,,,,,,,,,,,,False
shopping_30,2026-09-15,いなほこども園,kajiso_libre,14:30:00,False,no_return_by_deadline,,,,,,,,,,,,,,,,,,,,,,,,,False
shopping_30,2026-09-15,いなほこども園,kajiso_libre,15:00:00,False,no_return_by_deadline,,,,,,,,,,,,,,,,,,,,,,,,,False
shopping_30,2026-09-15,いなほこども園,kajiso_libre,15:30:00,False,no_return_by_deadline,,,,,,,,,,,,,,,,,,,,,,,,,False
shopping_30,2026-09-15,いなほこども園,kajiso_libre,16:00:00,False,no_outbound_bus,,,,,,,,,,,,,,,,,,,,,,,,,False
shopping_30,2026-09-15,いなほこども園,kajiso_vio,08:00:00,True,,2+0+平日+2,2,33_2,9,09:27:00,25_0,17,09:38:00,09:43:00,10:13:00,1+1+平日+3,1,25_0,32,11:56:00,33_1,40,12:08:00,12:10:00,250.0,85.0,0.0,98.0,23.0,False
shopping_30,2026-09-15,いなほこども園,kajiso_vio,08:30:00,True,,2+0+平日+2,2,33_2,9,09:27:00,25_0,17,09:38:00,09:43:00,10:13:00,1+1+平日+3,1,25_0,32,11:56:00,33_1,40,12:08:00,12:10:00,220.0,55.0,0.0,98.0,23.0,False
shopping_30,2026-09-15,いなほこども園,kajiso_vio,09:00:00,True,,2+0+平日+2,2,33_2,9,09:27:00,25_0,17,09:38:00,09:43:00,10:13:00,1+1+平日+3,1,25_0,32,11:56:00,33_1,40,12:08:00,12:10:00,190.0,25.0,0.0,98.0,23.0,False
shopping_30,2026-09-15,いなほこども園,kajiso_vio,09:30:00,True,,2+0+毎日+3,2,33_2,9,11:08:00,25_0,17,11:19:00,11:24:00,11:54:00,1+1+毎日+4,1,25_0,32,14:03:00,33_1,40,14:15:00,14:17:00,287.0,96.0,0.0,124.0,23.0,False
shopping_30,2026-09-15,いなほこども園,kajiso_vio,10:00:00,True,,2+0+毎日+3,2,33_2,9,11:08:00,25_0,17,11:19:00,11:24:00,11:54:00,1+1+毎日+4,1,25_0,32,14:03:00,33_1,40,14:15:00,14:17:00,257.0,66.0,0.0,124.0,23.0,False
shopping_30,2026-09-15,いなほこども園,kajiso_vio,10:30:00,True,,2+0+毎日+3,2,33_2,9,11:08:00,25_0,17,11:19:00,11:24:00,11:54:00,1+1+毎日+4,1,25_0,32,14:03:00,33_1,40,14:15:00,14:17:00,227.0,36.0,0.0,124.0,23.0,False
shopping_30,2026-09-15,いなほこども園,kajiso_vio,11:00:00,True,,2+0+毎日+3,2,33_2,9,11:08:00,25_0,17,11:19:00,11:24:00,11:54:00,1+1+毎日+4,1,25_0,32,14:03:00,33_1,40,14:15:00,14:17:00,197.0,6.0,0.0,124.0,23.0,False
shopping_30,2026-09-15,いなほこども園,kajiso_vio,11:30:00,True,,2+0+平日+4,2,33_2,9,13:12:00,25_0,17,13:23:00,13:28:00,13:58:00,1+1+平日+5,1,25_0,32,16:22:00,33_1,40,16:34:00,16:36:00,306.0,100.0,0.0,139.0,23.0,False
shopping_30,2026-09-15,いなほこども園,kajiso_vio,12:00:00,True,,2+0+平日+4,2,33_2,9,13:12:00,25_0,17,13:23:00,13:28:00,13:58:00,1+1+平日+5,1,25_0,32,16:22:00,33_1,40,16:34:00,16:36:00,276.0,70.0,0.0,139.0,23.0,False
shopping_30,2026-09-15,いなほこども園,kajiso_vio,12:30:00,True,,2+0+平日+4,2,33_2,9,13:12:00,25_0,17,13:23:00,13:28:00,13:58:00,1+1+平日+5,1,25_0,32,16:22:00,33_1,40,16:34:00,16:36:00,246.0,40.0,0.0,139.0,23.0,False
shopping_30,2026-09-15,いなほこども園,kajiso_vio,13:00:00,True,,2+0+平日+4,2,33_2,9,13:12:00,25_0,17,13:23:00,13:28:00,13:58:00,1+1+平日+5,1,25_0,32,16:22:00,33_1,40,16:34:00,16:36:00,216.0,10.0,0.0,139.0,23.0,False
shopping_30,2026-09-15,いなほこども園,kajiso_vio,13:30:00,False,no_return_by_deadline,,,,,,,,,,,,,,,,,,,,,,,,,False
shopping_30,2026-09-15,いなほこども園,kajiso_vio,14:00:00,False,no_return_by_deadline,,,,,,,,,,,,,,,,,,,,,,,,,False
shopping_30,2026-09-15,いなほこども園,kajiso_vio,14:30:00,False,no_return_by_deadline,,,,,,,,,,,,,,,,,,,,,,,,,False
shopping_30,2026-09-15,いなほこども園,kajiso_vio,15:00:00,False,no_return_by_deadline,,,,,,,,,,,,,,,,,,,,,,,,,False
shopping_30,2026-09-15,いなほこども園,kajiso_vio,15:30:00,False,no_return_by_deadline,,,,,,,,,,,,,,,,,,,,,,,,,False
shopping_30,2026-09-15,いなほこども園,kajiso_vio,16:00:00,False,no_outbound_bus,,,,,,,,,,,,,,,,,,,,,,,,,False
shopping_30,2026-09-15,童子丸郵便局口,kajiso_libre,08:00:00,True,,2+0+平日+2,2,39_2,3,09:18:00,21_2,28,09:58:00,10:03:00,10:33:00,1+1+平日+3,1,21_1,21,11:28:00,39_1,46,12:16:00,12:18:00,258.0,76.0,0.0,50.0,88.0,False
shopping_30,2026-09-15,童子丸郵便局口,kajiso_libre,08:30:00,True,,2+0+平日+2,2,39_2,3,09:18:00,21_2,28,09:58:00,10:03:00,10:33:00,1+1+平日+3,1,21_1,21,11:28:00,39_1,46,12:16:00,12:18:00,228.0,46.0,0.0,50.0,88.0,False
shopping_30,2026-09-15,童子丸郵便局口,kajiso_libre,09:00:00,True,,2+0+平日+2,2,39_2,3,09:18:00,21_2,28,09:58:00,10:03:00,10:33:00,1+1+平日+3,1,21_1,21,11:28:00,39_1,46,12:16:00,12:18:00,198.0,16.0,0.0,50.0,88.0,False
shopping_30,2026-09-15,童子丸郵便局口,kajiso_libre,09:30:00,True,,2+0+毎日+3,2,39_2,3,10:59:00,21_2,28,11:47:00,11:52:00,12:22:00,1+1+毎日+4,1,21_1,21,13:32:00,39_1,46,14:23:00,14:25:00,295.0,87.0,0.0,65.0,99.0,False
shopping_30,2026-09-15,童子丸郵便局口,kajiso_libre,10:00:00,True,,2+0+毎日+3,2,39_2,3,10:59:00,21_2,28,11:47:00,11:52:00,12:22:00,1+1+毎日+4,1,21_1,21,13:32:00,39_1,46,14:23:00,14:25:00,265.0,57.0,0.0,65.0,99.0,False
shopping_30,2026-09-15,童子丸郵便局口,kajiso_libre,10:30:00,True,,2+0+毎日+3,2,39_2,3,10:59:00,21_2,28,11:47:00,11:52:00,12:22:00,1+1+毎日+4,1,21_1,21,13:32:00,39_1,46,14:23:00,14:25:00,235.0,27.0,0.0,65.0,99.0,False
shopping_30,2026-09-15,童子丸郵便局口,kajiso_libre,11:00:00,True,,2+0+平日+4,2,39_2,3,13:03:00,21_2,28,13:54:00,13:59:00,14:29:00,1+1+平日+5,1,21_1,21,16:02:00,39_1,46,16:42:00,16:44:00,344.0,121.0,0.0,88.0,91.0,False
shopping_30,2026-09-15,童子丸郵便局口,kajiso_libre,11:30:00,True,,2+0+平日+4,2,39_2,3,13:03:00,21_2,28,13:54:00,13:59:00,14:29:00,1+1+平日+5,1,21_1,21,16:02:00,39_1,46,16:42:00,16:44:00,314.0,91.0,0.0,88.0,91.0,False
shopping_30,2026-09-15,童子丸郵便局口,kajiso_libre,12:00:00,True,,2+0+平日+4,2,39_2,3,13:03:00,21_2,28,13:54:00,13:59:00,14:29:00,1+1+平日+5,1,21_1,21,16:02:00,39_1,46,16:42:00,16:44:00,284.0,61.0,0.0,88.0,91.0,False
shopping_30,2026-09-15,童子丸郵便局口,kajiso_libre,12:30:00,True,,2+0+平日+4,2,39_2,3,13:03:00,21_2,28,13:54:00,13:59:00,14:29:00,1+1+平日+5,1,21_1,21,16:02:00,39_1,46,16:42:00,16:44:00,254.0,31.0,0.0,88.0,91.0,False
shopping_30,2026-09-15,童子丸郵便局口,kajiso_libre,13:00:00,False,no_return_by_deadline,,,,,,,,,,,,,,,,,,,,,,,,,False
shopping_30,2026-09-15,童子丸郵便局口,kajiso_libre,13:30:00,False,no_return_by_deadline,,,,,,,,,,,,,,,,,,,,,,,,,False
shopping_30,2026-09-15,童子丸郵便局口,kajiso_libre,14:00:00,False,no_return_by_deadline,,,,,,,,,,,,,,,,,,,,,,,,,False
shopping_30,2026-09-15,童子丸郵便局口,kajiso_libre,14:30:00,False,no_return_by_deadline,,,,,,,,,,,,,,,,,,,,,,,,,False
shopping_30,2026-09-15,童子丸郵便局口,kajiso_libre,15:00:00,False,no_return_by_deadline,,,,,,,,,,,,,,,,,,,,,,,,,False
shopping_30,2026-09-15,童子丸郵便局口,kajiso_libre,15:30:00,False,no_outbound_bus,,,,,,,,,,,,,,,,,,,,,,,,,False
shopping_30,2026-09-15,童子丸郵便局口,kajiso_libre,16:00:00,False,no_outbound_bus,,,,,,,,,,,,,,,,,,,,,,,,,False
shopping_30,2026-09-15,童子丸郵便局口,kajiso_vio,08:00:00,True,,2+0+平日+2,2,39_2,3,09:18:00,25_0,17,09:38:00,09:43:00,10:13:00,1+1+平日+3,1,25_0,32,11:56:00,39_1,46,12:16:00,12:18:00,258.0,76.0,0.0,98.0,40.0,False
shopping_30,2026-09-15,童子丸郵便局口,kajiso_vio,08:30:00,True,,2+0+平日+2,2,39_2,3,09:18:00,25_0,17,09:38:00,09:43:00,10:13:00,1+1+平日+3,1,25_0,32,11:56:00,39_1,46,12:16:00,12:18:00,228.0,46.0,0.0,98.0,40.0,False
shopping_30,2026-09-15,童子丸郵便局口,kajiso_vio,09:00:00,True,,2+0+平日+2,2,39_2,3,09:18:00,25_0,17,09:38:00,09:43:00,10:13:00,1+1+平日+3,1,25_0,32,11:56:00,39_1,46,12:16:00,12:18:00,198.0,16.0,0.0,98.0,40.0,False
shopping_30,2026-09-15,童子丸郵便局口,kajiso_vio,09:30:00,True,,2+0+毎日+3,2,39_2,3,10:59:00,25_0,17,11:19:00,11:24:00,11:54:00,1+1+毎日+4,1,25_0,32,14:03:00,39_1,46,14:23:00,14:25:00,295.0,87.0,0.0,124.0,40.0,False
shopping_30,2026-09-15,童子丸郵便局口,kajiso_vio,10:00:00,True,,2+0+毎日+3,2,39_2,3,10:59:00,25_0,17,11:19:00,11:24:00,11:54:00,1+1+毎日+4,1,25_0,32,14:03:00,39_1,46,14:23:00,14:25:00,265.0,57.0,0.0,124.0,40.0,False
shopping_30,2026-09-15,童子丸郵便局口,kajiso_vio,10:30:00,True,,2+0+毎日+3,2,39_2,3,10:59:00,25_0,17,11:19:00,11:24:00,11:54:00,1+1+毎日+4,1,25_0,32,14:03:00,39_1,46,14:23:00,14:25:00,235.0,27.0,0.0,124.0,40.0,False
shopping_30,2026-09-15,童子丸郵便局口,kajiso_vio,11:00:00,True,,2+0+平日+4,2,39_2,3,13:03:00,25_0,17,13:23:00,13:28:00,13:58:00,1+1+平日+5,1,25_0,32,16:22:00,39_1,46,16:42:00,16:44:00,344.0,121.0,0.0,139.0,40.0,False
shopping_30,2026-09-15,童子丸郵便局口,kajiso_vio,11:30:00,True,,2+0+平日+4,2,39_2,3,13:03:00,25_0,17,13:23:00,13:28:00,13:58:00,1+1+平日+5,1,25_0,32,16:22:00,39_1,46,16:42:00,16:44:00,314.0,91.0,0.0,139.0,40.0,False
shopping_30,2026-09-15,童子丸郵便局口,kajiso_vio,12:00:00,True,,2+0+平日+4,2,39_2,3,13:03:00,25_0,17,13:23:00,13:28:00,13:58:00,1+1+平日+5,1,25_0,32,16:22:00,39_1,46,16:42:00,16:44:00,284.0,61.0,0.0,139.0,40.0,False
shopping_30,2026-09-15,童子丸郵便局口,kajiso_vio,12:30:00,True,,2+0+平日+4,2,39_2,3,13:03:00,25_0,17,13:23:00,13:28:00,13:58:00,1+1+平日+5,1,25_0,32,16:22:00,39_1,46,16:42:00,16:44:00,254.0,31.0,0.0,139.0,40.0,False
shopping_30,2026-09-15,童子丸郵便局口,kajiso_vio,13:00:00,False,no_return_by_deadline,,,,,,,,,,,,,,,,,,,,,,,,,False
shopping_30,2026-09-15,童子丸郵便局口,kajiso_vio,13:30:00,False,no_return_by_deadline,,,,,,,,,,,,,,,,,,,,,,,,,False
shopping_30,2026-09-15,童子丸郵便局口,kajiso_vio,14:00:00,False,no_return_by_deadline,,,,,,,,,,,,,,,,,,,,,,,,,False
shopping_30,2026-09-15,童子丸郵便局口,kajiso_vio,14:30:00,False,no_return_by_deadline,,,,,,,,,,,,,,,,,,,,,,,,,False
shopping_30,2026-09-15,童子丸郵便局口,kajiso_vio,15:00:00,False,no_return_by_deadline,,,,,,,,,,,,,,,,,,,,,,,,,False
shopping_30,2026-09-15,童子丸郵便局口,kajiso_vio,15:30:00,False,no_outbound_bus,,,,,,,,,,,,,,,,,,,,,,,,,False
shopping_30,2026-09-15,童子丸郵便局口,kajiso_vio,16:00:00,False,no_outbound_bus,,,,,,,,,,,,,,,,,,,,,,,,,False
shopping_30,2026-09-19,越前大野駅,kajiso_libre,08:00:00,True,,1+1+毎日+2,1,1_1,1,09:23:00,21_1,21,09:50:00,09:55:00,10:25:00,2+0+毎日+3,2,21_2,28,11:47:00,1_1,48,12:13:00,12:15:00,255.0,81.0,0.0,77.0,53.0,False
shopping_30,2026-09-19,越前大野駅,kajiso_libre,08:30:00,True,,1+1+毎日+2,1,1_1,1,09:23:00,21_1,21,09:50:00,09:55:00,10:25:00,2+0+毎日+3,2,21_2,28,11:47:00,1_1,48,12:13:00,12:15:00,225.0,51.0,0.0,77.0,53.0,False
shopping_30,2026-09-19,越前大野駅,kajiso_libre,09:00:00,True,,1+1+毎日+2,1,1_1,1,09:23:00,21_1,21,09:50:00,09:55:00,10:25:00,2+0+毎日+3,2,21_2,28,11:47:00,1_1,48,12:13:00,12:15:00,195.0,21.0,0.0,77.0,53.0,False
shopping_30,2026-09-19,越前大野駅,kajiso_libre,09:30:00,True,,2+0+毎日+3,2,1_1,1,10:56:00,21_2,28,11:47:00,11:52:00,12:22:00,1+1+毎日+4,1,21_1,21,13:32:00,1_1,24,13:36:00,13:38:00,248.0,84.0,0.0,65.0,55.0,False
shopping_30,2026-09-19,越前大野駅,kajiso_libre,10:00:00,True,,2+0+毎日+3,2,1_1,1,10:56:00,21_2,28,11:47:00,11:52:00,12:22:00,1+1+毎日+4,1,21_1,21,13:32:00,1_1,24,13:36:00,13:38:00,218.0,54.0,0.0,65.0,55.0,False
shopping_30,2026-09-19,越前大野駅,kajiso_libre,10:30:00,True,,2+0+毎日+3,2,1_1,1,10:56:00,21_2,28,11:47:00,11:52:00,12:22:00,1+1+毎日+4,1,21_1,21,13:32:00,1_1,24,13:36:00,13:38:00,188.0,24.0,0.0,65.0,55.0,False
shopping_30,2026-09-19,越前大野駅,kajiso_libre,11:00:00,True,,2+0+毎日+3,2,1_1,24,11:43:00,21_2,28,11:47:00,11:52:00,12:22:00,1+1+毎日+4,1,21_1,21,13:32:00,1_1,24,13:36:00,13:38:00,158.0,41.0,0.0,65.0,8.0,True
shopping_30,2026-09-19,越前大野駅,kajiso_libre,11:30:00,True,,2+0+毎日+3,2,1_1,24,11:43:00,21_2,28,11:47:00,11:52:00,12:22:00,1+1+毎日+4,1,21_1,21,13:32:00,1_1,24,13:36:00,13:38:00,128.0,11.0,0.0,65.0,8.0,True
shopping_30,2026-09-19,越前大野駅,kajiso_libre,12:00:00,True,,1+1+毎日+4,1,1_1,1,13:05:00,21_1,21,13:32:00,13:37:00,14:07:00,2+0+毎日+5,2,21_2,28,16:08:00,1_1,48,16:34:00,16:36:00,276.0,63.0,0.0,116.0,53.0,False
shopping_30,2026-09-19,越前大野駅,kajiso_libre,12:30:00,True,,1+1+毎日+4,1,1_1,1,13:05:00,21_1,21,13:32:00,13:37:00,14:07:00,2+0+毎日+5,2,21_2,28,16:08:00,1_1,48,16:34:00,16:36:00,246.0,33.0,0.0,116.0,53.0,False
shopping_30,2026-09-19,越前大野駅,kajiso_libre,13:00:00,True,,1+1+毎日+4,1,1_1,1,13:05:00,21_1,21,13:32:00,13:37:00,14:07:00,2+0+毎日+5,2,21_2,28,16:08:00,1_1,48,16:34:00,16:36:00,216.0,3.0,0.0,116.0,53.0,False
shopping_30,2026-09-19,越前大野駅,kajiso_libre,13:30:00,False,no_return_by_deadline,,,,,,,,,,,,,,,,,,,,,,,,,False
shopping_30,2026-09-19,越前大野駅,kajiso_libre,14:00:00,False,no_return_by_deadline,,,,,,,,,,,,,,,,,,,,,,,,,False
shopping_30,2026-09-19,越前大野駅,kajiso_libre,14:30:00,False,no_return_by_deadline,,,,,,,,,,,,,,,,,,,,,,,,,False
shopping_30,2026-09-19,越前大野駅,kajiso_libre,15:00:00,False,no_return_by_deadline,,,,,,,,,,,,,,,,,,,,,,,,,False
shopping_30,2026-09-19,越前大野駅,kajiso_libre,15:30:00,False,no_return_by_deadline,,,,,,,,,,,,,,,,,,,,,,,,,False
shopping_30,2026-09-19,越前大野駅,kajiso_libre,16:00:00,False,no_return_by_deadline,,,,,,,,,,,,,,,,,,,,,,,,,False
shopping_30,2026-09-19,越前大野駅,kajiso_vio,08:00:00,True,,1+1+毎日+2,1,1_1,1,09:23:00,25_0,32,10:13:00,10:18:00,10:48:00,2+0+毎日+3,2,25_0,17,11:19:00,1_1,24,11:32:00,11:34:00,214.0,81.0,0.0,26.0,63.0,False
shopping_30,2026-09-19,越前大野駅,kajiso_vio,08:30:00,True,,1+1+毎日+2,1,1_1,1,09:23:00,25_0,32,10:13:00,10:18:00,10:48:00,2+0+毎日+3,2,25_0,17,11:19:00,1_1,24,11:32:00,11:34:00,184.0,51.0,0.0,26.0,63.0,False
shopping_30,2026-09-19,越前大野駅,kajiso_vio,09:00:00,True,,1+1+毎日+2,1,1_1,1,09:23:00,25_0,32,10:13:00,10:18:00,10:48:00,2+0+毎日+3,2,25_0,17,11:19:00,1_1,24,11:32:00,11:34:00,154.0,21.0,0.0,26.0,63.0,True
shopping_30,2026-09-19,越前大野駅,kajiso_vio,09:30:00,True,,1+1+毎日+2,1,1_1,24,10:00:00,25_0,32,10:13:00,10:18:00,10:48:00,2+0+毎日+3,2,25_0,17,11:19:00,1_1,24,11:32:00,11:34:00,124.0,28.0,0.0,26.0,26.0,True
shopping_30,2026-09-19,越前大野駅,kajiso_vio,10:00:00,True,,2+0+毎日+3,2,1_1,1,10:56:00,25_0,17,11:19:00,11:24:00,11:54:00,1+1+毎日+4,1,25_0,32,14:03:00,1_1,48,14:26:00,14:28:00,268.0,54.0,0.0,124.0,46.0,False
shopping_30,2026-09-19,越前大野駅,kajiso_vio,10:30:00,True,,2+0+毎日+3,2,1_1,1,10:56:00,25_0,17,11:19:00,11:24:00,11:54:00,1+1+毎日+4,1,25_0,32,14:03:00,1_1,48,14:26:00,14:28:00,238.0,24.0,0.0,124.0,46.0,False
shopping_30,2026-09-19,越前大野駅,kajiso_vio,11:00:00,True,,1+1+毎日+4,1,1_1,1,13:05:00,25_0,32,14:03:00,14:08:00,14:38:00,2+0+毎日+5,2,25_0,17,15:48:00,1_1,24,16:01:00,16:03:00,303.0,123.0,0.0,65.0,71.0,False
shopping_30,2026-09-19,越前大野駅,kajiso_vio,11:30:00,True,,1+1+毎日+4,1,1_1,1,13:05:00,25_0,32,14:03:00,14:08:00,14:38:00,2+0+毎日+5,2,25_0,17,15:48:00,1_1,24,16:01:00,16:03:00,273.0,93.0,0.0,65.0,71.0,False
shopping_30,2026-09-19,越前大野駅,kajiso_vio,12:00:00,True,,1+1+毎日+4,1,1_1,1,13:05:00,25_0,32,14:03:00,14:08:00,14:38:00,2+0+毎日+5,2,25_0,17,15:48:00,1_1,24,16:01:00,16:03:00,243.0,63.0,0.0,65.0,71.0,False
shopping_30,2026-09-19,越前大野駅,kajiso_vio,12:30:00,True,,1+1+毎日+4,1,1_1,1,13:05:00,25_0,32,14:03:00,14:08:00,14:38:00,2+0+毎日+5,2,25_0,17,15:48:00,1_1,24,16:01:00,16:03:00,213.0,33.0,0.0,65.0,71.0,False
shopping_30,2026-09-19,越前大野駅,kajiso_vio,13:00:00,True,,1+1+毎日+4,1,1_1,1,13:05:00,25_0,32,14:03:00,14:08:00,14:38:00,2+0+毎日+5,2,25_0,17,15:48:00,1_1,24,16:01:00,16:03:00,183.0,3.0,0.0,65.0,71.0,False
shopping_30,2026-09-19,越前大野駅,kajiso_vio,13:30:00,True,,1+1+毎日+4,1,1_1,24,13:50:00,25_0,32,14:03:00,14:08:00,14:38:00,2+0+毎日+5,2,25_0,17,15:48:00,1_1,24,16:01:00,16:03:00,153.0,18.0,0.0,65.0,26.0,True
shopping_30,2026-09-19,越前大野駅,kajiso_vio,14:00:00,False,no_return_by_deadline,,,,,,,,,,,,,,,,,,,,,,,,,False
shopping_30,2026-09-19,越前大野駅,kajiso_vio,14:30:00,False,no_return_by_deadline,,,,,,,,,,,,,,,,,,,,,,,,,False
shopping_30,2026-09-19,越前大野駅,kajiso_vio,15:00:00,False,no_return_by_deadline,,,,,,,,,,,,,,,,,,,,,,,,,False
shopping_30,2026-09-19,越前大野駅,kajiso_vio,15:30:00,False,no_outbound_bus,,,,,,,,,,,,,,,,,,,,,,,,,False
shopping_30,2026-09-19,越前大野駅,kajiso_vio,16:00:00,False,no_outbound_bus,,,,,,,,,,,,,,,,,,,,,,,,,False
shopping_30,2026-09-19,結ステーション,kajiso_libre,08:00:00,True,,1+1+毎日+2,1,6_0,6,09:30:00,21_1,21,09:50:00,09:55:00,10:25:00,2+0+毎日+3,2,21_2,28,11:47:00,6_0,43,12:06:00,12:08:00,248.0,88.0,0.0,77.0,39.0,False
shopping_30,2026-09-19,結ステーション,kajiso_libre,08:30:00,True,,1+1+毎日+2,1,6_0,6,09:30:00,21_1,21,09:50:00,09:55:00,10:25:00,2+0+毎日+3,2,21_2,28,11:47:00,6_0,43,12:06:00,12:08:00,218.0,58.0,0.0,77.0,39.0,False
shopping_30,2026-09-19,結ステーション,kajiso_libre,09:00:00,True,,1+1+毎日+2,1,6_0,6,09:30:00,21_1,21,09:50:00,09:55:00,10:25:00,2+0+毎日+3,2,21_2,28,11:47:00,6_0,43,12:06:00,12:08:00,188.0,28.0,0.0,77.0,39.0,False
shopping_30,2026-09-19,結ステーション,kajiso_libre,09:30:00,True,,2+0+毎日+3,2,6_0,20,11:28:00,21_2,28,11:47:00,11:52:00,12:22:00,1+1+毎日+4,1,21_1,21,13:32:00,6_0,29,13:54:00,13:56:00,266.0,116.0,0.0,65.0,41.0,False
shopping_30,2026-09-19,結ステーション,kajiso_libre,10:00:00,True,,2+0+毎日+3,2,6_0,20,11:28:00,21_2,28,11:47:00,11:52:00,12:22:00,1+1+毎日+4,1,21_1,21,13:32:00,6_0,29,13:54:00,13:56:00,236.0,86.0,0.0,65.0,41.0,False
shopping_30,2026-09-19,結ステーション,kajiso_libre,10:30:00,True,,2+0+毎日+3,2,6_0,20,11:28:00,21_2,28,11:47:00,11:52:00,12:22:00,1+1+毎日+4,1,21_1,21,13:32:00,6_0,29,13:54:00,13:56:00,206.0,56.0,0.0,65.0,41.0,False
shopping_30,2026-09-19,結ステーション,kajiso_libre,11:00:00,True,,2+0+毎日+3,2,6_0,20,11:28:00,21_2,28,11:47:00,11:52:00,12:22:00,1+1+毎日+4,1,21_1,21,13:32:00,6_0,29,13:54:00,13:56:00,176.0,26.0,0.0,65.0,41.0,True
shopping_30,2026-09-19,結ステーション,kajiso_libre,11:30:00,True,,1+1+毎日+4,1,6_0,6,13:12:00,21_1,21,13:32:00,13:37:00,14:07:00,2+0+毎日+5,2,21_2,28,16:08:00,6_0,43,16:27:00,16:29:00,299.0,100.0,0.0,116.0,39.0,False
shopping_30,2026-09-19,結ステーション,kajiso_libre,12:00:00,True,,1+1+毎日+4,1,6_0,6,13:12:00,21_1,21,13:32:00,13:37:00,14:07:00,2+0+毎日+5,2,21_2,28,16:08:00,6_0,43,16:27:00,16:29:00,269.0,70.0,0.0,116.0,39.0,False
shopping_30,2026-09-19,結ステーション,kajiso_libre,12:30:00,True,,1+1+毎日+4,1,6_0,6,13:12:00,21_1,21,13:32:00,13:37:00,14:07:00,2+0+毎日+5,2,21_2,28,16:08:00,6_0,43,16:27:00,16:29:00,239.0,40.0,0.0,116.0,39.0,False
shopping_30,2026-09-19,結ステーション,kajiso_libre,13:00:00,True,,1+1+毎日+4,1,6_0,6,13:12:00,21_1,21,13:32:00,13:37:00,14:07:00,2+0+毎日+5,2,21_2,28,16:08:00,6_0,43,16:27:00,16:29:00,209.0,10.0,0.0,116.0,39.0,False
shopping_30,2026-09-19,結ステーション,kajiso_libre,13:30:00,False,no_return_by_deadline,,,,,,,,,,,,,,,,,,,,,,,,,False
shopping_30,2026-09-19,結ステーション,kajiso_libre,14:00:00,False,no_return_by_deadline,,,,,,,,,,,,,,,,,,,,,,,,,False
shopping_30,2026-09-19,結ステーション,kajiso_libre,14:30:00,False,no_return_by_deadline,,,,,,,,,,,,,,,,,,,,,,,,,False
shopping_30,2026-09-19,結ステーション,kajiso_libre,15:00:00,False,no_return_by_deadline,,,,,,,,,,,,,,,,,,,,,,,,,False
shopping_30,2026-09-19,結ステーション,kajiso_libre,15:30:00,False,no_return_by_deadline,,,,,,,,,,,,,,,,,,,,,,,,,False
shopping_30,2026-09-19,結ステーション,kajiso_libre,16:00:00,False,no_outbound_bus,,,,,,,,,,,,,,,,,,,,,,,,,False
shopping_30,2026-09-19,結ステーション,kajiso_vio,08:00:00,True,,1+1+毎日+2,1,6_0,6,09:30:00,25_0,32,10:13:00,10:18:00,10:48:00,2+0+毎日+3,2,25_0,17,11:19:00,6_0,20,11:28:00,11:30:00,210.0,88.0,0.0,26.0,52.0,False
shopping_30,2026-09-19,結ステーション,kajiso_vio,08:30:00,True,,1+1+毎日+2,1,6_0,6,09:30:00,25_0,32,10:13:00,10:18:00,10:48:00,2+0+毎日+3,2,25_0,17,11:19:00,6_0,20,11:28:00,11:30:00,180.0,58.0,0.0,26.0,52.0,True
shopping_30,2026-09-19,結ステーション,kajiso_vio,09:00:00,True,,1+1+毎日+2,1,6_0,6,09:30:00,25_0,32,10:13:00,10:18:00,10:48:00,2+0+毎日+3,2,25_0,17,11:19:00,6_0,20,11:28:00,11:30:00,150.0,28.0,0.0,26.0,52.0,True
shopping_30,2026-09-19,結ステーション,kajiso_vio,09:30:00,True,,1+1+毎日+2,1,6_0,29,10:04:00,25_0,32,10:13:00,10:18:00,10:48:00,2+0+毎日+3,2,25_0,17,11:19:00,6_0,20,11:28:00,11:30:00,120.0,32.0,0.0,26.0,18.0,True
shopping_30,2026-09-19,結ステーション,kajiso_vio,10:00:00,True,,1+1+毎日+2,1,6_0,29,10:04:00,25_0,32,10:13:00,10:18:00,10:48:00,2+0+毎日+3,2,25_0,17,11:19:00,6_0,20,11:28:00,11:30:00,90.0,2.0,0.0,26.0,18.0,True
shopping_30,2026-09-19,結ステーション,kajiso_vio,10:30:00,True,,1+1+毎日+4,1,6_0,6,13:12:00,25_0,32,14:03:00,14:08:00,14:38:00,2+0+毎日+5,2,25_0,17,15:48:00,6_0,20,15:57:00,15:59:00,329.0,160.0,0.0,65.0,60.0,False
shopping_30,2026-09-19,結ステーション,kajiso_vio,11:00:00,True,,1+1+毎日+4,1,6_0,6,13:12:00,25_0,32,14:03:00,14:08:00,14:38:00,2+0+毎日+5,2,25_0,17,15:48:00,6_0,20,15:57:00,15:59:00,299.0,130.0,0.0,65.0,60.0,False
shopping_30,2026-09-19,結ステーション,kajiso_vio,11:30:00,True,,1+1+毎日+4,1,6_0,6,13:12:00,25_0,32,14:03:00,14:08:00,14:38:00,2+0+毎日+5,2,25_0,17,15:48:00,6_0,20,15:57:00,15:59:00,269.0,100.0,0.0,65.0,60.0,False
shopping_30,2026-09-19,結ステーション,kajiso_vio,12:00:00,True,,1+1+毎日+4,1,6_0,6,13:12:00,25_0,32,14:03:00,14:08:00,14:38:00,2+0+毎日+5,2,25_0,17,15:48:00,6_0,20,15:57:00,15:59:00,239.0,70.0,0.0,65.0,60.0,False
shopping_30,2026-09-19,結ステーション,kajiso_vio,12:30:00,True,,1+1+毎日+4,1,6_0,6,13:12:00,25_0,32,14:03:00,14:08:00,14:38:00,2+0+毎日+5,2,25_0,17,15:48:00,6_0,20,15:57:00,15:59:00,209.0,40.0,0.0,65.0,60.0,False
shopping_30,2026-09-19,結ステーション,kajiso_vio,13:00:00,True,,1+1+毎日+4,1,6_0,6,13:12:00,25_0,32,14:03:00,14:08:00,14:38:00,2+0+毎日+5,2,25_0,17,15:48:00,6_0,20,15:57:00,15:59:00,179.0,10.0,0.0,65.0,60.0,True
shopping_30,2026-09-19,結ステーション,kajiso_vio,13:30:00,True,,1+1+毎日+4,1,6_0,29,13:54:00,25_0,32,14:03:00,14:08:00,14:38:00,2+0+毎日+5,2,25_0,17,15:48:00,6_0,20,15:57:00,15:59:00,149.0,22.0,0.0,65.0,18.0,True
shopping_30,2026-09-19,結ステーション,kajiso_vio,14:00:00,False,no_outbound_bus,,,,,,,,,,,,,,,,,,,,,,,,,False
shopping_30,2026-09-19,結ステーション,kajiso_vio,14:30:00,False,no_outbound_bus,,,,,,,,,,,,,,,,,,,,,,,,,False
shopping_30,2026-09-19,結ステーション,kajiso_vio,15:00:00,False,no_outbound_bus,,,,,,,,,,,,,,,,,,,,,,,,,False
shopping_30,2026-09-19,結ステーション,kajiso_vio,15:30:00,False,no_outbound_bus,,,,,,,,,,,,,,,,,,,,,,,,,False
shopping_30,2026-09-19,結ステーション,kajiso_vio,16:00:00,False,no_outbound_bus,,,,,,,,,,,,,,,,,,,,,,,,,False
shopping_30,2026-09-19,下庄小学校,kajiso_libre,08:00:00,True,,1+1+毎日+2,1,9_1,9,09:33:00,21_1,21,09:50:00,09:55:00,10:25:00,2+0+毎日+3,2,21_2,28,11:47:00,9_2,40,12:02:00,12:04:00,244.0,91.0,0.0,77.0,32.0,False
shopping_30,2026-09-19,下庄小学校,kajiso_libre,08:30:00,True,,1+1+毎日+2,1,9_1,9,09:33:00,21_1,21,09:50:00,09:55:00,10:25:00,2+0+毎日+3,2,21_2,28,11:47:00,9_2,40,12:02:00,12:04:00,214.0,61.0,0.0,77.0,32.0,False
shopping_30,2026-09-19,下庄小学校,kajiso_libre,09:00:00,True,,1+1+毎日+2,1,9_1,9,09:33:00,21_1,21,09:50:00,09:55:00,10:25:00,2+0+毎日+3,2,21_2,28,11:47:00,9_2,40,12:02:00,12:04:00,184.0,31.0,0.0,77.0,32.0,False
shopping_30,2026-09-19,下庄小学校,kajiso_libre,09:30:00,True,,1+1+毎日+4,1,9_1,9,13:15:00,21_1,21,13:32:00,13:37:00,14:07:00,2+0+毎日+5,2,21_2,28,16:08:00,9_2,40,16:23:00,16:25:00,415.0,223.0,0.0,116.0,32.0,False
shopping_30,2026-09-19,下庄小学校,kajiso_libre,10:00:00,True,,1+1+毎日+4,1,9_1,9,13:15:00,21_1,21,13:32:00,13:37:00,14:07:00,2+0+毎日+5,2,21_2,28,16:08:00,9_2,40,16:23:00,16:25:00,385.0,193.0,0.0,116.0,32.0,False
shopping_30,2026-09-19,下庄小学校,kajiso_libre,10:30:00,True,,1+1+毎日+4,1,9_1,9,13:15:00,21_1,21,13:32:00,13:37:00,14:07:00,2+0+毎日+5,2,21_2,28,16:08:00,9_2,40,16:23:00,16:25:00,355.0,163.0,0.0,116.0,32.0,False
shopping_30,2026-09-19,下庄小学校,kajiso_libre,11:00:00,True,,1+1+毎日+4,1,9_1,9,13:15:00,21_1,21,13:32:00,13:37:00,14:07:00,2+0+毎日+5,2,21_2,28,16:08:00,9_2,40,16:23:00,16:25:00,325.0,133.0,0.0,116.0,32.0,False
shopping_30,2026-09-19,下庄小学校,kajiso_libre,11:30:00,True,,1+1+毎日+4,1,9_1,9,13:15:00,21_1,21,13:32:00,13:37:00,14:07:00,2+0+毎日+5,2,21_2,28,16:08:00,9_2,40,16:23:00,16:25:00,295.0,103.0,0.0,116.0,32.0,False
shopping_30,2026-09-19,下庄小学校,kajiso_libre,12:00:00,True,,1+1+毎日+4,1,9_1,9,13:15:00,21_1,21,13:32:00,13:37:00,14:07:00,2+0+毎日+5,2,21_2,28,16:08:00,9_2,40,16:23:00,16:25:00,265.0,73.0,0.0,116.0,32.0,False
shopping_30,2026-09-19,下庄小学校,kajiso_libre,12:30:00,True,,1+1+毎日+4,1,9_1,9,13:15:00,21_1,21,13:32:00,13:37:00,14:07:00,2+0+毎日+5,2,21_2,28,16:08:00,9_2,40,16:23:00,16:25:00,235.0,43.0,0.0,116.0,32.0,False
shopping_30,2026-09-19,下庄小学校,kajiso_libre,13:00:00,True,,1+1+毎日+4,1,9_1,9,13:15:00,21_1,21,13:32:00,13:37:00,14:07:00,2+0+毎日+5,2,21_2,28,16:08:00,9_2,40,16:23:00,16:25:00,205.0,13.0,0.0,116.0,32.0,False
shopping_30,2026-09-19,下庄小学校,kajiso_libre,13:30:00,False,no_outbound_bus,,,,,,,,,,,,,,,,,,,,,,,,,False
shopping_30,2026-09-19,下庄小学校,kajiso_libre,14:00:00,False,no_outbound_bus,,,,,,,,,,,,,,,,,,,,,,,,,False
shopping_30,2026-09-19,下庄小学校,kajiso_libre,14:30:00,False,no_outbound_bus,,,,,,,,,,,,,,,,,,,,,,,,,False
shopping_30,2026-09-19,下庄小学校,kajiso_libre,15:00:00,False,no_outbound_bus,,,,,,,,,,,,,,,,,,,,,,,,,False
shopping_30,2026-09-19,下庄小学校,kajiso_libre,15:30:00,False,no_outbound_bus,,,,,,,,,,,,,,,,,,,,,,,,,False
shopping_30,2026-09-19,下庄小学校,kajiso_libre,16:00:00,False,no_outbound_bus,,,,,,,,,,,,,,,,,,,,,,,,,False
shopping_30,2026-09-19,下庄小学校,kajiso_vio,08:00:00,True,,1+1+毎日+2,1,9_1,9,09:33:00,25_0,32,10:13:00,10:18:00,10:48:00,2+0+毎日+3,2,25_0,17,11:19:00,9_2,40,12:02:00,12:04:00,244.0,91.0,0.0,26.0,83.0,False
shopping_30,2026-09-19,下庄小学校,kajiso_vio,08:30:00,True,,1+1+毎日+2,1,9_1,9,09:33:00,25_0,32,10:13:00,10:18:00,10:48:00,2+0+毎日+3,2,25_0,17,11:19:00,9_2,40,12:02:00,12:04:00,214.0,61.0,0.0,26.0,83.0,False
shopping_30,2026-09-19,下庄小学校,kajiso_vio,09:00:00,True,,1+1+毎日+2,1,9_1,9,09:33:00,25_0,32,10:13:00,10:18:00,10:48:00,2+0+毎日+3,2,25_0,17,11:19:00,9_2,40,12:02:00,12:04:00,184.0,31.0,0.0,26.0,83.0,False
shopping_30,2026-09-19,下庄小学校,kajiso_vio,09:30:00,True,,1+1+毎日+4,1,9_1,9,13:15:00,25_0,32,14:03:00,14:08:00,14:38:00,2+0+毎日+5,2,25_0,17,15:48:00,9_2,40,16:23:00,16:25:00,415.0,223.0,0.0,65.0,83.0,False
shopping_30,2026-09-19,下庄小学校,kajiso_vio,10:00:00,True,,1+1+毎日+4,1,9_1,9,13:15:00,25_0,32,14:03:00,14:08:00,14:38:00,2+0+毎日+5,2,25_0,17,15:48:00,9_2,40,16:23:00,16:25:00,385.0,193.0,0.0,65.0,83.0,False
shopping_30,2026-09-19,下庄小学校,kajiso_vio,10:30:00,True,,1+1+毎日+4,1,9_1,9,13:15:00,25_0,32,14:03:00,14:08:00,14:38:00,2+0+毎日+5,2,25_0,17,15:48:00,9_2,40,16:23:00,16:25:00,355.0,163.0,0.0,65.0,83.0,False
shopping_30,2026-09-19,下庄小学校,kajiso_vio,11:00:00,True,,1+1+毎日+4,1,9_1,9,13:15:00,25_0,32,14:03:00,14:08:00,14:38:00,2+0+毎日+5,2,25_0,17,15:48:00,9_2,40,16:23:00,16:25:00,325.0,133.0,0.0,65.0,83.0,False
shopping_30,2026-09-19,下庄小学校,kajiso_vio,11:30:00,True,,1+1+毎日+4,1,9_1,9,13:15:00,25_0,32,14:03:00,14:08:00,14:38:00,2+0+毎日+5,2,25_0,17,15:48:00,9_2,40,16:23:00,16:25:00,295.0,103.0,0.0,65.0,83.0,False
shopping_30,2026-09-19,下庄小学校,kajiso_vio,12:00:00,True,,1+1+毎日+4,1,9_1,9,13:15:00,25_0,32,14:03:00,14:08:00,14:38:00,2+0+毎日+5,2,25_0,17,15:48:00,9_2,40,16:23:00,16:25:00,265.0,73.0,0.0,65.0,83.0,False
shopping_30,2026-09-19,下庄小学校,kajiso_vio,12:30:00,True,,1+1+毎日+4,1,9_1,9,13:15:00,25_0,32,14:03:00,14:08:00,14:38:00,2+0+毎日+5,2,25_0,17,15:48:00,9_2,40,16:23:00,16:25:00,235.0,43.0,0.0,65.0,83.0,False
shopping_30,2026-09-19,下庄小学校,kajiso_vio,13:00:00,True,,1+1+毎日+4,1,9_1,9,13:15:00,25_0,32,14:03:00,14:08:00,14:38:00,2+0+毎日+5,2,25_0,17,15:48:00,9_2,40,16:23:00,16:25:00,205.0,13.0,0.0,65.0,83.0,False
shopping_30,2026-09-19,下庄小学校,kajiso_vio,13:30:00,False,no_outbound_bus,,,,,,,,,,,,,,,,,,,,,,,,,False
shopping_30,2026-09-19,下庄小学校,kajiso_vio,14:00:00,False,no_outbound_bus,,,,,,,,,,,,,,,,,,,,,,,,,False
shopping_30,2026-09-19,下庄小学校,kajiso_vio,14:30:00,False,no_outbound_bus,,,,,,,,,,,,,,,,,,,,,,,,,False
shopping_30,2026-09-19,下庄小学校,kajiso_vio,15:00:00,False,no_outbound_bus,,,,,,,,,,,,,,,,,,,,,,,,,False
shopping_30,2026-09-19,下庄小学校,kajiso_vio,15:30:00,False,no_outbound_bus,,,,,,,,,,,,,,,,,,,,,,,,,False
shopping_30,2026-09-19,下庄小学校,kajiso_vio,16:00:00,False,no_outbound_bus,,,,,,,,,,,,,,,,,,,,,,,,,False
shopping_30,2026-09-19,青少年教育センター,kajiso_libre,08:00:00,True,,1+1+毎日+2,1,14_1,14,09:40:00,21_1,21,09:50:00,09:55:00,10:25:00,2+0+毎日+3,2,21_2,28,11:47:00,14_2,35,11:55:00,11:57:00,237.0,98.0,0.0,77.0,18.0,False
shopping_30,2026-09-19,青少年教育センター,kajiso_libre,08:30:00,True,,1+1+毎日+2,1,14_1,14,09:40:00,21_1,21,09:50:00,09:55:00,10:25:00,2+0+毎日+3,2,21_2,28,11:47:00,14_2,35,11:55:00,11:57:00,207.0,68.0,0.0,77.0,18.0,False
shopping_30,2026-09-19,青少年教育センター,kajiso_libre,09:00:00,True,,1+1+毎日+2,1,14_1,14,09:40:00,21_1,21,09:50:00,09:55:00,10:25:00,2+0+毎日+3,2,21_2,28,11:47:00,14_2,35,11:55:00,11:57:00,177.0,38.0,0.0,77.0,18.0,True
shopping_30,2026-09-19,青少年教育センター,kajiso_libre,09:30:00,True,,1+1+毎日+2,1,14_1,14,09:40:00,21_1,21,09:50:00,09:55:00,10:25:00,2+0+毎日+3,2,21_2,28,11:47:00,14_2,35,11:55:00,11:57:00,147.0,8.0,0.0,77.0,18.0,True
shopping_30,2026-09-19,青少年教育センター,kajiso_libre,10:00:00,True,,1+1+毎日+4,1,14_1,14,13:22:00,21_1,21,13:32:00,13:37:00,14:07:00,2+0+毎日+5,2,21_2,28,16:08:00,14_2,35,16:16:00,16:18:00,378.0,200.0,0.0,116.0,18.0,False
shopping_30,2026-09-19,青少年教育センター,kajiso_libre,10:30:00,True,,1+1+毎日+4,1,14_1,14,13:22:00,21_1,21,13:32:00,13:37:00,14:07:00,2+0+毎日+5,2,21_2,28,16:08:00,14_2,35,16:16:00,16:18:00,348.0,170.0,0.0,116.0,18.0,False
shopping_30,2026-09-19,青少年教育センター,kajiso_libre,11:00:00,True,,1+1+毎日+4,1,14_1,14,13:22:00,21_1,21,13:32:00,13:37:00,14:07:00,2+0+毎日+5,2,21_2,28,16:08:00,14_2,35,16:16:00,16:18:00,318.0,140.0,0.0,116.0,18.0,False
shopping_30,2026-09-19,青少年教育センター,kajiso_libre,11:30:00,True,,1+1+毎日+4,1,14_1,14,13:22:00,21_1,21,13:32:00,13:37:00,14:07:00,2+0+毎日+5,2,21_2,28,16:08:00,14_2,35,16:16:00,16:18:00,288.0,110.0,0.0,116.0,18.0,False
shopping_30,2026-09-19,青少年教育センター,kajiso_libre,12:00:00,True,,1+1+毎日+4,1,14_1,14,13:22:00,21_1,21,13:32:00,13:37:00,14:07:00,2+0+毎日+5,2,21_2,28,16:08:00,14_2,35,16:16:00,16:18:00,258.0,80.0,0.0,116.0,18.0,False
shopping_30,2026-09-19,青少年教育センター,kajiso_libre,12:30:00,True,,1+1+毎日+4,1,14_1,14,13:22:00,21_1,21,13:32:00,13:37:00,14:07:00,2+0+毎日+5,2,21_2,28,16:08:00,14_2,35,16:16:00,16:18:00,228.0,50.0,0.0,116.0,18.0,False
shopping_30,2026-09-19,青少年教育センター,kajiso_libre,13:00:00,True,,1+1+毎日+4,1,14_1,14,13:22:00,21_1,21,13:32:00,13:37:00,14:07:00,2+0+毎日+5,2,21_2,28,16:08:00,14_2,35,16:16:00,16:18:00,198.0,20.0,0.0,116.0,18.0,False
shopping_30,2026-09-19,青少年教育センター,kajiso_libre,13:30:00,False,no_outbound_bus,,,,,,,,,,,,,,,,,,,,,,,,,False
shopping_30,2026-09-19,青少年教育センター,kajiso_libre,14:00:00,False,no_outbound_bus,,,,,,,,,,,,,,,,,,,,,,,,,False
shopping_30,2026-09-19,青少年教育センター,kajiso_libre,14:30:00,False,no_outbound_bus,,,,,,,,,,,,,,,,,,,,,,,,,False
shopping_30,2026-09-19,青少年教育センター,kajiso_libre,15:00:00,False,no_outbound_bus,,,,,,,,,,,,,,,,,,,,,,,,,False
shopping_30,2026-09-19,青少年教育センター,kajiso_libre,15:30:00,False,no_outbound_bus,,,,,,,,,,,,,,,,,,,,,,,,,False
shopping_30,2026-09-19,青少年教育センター,kajiso_libre,16:00:00,False,no_outbound_bus,,,,,,,,,,,,,,,,,,,,,,,,,False
shopping_30,2026-09-19,青少年教育センター,kajiso_vio,08:00:00,True,,1+1+毎日+2,1,14_1,14,09:40:00,25_0,32,10:13:00,10:18:00,10:48:00,2+0+毎日+3,2,25_0,17,11:19:00,14_2,35,11:55:00,11:57:00,237.0,98.0,0.0,26.0,69.0,False
shopping_30,2026-09-19,青少年教育センター,kajiso_vio,08:30:00,True,,1+1+毎日+2,1,14_1,14,09:40:00,25_0,32,10:13:00,10:18:00,10:48:00,2+0+毎日+3,2,25_0,17,11:19:00,14_2,35,11:55:00,11:57:00,207.0,68.0,0.0,26.0,69.0,False
shopping_30,2026-09-19,青少年教育センター,kajiso_vio,09:00:00,True,,1+1+毎日+2,1,14_1,14,09:40:00,25_0,32,10:13:00,10:18:00,10:48:00,2+0+毎日+3,2,25_0,17,11:19:00,14_2,35,11:55:00,11:57:00,177.0,38.0,0.0,26.0,69.0,True
shopping_30,2026-09-19,青少年教育センター,kajiso_vio,09:30:00,True,,1+1+毎日+2,1,14_1,14,09:40:00,25_0,32,10:13:00,10:18:00,10:48:00,2+0+毎日+3,2,25_0,17,11:19:00,14_2,35,11:55:00,11:57:00,147.0,8.0,0.0,26.0,69.0,True
shopping_30,2026-09-19,青少年教育センター,kajiso_vio,10:00:00,True,,1+1+毎日+4,1,14_1,14,13:22:00,25_0,32,14:03:00,14:08:00,14:38:00,2+0+毎日+5,2,25_0,17,15:48:00,14_2,35,16:16:00,16:18:00,378.0,200.0,0.0,65.0,69.0,False
shopping_30,2026-09-19,青少年教育センター,kajiso_vio,10:30:00,True,,1+1+毎日+4,1,14_1,14,13:22:00,25_0,32,14:03:00,14:08:00,14:38:00,2+0+毎日+5,2,25_0,17,15:48:00,14_2,35,16:16:00,16:18:00,348.0,170.0,0.0,65.0,69.0,False
shopping_30,2026-09-19,青少年教育センター,kajiso_vio,11:00:00,True,,1+1+毎日+4,1,14_1,14,13:22:00,25_0,32,14:03:00,14:08:00,14:38:00,2+0+毎日+5,2,25_0,17,15:48:00,14_2,35,16:16:00,16:18:00,318.0,140.0,0.0,65.0,69.0,False
shopping_30,2026-09-19,青少年教育センター,kajiso_vio,11:30:00,True,,1+1+毎日+4,1,14_1,14,13:22:00,25_0,32,14:03:00,14:08:00,14:38:00,2+0+毎日+5,2,25_0,17,15:48:00,14_2,35,16:16:00,16:18:00,288.0,110.0,0.0,65.0,69.0,False
shopping_30,2026-09-19,青少年教育センター,kajiso_vio,12:00:00,True,,1+1+毎日+4,1,14_1,14,13:22:00,25_0,32,14:03:00,14:08:00,14:38:00,2+0+毎日+5,2,25_0,17,15:48:00,14_2,35,16:16:00,16:18:00,258.0,80.0,0.0,65.0,69.0,False
shopping_30,2026-09-19,青少年教育センター,kajiso_vio,12:30:00,True,,1+1+毎日+4,1,14_1,14,13:22:00,25_0,32,14:03:00,14:08:00,14:38:00,2+0+毎日+5,2,25_0,17,15:48:00,14_2,35,16:16:00,16:18:00,228.0,50.0,0.0,65.0,69.0,False
shopping_30,2026-09-19,青少年教育センター,kajiso_vio,13:00:00,True,,1+1+毎日+4,1,14_1,14,13:22:00,25_0,32,14:03:00,14:08:00,14:38:00,2+0+毎日+5,2,25_0,17,15:48:00,14_2,35,16:16:00,16:18:00,198.0,20.0,0.0,65.0,69.0,False
shopping_30,2026-09-19,青少年教育センター,kajiso_vio,13:30:00,False,no_outbound_bus,,,,,,,,,,,,,,,,,,,,,,,,,False
shopping_30,2026-09-19,青少年教育センター,kajiso_vio,14:00:00,False,no_outbound_bus,,,,,,,,,,,,,,,,,,,,,,,,,False
shopping_30,2026-09-19,青少年教育センター,kajiso_vio,14:30:00,False,no_outbound_bus,,,,,,,,,,,,,,,,,,,,,,,,,False
shopping_30,2026-09-19,青少年教育センター,kajiso_vio,15:00:00,False,no_outbound_bus,,,,,,,,,,,,,,,,,,,,,,,,,False
shopping_30,2026-09-19,青少年教育センター,kajiso_vio,15:30:00,False,no_outbound_bus,,,,,,,,,,,,,,,,,,,,,,,,,False
shopping_30,2026-09-19,青少年教育センター,kajiso_vio,16:00:00,False,no_outbound_bus,,,,,,,,,,,,,,,,,,,,,,,,,False
shopping_30,2026-09-19,陽明中学校口,kajiso_libre,08:00:00,True,,1+1+毎日+2,1,17_1,17,09:46:00,21_1,21,09:50:00,09:55:00,10:25:00,2+0+毎日+3,2,21_2,28,11:47:00,17_2,32,11:51:00,11:53:00,233.0,104.0,0.0,77.0,8.0,False
shopping_30,2026-09-19,陽明中学校口,kajiso_libre,08:30:00,True,,1+1+毎日+2,1,17_1,17,09:46:00,21_1,21,09:50:00,09:55:00,10:25:00,2+0+毎日+3,2,21_2,28,11:47:00,17_2,32,11:51:00,11:53:00,203.0,74.0,0.0,77.0,8.0,False
shopping_30,2026-09-19,陽明中学校口,kajiso_libre,09:00:00,True,,1+1+毎日+2,1,17_1,17,09:46:00,21_1,21,09:50:00,09:55:00,10:25:00,2+0+毎日+3,2,21_2,28,11:47:00,17_2,32,11:51:00,11:53:00,173.0,44.0,0.0,77.0,8.0,True
shopping_30,2026-09-19,陽明中学校口,kajiso_libre,09:30:00,True,,1+1+毎日+2,1,17_1,17,09:46:00,21_1,21,09:50:00,09:55:00,10:25:00,2+0+毎日+3,2,21_2,28,11:47:00,17_2,32,11:51:00,11:53:00,143.0,14.0,0.0,77.0,8.0,True
shopping_30,2026-09-19,陽明中学校口,kajiso_libre,10:00:00,True,,1+1+毎日+4,1,17_1,17,13:28:00,21_1,21,13:32:00,13:37:00,14:07:00,2+0+毎日+5,2,21_2,28,16:08:00,17_2,32,16:12:00,16:14:00,374.0,206.0,0.0,116.0,8.0,False
shopping_30,2026-09-19,陽明中学校口,kajiso_libre,10:30:00,True,,1+1+毎日+4,1,17_1,17,13:28:00,21_1,21,13:32:00,13:37:00,14:07:00,2+0+毎日+5,2,21_2,28,16:08:00,17_2,32,16:12:00,16:14:00,344.0,176.0,0.0,116.0,8.0,False
shopping_30,2026-09-19,陽明中学校口,kajiso_libre,11:00:00,True,,1+1+毎日+4,1,17_1,17,13:28:00,21_1,21,13:32:00,13:37:00,14:07:00,2+0+毎日+5,2,21_2,28,16:08:00,17_2,32,16:12:00,16:14:00,314.0,146.0,0.0,116.0,8.0,False
shopping_30,2026-09-19,陽明中学校口,kajiso_libre,11:30:00,True,,1+1+毎日+4,1,17_1,17,13:28:00,21_1,21,13:32:00,13:37:00,14:07:00,2+0+毎日+5,2,21_2,28,16:08:00,17_2,32,16:12:00,16:14:00,284.0,116.0,0.0,116.0,8.0,False
shopping_30,2026-09-19,陽明中学校口,kajiso_libre,12:00:00,True,,1+1+毎日+4,1,17_1,17,13:28:00,21_1,21,13:32:00,13:37:00,14:07:00,2+0+毎日+5,2,21_2,28,16:08:00,17_2,32,16:12:00,16:14:00,254.0,86.0,0.0,116.0,8.0,False
shopping_30,2026-09-19,陽明中学校口,kajiso_libre,12:30:00,True,,1+1+毎日+4,1,17_1,17,13:28:00,21_1,21,13:32:00,13:37:00,14:07:00,2+0+毎日+5,2,21_2,28,16:08:00,17_2,32,16:12:00,16:14:00,224.0,56.0,0.0,116.0,8.0,False
shopping_30,2026-09-19,陽明中学校口,kajiso_libre,13:00:00,True,,1+1+毎日+4,1,17_1,17,13:28:00,21_1,21,13:32:00,13:37:00,14:07:00,2+0+毎日+5,2,21_2,28,16:08:00,17_2,32,16:12:00,16:14:00,194.0,26.0,0.0,116.0,8.0,False
shopping_30,2026-09-19,陽明中学校口,kajiso_libre,13:30:00,False,no_outbound_bus,,,,,,,,,,,,,,,,,,,,,,,,,False
shopping_30,2026-09-19,陽明中学校口,kajiso_libre,14:00:00,False,no_outbound_bus,,,,,,,,,,,,,,,,,,,,,,,,,False
shopping_30,2026-09-19,陽明中学校口,kajiso_libre,14:30:00,False,no_outbound_bus,,,,,,,,,,,,,,,,,,,,,,,,,False
shopping_30,2026-09-19,陽明中学校口,kajiso_libre,15:00:00,False,no_outbound_bus,,,,,,,,,,,,,,,,,,,,,,,,,False
shopping_30,2026-09-19,陽明中学校口,kajiso_libre,15:30:00,False,no_outbound_bus,,,,,,,,,,,,,,,,,,,,,,,,,False
shopping_30,2026-09-19,陽明中学校口,kajiso_libre,16:00:00,False,no_outbound_bus,,,,,,,,,,,,,,,,,,,,,,,,,False
shopping_30,2026-09-19,陽明中学校口,kajiso_vio,08:00:00,True,,1+1+毎日+2,1,17_1,17,09:46:00,25_0,32,10:13:00,10:18:00,10:48:00,2+0+毎日+3,2,25_0,17,11:19:00,17_2,32,11:51:00,11:53:00,233.0,104.0,0.0,26.0,59.0,False
shopping_30,2026-09-19,陽明中学校口,kajiso_vio,08:30:00,True,,1+1+毎日+2,1,17_1,17,09:46:00,25_0,32,10:13:00,10:18:00,10:48:00,2+0+毎日+3,2,25_0,17,11:19:00,17_2,32,11:51:00,11:53:00,203.0,74.0,0.0,26.0,59.0,False
shopping_30,2026-09-19,陽明中学校口,kajiso_vio,09:00:00,True,,1+1+毎日+2,1,17_1,17,09:46:00,25_0,32,10:13:00,10:18:00,10:48:00,2+0+毎日+3,2,25_0,17,11:19:00,17_2,32,11:51:00,11:53:00,173.0,44.0,0.0,26.0,59.0,True
shopping_30,2026-09-19,陽明中学校口,kajiso_vio,09:30:00,True,,1+1+毎日+2,1,17_1,17,09:46:00,25_0,32,10:13:00,10:18:00,10:48:00,2+0+毎日+3,2,25_0,17,11:19:00,17_2,32,11:51:00,11:53:00,143.0,14.0,0.0,26.0,59.0,True
shopping_30,2026-09-19,陽明中学校口,kajiso_vio,10:00:00,True,,1+1+毎日+4,1,17_1,17,13:28:00,25_0,32,14:03:00,14:08:00,14:38:00,2+0+毎日+5,2,25_0,17,15:48:00,17_2,32,16:12:00,16:14:00,374.0,206.0,0.0,65.0,59.0,False
shopping_30,2026-09-19,陽明中学校口,kajiso_vio,10:30:00,True,,1+1+毎日+4,1,17_1,17,13:28:00,25_0,32,14:03:00,14:08:00,14:38:00,2+0+毎日+5,2,25_0,17,15:48:00,17_2,32,16:12:00,16:14:00,344.0,176.0,0.0,65.0,59.0,False
shopping_30,2026-09-19,陽明中学校口,kajiso_vio,11:00:00,True,,1+1+毎日+4,1,17_1,17,13:28:00,25_0,32,14:03:00,14:08:00,14:38:00,2+0+毎日+5,2,25_0,17,15:48:00,17_2,32,16:12:00,16:14:00,314.0,146.0,0.0,65.0,59.0,False
shopping_30,2026-09-19,陽明中学校口,kajiso_vio,11:30:00,True,,1+1+毎日+4,1,17_1,17,13:28:00,25_0,32,14:03:00,14:08:00,14:38:00,2+0+毎日+5,2,25_0,17,15:48:00,17_2,32,16:12:00,16:14:00,284.0,116.0,0.0,65.0,59.0,False
shopping_30,2026-09-19,陽明中学校口,kajiso_vio,12:00:00,True,,1+1+毎日+4,1,17_1,17,13:28:00,25_0,32,14:03:00,14:08:00,14:38:00,2+0+毎日+5,2,25_0,17,15:48:00,17_2,32,16:12:00,16:14:00,254.0,86.0,0.0,65.0,59.0,False
shopping_30,2026-09-19,陽明中学校口,kajiso_vio,12:30:00,True,,1+1+毎日+4,1,17_1,17,13:28:00,25_0,32,14:03:00,14:08:00,14:38:00,2+0+毎日+5,2,25_0,17,15:48:00,17_2,32,16:12:00,16:14:00,224.0,56.0,0.0,65.0,59.0,False
shopping_30,2026-09-19,陽明中学校口,kajiso_vio,13:00:00,True,,1+1+毎日+4,1,17_1,17,13:28:00,25_0,32,14:03:00,14:08:00,14:38:00,2+0+毎日+5,2,25_0,17,15:48:00,17_2,32,16:12:00,16:14:00,194.0,26.0,0.0,65.0,59.0,False
shopping_30,2026-09-19,陽明中学校口,kajiso_vio,13:30:00,False,no_outbound_bus,,,,,,,,,,,,,,,,,,,,,,,,,False
shopping_30,2026-09-19,陽明中学校口,kajiso_vio,14:00:00,False,no_outbound_bus,,,,,,,,,,,,,,,,,,,,,,,,,False
shopping_30,2026-09-19,陽明中学校口,kajiso_vio,14:30:00,False,no_outbound_bus,,,,,,,,,,,,,,,,,,,,,,,,,False
shopping_30,2026-09-19,陽明中学校口,kajiso_vio,15:00:00,False,no_outbound_bus,,,,,,,,,,,,,,,,,,,,,,,,,False
shopping_30,2026-09-19,陽明中学校口,kajiso_vio,15:30:00,False,no_outbound_bus,,,,,,,,,,,,,,,,,,,,,,,,,False
shopping_30,2026-09-19,陽明中学校口,kajiso_vio,16:00:00,False,no_outbound_bus,,,,,,,,,,,,,,,,,,,,,,,,,False
shopping_30,2026-09-19,さくら公園,kajiso_libre,08:00:00,True,,1+1+毎日+2,1,19_1,19,09:48:00,21_1,21,09:50:00,09:55:00,10:25:00,2+0+毎日+3,2,21_2,28,11:47:00,19_2,30,11:49:00,11:51:00,231.0,106.0,0.0,77.0,4.0,False
shopping_30,2026-09-19,さくら公園,kajiso_libre,08:30:00,True,,1+1+毎日+2,1,19_1,19,09:48:00,21_1,21,09:50:00,09:55:00,10:25:00,2+0+毎日+3,2,21_2,28,11:47:00,19_2,30,11:49:00,11:51:00,201.0,76.0,0.0,77.0,4.0,False
shopping_30,2026-09-19,さくら公園,kajiso_libre,09:00:00,True,,1+1+毎日+2,1,19_1,19,09:48:00,21_1,21,09:50:00,09:55:00,10:25:00,2+0+毎日+3,2,21_2,28,11:47:00,19_2,30,11:49:00,11:51:00,171.0,46.0,0.0,77.0,4.0,True
shopping_30,2026-09-19,さくら公園,kajiso_libre,09:30:00,True,,1+1+毎日+2,1,19_1,19,09:48:00,21_1,21,09:50:00,09:55:00,10:25:00,2+0+毎日+3,2,21_2,28,11:47:00,19_2,30,11:49:00,11:51:00,141.0,16.0,0.0,77.0,4.0,True
shopping_30,2026-09-19,さくら公園,kajiso_libre,10:00:00,True,,1+1+毎日+4,1,19_1,19,13:30:00,21_1,21,13:32:00,13:37:00,14:07:00,2+0+毎日+5,2,21_2,28,16:08:00,19_2,30,16:10:00,16:12:00,372.0,208.0,0.0,116.0,4.0,False
shopping_30,2026-09-19,さくら公園,kajiso_libre,10:30:00,True,,1+1+毎日+4,1,19_1,19,13:30:00,21_1,21,13:32:00,13:37:00,14:07:00,2+0+毎日+5,2,21_2,28,16:08:00,19_2,30,16:10:00,16:12:00,342.0,178.0,0.0,116.0,4.0,False
shopping_30,2026-09-19,さくら公園,kajiso_libre,11:00:00,True,,1+1+毎日+4,1,19_1,19,13:30:00,21_1,21,13:32:00,13:37:00,14:07:00,2+0+毎日+5,2,21_2,28,16:08:00,19_2,30,16:10:00,16:12:00,312.0,148.0,0.0,116.0,4.0,False
shopping_30,2026-09-19,さくら公園,kajiso_libre,11:30:00,True,,1+1+毎日+4,1,19_1,19,13:30:00,21_1,21,13:32:00,13:37:00,14:07:00,2+0+毎日+5,2,21_2,28,16:08:00,19_2,30,16:10:00,16:12:00,282.0,118.0,0.0,116.0,4.0,False
shopping_30,2026-09-19,さくら公園,kajiso_libre,12:00:00,True,,1+1+毎日+4,1,19_1,19,13:30:00,21_1,21,13:32:00,13:37:00,14:07:00,2+0+毎日+5,2,21_2,28,16:08:00,19_2,30,16:10:00,16:12:00,252.0,88.0,0.0,116.0,4.0,False
shopping_30,2026-09-19,さくら公園,kajiso_libre,12:30:00,True,,1+1+毎日+4,1,19_1,19,13:30:00,21_1,21,13:32:00,13:37:00,14:07:00,2+0+毎日+5,2,21_2,28,16:08:00,19_2,30,16:10:00,16:12:00,222.0,58.0,0.0,116.0,4.0,False
shopping_30,2026-09-19,さくら公園,kajiso_libre,13:00:00,True,,1+1+毎日+4,1,19_1,19,13:30:00,21_1,21,13:32:00,13:37:00,14:07:00,2+0+毎日+5,2,21_2,28,16:08:00,19_2,30,16:10:00,16:12:00,192.0,28.0,0.0,116.0,4.0,False
shopping_30,2026-09-19,さくら公園,kajiso_libre,13:30:00,False,no_outbound_bus,,,,,,,,,,,,,,,,,,,,,,,,,False
shopping_30,2026-09-19,さくら公園,kajiso_libre,14:00:00,False,no_outbound_bus,,,,,,,,,,,,,,,,,,,,,,,,,False
shopping_30,2026-09-19,さくら公園,kajiso_libre,14:30:00,False,no_outbound_bus,,,,,,,,,,,,,,,,,,,,,,,,,False
shopping_30,2026-09-19,さくら公園,kajiso_libre,15:00:00,False,no_outbound_bus,,,,,,,,,,,,,,,,,,,,,,,,,False
shopping_30,2026-09-19,さくら公園,kajiso_libre,15:30:00,False,no_outbound_bus,,,,,,,,,,,,,,,,,,,,,,,,,False
shopping_30,2026-09-19,さくら公園,kajiso_libre,16:00:00,False,no_outbound_bus,,,,,,,,,,,,,,,,,,,,,,,,,False
shopping_30,2026-09-19,さくら公園,kajiso_vio,08:00:00,True,,1+1+毎日+2,1,19_1,19,09:48:00,25_0,32,10:13:00,10:18:00,10:48:00,2+0+毎日+3,2,25_0,17,11:19:00,19_2,30,11:49:00,11:51:00,231.0,106.0,0.0,26.0,55.0,False
shopping_30,2026-09-19,さくら公園,kajiso_vio,08:30:00,True,,1+1+毎日+2,1,19_1,19,09:48:00,25_0,32,10:13:00,10:18:00,10:48:00,2+0+毎日+3,2,25_0,17,11:19:00,19_2,30,11:49:00,11:51:00,201.0,76.0,0.0,26.0,55.0,False
shopping_30,2026-09-19,さくら公園,kajiso_vio,09:00:00,True,,1+1+毎日+2,1,19_1,19,09:48:00,25_0,32,10:13:00,10:18:00,10:48:00,2+0+毎日+3,2,25_0,17,11:19:00,19_2,30,11:49:00,11:51:00,171.0,46.0,0.0,26.0,55.0,True
shopping_30,2026-09-19,さくら公園,kajiso_vio,09:30:00,True,,1+1+毎日+2,1,19_1,19,09:48:00,25_0,32,10:13:00,10:18:00,10:48:00,2+0+毎日+3,2,25_0,17,11:19:00,19_2,30,11:49:00,11:51:00,141.0,16.0,0.0,26.0,55.0,True
shopping_30,2026-09-19,さくら公園,kajiso_vio,10:00:00,True,,1+1+毎日+4,1,19_1,19,13:30:00,25_0,32,14:03:00,14:08:00,14:38:00,2+0+毎日+5,2,25_0,17,15:48:00,19_2,30,16:10:00,16:12:00,372.0,208.0,0.0,65.0,55.0,False
shopping_30,2026-09-19,さくら公園,kajiso_vio,10:30:00,True,,1+1+毎日+4,1,19_1,19,13:30:00,25_0,32,14:03:00,14:08:00,14:38:00,2+0+毎日+5,2,25_0,17,15:48:00,19_2,30,16:10:00,16:12:00,342.0,178.0,0.0,65.0,55.0,False
shopping_30,2026-09-19,さくら公園,kajiso_vio,11:00:00,True,,1+1+毎日+4,1,19_1,19,13:30:00,25_0,32,14:03:00,14:08:00,14:38:00,2+0+毎日+5,2,25_0,17,15:48:00,19_2,30,16:10:00,16:12:00,312.0,148.0,0.0,65.0,55.0,False
shopping_30,2026-09-19,さくら公園,kajiso_vio,11:30:00,True,,1+1+毎日+4,1,19_1,19,13:30:00,25_0,32,14:03:00,14:08:00,14:38:00,2+0+毎日+5,2,25_0,17,15:48:00,19_2,30,16:10:00,16:12:00,282.0,118.0,0.0,65.0,55.0,False
shopping_30,2026-09-19,さくら公園,kajiso_vio,12:00:00,True,,1+1+毎日+4,1,19_1,19,13:30:00,25_0,32,14:03:00,14:08:00,14:38:00,2+0+毎日+5,2,25_0,17,15:48:00,19_2,30,16:10:00,16:12:00,252.0,88.0,0.0,65.0,55.0,False
shopping_30,2026-09-19,さくら公園,kajiso_vio,12:30:00,True,,1+1+毎日+4,1,19_1,19,13:30:00,25_0,32,14:03:00,14:08:00,14:38:00,2+0+毎日+5,2,25_0,17,15:48:00,19_2,30,16:10:00,16:12:00,222.0,58.0,0.0,65.0,55.0,False
shopping_30,2026-09-19,さくら公園,kajiso_vio,13:00:00,True,,1+1+毎日+4,1,19_1,19,13:30:00,25_0,32,14:03:00,14:08:00,14:38:00,2+0+毎日+5,2,25_0,17,15:48:00,19_2,30,16:10:00,16:12:00,192.0,28.0,0.0,65.0,55.0,False
shopping_30,2026-09-19,さくら公園,kajiso_vio,13:30:00,False,no_outbound_bus,,,,,,,,,,,,,,,,,,,,,,,,,False
shopping_30,2026-09-19,さくら公園,kajiso_vio,14:00:00,False,no_outbound_bus,,,,,,,,,,,,,,,,,,,,,,,,,False
shopping_30,2026-09-19,さくら公園,kajiso_vio,14:30:00,False,no_outbound_bus,,,,,,,,,,,,,,,,,,,,,,,,,False
shopping_30,2026-09-19,さくら公園,kajiso_vio,15:00:00,False,no_outbound_bus,,,,,,,,,,,,,,,,,,,,,,,,,False
shopping_30,2026-09-19,さくら公園,kajiso_vio,15:30:00,False,no_outbound_bus,,,,,,,,,,,,,,,,,,,,,,,,,False
shopping_30,2026-09-19,さくら公園,kajiso_vio,16:00:00,False,no_outbound_bus,,,,,,,,,,,,,,,,,,,,,,,,,False
shopping_30,2026-09-19,わかくさ,kajiso_libre,08:00:00,True,,2+0+毎日+3,2,22_2,27,11:46:00,21_2,28,11:47:00,11:52:00,12:22:00,1+1+毎日+4,1,21_1,21,13:32:00,22_1,22,13:33:00,13:35:00,335.0,224.0,0.0,65.0,2.0,False
shopping_30,2026-09-19,わかくさ,kajiso_libre,08:30:00,True,,2+0+毎日+3,2,22_2,27,11:46:00,21_2,28,11:47:00,11:52:00,12:22:00,1+1+毎日+4,1,21_1,21,13:32:00,22_1,22,13:33:00,13:35:00,305.0,194.0,0.0,65.0,2.0,False
shopping_30,2026-09-19,わかくさ,kajiso_libre,09:00:00,True,,2+0+毎日+3,2,22_2,27,11:46:00,21_2,28,11:47:00,11:52:00,12:22:00,1+1+毎日+4,1,21_1,21,13:32:00,22_1,22,13:33:00,13:35:00,275.0,164.0,0.0,65.0,2.0,False
shopping_30,2026-09-19,わかくさ,kajiso_libre,09:30:00,True,,2+0+毎日+3,2,22_2,27,11:46:00,21_2,28,11:47:00,11:52:00,12:22:00,1+1+毎日+4,1,21_1,21,13:32:00,22_1,22,13:33:00,13:35:00,245.0,134.0,0.0,65.0,2.0,False
shopping_30,2026-09-19,わかくさ,kajiso_libre,10:00:00,True,,2+0+毎日+3,2,22_2,27,11:46:00,21_2,28,11:47:00,11:52:00,12:22:00,1+1+毎日+4,1,21_1,21,13:32:00,22_1,22,13:33:00,13:35:00,215.0,104.0,0.0,65.0,2.0,False
shopping_30,2026-09-19,わかくさ,kajiso_libre,10:30:00,True,,2+0+毎日+3,2,22_2,27,11:46:00,21_2,28,11:47:00,11:52:00,12:22:00,1+1+毎日+4,1,21_1,21,13:32:00,22_1,22,13:33:00,13:35:00,185.0,74.0,0.0,65.0,2.0,False
shopping_30,2026-09-19,わかくさ,kajiso_libre,11:00:00,True,,2+0+毎日+3,2,22_2,27,11:46:00,21_2,28,11:47:00,11:52:00,12:22:00,1+1+毎日+4,1,21_1,21,13:32:00,22_1,22,13:33:00,13:35:00,155.0,44.0,0.0,65.0,2.0,True
shopping_30,2026-09-19,わかくさ,kajiso_libre,11:30:00,True,,2+0+毎日+3,2,22_2,27,11:46:00,21_2,28,11:47:00,11:52:00,12:22:00,1+1+毎日+4,1,21_1,21,13:32:00,22_1,22,13:33:00,13:35:00,125.0,14.0,0.0,65.0,2.0,True
shopping_30,2026-09-19,わかくさ,kajiso_libre,12:00:00,False,no_return_by_deadline,,,,,,,,,,,,,,,,,,,,,,,,,False
shopping_30,2026-09-19,わかくさ,kajiso_libre,12:30:00,False,no_return_by_deadline,,,,,,,,,,,,,,,,,,,,,,,,,False
shopping_30,2026-09-19,わかくさ,kajiso_libre,13:00:00,False,no_return_by_deadline,,,,,,,,,,,,,,,,,,,,,,,,,False
shopping_30,2026-09-19,わかくさ,kajiso_libre,13:30:00,False,no_return_by_deadline,,,,,,,,,,,,,,,,,,,,,,,,,False
shopping_30,2026-09-19,わかくさ,kajiso_libre,14:00:00,False,no_return_by_deadline,,,,,,,,,,,,,,,,,,,,,,,,,False
shopping_30,2026-09-19,わかくさ,kajiso_libre,14:30:00,False,no_return_by_deadline,,,,,,,,,,,,,,,,,,,,,,,,,False
shopping_30,2026-09-19,わかくさ,kajiso_libre,15:00:00,False,no_return_by_deadline,,,,,,,,,,,,,,,,,,,,,,,,,False
shopping_30,2026-09-19,わかくさ,kajiso_libre,15:30:00,False,no_return_by_deadline,,,,,,,,,,,,,,,,,,,,,,,,,False
shopping_30,2026-09-19,わかくさ,kajiso_libre,16:00:00,False,no_return_by_deadline,,,,,,,,,,,,,,,,,,,,,,,,,False
shopping_30,2026-09-19,わかくさ,kajiso_vio,08:00:00,True,,1+1+毎日+2,1,22_1,22,09:51:00,25_0,32,10:13:00,10:18:00,10:48:00,2+0+毎日+3,2,25_0,17,11:19:00,22_2,27,11:46:00,11:48:00,228.0,109.0,0.0,26.0,49.0,False
shopping_30,2026-09-19,わかくさ,kajiso_vio,08:30:00,True,,1+1+毎日+2,1,22_1,22,09:51:00,25_0,32,10:13:00,10:18:00,10:48:00,2+0+毎日+3,2,25_0,17,11:19:00,22_2,27,11:46:00,11:48:00,198.0,79.0,0.0,26.0,49.0,False
shopping_30,2026-09-19,わかくさ,kajiso_vio,09:00:00,True,,1+1+毎日+2,1,22_1,22,09:51:00,25_0,32,10:13:00,10:18:00,10:48:00,2+0+毎日+3,2,25_0,17,11:19:00,22_2,27,11:46:00,11:48:00,168.0,49.0,0.0,26.0,49.0,True
shopping_30,2026-09-19,わかくさ,kajiso_vio,09:30:00,True,,1+1+毎日+2,1,22_1,22,09:51:00,25_0,32,10:13:00,10:18:00,10:48:00,2+0+毎日+3,2,25_0,17,11:19:00,22_2,27,11:46:00,11:48:00,138.0,19.0,0.0,26.0,49.0,True
shopping_30,2026-09-19,わかくさ,kajiso_vio,10:00:00,True,,1+1+毎日+4,1,22_1,22,13:33:00,25_0,32,14:03:00,14:08:00,14:38:00,2+0+毎日+5,2,25_0,17,15:48:00,22_2,27,16:07:00,16:09:00,369.0,211.0,0.0,65.0,49.0,False
shopping_30,2026-09-19,わかくさ,kajiso_vio,10:30:00,True,,1+1+毎日+4,1,22_1,22,13:33:00,25_0,32,14:03:00,14:08:00,14:38:00,2+0+毎日+5,2,25_0,17,15:48:00,22_2,27,16:07:00,16:09:00,339.0,181.0,0.0,65.0,49.0,False
shopping_30,2026-09-19,わかくさ,kajiso_vio,11:00:00,True,,1+1+毎日+4,1,22_1,22,13:33:00,25_0,32,14:03:00,14:08:00,14:38:00,2+0+毎日+5,2,25_0,17,15:48:00,22_2,27,16:07:00,16:09:00,309.0,151.0,0.0,65.0,49.0,False
shopping_30,2026-09-19,わかくさ,kajiso_vio,11:30:00,True,,1+1+毎日+4,1,22_1,22,13:33:00,25_0,32,14:03:00,14:08:00,14:38:00,2+0+毎日+5,2,25_0,17,15:48:00,22_2,27,16:07:00,16:09:00,279.0,121.0,0.0,65.0,49.0,False
shopping_30,2026-09-19,わかくさ,kajiso_vio,12:00:00,True,,1+1+毎日+4,1,22_1,22,13:33:00,25_0,32,14:03:00,14:08:00,14:38:00,2+0+毎日+5,2,25_0,17,15:48:00,22_2,27,16:07:00,16:09:00,249.0,91.0,0.0,65.0,49.0,False
shopping_30,2026-09-19,わかくさ,kajiso_vio,12:30:00,True,,1+1+毎日+4,1,22_1,22,13:33:00,25_0,32,14:03:00,14:08:00,14:38:00,2+0+毎日+5,2,25_0,17,15:48:00,22_2,27,16:07:00,16:09:00,219.0,61.0,0.0,65.0,49.0,False
shopping_30,2026-09-19,わかくさ,kajiso_vio,13:00:00,True,,1+1+毎日+4,1,22_1,22,13:33:00,25_0,32,14:03:00,14:08:00,14:38:00,2+0+毎日+5,2,25_0,17,15:48:00,22_2,27,16:07:00,16:09:00,189.0,31.0,0.0,65.0,49.0,False
shopping_30,2026-09-19,わかくさ,kajiso_vio,13:30:00,False,no_outbound_bus,,,,,,,,,,,,,,,,,,,,,,,,,False
shopping_30,2026-09-19,わかくさ,kajiso_vio,14:00:00,False,no_outbound_bus,,,,,,,,,,,,,,,,,,,,,,,,,False
shopping_30,2026-09-19,わかくさ,kajiso_vio,14:30:00,False,no_outbound_bus,,,,,,,,,,,,,,,,,,,,,,,,,False
shopping_30,2026-09-19,わかくさ,kajiso_vio,15:00:00,False,no_outbound_bus,,,,,,,,,,,,,,,,,,,,,,,,,False
shopping_30,2026-09-19,わかくさ,kajiso_vio,15:30:00,False,no_outbound_bus,,,,,,,,,,,,,,,,,,,,,,,,,False
shopping_30,2026-09-19,わかくさ,kajiso_vio,16:00:00,False,no_outbound_bus,,,,,,,,,,,,,,,,,,,,,,,,,False
shopping_30,2026-09-19,篠座,kajiso_libre,08:00:00,True,,2+0+毎日+3,2,29_2,13,11:12:00,21_2,28,11:47:00,11:52:00,12:22:00,1+1+毎日+4,1,21_1,21,13:32:00,29_1,36,14:11:00,14:13:00,373.0,190.0,0.0,65.0,74.0,False
shopping_30,2026-09-19,篠座,kajiso_libre,08:30:00,True,,2+0+毎日+3,2,29_2,13,11:12:00,21_2,28,11:47:00,11:52:00,12:22:00,1+1+毎日+4,1,21_1,21,13:32:00,29_1,36,14:11:00,14:13:00,343.0,160.0,0.0,65.0,74.0,False
shopping_30,2026-09-19,篠座,kajiso_libre,09:00:00,True,,2+0+毎日+3,2,29_2,13,11:12:00,21_2,28,11:47:00,11:52:00,12:22:00,1+1+毎日+4,1,21_1,21,13:32:00,29_1,36,14:11:00,14:13:00,313.0,130.0,0.0,65.0,74.0,False
shopping_30,2026-09-19,篠座,kajiso_libre,09:30:00,True,,2+0+毎日+3,2,29_2,13,11:12:00,21_2,28,11:47:00,11:52:00,12:22:00,1+1+毎日+4,1,21_1,21,13:32:00,29_1,36,14:11:00,14:13:00,283.0,100.0,0.0,65.0,74.0,False
shopping_30,2026-09-19,篠座,kajiso_libre,10:00:00,True,,2+0+毎日+3,2,29_2,13,11:12:00,21_2,28,11:47:00,11:52:00,12:22:00,1+1+毎日+4,1,21_1,21,13:32:00,29_1,36,14:11:00,14:13:00,253.0,70.0,0.0,65.0,74.0,False
shopping_30,2026-09-19,篠座,kajiso_libre,10:30:00,True,,2+0+毎日+3,2,29_2,13,11:12:00,21_2,28,11:47:00,11:52:00,12:22:00,1+1+毎日+4,1,21_1,21,13:32:00,29_1,36,14:11:00,14:13:00,223.0,40.0,0.0,65.0,74.0,False
shopping_30,2026-09-19,篠座,kajiso_libre,11:00:00,True,,2+0+毎日+3,2,29_2,13,11:12:00,21_2,28,11:47:00,11:52:00,12:22:00,1+1+毎日+4,1,21_1,21,13:32:00,29_1,36,14:11:00,14:13:00,193.0,10.0,0.0,65.0,74.0,False
shopping_30,2026-09-19,篠座,kajiso_libre,11:30:00,False,no_return_by_deadline,,,,,,,,,,,,,,,,,,,,,,,,,False
shopping_30,2026-09-19,篠座,kajiso_libre,12:00:00,False,no_return_by_deadline,,,,,,,,,,,,,,,,,,,,,,,,,False
shopping_30,2026-09-19,篠座,kajiso_libre,12:30:00,False,no_return_by_deadline,,,,,,,,,,,,,,,,,,,,,,,,,False
shopping_30,2026-09-19,篠座,kajiso_libre,13:00:00,False,no_return_by_deadline,,,,,,,,,,,,,,,,,,,,,,,,,False
shopping_30,2026-09-19,篠座,kajiso_libre,13:30:00,False,no_return_by_deadline,,,,,,,,,,,,,,,,,,,,,,,,,False
shopping_30,2026-09-19,篠座,kajiso_libre,14:00:00,False,no_return_by_deadline,,,,,,,,,,,,,,,,,,,,,,,,,False
shopping_30,2026-09-19,篠座,kajiso_libre,14:30:00,False,no_return_by_deadline,,,,,,,,,,,,,,,,,,,,,,,,,False
shopping_30,2026-09-19,篠座,kajiso_libre,15:00:00,False,no_return_by_deadline,,,,,,,,,,,,,,,,,,,,,,,,,False
shopping_30,2026-09-19,篠座,kajiso_libre,15:30:00,False,no_return_by_deadline,,,,,,,,,,,,,,,,,,,,,,,,,False
shopping_30,2026-09-19,篠座,kajiso_libre,16:00:00,False,no_outbound_bus,,,,,,,,,,,,,,,,,,,,,,,,,False
shopping_30,2026-09-19,篠座,kajiso_vio,08:00:00,True,,2+0+毎日+3,2,29_2,13,11:12:00,25_0,17,11:19:00,11:24:00,11:54:00,1+1+毎日+4,1,25_0,32,14:03:00,29_1,36,14:11:00,14:13:00,373.0,190.0,0.0,124.0,15.0,False
shopping_30,2026-09-19,篠座,kajiso_vio,08:30:00,True,,2+0+毎日+3,2,29_2,13,11:12:00,25_0,17,11:19:00,11:24:00,11:54:00,1+1+毎日+4,1,25_0,32,14:03:00,29_1,36,14:11:00,14:13:00,343.0,160.0,0.0,124.0,15.0,False
shopping_30,2026-09-19,篠座,kajiso_vio,09:00:00,True,,2+0+毎日+3,2,29_2,13,11:12:00,25_0,17,11:19:00,11:24:00,11:54:00,1+1+毎日+4,1,25_0,32,14:03:00,29_1,36,14:11:00,14:13:00,313.0,130.0,0.0,124.0,15.0,False
shopping_30,2026-09-19,篠座,kajiso_vio,09:30:00,True,,2+0+毎日+3,2,29_2,13,11:12:00,25_0,17,11:19:00,11:24:00,11:54:00,1+1+毎日+4,1,25_0,32,14:03:00,29_1,36,14:11:00,14:13:00,283.0,100.0,0.0,124.0,15.0,False
shopping_30,2026-09-19,篠座,kajiso_vio,10:00:00,True,,2+0+毎日+3,2,29_2,13,11:12:00,25_0,17,11:19:00,11:24:00,11:54:00,1+1+毎日+4,1,25_0,32,14:03:00,29_1,36,14:11:00,14:13:00,253.0,70.0,0.0,124.0,15.0,False
shopping_30,2026-09-19,篠座,kajiso_vio,10:30:00,True,,2+0+毎日+3,2,29_2,13,11:12:00,25_0,17,11:19:00,11:24:00,11:54:00,1+1+毎日+4,1,25_0,32,14:03:00,29_1,36,14:11:00,14:13:00,223.0,40.0,0.0,124.0,15.0,False
shopping_30,2026-09-19,篠座,kajiso_vio,11:00:00,True,,2+0+毎日+3,2,29_2,13,11:12:00,25_0,17,11:19:00,11:24:00,11:54:00,1+1+毎日+4,1,25_0,32,14:03:00,29_1,36,14:11:00,14:13:00,193.0,10.0,0.0,124.0,15.0,False
shopping_30,2026-09-19,篠座,kajiso_vio,11:30:00,False,no_return_by_deadline,,,,,,,,,,,,,,,,,,,,,,,,,False
shopping_30,2026-09-19,篠座,kajiso_vio,12:00:00,False,no_return_by_deadline,,,,,,,,,,,,,,,,,,,,,,,,,False
shopping_30,2026-09-19,篠座,kajiso_vio,12:30:00,False,no_return_by_deadline,,,,,,,,,,,,,,,,,,,,,,,,,False
shopping_30,2026-09-19,篠座,kajiso_vio,13:00:00,False,no_return_by_deadline,,,,,,,,,,,,,,,,,,,,,,,,,False
shopping_30,2026-09-19,篠座,kajiso_vio,13:30:00,False,no_return_by_deadline,,,,,,,,,,,,,,,,,,,,,,,,,False
shopping_30,2026-09-19,篠座,kajiso_vio,14:00:00,False,no_return_by_deadline,,,,,,,,,,,,,,,,,,,,,,,,,False
shopping_30,2026-09-19,篠座,kajiso_vio,14:30:00,False,no_return_by_deadline,,,,,,,,,,,,,,,,,,,,,,,,,False
shopping_30,2026-09-19,篠座,kajiso_vio,15:00:00,False,no_return_by_deadline,,,,,,,,,,,,,,,,,,,,,,,,,False
shopping_30,2026-09-19,篠座,kajiso_vio,15:30:00,False,no_return_by_deadline,,,,,,,,,,,,,,,,,,,,,,,,,False
shopping_30,2026-09-19,篠座,kajiso_vio,16:00:00,False,no_outbound_bus,,,,,,,,,,,,,,,,,,,,,,,,,False
shopping_30,2026-09-19,いなほこども園,kajiso_libre,08:00:00,True,,2+0+毎日+3,2,33_2,9,11:08:00,21_2,28,11:47:00,11:52:00,12:22:00,1+1+毎日+4,1,21_1,21,13:32:00,33_1,40,14:15:00,14:17:00,377.0,186.0,0.0,65.0,82.0,False
shopping_30,2026-09-19,いなほこども園,kajiso_libre,08:30:00,True,,2+0+毎日+3,2,33_2,9,11:08:00,21_2,28,11:47:00,11:52:00,12:22:00,1+1+毎日+4,1,21_1,21,13:32:00,33_1,40,14:15:00,14:17:00,347.0,156.0,0.0,65.0,82.0,False
shopping_30,2026-09-19,いなほこども園,kajiso_libre,09:00:00,True,,2+0+毎日+3,2,33_2,9,11:08:00,21_2,28,11:47:00,11:52:00,12:22:00,1+1+毎日+4,1,21_1,21,13:32:00,33_1,40,14:15:00,14:17:00,317.0,126.0,0.0,65.0,82.0,False
shopping_30,2026-09-19,いなほこども園,kajiso_libre,09:30:00,True,,2+0+毎日+3,2,33_2,9,11:08:00,21_2,28,11:47:00,11:52:00,12:22:00,1+1+毎日+4,1,21_1,21,13:32:00,33_1,40,14:15:00,14:17:00,287.0,96.0,0.0,65.0,82.0,False
shopping_30,2026-09-19,いなほこども園,kajiso_libre,10:00:00,True,,2+0+毎日+3,2,33_2,9,11:08:00,21_2,28,11:47:00,11:52:00,12:22:00,1+1+毎日+4,1,21_1,21,13:32:00,33_1,40,14:15:00,14:17:00,257.0,66.0,0.0,65.0,82.0,False
shopping_30,2026-09-19,いなほこども園,kajiso_libre,10:30:00,True,,2+0+毎日+3,2,33_2,9,11:08:00,21_2,28,11:47:00,11:52:00,12:22:00,1+1+毎日+4,1,21_1,21,13:32:00,33_1,40,14:15:00,14:17:00,227.0,36.0,0.0,65.0,82.0,False
shopping_30,2026-09-19,いなほこども園,kajiso_libre,11:00:00,True,,2+0+毎日+3,2,33_2,9,11:08:00,21_2,28,11:47:00,11:52:00,12:22:00,1+1+毎日+4,1,21_1,21,13:32:00,33_1,40,14:15:00,14:17:00,197.0,6.0,0.0,65.0,82.0,False
shopping_30,2026-09-19,いなほこども園,kajiso_libre,11:30:00,False,no_return_by_deadline,,,,,,,,,,,,,,,,,,,,,,,,,False
shopping_30,2026-09-19,いなほこども園,kajiso_libre,12:00:00,False,no_return_by_deadline,,,,,,,,,,,,,,,,,,,,,,,,,False
shopping_30,2026-09-19,いなほこども園,kajiso_libre,12:30:00,False,no_return_by_deadline,,,,,,,,,,,,,,,,,,,,,,,,,False
shopping_30,2026-09-19,いなほこども園,kajiso_libre,13:00:00,False,no_return_by_deadline,,,,,,,,,,,,,,,,,,,,,,,,,False
shopping_30,2026-09-19,いなほこども園,kajiso_libre,13:30:00,False,no_return_by_deadline,,,,,,,,,,,,,,,,,,,,,,,,,False
shopping_30,2026-09-19,いなほこども園,kajiso_libre,14:00:00,False,no_return_by_deadline,,,,,,,,,,,,,,,,,,,,,,,,,False
shopping_30,2026-09-19,いなほこども園,kajiso_libre,14:30:00,False,no_return_by_deadline,,,,,,,,,,,,,,,,,,,,,,,,,False
shopping_30,2026-09-19,いなほこども園,kajiso_libre,15:00:00,False,no_return_by_deadline,,,,,,,,,,,,,,,,,,,,,,,,,False
shopping_30,2026-09-19,いなほこども園,kajiso_libre,15:30:00,False,no_return_by_deadline,,,,,,,,,,,,,,,,,,,,,,,,,False
shopping_30,2026-09-19,いなほこども園,kajiso_libre,16:00:00,False,no_outbound_bus,,,,,,,,,,,,,,,,,,,,,,,,,False
shopping_30,2026-09-19,いなほこども園,kajiso_vio,08:00:00,True,,2+0+毎日+3,2,33_2,9,11:08:00,25_0,17,11:19:00,11:24:00,11:54:00,1+1+毎日+4,1,25_0,32,14:03:00,33_1,40,14:15:00,14:17:00,377.0,186.0,0.0,124.0,23.0,False
shopping_30,2026-09-19,いなほこども園,kajiso_vio,08:30:00,True,,2+0+毎日+3,2,33_2,9,11:08:00,25_0,17,11:19:00,11:24:00,11:54:00,1+1+毎日+4,1,25_0,32,14:03:00,33_1,40,14:15:00,14:17:00,347.0,156.0,0.0,124.0,23.0,False
shopping_30,2026-09-19,いなほこども園,kajiso_vio,09:00:00,True,,2+0+毎日+3,2,33_2,9,11:08:00,25_0,17,11:19:00,11:24:00,11:54:00,1+1+毎日+4,1,25_0,32,14:03:00,33_1,40,14:15:00,14:17:00,317.0,126.0,0.0,124.0,23.0,False
shopping_30,2026-09-19,いなほこども園,kajiso_vio,09:30:00,True,,2+0+毎日+3,2,33_2,9,11:08:00,25_0,17,11:19:00,11:24:00,11:54:00,1+1+毎日+4,1,25_0,32,14:03:00,33_1,40,14:15:00,14:17:00,287.0,96.0,0.0,124.0,23.0,False
shopping_30,2026-09-19,いなほこども園,kajiso_vio,10:00:00,True,,2+0+毎日+3,2,33_2,9,11:08:00,25_0,17,11:19:00,11:24:00,11:54:00,1+1+毎日+4,1,25_0,32,14:03:00,33_1,40,14:15:00,14:17:00,257.0,66.0,0.0,124.0,23.0,False
shopping_30,2026-09-19,いなほこども園,kajiso_vio,10:30:00,True,,2+0+毎日+3,2,33_2,9,11:08:00,25_0,17,11:19:00,11:24:00,11:54:00,1+1+毎日+4,1,25_0,32,14:03:00,33_1,40,14:15:00,14:17:00,227.0,36.0,0.0,124.0,23.0,False
shopping_30,2026-09-19,いなほこども園,kajiso_vio,11:00:00,True,,2+0+毎日+3,2,33_2,9,11:08:00,25_0,17,11:19:00,11:24:00,11:54:00,1+1+毎日+4,1,25_0,32,14:03:00,33_1,40,14:15:00,14:17:00,197.0,6.0,0.0,124.0,23.0,False
shopping_30,2026-09-19,いなほこども園,kajiso_vio,11:30:00,False,no_return_by_deadline,,,,,,,,,,,,,,,,,,,,,,,,,False
shopping_30,2026-09-19,いなほこども園,kajiso_vio,12:00:00,False,no_return_by_deadline,,,,,,,,,,,,,,,,,,,,,,,,,False
shopping_30,2026-09-19,いなほこども園,kajiso_vio,12:30:00,False,no_return_by_deadline,,,,,,,,,,,,,,,,,,,,,,,,,False
shopping_30,2026-09-19,いなほこども園,kajiso_vio,13:00:00,False,no_return_by_deadline,,,,,,,,,,,,,,,,,,,,,,,,,False
shopping_30,2026-09-19,いなほこども園,kajiso_vio,13:30:00,False,no_return_by_deadline,,,,,,,,,,,,,,,,,,,,,,,,,False
shopping_30,2026-09-19,いなほこども園,kajiso_vio,14:00:00,False,no_return_by_deadline,,,,,,,,,,,,,,,,,,,,,,,,,False
shopping_30,2026-09-19,いなほこども園,kajiso_vio,14:30:00,False,no_return_by_deadline,,,,,,,,,,,,,,,,,,,,,,,,,False
shopping_30,2026-09-19,いなほこども園,kajiso_vio,15:00:00,False,no_return_by_deadline,,,,,,,,,,,,,,,,,,,,,,,,,False
shopping_30,2026-09-19,いなほこども園,kajiso_vio,15:30:00,False,no_return_by_deadline,,,,,,,,,,,,,,,,,,,,,,,,,False
shopping_30,2026-09-19,いなほこども園,kajiso_vio,16:00:00,False,no_outbound_bus,,,,,,,,,,,,,,,,,,,,,,,,,False
shopping_30,2026-09-19,童子丸郵便局口,kajiso_libre,08:00:00,True,,2+0+毎日+3,2,39_2,3,10:59:00,21_2,28,11:47:00,11:52:00,12:22:00,1+1+毎日+4,1,21_1,21,13:32:00,39_1,46,14:23:00,14:25:00,385.0,177.0,0.0,65.0,99.0,False
shopping_30,2026-09-19,童子丸郵便局口,kajiso_libre,08:30:00,True,,2+0+毎日+3,2,39_2,3,10:59:00,21_2,28,11:47:00,11:52:00,12:22:00,1+1+毎日+4,1,21_1,21,13:32:00,39_1,46,14:23:00,14:25:00,355.0,147.0,0.0,65.0,99.0,False
shopping_30,2026-09-19,童子丸郵便局口,kajiso_libre,09:00:00,True,,2+0+毎日+3,2,39_2,3,10:59:00,21_2,28,11:47:00,11:52:00,12:22:00,1+1+毎日+4,1,21_1,21,13:32:00,39_1,46,14:23:00,14:25:00,325.0,117.0,0.0,65.0,99.0,False
shopping_30,2026-09-19,童子丸郵便局口,kajiso_libre,09:30:00,True,,2+0+毎日+3,2,39_2,3,10:59:00,21_2,28,11:47:00,11:52:00,12:22:00,1+1+毎日+4,1,21_1,21,13:32:00,39_1,46,14:23:00,14:25:00,295.0,87.0,0.0,65.0,99.0,False
shopping_30,2026-09-19,童子丸郵便局口,kajiso_libre,10:00:00,True,,2+0+毎日+3,2,39_2,3,10:59:00,21_2,28,11:47:00,11:52:00,12:22:00,1+1+毎日+4,1,21_1,21,13:32:00,39_1,46,14:23:00,14:25:00,265.0,57.0,0.0,65.0,99.0,False
shopping_30,2026-09-19,童子丸郵便局口,kajiso_libre,10:30:00,True,,2+0+毎日+3,2,39_2,3,10:59:00,21_2,28,11:47:00,11:52:00,12:22:00,1+1+毎日+4,1,21_1,21,13:32:00,39_1,46,14:23:00,14:25:00,235.0,27.0,0.0,65.0,99.0,False
shopping_30,2026-09-19,童子丸郵便局口,kajiso_libre,11:00:00,False,no_return_by_deadline,,,,,,,,,,,,,,,,,,,,,,,,,False
shopping_30,2026-09-19,童子丸郵便局口,kajiso_libre,11:30:00,False,no_return_by_deadline,,,,,,,,,,,,,,,,,,,,,,,,,False
shopping_30,2026-09-19,童子丸郵便局口,kajiso_libre,12:00:00,False,no_return_by_deadline,,,,,,,,,,,,,,,,,,,,,,,,,False
shopping_30,2026-09-19,童子丸郵便局口,kajiso_libre,12:30:00,False,no_return_by_deadline,,,,,,,,,,,,,,,,,,,,,,,,,False
shopping_30,2026-09-19,童子丸郵便局口,kajiso_libre,13:00:00,False,no_return_by_deadline,,,,,,,,,,,,,,,,,,,,,,,,,False
shopping_30,2026-09-19,童子丸郵便局口,kajiso_libre,13:30:00,False,no_return_by_deadline,,,,,,,,,,,,,,,,,,,,,,,,,False
shopping_30,2026-09-19,童子丸郵便局口,kajiso_libre,14:00:00,False,no_return_by_deadline,,,,,,,,,,,,,,,,,,,,,,,,,False
shopping_30,2026-09-19,童子丸郵便局口,kajiso_libre,14:30:00,False,no_return_by_deadline,,,,,,,,,,,,,,,,,,,,,,,,,False
shopping_30,2026-09-19,童子丸郵便局口,kajiso_libre,15:00:00,False,no_return_by_deadline,,,,,,,,,,,,,,,,,,,,,,,,,False
shopping_30,2026-09-19,童子丸郵便局口,kajiso_libre,15:30:00,False,no_outbound_bus,,,,,,,,,,,,,,,,,,,,,,,,,False
shopping_30,2026-09-19,童子丸郵便局口,kajiso_libre,16:00:00,False,no_outbound_bus,,,,,,,,,,,,,,,,,,,,,,,,,False
shopping_30,2026-09-19,童子丸郵便局口,kajiso_vio,08:00:00,True,,2+0+毎日+3,2,39_2,3,10:59:00,25_0,17,11:19:00,11:24:00,11:54:00,1+1+毎日+4,1,25_0,32,14:03:00,39_1,46,14:23:00,14:25:00,385.0,177.0,0.0,124.0,40.0,False
shopping_30,2026-09-19,童子丸郵便局口,kajiso_vio,08:30:00,True,,2+0+毎日+3,2,39_2,3,10:59:00,25_0,17,11:19:00,11:24:00,11:54:00,1+1+毎日+4,1,25_0,32,14:03:00,39_1,46,14:23:00,14:25:00,355.0,147.0,0.0,124.0,40.0,False
shopping_30,2026-09-19,童子丸郵便局口,kajiso_vio,09:00:00,True,,2+0+毎日+3,2,39_2,3,10:59:00,25_0,17,11:19:00,11:24:00,11:54:00,1+1+毎日+4,1,25_0,32,14:03:00,39_1,46,14:23:00,14:25:00,325.0,117.0,0.0,124.0,40.0,False
shopping_30,2026-09-19,童子丸郵便局口,kajiso_vio,09:30:00,True,,2+0+毎日+3,2,39_2,3,10:59:00,25_0,17,11:19:00,11:24:00,11:54:00,1+1+毎日+4,1,25_0,32,14:03:00,39_1,46,14:23:00,14:25:00,295.0,87.0,0.0,124.0,40.0,False
shopping_30,2026-09-19,童子丸郵便局口,kajiso_vio,10:00:00,True,,2+0+毎日+3,2,39_2,3,10:59:00,25_0,17,11:19:00,11:24:00,11:54:00,1+1+毎日+4,1,25_0,32,14:03:00,39_1,46,14:23:00,14:25:00,265.0,57.0,0.0,124.0,40.0,False
shopping_30,2026-09-19,童子丸郵便局口,kajiso_vio,10:30:00,True,,2+0+毎日+3,2,39_2,3,10:59:00,25_0,17,11:19:00,11:24:00,11:54:00,1+1+毎日+4,1,25_0,32,14:03:00,39_1,46,14:23:00,14:25:00,235.0,27.0,0.0,124.0,40.0,False
shopping_30,2026-09-19,童子丸郵便局口,kajiso_vio,11:00:00,False,no_return_by_deadline,,,,,,,,,,,,,,,,,,,,,,,,,False
shopping_30,2026-09-19,童子丸郵便局口,kajiso_vio,11:30:00,False,no_return_by_deadline,,,,,,,,,,,,,,,,,,,,,,,,,False
shopping_30,2026-09-19,童子丸郵便局口,kajiso_vio,12:00:00,False,no_return_by_deadline,,,,,,,,,,,,,,,,,,,,,,,,,False
shopping_30,2026-09-19,童子丸郵便局口,kajiso_vio,12:30:00,False,no_return_by_deadline,,,,,,,,,,,,,,,,,,,,,,,,,False
shopping_30,2026-09-19,童子丸郵便局口,kajiso_vio,13:00:00,False,no_return_by_deadline,,,,,,,,,,,,,,,,,,,,,,,,,False
shopping_30,2026-09-19,童子丸郵便局口,kajiso_vio,13:30:00,False,no_return_by_deadline,,,,,,,,,,,,,,,,,,,,,,,,,False
shopping_30,2026-09-19,童子丸郵便局口,kajiso_vio,14:00:00,False,no_return_by_deadline,,,,,,,,,,,,,,,,,,,,,,,,,False
shopping_30,2026-09-19,童子丸郵便局口,kajiso_vio,14:30:00,False,no_return_by_deadline,,,,,,,,,,,,,,,,,,,,,,,,,False
shopping_30,2026-09-19,童子丸郵便局口,kajiso_vio,15:00:00,False,no_return_by_deadline,,,,,,,,,,,,,,,,,,,,,,,,,False
shopping_30,2026-09-19,童子丸郵便局口,kajiso_vio,15:30:00,False,no_outbound_bus,,,,,,,,,,,,,,,,,,,,,,,,,False
shopping_30,2026-09-19,童子丸郵便局口,kajiso_vio,16:00:00,False,no_outbound_bus,,,,,,,,,,,,,,,,,,,,,,,,,False
shopping_60,2026-09-15,越前大野駅,kajiso_libre,08:00:00,True,,2+0+平日+1,2,1_1,24,08:12:00,21_2,28,08:16:00,09:30:00,10:30:00,1+1+平日+3,1,21_1,21,11:28:00,1_1,24,11:32:00,11:34:00,214.0,10.0,69.0,53.0,8.0,False
shopping_60,2026-09-15,越前大野駅,kajiso_libre,08:30:00,True,,2+0+平日+2,2,1_1,1,09:15:00,21_2,28,09:58:00,10:03:00,11:03:00,1+1+平日+3,1,21_1,21,11:28:00,1_1,24,11:32:00,11:34:00,184.0,43.0,0.0,20.0,47.0,False
shopping_60,2026-09-15,越前大野駅,kajiso_libre,09:00:00,True,,2+0+平日+2,2,1_1,1,09:15:00,21_2,28,09:58:00,10:03:00,11:03:00,1+1+平日+3,1,21_1,21,11:28:00,1_1,24,11:32:00,11:34:00,154.0,13.0,0.0,20.0,47.0,True
shopping_60,2026-09-15,越前大野駅,kajiso_libre,09:30:00,True,,2+0+平日+2,2,1_1,24,09:54:00,21_2,28,09:58:00,10:03:00,11:03:00,1+1+平日+3,1,21_1,21,11:28:00,1_1,24,11:32:00,11:34:00,124.0,22.0,0.0,20.0,8.0,True
shopping_60,2026-09-15,越前大野駅,kajiso_libre,10:00:00,True,,2+0+毎日+3,2,1_1,1,10:56:00,21_2,28,11:47:00,11:52:00,12:52:00,1+1+毎日+4,1,21_1,21,13:32:00,1_1,24,13:36:00,13:38:00,218.0,54.0,0.0,35.0,55.0,False
shopping_60,2026-09-15,越前大野駅,kajiso_libre,10:30:00,True,,2+0+毎日+3,2,1_1,1,10:56:00,21_2,28,11:47:00,11:52:00,12:52:00,1+1+毎日+4,1,21_1,21,13:32:00,1_1,24,13:36:00,13:38:00,188.0,24.0,0.0,35.0,55.0,False
shopping_60,2026-09-15,越前大野駅,kajiso_libre,11:00:00,True,,2+0+毎日+3,2,1_1,24,11:43:00,21_2,28,11:47:00,11:52:00,12:52:00,1+1+毎日+4,1,21_1,21,13:32:00,1_1,24,13:36:00,13:38:00,158.0,41.0,0.0,35.0,8.0,True
shopping_60,2026-09-15,越前大野駅,kajiso_libre,11:30:00,True,,2+0+毎日+3,2,1_1,24,11:43:00,21_2,28,11:47:00,11:52:00,12:52:00,1+1+毎日+4,1,21_1,21,13:32:00,1_1,24,13:36:00,13:38:00,128.0,11.0,0.0,35.0,8.0,True
shopping_60,2026-09-15,越前大野駅,kajiso_libre,12:00:00,True,,2+0+平日+4,2,1_1,1,13:00:00,21_2,28,13:54:00,13:59:00,14:59:00,1+1+平日+5,1,21_1,21,16:02:00,1_1,24,16:06:00,16:08:00,248.0,58.0,0.0,58.0,58.0,False
shopping_60,2026-09-15,越前大野駅,kajiso_libre,12:30:00,True,,2+0+平日+4,2,1_1,1,13:00:00,21_2,28,13:54:00,13:59:00,14:59:00,1+1+平日+5,1,21_1,21,16:02:00,1_1,24,16:06:00,16:08:00,218.0,28.0,0.0,58.0,58.0,False
shopping_60,2026-09-15,越前大野駅,kajiso_libre,13:00:00,True,,1+1+毎日+4,1,1_1,1,13:05:00,21_1,21,13:32:00,13:37:00,14:37:00,1+1+平日+5,1,21_1,21,16:02:00,1_1,24,16:06:00,16:08:00,188.0,3.0,0.0,80.0,31.0,False
shopping_60,2026-09-15,越前大野駅,kajiso_libre,13:30:00,True,,2+0+平日+4,2,1_1,24,13:50:00,21_2,28,13:54:00,13:59:00,14:59:00,1+1+平日+5,1,21_1,21,16:02:00,1_1,24,16:06:00,16:08:00,158.0,18.0,0.0,58.0,8.0,True
shopping_60,2026-09-15,越前大野駅,kajiso_libre,14:00:00,False,no_return_by_deadline,,,,,,,,,,,,,,,,,,,,,,,,,False
shopping_60,2026-09-15,越前大野駅,kajiso_libre,14:30:00,False,no_return_by_deadline,,,,,,,,,,,,,,,,,,,,,,,,,False
shopping_60,2026-09-15,越前大野駅,kajiso_libre,15:00:00,False,no_return_by_deadline,,,,,,,,,,,,,,,,,,,,,,,,,False
shopping_60,2026-09-15,越前大野駅,kajiso_libre,15:30:00,False,no_return_by_deadline,,,,,,,,,,,,,,,,,,,,,,,,,False
shopping_60,2026-09-15,越前大野駅,kajiso_libre,16:00:00,False,no_return_by_deadline,,,,,,,,,,,,,,,,,,,,,,,,,False
shopping_60,2026-09-15,越前大野駅,kajiso_vio,08:00:00,True,,2+0+平日+2,2,1_1,1,09:15:00,25_0,17,09:38:00,09:43:00,10:43:00,2+0+毎日+3,2,25_0,17,11:19:00,1_1,24,11:32:00,11:34:00,214.0,73.0,0.0,31.0,36.0,False
shopping_60,2026-09-15,越前大野駅,kajiso_vio,08:30:00,True,,2+0+平日+2,2,1_1,1,09:15:00,25_0,17,09:38:00,09:43:00,10:43:00,2+0+毎日+3,2,25_0,17,11:19:00,1_1,24,11:32:00,11:34:00,184.0,43.0,0.0,31.0,36.0,False
shopping_60,2026-09-15,越前大野駅,kajiso_vio,09:00:00,True,,2+0+平日+2,2,1_1,1,09:15:00,25_0,17,09:38:00,09:43:00,10:43:00,2+0+毎日+3,2,25_0,17,11:19:00,1_1,24,11:32:00,11:34:00,154.0,13.0,0.0,31.0,36.0,True
shopping_60,2026-09-15,越前大野駅,kajiso_vio,09:30:00,True,,1+1+毎日+2,1,1_1,24,10:00:00,25_0,32,10:13:00,10:18:00,11:18:00,1+1+平日+3,1,25_0,32,11:56:00,1_1,48,12:19:00,12:21:00,171.0,28.0,0.0,33.0,36.0,True
shopping_60,2026-09-15,越前大野駅,kajiso_vio,10:00:00,True,,2+0+毎日+3,2,1_1,1,10:56:00,25_0,17,11:19:00,11:24:00,12:24:00,2+0+平日+4,2,25_0,17,13:23:00,1_1,24,13:36:00,13:38:00,218.0,54.0,0.0,54.0,36.0,False
shopping_60,2026-09-15,越前大野駅,kajiso_vio,10:30:00,True,,2+0+毎日+3,2,1_1,1,10:56:00,25_0,17,11:19:00,11:24:00,12:24:00,2+0+平日+4,2,25_0,17,13:23:00,1_1,24,13:36:00,13:38:00,188.0,24.0,0.0,54.0,36.0,False
shopping_60,2026-09-15,越前大野駅,kajiso_vio,11:00:00,True,,1+1+平日+3,1,1_1,24,11:43:00,25_0,32,11:56:00,12:01:00,13:01:00,2+0+平日+4,2,25_0,17,13:23:00,1_1,24,13:36:00,13:38:00,158.0,41.0,0.0,17.0,26.0,True
shopping_60,2026-09-15,越前大野駅,kajiso_vio,11:30:00,True,,1+1+平日+3,1,1_1,24,11:43:00,25_0,32,11:56:00,12:01:00,13:01:00,2+0+平日+4,2,25_0,17,13:23:00,1_1,24,13:36:00,13:38:00,128.0,11.0,0.0,17.0,26.0,True
shopping_60,2026-09-15,越前大野駅,kajiso_vio,12:00:00,True,,2+0+平日+4,2,1_1,1,13:00:00,25_0,17,13:23:00,13:28:00,14:28:00,2+0+毎日+5,2,25_0,17,15:48:00,1_1,24,16:01:00,16:03:00,243.0,58.0,0.0,75.0,36.0,False
shopping_60,2026-09-15,越前大野駅,kajiso_vio,12:30:00,True,,2+0+平日+4,2,1_1,1,13:00:00,25_0,17,13:23:00,13:28:00,14:28:00,2+0+毎日+5,2,25_0,17,15:48:00,1_1,24,16:01:00,16:03:00,213.0,28.0,0.0,75.0,36.0,False
shopping_60,2026-09-15,越前大野駅,kajiso_vio,13:00:00,True,,1+1+毎日+4,1,1_1,1,13:05:00,25_0,32,14:03:00,14:08:00,15:08:00,2+0+毎日+5,2,25_0,17,15:48:00,1_1,24,16:01:00,16:03:00,183.0,3.0,0.0,35.0,71.0,False
shopping_60,2026-09-15,越前大野駅,kajiso_vio,13:30:00,True,,1+1+毎日+4,1,1_1,24,13:50:00,25_0,32,14:03:00,14:08:00,15:08:00,2+0+毎日+5,2,25_0,17,15:48:00,1_1,24,16:01:00,16:03:00,153.0,18.0,0.0,35.0,26.0,True
shopping_60,2026-09-15,越前大野駅,kajiso_vio,14:00:00,False,no_return_by_deadline,,,,,,,,,,,,,,,,,,,,,,,,,False
shopping_60,2026-09-15,越前大野駅,kajiso_vio,14:30:00,False,no_return_by_deadline,,,,,,,,,,,,,,,,,,,,,,,,,False
shopping_60,2026-09-15,越前大野駅,kajiso_vio,15:00:00,False,no_return_by_deadline,,,,,,,,,,,,,,,,,,,,,,,,,False
shopping_60,2026-09-15,越前大野駅,kajiso_vio,15:30:00,False,no_return_by_deadline,,,,,,,,,,,,,,,,,,,,,,,,,False
shopping_60,2026-09-15,越前大野駅,kajiso_vio,16:00:00,False,no_return_by_deadline,,,,,,,,,,,,,,,,,,,,,,,,,False
shopping_60,2026-09-15,結ステーション,kajiso_libre,08:00:00,True,,1+1+毎日+2,1,6_0,6,09:30:00,21_1,21,09:50:00,09:55:00,10:55:00,1+1+平日+3,1,21_1,21,11:28:00,6_0,29,11:47:00,11:49:00,229.0,88.0,0.0,28.0,39.0,False
shopping_60,2026-09-15,結ステーション,kajiso_libre,08:30:00,True,,1+1+毎日+2,1,6_0,6,09:30:00,21_1,21,09:50:00,09:55:00,10:55:00,1+1+平日+3,1,21_1,21,11:28:00,6_0,29,11:47:00,11:49:00,199.0,58.0,0.0,28.0,39.0,False
shopping_60,2026-09-15,結ステーション,kajiso_libre,09:00:00,True,,1+1+毎日+2,1,6_0,6,09:30:00,21_1,21,09:50:00,09:55:00,10:55:00,1+1+平日+3,1,21_1,21,11:28:00,6_0,29,11:47:00,11:49:00,169.0,28.0,0.0,28.0,39.0,True
shopping_60,2026-09-15,結ステーション,kajiso_libre,09:30:00,True,,2+0+平日+2,2,6_0,20,09:47:00,21_2,28,09:58:00,10:03:00,11:03:00,1+1+平日+3,1,21_1,21,11:28:00,6_0,29,11:47:00,11:49:00,139.0,15.0,0.0,20.0,30.0,True
shopping_60,2026-09-15,結ステーション,kajiso_libre,10:00:00,True,,1+1+平日+3,1,6_0,6,11:08:00,21_1,21,11:28:00,11:33:00,12:33:00,1+1+毎日+4,1,21_1,21,13:32:00,6_0,29,13:54:00,13:56:00,236.0,66.0,0.0,54.0,42.0,False
shopping_60,2026-09-15,結ステーション,kajiso_libre,10:30:00,True,,1+1+平日+3,1,6_0,6,11:08:00,21_1,21,11:28:00,11:33:00,12:33:00,1+1+毎日+4,1,21_1,21,13:32:00,6_0,29,13:54:00,13:56:00,206.0,36.0,0.0,54.0,42.0,False
shopping_60,2026-09-15,結ステーション,kajiso_libre,11:00:00,True,,1+1+平日+3,1,6_0,6,11:08:00,21_1,21,11:28:00,11:33:00,12:33:00,1+1+毎日+4,1,21_1,21,13:32:00,6_0,29,13:54:00,13:56:00,176.0,6.0,0.0,54.0,42.0,True
shopping_60,2026-09-15,結ステーション,kajiso_libre,11:30:00,True,,1+1+毎日+4,1,6_0,6,13:12:00,21_1,21,13:32:00,13:37:00,14:37:00,1+1+平日+5,1,21_1,21,16:02:00,6_0,29,16:13:00,16:15:00,285.0,100.0,0.0,80.0,31.0,False
shopping_60,2026-09-15,結ステーション,kajiso_libre,12:00:00,True,,1+1+毎日+4,1,6_0,6,13:12:00,21_1,21,13:32:00,13:37:00,14:37:00,1+1+平日+5,1,21_1,21,16:02:00,6_0,29,16:13:00,16:15:00,255.0,70.0,0.0,80.0,31.0,False
shopping_60,2026-09-15,結ステーション,kajiso_libre,12:30:00,True,,1+1+毎日+4,1,6_0,6,13:12:00,21_1,21,13:32:00,13:37:00,14:37:00,1+1+平日+5,1,21_1,21,16:02:00,6_0,29,16:13:00,16:15:00,225.0,40.0,0.0,80.0,31.0,False
shopping_60,2026-09-15,結ステーション,kajiso_libre,13:00:00,True,,1+1+毎日+4,1,6_0,6,13:12:00,21_1,21,13:32:00,13:37:00,14:37:00,1+1+平日+5,1,21_1,21,16:02:00,6_0,29,16:13:00,16:15:00,195.0,10.0,0.0,80.0,31.0,False
shopping_60,2026-09-15,結ステーション,kajiso_libre,13:30:00,False,no_return_by_deadline,,,,,,,,,,,,,,,,,,,,,,,,,False
shopping_60,2026-09-15,結ステーション,kajiso_libre,14:00:00,False,no_return_by_deadline,,,,,,,,,,,,,,,,,,,,,,,,,False
shopping_60,2026-09-15,結ステーション,kajiso_libre,14:30:00,False,no_return_by_deadline,,,,,,,,,,,,,,,,,,,,,,,,,False
shopping_60,2026-09-15,結ステーション,kajiso_libre,15:00:00,False,no_return_by_deadline,,,,,,,,,,,,,,,,,,,,,,,,,False
shopping_60,2026-09-15,結ステーション,kajiso_libre,15:30:00,False,no_return_by_deadline,,,,,,,,,,,,,,,,,,,,,,,,,False
shopping_60,2026-09-15,結ステーション,kajiso_libre,16:00:00,False,no_outbound_bus,,,,,,,,,,,,,,,,,,,,,,,,,False
shopping_60,2026-09-15,結ステーション,kajiso_vio,08:00:00,True,,1+1+毎日+2,1,6_0,6,09:30:00,25_0,32,10:13:00,10:18:00,11:18:00,2+0+平日+4,2,25_0,17,13:23:00,6_0,20,13:32:00,13:34:00,334.0,88.0,0.0,120.0,52.0,False
shopping_60,2026-09-15,結ステーション,kajiso_vio,08:30:00,True,,1+1+毎日+2,1,6_0,6,09:30:00,25_0,32,10:13:00,10:18:00,11:18:00,2+0+平日+4,2,25_0,17,13:23:00,6_0,20,13:32:00,13:34:00,304.0,58.0,0.0,120.0,52.0,False
shopping_60,2026-09-15,結ステーション,kajiso_vio,09:00:00,True,,1+1+毎日+2,1,6_0,6,09:30:00,25_0,32,10:13:00,10:18:00,11:18:00,2+0+平日+4,2,25_0,17,13:23:00,6_0,20,13:32:00,13:34:00,274.0,28.0,0.0,120.0,52.0,False
shopping_60,2026-09-15,結ステーション,kajiso_vio,09:30:00,True,,1+1+毎日+2,1,6_0,29,10:04:00,25_0,32,10:13:00,10:18:00,11:18:00,2+0+平日+4,2,25_0,17,13:23:00,6_0,20,13:32:00,13:34:00,244.0,32.0,0.0,120.0,18.0,False
shopping_60,2026-09-15,結ステーション,kajiso_vio,10:00:00,True,,1+1+毎日+2,1,6_0,29,10:04:00,25_0,32,10:13:00,10:18:00,11:18:00,2+0+平日+4,2,25_0,17,13:23:00,6_0,20,13:32:00,13:34:00,214.0,2.0,0.0,120.0,18.0,False
shopping_60,2026-09-15,結ステーション,kajiso_vio,10:30:00,True,,1+1+平日+3,1,6_0,6,11:08:00,25_0,32,11:56:00,12:01:00,13:01:00,2+0+平日+4,2,25_0,17,13:23:00,6_0,20,13:32:00,13:34:00,184.0,36.0,0.0,17.0,57.0,False
shopping_60,2026-09-15,結ステーション,kajiso_vio,11:00:00,True,,1+1+平日+3,1,6_0,6,11:08:00,25_0,32,11:56:00,12:01:00,13:01:00,2+0+平日+4,2,25_0,17,13:23:00,6_0,20,13:32:00,13:34:00,154.0,6.0,0.0,17.0,57.0,True
shopping_60,2026-09-15,結ステーション,kajiso_vio,11:30:00,True,,1+1+平日+3,1,6_0,29,11:47:00,25_0,32,11:56:00,12:01:00,13:01:00,2+0+平日+4,2,25_0,17,13:23:00,6_0,20,13:32:00,13:34:00,124.0,15.0,0.0,17.0,18.0,True
shopping_60,2026-09-15,結ステーション,kajiso_vio,12:00:00,True,,1+1+毎日+4,1,6_0,6,13:12:00,25_0,32,14:03:00,14:08:00,15:08:00,2+0+毎日+5,2,25_0,17,15:48:00,6_0,20,15:57:00,15:59:00,239.0,70.0,0.0,35.0,60.0,False
shopping_60,2026-09-15,結ステーション,kajiso_vio,12:30:00,True,,1+1+毎日+4,1,6_0,6,13:12:00,25_0,32,14:03:00,14:08:00,15:08:00,2+0+毎日+5,2,25_0,17,15:48:00,6_0,20,15:57:00,15:59:00,209.0,40.0,0.0,35.0,60.0,False
shopping_60,2026-09-15,結ステーション,kajiso_vio,13:00:00,True,,1+1+毎日+4,1,6_0,6,13:12:00,25_0,32,14:03:00,14:08:00,15:08:00,2+0+毎日+5,2,25_0,17,15:48:00,6_0,20,15:57:00,15:59:00,179.0,10.0,0.0,35.0,60.0,True
shopping_60,2026-09-15,結ステーション,kajiso_vio,13:30:00,True,,1+1+毎日+4,1,6_0,29,13:54:00,25_0,32,14:03:00,14:08:00,15:08:00,2+0+毎日+5,2,25_0,17,15:48:00,6_0,20,15:57:00,15:59:00,149.0,22.0,0.0,35.0,18.0,True
shopping_60,2026-09-15,結ステーション,kajiso_vio,14:00:00,False,no_return_by_deadline,,,,,,,,,,,,,,,,,,,,,,,,,False
shopping_60,2026-09-15,結ステーション,kajiso_vio,14:30:00,False,no_return_by_deadline,,,,,,,,,,,,,,,,,,,,,,,,,False
shopping_60,2026-09-15,結ステーション,kajiso_vio,15:00:00,False,no_return_by_deadline,,,,,,,,,,,,,,,,,,,,,,,,,False
shopping_60,2026-09-15,結ステーション,kajiso_vio,15:30:00,False,no_return_by_deadline,,,,,,,,,,,,,,,,,,,,,,,,,False
shopping_60,2026-09-15,結ステーション,kajiso_vio,16:00:00,False,no_return_by_deadline,,,,,,,,,,,,,,,,,,,,,,,,,False
shopping_60,2026-09-15,下庄小学校,kajiso_libre,08:00:00,True,,1+1+毎日+2,1,9_1,9,09:33:00,21_1,21,09:50:00,09:55:00,10:55:00,2+0+毎日+3,2,21_2,28,11:47:00,9_2,40,12:02:00,12:04:00,244.0,91.0,0.0,47.0,32.0,False
shopping_60,2026-09-15,下庄小学校,kajiso_libre,08:30:00,True,,1+1+毎日+2,1,9_1,9,09:33:00,21_1,21,09:50:00,09:55:00,10:55:00,2+0+毎日+3,2,21_2,28,11:47:00,9_2,40,12:02:00,12:04:00,214.0,61.0,0.0,47.0,32.0,False
shopping_60,2026-09-15,下庄小学校,kajiso_libre,09:00:00,True,,1+1+毎日+2,1,9_1,9,09:33:00,21_1,21,09:50:00,09:55:00,10:55:00,2+0+毎日+3,2,21_2,28,11:47:00,9_2,40,12:02:00,12:04:00,184.0,31.0,0.0,47.0,32.0,False
shopping_60,2026-09-15,下庄小学校,kajiso_libre,09:30:00,True,,1+1+平日+3,1,9_1,9,11:11:00,21_1,21,11:28:00,11:33:00,12:33:00,2+0+平日+4,2,21_2,28,13:54:00,9_2,40,14:09:00,14:11:00,281.0,99.0,0.0,76.0,32.0,False
shopping_60,2026-09-15,下庄小学校,kajiso_libre,10:00:00,True,,1+1+平日+3,1,9_1,9,11:11:00,21_1,21,11:28:00,11:33:00,12:33:00,2+0+平日+4,2,21_2,28,13:54:00,9_2,40,14:09:00,14:11:00,251.0,69.0,0.0,76.0,32.0,False
shopping_60,2026-09-15,下庄小学校,kajiso_libre,10:30:00,True,,1+1+平日+3,1,9_1,9,11:11:00,21_1,21,11:28:00,11:33:00,12:33:00,2+0+平日+4,2,21_2,28,13:54:00,9_2,40,14:09:00,14:11:00,221.0,39.0,0.0,76.0,32.0,False
shopping_60,2026-09-15,下庄小学校,kajiso_libre,11:00:00,True,,1+1+平日+3,1,9_1,9,11:11:00,21_1,21,11:28:00,11:33:00,12:33:00,2+0+平日+4,2,21_2,28,13:54:00,9_2,40,14:09:00,14:11:00,191.0,9.0,0.0,76.0,32.0,False
shopping_60,2026-09-15,下庄小学校,kajiso_libre,11:30:00,True,,1+1+毎日+4,1,9_1,9,13:15:00,21_1,21,13:32:00,13:37:00,14:37:00,2+0+毎日+5,2,21_2,28,16:08:00,9_2,40,16:23:00,16:25:00,295.0,103.0,0.0,86.0,32.0,False
shopping_60,2026-09-15,下庄小学校,kajiso_libre,12:00:00,True,,1+1+毎日+4,1,9_1,9,13:15:00,21_1,21,13:32:00,13:37:00,14:37:00,2+0+毎日+5,2,21_2,28,16:08:00,9_2,40,16:23:00,16:25:00,265.0,73.0,0.0,86.0,32.0,False
shopping_60,2026-09-15,下庄小学校,kajiso_libre,12:30:00,True,,1+1+毎日+4,1,9_1,9,13:15:00,21_1,21,13:32:00,13:37:00,14:37:00,2+0+毎日+5,2,21_2,28,16:08:00,9_2,40,16:23:00,16:25:00,235.0,43.0,0.0,86.0,32.0,False
shopping_60,2026-09-15,下庄小学校,kajiso_libre,13:00:00,True,,1+1+毎日+4,1,9_1,9,13:15:00,21_1,21,13:32:00,13:37:00,14:37:00,2+0+毎日+5,2,21_2,28,16:08:00,9_2,40,16:23:00,16:25:00,205.0,13.0,0.0,86.0,32.0,False
shopping_60,2026-09-15,下庄小学校,kajiso_libre,13:30:00,False,no_return_by_deadline,,,,,,,,,,,,,,,,,,,,,,,,,False
shopping_60,2026-09-15,下庄小学校,kajiso_libre,14:00:00,False,no_return_by_deadline,,,,,,,,,,,,,,,,,,,,,,,,,False
shopping_60,2026-09-15,下庄小学校,kajiso_libre,14:30:00,False,no_return_by_deadline,,,,,,,,,,,,,,,,,,,,,,,,,False
shopping_60,2026-09-15,下庄小学校,kajiso_libre,15:00:00,False,no_return_by_deadline,,,,,,,,,,,,,,,,,,,,,,,,,False
shopping_60,2026-09-15,下庄小学校,kajiso_libre,15:30:00,False,no_return_by_deadline,,,,,,,,,,,,,,,,,,,,,,,,,False
shopping_60,2026-09-15,下庄小学校,kajiso_libre,16:00:00,False,no_outbound_bus,,,,,,,,,,,,,,,,,,,,,,,,,False
shopping_60,2026-09-15,下庄小学校,kajiso_vio,08:00:00,True,,1+1+毎日+2,1,9_1,9,09:33:00,25_0,32,10:13:00,10:18:00,11:18:00,2+0+平日+4,2,25_0,17,13:23:00,9_2,40,14:09:00,14:11:00,371.0,91.0,0.0,120.0,86.0,False
shopping_60,2026-09-15,下庄小学校,kajiso_vio,08:30:00,True,,1+1+毎日+2,1,9_1,9,09:33:00,25_0,32,10:13:00,10:18:00,11:18:00,2+0+平日+4,2,25_0,17,13:23:00,9_2,40,14:09:00,14:11:00,341.0,61.0,0.0,120.0,86.0,False
shopping_60,2026-09-15,下庄小学校,kajiso_vio,09:00:00,True,,1+1+毎日+2,1,9_1,9,09:33:00,25_0,32,10:13:00,10:18:00,11:18:00,2+0+平日+4,2,25_0,17,13:23:00,9_2,40,14:09:00,14:11:00,311.0,31.0,0.0,120.0,86.0,False
shopping_60,2026-09-15,下庄小学校,kajiso_vio,09:30:00,True,,1+1+平日+3,1,9_1,9,11:11:00,25_0,32,11:56:00,12:01:00,13:01:00,2+0+平日+4,2,25_0,17,13:23:00,9_2,40,14:09:00,14:11:00,281.0,99.0,0.0,17.0,91.0,False
shopping_60,2026-09-15,下庄小学校,kajiso_vio,10:00:00,True,,1+1+平日+3,1,9_1,9,11:11:00,25_0,32,11:56:00,12:01:00,13:01:00,2+0+平日+4,2,25_0,17,13:23:00,9_2,40,14:09:00,14:11:00,251.0,69.0,0.0,17.0,91.0,False
shopping_60,2026-09-15,下庄小学校,kajiso_vio,10:30:00,True,,1+1+平日+3,1,9_1,9,11:11:00,25_0,32,11:56:00,12:01:00,13:01:00,2+0+平日+4,2,25_0,17,13:23:00,9_2,40,14:09:00,14:11:00,221.0,39.0,0.0,17.0,91.0,False
shopping_60,2026-09-15,下庄小学校,kajiso_vio,11:00:00,True,,1+1+平日+3,1,9_1,9,11:11:00,25_0,32,11:56:00,12:01:00,13:01:00,2+0+平日+4,2,25_0,17,13:23:00,9_2,40,14:09:00,14:11:00,191.0,9.0,0.0,17.0,91.0,False
shopping_60,2026-09-15,下庄小学校,kajiso_vio,11:30:00,True,,1+1+毎日+4,1,9_1,9,13:15:00,25_0,32,14:03:00,14:08:00,15:08:00,2+0+毎日+5,2,25_0,17,15:48:00,9_2,40,16:23:00,16:25:00,295.0,103.0,0.0,35.0,83.0,False
shopping_60,2026-09-15,下庄小学校,kajiso_vio,12:00:00,True,,1+1+毎日+4,1,9_1,9,13:15:00,25_0,32,14:03:00,14:08:00,15:08:00,2+0+毎日+5,2,25_0,17,15:48:00,9_2,40,16:23:00,16:25:00,265.0,73.0,0.0,35.0,83.0,False
shopping_60,2026-09-15,下庄小学校,kajiso_vio,12:30:00,True,,1+1+毎日+4,1,9_1,9,13:15:00,25_0,32,14:03:00,14:08:00,15:08:00,2+0+毎日+5,2,25_0,17,15:48:00,9_2,40,16:23:00,16:25:00,235.0,43.0,0.0,35.0,83.0,False
shopping_60,2026-09-15,下庄小学校,kajiso_vio,13:00:00,True,,1+1+毎日+4,1,9_1,9,13:15:00,25_0,32,14:03:00,14:08:00,15:08:00,2+0+毎日+5,2,25_0,17,15:48:00,9_2,40,16:23:00,16:25:00,205.0,13.0,0.0,35.0,83.0,False
shopping_60,2026-09-15,下庄小学校,kajiso_vio,13:30:00,False,no_return_by_deadline,,,,,,,,,,,,,,,,,,,,,,,,,False
shopping_60,2026-09-15,下庄小学校,kajiso_vio,14:00:00,False,no_return_by_deadline,,,,,,,,,,,,,,,,,,,,,,,,,False
shopping_60,2026-09-15,下庄小学校,kajiso_vio,14:30:00,False,no_return_by_deadline,,,,,,,,,,,,,,,,,,,,,,,,,False
shopping_60,2026-09-15,下庄小学校,kajiso_vio,15:00:00,False,no_return_by_deadline,,,,,,,,,,,,,,,,,,,,,,,,,False
shopping_60,2026-09-15,下庄小学校,kajiso_vio,15:30:00,False,no_return_by_deadline,,,,,,,,,,,,,,,,,,,,,,,,,False
shopping_60,2026-09-15,下庄小学校,kajiso_vio,16:00:00,False,no_outbound_bus,,,,,,,,,,,,,,,,,,,,,,,,,False
shopping_60,2026-09-15,青少年教育センター,kajiso_libre,08:00:00,True,,1+1+毎日+2,1,14_1,14,09:40:00,21_1,21,09:50:00,09:55:00,10:55:00,2+0+毎日+3,2,21_2,28,11:47:00,14_2,35,11:55:00,11:57:00,237.0,98.0,0.0,47.0,18.0,False
shopping_60,2026-09-15,青少年教育センター,kajiso_libre,08:30:00,True,,1+1+毎日+2,1,14_1,14,09:40:00,21_1,21,09:50:00,09:55:00,10:55:00,2+0+毎日+3,2,21_2,28,11:47:00,14_2,35,11:55:00,11:57:00,207.0,68.0,0.0,47.0,18.0,False
shopping_60,2026-09-15,青少年教育センター,kajiso_libre,09:00:00,True,,1+1+毎日+2,1,14_1,14,09:40:00,21_1,21,09:50:00,09:55:00,10:55:00,2+0+毎日+3,2,21_2,28,11:47:00,14_2,35,11:55:00,11:57:00,177.0,38.0,0.0,47.0,18.0,True
shopping_60,2026-09-15,青少年教育センター,kajiso_libre,09:30:00,True,,1+1+毎日+2,1,14_1,14,09:40:00,21_1,21,09:50:00,09:55:00,10:55:00,2+0+毎日+3,2,21_2,28,11:47:00,14_2,35,11:55:00,11:57:00,147.0,8.0,0.0,47.0,18.0,True
shopping_60,2026-09-15,青少年教育センター,kajiso_libre,10:00:00,True,,1+1+平日+3,1,14_1,14,11:18:00,21_1,21,11:28:00,11:33:00,12:33:00,2+0+平日+4,2,21_2,28,13:54:00,14_2,35,14:02:00,14:04:00,244.0,76.0,0.0,76.0,18.0,False
shopping_60,2026-09-15,青少年教育センター,kajiso_libre,10:30:00,True,,1+1+平日+3,1,14_1,14,11:18:00,21_1,21,11:28:00,11:33:00,12:33:00,2+0+平日+4,2,21_2,28,13:54:00,14_2,35,14:02:00,14:04:00,214.0,46.0,0.0,76.0,18.0,False
shopping_60,2026-09-15,青少年教育センター,kajiso_libre,11:00:00,True,,1+1+平日+3,1,14_1,14,11:18:00,21_1,21,11:28:00,11:33:00,12:33:00,2+0+平日+4,2,21_2,28,13:54:00,14_2,35,14:02:00,14:04:00,184.0,16.0,0.0,76.0,18.0,False
shopping_60,2026-09-15,青少年教育センター,kajiso_libre,11:30:00,True,,1+1+毎日+4,1,14_1,14,13:22:00,21_1,21,13:32:00,13:37:00,14:37:00,2+0+毎日+5,2,21_2,28,16:08:00,14_2,35,16:16:00,16:18:00,288.0,110.0,0.0,86.0,18.0,False
shopping_60,2026-09-15,青少年教育センター,kajiso_libre,12:00:00,True,,1+1+毎日+4,1,14_1,14,13:22:00,21_1,21,13:32:00,13:37:00,14:37:00,2+0+毎日+5,2,21_2,28,16:08:00,14_2,35,16:16:00,16:18:00,258.0,80.0,0.0,86.0,18.0,False
shopping_60,2026-09-15,青少年教育センター,kajiso_libre,12:30:00,True,,1+1+毎日+4,1,14_1,14,13:22:00,21_1,21,13:32:00,13:37:00,14:37:00,2+0+毎日+5,2,21_2,28,16:08:00,14_2,35,16:16:00,16:18:00,228.0,50.0,0.0,86.0,18.0,False
shopping_60,2026-09-15,青少年教育センター,kajiso_libre,13:00:00,True,,1+1+毎日+4,1,14_1,14,13:22:00,21_1,21,13:32:00,13:37:00,14:37:00,2+0+毎日+5,2,21_2,28,16:08:00,14_2,35,16:16:00,16:18:00,198.0,20.0,0.0,86.0,18.0,False
shopping_60,2026-09-15,青少年教育センター,kajiso_libre,13:30:00,False,no_return_by_deadline,,,,,,,,,,,,,,,,,,,,,,,,,False
shopping_60,2026-09-15,青少年教育センター,kajiso_libre,14:00:00,False,no_return_by_deadline,,,,,,,,,,,,,,,,,,,,,,,,,False
shopping_60,2026-09-15,青少年教育センター,kajiso_libre,14:30:00,False,no_return_by_deadline,,,,,,,,,,,,,,,,,,,,,,,,,False
shopping_60,2026-09-15,青少年教育センター,kajiso_libre,15:00:00,False,no_return_by_deadline,,,,,,,,,,,,,,,,,,,,,,,,,False
shopping_60,2026-09-15,青少年教育センター,kajiso_libre,15:30:00,False,no_return_by_deadline,,,,,,,,,,,,,,,,,,,,,,,,,False
shopping_60,2026-09-15,青少年教育センター,kajiso_libre,16:00:00,False,no_outbound_bus,,,,,,,,,,,,,,,,,,,,,,,,,False
shopping_60,2026-09-15,青少年教育センター,kajiso_vio,08:00:00,True,,1+1+毎日+2,1,14_1,14,09:40:00,25_0,32,10:13:00,10:18:00,11:18:00,2+0+平日+4,2,25_0,17,13:23:00,14_2,35,14:02:00,14:04:00,364.0,98.0,0.0,120.0,72.0,False
shopping_60,2026-09-15,青少年教育センター,kajiso_vio,08:30:00,True,,1+1+毎日+2,1,14_1,14,09:40:00,25_0,32,10:13:00,10:18:00,11:18:00,2+0+平日+4,2,25_0,17,13:23:00,14_2,35,14:02:00,14:04:00,334.0,68.0,0.0,120.0,72.0,False
shopping_60,2026-09-15,青少年教育センター,kajiso_vio,09:00:00,True,,1+1+毎日+2,1,14_1,14,09:40:00,25_0,32,10:13:00,10:18:00,11:18:00,2+0+平日+4,2,25_0,17,13:23:00,14_2,35,14:02:00,14:04:00,304.0,38.0,0.0,120.0,72.0,False
shopping_60,2026-09-15,青少年教育センター,kajiso_vio,09:30:00,True,,1+1+毎日+2,1,14_1,14,09:40:00,25_0,32,10:13:00,10:18:00,11:18:00,2+0+平日+4,2,25_0,17,13:23:00,14_2,35,14:02:00,14:04:00,274.0,8.0,0.0,120.0,72.0,False
shopping_60,2026-09-15,青少年教育センター,kajiso_vio,10:00:00,True,,1+1+平日+3,1,14_1,14,11:18:00,25_0,32,11:56:00,12:01:00,13:01:00,2+0+平日+4,2,25_0,17,13:23:00,14_2,35,14:02:00,14:04:00,244.0,76.0,0.0,17.0,77.0,False
shopping_60,2026-09-15,青少年教育センター,kajiso_vio,10:30:00,True,,1+1+平日+3,1,14_1,14,11:18:00,25_0,32,11:56:00,12:01:00,13:01:00,2+0+平日+4,2,25_0,17,13:23:00,14_2,35,14:02:00,14:04:00,214.0,46.0,0.0,17.0,77.0,False
shopping_60,2026-09-15,青少年教育センター,kajiso_vio,11:00:00,True,,1+1+平日+3,1,14_1,14,11:18:00,25_0,32,11:56:00,12:01:00,13:01:00,2+0+平日+4,2,25_0,17,13:23:00,14_2,35,14:02:00,14:04:00,184.0,16.0,0.0,17.0,77.0,False
shopping_60,2026-09-15,青少年教育センター,kajiso_vio,11:30:00,True,,1+1+毎日+4,1,14_1,14,13:22:00,25_0,32,14:03:00,14:08:00,15:08:00,2+0+毎日+5,2,25_0,17,15:48:00,14_2,35,16:16:00,16:18:00,288.0,110.0,0.0,35.0,69.0,False
shopping_60,2026-09-15,青少年教育センター,kajiso_vio,12:00:00,True,,1+1+毎日+4,1,14_1,14,13:22:00,25_0,32,14:03:00,14:08:00,15:08:00,2+0+毎日+5,2,25_0,17,15:48:00,14_2,35,16:16:00,16:18:00,258.0,80.0,0.0,35.0,69.0,False
shopping_60,2026-09-15,青少年教育センター,kajiso_vio,12:30:00,True,,1+1+毎日+4,1,14_1,14,13:22:00,25_0,32,14:03:00,14:08:00,15:08:00,2+0+毎日+5,2,25_0,17,15:48:00,14_2,35,16:16:00,16:18:00,228.0,50.0,0.0,35.0,69.0,False
shopping_60,2026-09-15,青少年教育センター,kajiso_vio,13:00:00,True,,1+1+毎日+4,1,14_1,14,13:22:00,25_0,32,14:03:00,14:08:00,15:08:00,2+0+毎日+5,2,25_0,17,15:48:00,14_2,35,16:16:00,16:18:00,198.0,20.0,0.0,35.0,69.0,False
shopping_60,2026-09-15,青少年教育センター,kajiso_vio,13:30:00,False,no_return_by_deadline,,,,,,,,,,,,,,,,,,,,,,,,,False
shopping_60,2026-09-15,青少年教育センター,kajiso_vio,14:00:00,False,no_return_by_deadline,,,,,,,,,,,,,,,,,,,,,,,,,False
shopping_60,2026-09-15,青少年教育センター,kajiso_vio,14:30:00,False,no_return_by_deadline,,,,,,,,,,,,,,,,,,,,,,,,,False
shopping_60,2026-09-15,青少年教育センター,kajiso_vio,15:00:00,False,no_return_by_deadline,,,,,,,,,,,,,,,,,,,,,,,,,False
shopping_60,2026-09-15,青少年教育センター,kajiso_vio,15:30:00,False,no_return_by_deadline,,,,,,,,,,,,,,,,,,,,,,,,,False
shopping_60,2026-09-15,青少年教育センター,kajiso_vio,16:00:00,False,no_outbound_bus,,,,,,,,,,,,,,,,,,,,,,,,,False
shopping_60,2026-09-15,陽明中学校口,kajiso_libre,08:00:00,True,,1+1+毎日+2,1,17_1,17,09:46:00,21_1,21,09:50:00,09:55:00,10:55:00,2+0+毎日+3,2,21_2,28,11:47:00,17_2,32,11:51:00,11:53:00,233.0,104.0,0.0,47.0,8.0,False
shopping_60,2026-09-15,陽明中学校口,kajiso_libre,08:30:00,True,,1+1+毎日+2,1,17_1,17,09:46:00,21_1,21,09:50:00,09:55:00,10:55:00,2+0+毎日+3,2,21_2,28,11:47:00,17_2,32,11:51:00,11:53:00,203.0,74.0,0.0,47.0,8.0,False
shopping_60,2026-09-15,陽明中学校口,kajiso_libre,09:00:00,True,,1+1+毎日+2,1,17_1,17,09:46:00,21_1,21,09:50:00,09:55:00,10:55:00,2+0+毎日+3,2,21_2,28,11:47:00,17_2,32,11:51:00,11:53:00,173.0,44.0,0.0,47.0,8.0,True
shopping_60,2026-09-15,陽明中学校口,kajiso_libre,09:30:00,True,,1+1+毎日+2,1,17_1,17,09:46:00,21_1,21,09:50:00,09:55:00,10:55:00,2+0+毎日+3,2,21_2,28,11:47:00,17_2,32,11:51:00,11:53:00,143.0,14.0,0.0,47.0,8.0,True
shopping_60,2026-09-15,陽明中学校口,kajiso_libre,10:00:00,True,,1+1+平日+3,1,17_1,17,11:24:00,21_1,21,11:28:00,11:33:00,12:33:00,2+0+平日+4,2,21_2,28,13:54:00,17_2,32,13:58:00,14:00:00,240.0,82.0,0.0,76.0,8.0,False
shopping_60,2026-09-15,陽明中学校口,kajiso_libre,10:30:00,True,,1+1+平日+3,1,17_1,17,11:24:00,21_1,21,11:28:00,11:33:00,12:33:00,2+0+平日+4,2,21_2,28,13:54:00,17_2,32,13:58:00,14:00:00,210.0,52.0,0.0,76.0,8.0,False
shopping_60,2026-09-15,陽明中学校口,kajiso_libre,11:00:00,True,,1+1+平日+3,1,17_1,17,11:24:00,21_1,21,11:28:00,11:33:00,12:33:00,2+0+平日+4,2,21_2,28,13:54:00,17_2,32,13:58:00,14:00:00,180.0,22.0,0.0,76.0,8.0,True
shopping_60,2026-09-15,陽明中学校口,kajiso_libre,11:30:00,True,,1+1+毎日+4,1,17_1,17,13:28:00,21_1,21,13:32:00,13:37:00,14:37:00,2+0+毎日+5,2,21_2,28,16:08:00,17_2,32,16:12:00,16:14:00,284.0,116.0,0.0,86.0,8.0,False
shopping_60,2026-09-15,陽明中学校口,kajiso_libre,12:00:00,True,,1+1+毎日+4,1,17_1,17,13:28:00,21_1,21,13:32:00,13:37:00,14:37:00,2+0+毎日+5,2,21_2,28,16:08:00,17_2,32,16:12:00,16:14:00,254.0,86.0,0.0,86.0,8.0,False
shopping_60,2026-09-15,陽明中学校口,kajiso_libre,12:30:00,True,,1+1+毎日+4,1,17_1,17,13:28:00,21_1,21,13:32:00,13:37:00,14:37:00,2+0+毎日+5,2,21_2,28,16:08:00,17_2,32,16:12:00,16:14:00,224.0,56.0,0.0,86.0,8.0,False
shopping_60,2026-09-15,陽明中学校口,kajiso_libre,13:00:00,True,,1+1+毎日+4,1,17_1,17,13:28:00,21_1,21,13:32:00,13:37:00,14:37:00,2+0+毎日+5,2,21_2,28,16:08:00,17_2,32,16:12:00,16:14:00,194.0,26.0,0.0,86.0,8.0,False
shopping_60,2026-09-15,陽明中学校口,kajiso_libre,13:30:00,False,no_return_by_deadline,,,,,,,,,,,,,,,,,,,,,,,,,False
shopping_60,2026-09-15,陽明中学校口,kajiso_libre,14:00:00,False,no_return_by_deadline,,,,,,,,,,,,,,,,,,,,,,,,,False
shopping_60,2026-09-15,陽明中学校口,kajiso_libre,14:30:00,False,no_return_by_deadline,,,,,,,,,,,,,,,,,,,,,,,,,False
shopping_60,2026-09-15,陽明中学校口,kajiso_libre,15:00:00,False,no_return_by_deadline,,,,,,,,,,,,,,,,,,,,,,,,,False
shopping_60,2026-09-15,陽明中学校口,kajiso_libre,15:30:00,False,no_return_by_deadline,,,,,,,,,,,,,,,,,,,,,,,,,False
shopping_60,2026-09-15,陽明中学校口,kajiso_libre,16:00:00,False,no_outbound_bus,,,,,,,,,,,,,,,,,,,,,,,,,False
shopping_60,2026-09-15,陽明中学校口,kajiso_vio,08:00:00,True,,1+1+毎日+2,1,17_1,17,09:46:00,25_0,32,10:13:00,10:18:00,11:18:00,2+0+平日+4,2,25_0,17,13:23:00,17_2,32,13:58:00,14:00:00,360.0,104.0,0.0,120.0,62.0,False
shopping_60,2026-09-15,陽明中学校口,kajiso_vio,08:30:00,True,,1+1+毎日+2,1,17_1,17,09:46:00,25_0,32,10:13:00,10:18:00,11:18:00,2+0+平日+4,2,25_0,17,13:23:00,17_2,32,13:58:00,14:00:00,330.0,74.0,0.0,120.0,62.0,False
shopping_60,2026-09-15,陽明中学校口,kajiso_vio,09:00:00,True,,1+1+毎日+2,1,17_1,17,09:46:00,25_0,32,10:13:00,10:18:00,11:18:00,2+0+平日+4,2,25_0,17,13:23:00,17_2,32,13:58:00,14:00:00,300.0,44.0,0.0,120.0,62.0,False
shopping_60,2026-09-15,陽明中学校口,kajiso_vio,09:30:00,True,,1+1+毎日+2,1,17_1,17,09:46:00,25_0,32,10:13:00,10:18:00,11:18:00,2+0+平日+4,2,25_0,17,13:23:00,17_2,32,13:58:00,14:00:00,270.0,14.0,0.0,120.0,62.0,False
shopping_60,2026-09-15,陽明中学校口,kajiso_vio,10:00:00,True,,1+1+平日+3,1,17_1,17,11:24:00,25_0,32,11:56:00,12:01:00,13:01:00,2+0+平日+4,2,25_0,17,13:23:00,17_2,32,13:58:00,14:00:00,240.0,82.0,0.0,17.0,67.0,False
shopping_60,2026-09-15,陽明中学校口,kajiso_vio,10:30:00,True,,1+1+平日+3,1,17_1,17,11:24:00,25_0,32,11:56:00,12:01:00,13:01:00,2+0+平日+4,2,25_0,17,13:23:00,17_2,32,13:58:00,14:00:00,210.0,52.0,0.0,17.0,67.0,False
shopping_60,2026-09-15,陽明中学校口,kajiso_vio,11:00:00,True,,1+1+平日+3,1,17_1,17,11:24:00,25_0,32,11:56:00,12:01:00,13:01:00,2+0+平日+4,2,25_0,17,13:23:00,17_2,32,13:58:00,14:00:00,180.0,22.0,0.0,17.0,67.0,True
shopping_60,2026-09-15,陽明中学校口,kajiso_vio,11:30:00,True,,1+1+毎日+4,1,17_1,17,13:28:00,25_0,32,14:03:00,14:08:00,15:08:00,2+0+毎日+5,2,25_0,17,15:48:00,17_2,32,16:12:00,16:14:00,284.0,116.0,0.0,35.0,59.0,False
shopping_60,2026-09-15,陽明中学校口,kajiso_vio,12:00:00,True,,1+1+毎日+4,1,17_1,17,13:28:00,25_0,32,14:03:00,14:08:00,15:08:00,2+0+毎日+5,2,25_0,17,15:48:00,17_2,32,16:12:00,16:14:00,254.0,86.0,0.0,35.0,59.0,False
shopping_60,2026-09-15,陽明中学校口,kajiso_vio,12:30:00,True,,1+1+毎日+4,1,17_1,17,13:28:00,25_0,32,14:03:00,14:08:00,15:08:00,2+0+毎日+5,2,25_0,17,15:48:00,17_2,32,16:12:00,16:14:00,224.0,56.0,0.0,35.0,59.0,False
shopping_60,2026-09-15,陽明中学校口,kajiso_vio,13:00:00,True,,1+1+毎日+4,1,17_1,17,13:28:00,25_0,32,14:03:00,14:08:00,15:08:00,2+0+毎日+5,2,25_0,17,15:48:00,17_2,32,16:12:00,16:14:00,194.0,26.0,0.0,35.0,59.0,False
shopping_60,2026-09-15,陽明中学校口,kajiso_vio,13:30:00,False,no_return_by_deadline,,,,,,,,,,,,,,,,,,,,,,,,,False
shopping_60,2026-09-15,陽明中学校口,kajiso_vio,14:00:00,False,no_return_by_deadline,,,,,,,,,,,,,,,,,,,,,,,,,False
shopping_60,2026-09-15,陽明中学校口,kajiso_vio,14:30:00,False,no_return_by_deadline,,,,,,,,,,,,,,,,,,,,,,,,,False
shopping_60,2026-09-15,陽明中学校口,kajiso_vio,15:00:00,False,no_return_by_deadline,,,,,,,,,,,,,,,,,,,,,,,,,False
shopping_60,2026-09-15,陽明中学校口,kajiso_vio,15:30:00,False,no_return_by_deadline,,,,,,,,,,,,,,,,,,,,,,,,,False
shopping_60,2026-09-15,陽明中学校口,kajiso_vio,16:00:00,False,no_outbound_bus,,,,,,,,,,,,,,,,,,,,,,,,,False
shopping_60,2026-09-15,さくら公園,kajiso_libre,08:00:00,True,,1+1+毎日+2,1,19_1,19,09:48:00,21_1,21,09:50:00,09:55:00,10:55:00,2+0+毎日+3,2,21_2,28,11:47:00,19_2,30,11:49:00,11:51:00,231.0,106.0,0.0,47.0,4.0,False
shopping_60,2026-09-15,さくら公園,kajiso_libre,08:30:00,True,,1+1+毎日+2,1,19_1,19,09:48:00,21_1,21,09:50:00,09:55:00,10:55:00,2+0+毎日+3,2,21_2,28,11:47:00,19_2,30,11:49:00,11:51:00,201.0,76.0,0.0,47.0,4.0,False
shopping_60,2026-09-15,さくら公園,kajiso_libre,09:00:00,True,,1+1+毎日+2,1,19_1,19,09:48:00,21_1,21,09:50:00,09:55:00,10:55:00,2+0+毎日+3,2,21_2,28,11:47:00,19_2,30,11:49:00,11:51:00,171.0,46.0,0.0,47.0,4.0,True
shopping_60,2026-09-15,さくら公園,kajiso_libre,09:30:00,True,,1+1+毎日+2,1,19_1,19,09:48:00,21_1,21,09:50:00,09:55:00,10:55:00,2+0+毎日+3,2,21_2,28,11:47:00,19_2,30,11:49:00,11:51:00,141.0,16.0,0.0,47.0,4.0,True
shopping_60,2026-09-15,さくら公園,kajiso_libre,10:00:00,True,,1+1+平日+3,1,19_1,19,11:26:00,21_1,21,11:28:00,11:33:00,12:33:00,2+0+平日+4,2,21_2,28,13:54:00,19_2,30,13:56:00,13:58:00,238.0,84.0,0.0,76.0,4.0,False
shopping_60,2026-09-15,さくら公園,kajiso_libre,10:30:00,True,,1+1+平日+3,1,19_1,19,11:26:00,21_1,21,11:28:00,11:33:00,12:33:00,2+0+平日+4,2,21_2,28,13:54:00,19_2,30,13:56:00,13:58:00,208.0,54.0,0.0,76.0,4.0,False
shopping_60,2026-09-15,さくら公園,kajiso_libre,11:00:00,True,,1+1+平日+3,1,19_1,19,11:26:00,21_1,21,11:28:00,11:33:00,12:33:00,2+0+平日+4,2,21_2,28,13:54:00,19_2,30,13:56:00,13:58:00,178.0,24.0,0.0,76.0,4.0,True
shopping_60,2026-09-15,さくら公園,kajiso_libre,11:30:00,True,,1+1+毎日+4,1,19_1,19,13:30:00,21_1,21,13:32:00,13:37:00,14:37:00,2+0+毎日+5,2,21_2,28,16:08:00,19_2,30,16:10:00,16:12:00,282.0,118.0,0.0,86.0,4.0,False
shopping_60,2026-09-15,さくら公園,kajiso_libre,12:00:00,True,,1+1+毎日+4,1,19_1,19,13:30:00,21_1,21,13:32:00,13:37:00,14:37:00,2+0+毎日+5,2,21_2,28,16:08:00,19_2,30,16:10:00,16:12:00,252.0,88.0,0.0,86.0,4.0,False
shopping_60,2026-09-15,さくら公園,kajiso_libre,12:30:00,True,,1+1+毎日+4,1,19_1,19,13:30:00,21_1,21,13:32:00,13:37:00,14:37:00,2+0+毎日+5,2,21_2,28,16:08:00,19_2,30,16:10:00,16:12:00,222.0,58.0,0.0,86.0,4.0,False
shopping_60,2026-09-15,さくら公園,kajiso_libre,13:00:00,True,,1+1+毎日+4,1,19_1,19,13:30:00,21_1,21,13:32:00,13:37:00,14:37:00,2+0+毎日+5,2,21_2,28,16:08:00,19_2,30,16:10:00,16:12:00,192.0,28.0,0.0,86.0,4.0,False
shopping_60,2026-09-15,さくら公園,kajiso_libre,13:30:00,False,no_return_by_deadline,,,,,,,,,,,,,,,,,,,,,,,,,False
shopping_60,2026-09-15,さくら公園,kajiso_libre,14:00:00,False,no_return_by_deadline,,,,,,,,,,,,,,,,,,,,,,,,,False
shopping_60,2026-09-15,さくら公園,kajiso_libre,14:30:00,False,no_return_by_deadline,,,,,,,,,,,,,,,,,,,,,,,,,False
shopping_60,2026-09-15,さくら公園,kajiso_libre,15:00:00,False,no_return_by_deadline,,,,,,,,,,,,,,,,,,,,,,,,,False
shopping_60,2026-09-15,さくら公園,kajiso_libre,15:30:00,False,no_return_by_deadline,,,,,,,,,,,,,,,,,,,,,,,,,False
shopping_60,2026-09-15,さくら公園,kajiso_libre,16:00:00,False,no_outbound_bus,,,,,,,,,,,,,,,,,,,,,,,,,False
shopping_60,2026-09-15,さくら公園,kajiso_vio,08:00:00,True,,1+1+毎日+2,1,19_1,19,09:48:00,25_0,32,10:13:00,10:18:00,11:18:00,2+0+平日+4,2,25_0,17,13:23:00,19_2,30,13:56:00,13:58:00,358.0,106.0,0.0,120.0,58.0,False
shopping_60,2026-09-15,さくら公園,kajiso_vio,08:30:00,True,,1+1+毎日+2,1,19_1,19,09:48:00,25_0,32,10:13:00,10:18:00,11:18:00,2+0+平日+4,2,25_0,17,13:23:00,19_2,30,13:56:00,13:58:00,328.0,76.0,0.0,120.0,58.0,False
shopping_60,2026-09-15,さくら公園,kajiso_vio,09:00:00,True,,1+1+毎日+2,1,19_1,19,09:48:00,25_0,32,10:13:00,10:18:00,11:18:00,2+0+平日+4,2,25_0,17,13:23:00,19_2,30,13:56:00,13:58:00,298.0,46.0,0.0,120.0,58.0,False
shopping_60,2026-09-15,さくら公園,kajiso_vio,09:30:00,True,,1+1+毎日+2,1,19_1,19,09:48:00,25_0,32,10:13:00,10:18:00,11:18:00,2+0+平日+4,2,25_0,17,13:23:00,19_2,30,13:56:00,13:58:00,268.0,16.0,0.0,120.0,58.0,False
shopping_60,2026-09-15,さくら公園,kajiso_vio,10:00:00,True,,1+1+平日+3,1,19_1,19,11:26:00,25_0,32,11:56:00,12:01:00,13:01:00,2+0+平日+4,2,25_0,17,13:23:00,19_2,30,13:56:00,13:58:00,238.0,84.0,0.0,17.0,63.0,False
shopping_60,2026-09-15,さくら公園,kajiso_vio,10:30:00,True,,1+1+平日+3,1,19_1,19,11:26:00,25_0,32,11:56:00,12:01:00,13:01:00,2+0+平日+4,2,25_0,17,13:23:00,19_2,30,13:56:00,13:58:00,208.0,54.0,0.0,17.0,63.0,False
shopping_60,2026-09-15,さくら公園,kajiso_vio,11:00:00,True,,1+1+平日+3,1,19_1,19,11:26:00,25_0,32,11:56:00,12:01:00,13:01:00,2+0+平日+4,2,25_0,17,13:23:00,19_2,30,13:56:00,13:58:00,178.0,24.0,0.0,17.0,63.0,True
shopping_60,2026-09-15,さくら公園,kajiso_vio,11:30:00,True,,1+1+毎日+4,1,19_1,19,13:30:00,25_0,32,14:03:00,14:08:00,15:08:00,2+0+毎日+5,2,25_0,17,15:48:00,19_2,30,16:10:00,16:12:00,282.0,118.0,0.0,35.0,55.0,False
shopping_60,2026-09-15,さくら公園,kajiso_vio,12:00:00,True,,1+1+毎日+4,1,19_1,19,13:30:00,25_0,32,14:03:00,14:08:00,15:08:00,2+0+毎日+5,2,25_0,17,15:48:00,19_2,30,16:10:00,16:12:00,252.0,88.0,0.0,35.0,55.0,False
shopping_60,2026-09-15,さくら公園,kajiso_vio,12:30:00,True,,1+1+毎日+4,1,19_1,19,13:30:00,25_0,32,14:03:00,14:08:00,15:08:00,2+0+毎日+5,2,25_0,17,15:48:00,19_2,30,16:10:00,16:12:00,222.0,58.0,0.0,35.0,55.0,False
shopping_60,2026-09-15,さくら公園,kajiso_vio,13:00:00,True,,1+1+毎日+4,1,19_1,19,13:30:00,25_0,32,14:03:00,14:08:00,15:08:00,2+0+毎日+5,2,25_0,17,15:48:00,19_2,30,16:10:00,16:12:00,192.0,28.0,0.0,35.0,55.0,False
shopping_60,2026-09-15,さくら公園,kajiso_vio,13:30:00,False,no_return_by_deadline,,,,,,,,,,,,,,,,,,,,,,,,,False
shopping_60,2026-09-15,さくら公園,kajiso_vio,14:00:00,False,no_return_by_deadline,,,,,,,,,,,,,,,,,,,,,,,,,False
shopping_60,2026-09-15,さくら公園,kajiso_vio,14:30:00,False,no_return_by_deadline,,,,,,,,,,,,,,,,,,,,,,,,,False
shopping_60,2026-09-15,さくら公園,kajiso_vio,15:00:00,False,no_return_by_deadline,,,,,,,,,,,,,,,,,,,,,,,,,False
shopping_60,2026-09-15,さくら公園,kajiso_vio,15:30:00,False,no_return_by_deadline,,,,,,,,,,,,,,,,,,,,,,,,,False
shopping_60,2026-09-15,さくら公園,kajiso_vio,16:00:00,False,no_outbound_bus,,,,,,,,,,,,,,,,,,,,,,,,,False
shopping_60,2026-09-15,わかくさ,kajiso_libre,08:00:00,True,,2+0+平日+1,2,22_2,27,08:15:00,21_2,28,08:16:00,09:30:00,10:30:00,1+1+平日+3,1,21_1,21,11:28:00,22_1,22,11:29:00,11:31:00,211.0,13.0,69.0,53.0,2.0,False
shopping_60,2026-09-15,わかくさ,kajiso_libre,08:30:00,True,,2+0+平日+2,2,22_2,27,09:57:00,21_2,28,09:58:00,10:03:00,11:03:00,1+1+平日+3,1,21_1,21,11:28:00,22_1,22,11:29:00,11:31:00,181.0,85.0,0.0,20.0,2.0,False
shopping_60,2026-09-15,わかくさ,kajiso_libre,09:00:00,True,,2+0+平日+2,2,22_2,27,09:57:00,21_2,28,09:58:00,10:03:00,11:03:00,1+1+平日+3,1,21_1,21,11:28:00,22_1,22,11:29:00,11:31:00,151.0,55.0,0.0,20.0,2.0,True
shopping_60,2026-09-15,わかくさ,kajiso_libre,09:30:00,True,,2+0+平日+2,2,22_2,27,09:57:00,21_2,28,09:58:00,10:03:00,11:03:00,1+1+平日+3,1,21_1,21,11:28:00,22_1,22,11:29:00,11:31:00,121.0,25.0,0.0,20.0,2.0,True
shopping_60,2026-09-15,わかくさ,kajiso_libre,10:00:00,True,,2+0+毎日+3,2,22_2,27,11:46:00,21_2,28,11:47:00,11:52:00,12:52:00,1+1+毎日+4,1,21_1,21,13:32:00,22_1,22,13:33:00,13:35:00,215.0,104.0,0.0,35.0,2.0,False
shopping_60,2026-09-15,わかくさ,kajiso_libre,10:30:00,True,,2+0+毎日+3,2,22_2,27,11:46:00,21_2,28,11:47:00,11:52:00,12:52:00,1+1+毎日+4,1,21_1,21,13:32:00,22_1,22,13:33:00,13:35:00,185.0,74.0,0.0,35.0,2.0,False
shopping_60,2026-09-15,わかくさ,kajiso_libre,11:00:00,True,,2+0+毎日+3,2,22_2,27,11:46:00,21_2,28,11:47:00,11:52:00,12:52:00,1+1+毎日+4,1,21_1,21,13:32:00,22_1,22,13:33:00,13:35:00,155.0,44.0,0.0,35.0,2.0,True
shopping_60,2026-09-15,わかくさ,kajiso_libre,11:30:00,True,,2+0+毎日+3,2,22_2,27,11:46:00,21_2,28,11:47:00,11:52:00,12:52:00,1+1+毎日+4,1,21_1,21,13:32:00,22_1,22,13:33:00,13:35:00,125.0,14.0,0.0,35.0,2.0,True
shopping_60,2026-09-15,わかくさ,kajiso_libre,12:00:00,True,,2+0+平日+4,2,22_2,27,13:53:00,21_2,28,13:54:00,13:59:00,14:59:00,1+1+平日+5,1,21_1,21,16:02:00,22_1,22,16:03:00,16:05:00,245.0,111.0,0.0,58.0,2.0,False
shopping_60,2026-09-15,わかくさ,kajiso_libre,12:30:00,True,,2+0+平日+4,2,22_2,27,13:53:00,21_2,28,13:54:00,13:59:00,14:59:00,1+1+平日+5,1,21_1,21,16:02:00,22_1,22,16:03:00,16:05:00,215.0,81.0,0.0,58.0,2.0,False
shopping_60,2026-09-15,わかくさ,kajiso_libre,13:00:00,True,,2+0+平日+4,2,22_2,27,13:53:00,21_2,28,13:54:00,13:59:00,14:59:00,1+1+平日+5,1,21_1,21,16:02:00,22_1,22,16:03:00,16:05:00,185.0,51.0,0.0,58.0,2.0,False
shopping_60,2026-09-15,わかくさ,kajiso_libre,13:30:00,True,,2+0+平日+4,2,22_2,27,13:53:00,21_2,28,13:54:00,13:59:00,14:59:00,1+1+平日+5,1,21_1,21,16:02:00,22_1,22,16:03:00,16:05:00,155.0,21.0,0.0,58.0,2.0,True
shopping_60,2026-09-15,わかくさ,kajiso_libre,14:00:00,False,no_return_by_deadline,,,,,,,,,,,,,,,,,,,,,,,,,False
shopping_60,2026-09-15,わかくさ,kajiso_libre,14:30:00,False,no_return_by_deadline,,,,,,,,,,,,,,,,,,,,,,,,,False
shopping_60,2026-09-15,わかくさ,kajiso_libre,15:00:00,False,no_return_by_deadline,,,,,,,,,,,,,,,,,,,,,,,,,False
shopping_60,2026-09-15,わかくさ,kajiso_libre,15:30:00,False,no_return_by_deadline,,,,,,,,,,,,,,,,,,,,,,,,,False
shopping_60,2026-09-15,わかくさ,kajiso_libre,16:00:00,False,no_return_by_deadline,,,,,,,,,,,,,,,,,,,,,,,,,False
shopping_60,2026-09-15,わかくさ,kajiso_vio,08:00:00,True,,1+1+毎日+2,1,22_1,22,09:51:00,25_0,32,10:13:00,10:18:00,11:18:00,2+0+平日+4,2,25_0,17,13:23:00,22_2,27,13:53:00,13:55:00,355.0,109.0,0.0,120.0,52.0,False
shopping_60,2026-09-15,わかくさ,kajiso_vio,08:30:00,True,,1+1+毎日+2,1,22_1,22,09:51:00,25_0,32,10:13:00,10:18:00,11:18:00,2+0+平日+4,2,25_0,17,13:23:00,22_2,27,13:53:00,13:55:00,325.0,79.0,0.0,120.0,52.0,False
shopping_60,2026-09-15,わかくさ,kajiso_vio,09:00:00,True,,1+1+毎日+2,1,22_1,22,09:51:00,25_0,32,10:13:00,10:18:00,11:18:00,2+0+平日+4,2,25_0,17,13:23:00,22_2,27,13:53:00,13:55:00,295.0,49.0,0.0,120.0,52.0,False
shopping_60,2026-09-15,わかくさ,kajiso_vio,09:30:00,True,,1+1+毎日+2,1,22_1,22,09:51:00,25_0,32,10:13:00,10:18:00,11:18:00,2+0+平日+4,2,25_0,17,13:23:00,22_2,27,13:53:00,13:55:00,265.0,19.0,0.0,120.0,52.0,False
shopping_60,2026-09-15,わかくさ,kajiso_vio,10:00:00,True,,1+1+平日+3,1,22_1,22,11:29:00,25_0,32,11:56:00,12:01:00,13:01:00,2+0+平日+4,2,25_0,17,13:23:00,22_2,27,13:53:00,13:55:00,235.0,87.0,0.0,17.0,57.0,False
shopping_60,2026-09-15,わかくさ,kajiso_vio,10:30:00,True,,1+1+平日+3,1,22_1,22,11:29:00,25_0,32,11:56:00,12:01:00,13:01:00,2+0+平日+4,2,25_0,17,13:23:00,22_2,27,13:53:00,13:55:00,205.0,57.0,0.0,17.0,57.0,False
shopping_60,2026-09-15,わかくさ,kajiso_vio,11:00:00,True,,1+1+平日+3,1,22_1,22,11:29:00,25_0,32,11:56:00,12:01:00,13:01:00,2+0+平日+4,2,25_0,17,13:23:00,22_2,27,13:53:00,13:55:00,175.0,27.0,0.0,17.0,57.0,True
shopping_60,2026-09-15,わかくさ,kajiso_vio,11:30:00,True,,1+1+毎日+4,1,22_1,22,13:33:00,25_0,32,14:03:00,14:08:00,15:08:00,2+0+毎日+5,2,25_0,17,15:48:00,22_2,27,16:07:00,16:09:00,279.0,121.0,0.0,35.0,49.0,False
shopping_60,2026-09-15,わかくさ,kajiso_vio,12:00:00,True,,1+1+毎日+4,1,22_1,22,13:33:00,25_0,32,14:03:00,14:08:00,15:08:00,2+0+毎日+5,2,25_0,17,15:48:00,22_2,27,16:07:00,16:09:00,249.0,91.0,0.0,35.0,49.0,False
shopping_60,2026-09-15,わかくさ,kajiso_vio,12:30:00,True,,1+1+毎日+4,1,22_1,22,13:33:00,25_0,32,14:03:00,14:08:00,15:08:00,2+0+毎日+5,2,25_0,17,15:48:00,22_2,27,16:07:00,16:09:00,219.0,61.0,0.0,35.0,49.0,False
shopping_60,2026-09-15,わかくさ,kajiso_vio,13:00:00,True,,1+1+毎日+4,1,22_1,22,13:33:00,25_0,32,14:03:00,14:08:00,15:08:00,2+0+毎日+5,2,25_0,17,15:48:00,22_2,27,16:07:00,16:09:00,189.0,31.0,0.0,35.0,49.0,False
shopping_60,2026-09-15,わかくさ,kajiso_vio,13:30:00,False,no_return_by_deadline,,,,,,,,,,,,,,,,,,,,,,,,,False
shopping_60,2026-09-15,わかくさ,kajiso_vio,14:00:00,False,no_return_by_deadline,,,,,,,,,,,,,,,,,,,,,,,,,False
shopping_60,2026-09-15,わかくさ,kajiso_vio,14:30:00,False,no_return_by_deadline,,,,,,,,,,,,,,,,,,,,,,,,,False
shopping_60,2026-09-15,わかくさ,kajiso_vio,15:00:00,False,no_return_by_deadline,,,,,,,,,,,,,,,,,,,,,,,,,False
shopping_60,2026-09-15,わかくさ,kajiso_vio,15:30:00,False,no_return_by_deadline,,,,,,,,,,,,,,,,,,,,,,,,,False
shopping_60,2026-09-15,わかくさ,kajiso_vio,16:00:00,False,no_outbound_bus,,,,,,,,,,,,,,,,,,,,,,,,,False
shopping_60,2026-09-15,篠座,kajiso_libre,08:00:00,True,,2+0+平日+2,2,29_2,13,09:31:00,21_2,28,09:58:00,10:03:00,11:03:00,1+1+平日+3,1,21_1,21,11:28:00,29_1,36,12:04:00,12:06:00,246.0,89.0,0.0,20.0,63.0,False
shopping_60,2026-09-15,篠座,kajiso_libre,08:30:00,True,,2+0+平日+2,2,29_2,13,09:31:00,21_2,28,09:58:00,10:03:00,11:03:00,1+1+平日+3,1,21_1,21,11:28:00,29_1,36,12:04:00,12:06:00,216.0,59.0,0.0,20.0,63.0,False
shopping_60,2026-09-15,篠座,kajiso_libre,09:00:00,True,,2+0+平日+2,2,29_2,13,09:31:00,21_2,28,09:58:00,10:03:00,11:03:00,1+1+平日+3,1,21_1,21,11:28:00,29_1,36,12:04:00,12:06:00,186.0,29.0,0.0,20.0,63.0,False
shopping_60,2026-09-15,篠座,kajiso_libre,09:30:00,True,,2+0+毎日+3,2,29_2,13,11:12:00,21_2,28,11:47:00,11:52:00,12:52:00,1+1+毎日+4,1,21_1,21,13:32:00,29_1,36,14:11:00,14:13:00,283.0,100.0,0.0,35.0,74.0,False
shopping_60,2026-09-15,篠座,kajiso_libre,10:00:00,True,,2+0+毎日+3,2,29_2,13,11:12:00,21_2,28,11:47:00,11:52:00,12:52:00,1+1+毎日+4,1,21_1,21,13:32:00,29_1,36,14:11:00,14:13:00,253.0,70.0,0.0,35.0,74.0,False
shopping_60,2026-09-15,篠座,kajiso_libre,10:30:00,True,,2+0+毎日+3,2,29_2,13,11:12:00,21_2,28,11:47:00,11:52:00,12:52:00,1+1+毎日+4,1,21_1,21,13:32:00,29_1,36,14:11:00,14:13:00,223.0,40.0,0.0,35.0,74.0,False
shopping_60,2026-09-15,篠座,kajiso_libre,11:00:00,True,,2+0+毎日+3,2,29_2,13,11:12:00,21_2,28,11:47:00,11:52:00,12:52:00,1+1+毎日+4,1,21_1,21,13:32:00,29_1,36,14:11:00,14:13:00,193.0,10.0,0.0,35.0,74.0,False
shopping_60,2026-09-15,篠座,kajiso_libre,11:30:00,True,,2+0+平日+4,2,29_2,13,13:16:00,21_2,28,13:54:00,13:59:00,14:59:00,1+1+平日+5,1,21_1,21,16:02:00,29_1,36,16:30:00,16:32:00,302.0,104.0,0.0,58.0,66.0,False
shopping_60,2026-09-15,篠座,kajiso_libre,12:00:00,True,,2+0+平日+4,2,29_2,13,13:16:00,21_2,28,13:54:00,13:59:00,14:59:00,1+1+平日+5,1,21_1,21,16:02:00,29_1,36,16:30:00,16:32:00,272.0,74.0,0.0,58.0,66.0,False
shopping_60,2026-09-15,篠座,kajiso_libre,12:30:00,True,,2+0+平日+4,2,29_2,13,13:16:00,21_2,28,13:54:00,13:59:00,14:59:00,1+1+平日+5,1,21_1,21,16:02:00,29_1,36,16:30:00,16:32:00,242.0,44.0,0.0,58.0,66.0,False
shopping_60,2026-09-15,篠座,kajiso_libre,13:00:00,True,,2+0+平日+4,2,29_2,13,13:16:00,21_2,28,13:54:00,13:59:00,14:59:00,1+1+平日+5,1,21_1,21,16:02:00,29_1,36,16:30:00,16:32:00,212.0,14.0,0.0,58.0,66.0,False
shopping_60,2026-09-15,篠座,kajiso_libre,13:30:00,False,no_return_by_deadline,,,,,,,,,,,,,,,,,,,,,,,,,False
shopping_60,2026-09-15,篠座,kajiso_libre,14:00:00,False,no_return_by_deadline,,,,,,,,,,,,,,,,,,,,,,,,,False
shopping_60,2026-09-15,篠座,kajiso_libre,14:30:00,False,no_return_by_deadline,,,,,,,,,,,,,,,,,,,,,,,,,False
shopping_60,2026-09-15,篠座,kajiso_libre,15:00:00,False,no_return_by_deadline,,,,,,,,,,,,,,,,,,,,,,,,,False
shopping_60,2026-09-15,篠座,kajiso_libre,15:30:00,False,no_return_by_deadline,,,,,,,,,,,,,,,,,,,,,,,,,False
shopping_60,2026-09-15,篠座,kajiso_libre,16:00:00,False,no_outbound_bus,,,,,,,,,,,,,,,,,,,,,,,,,False
shopping_60,2026-09-15,篠座,kajiso_vio,08:00:00,True,,2+0+平日+2,2,29_2,13,09:31:00,25_0,17,09:38:00,09:43:00,10:43:00,1+1+平日+3,1,25_0,32,11:56:00,29_1,36,12:04:00,12:06:00,246.0,89.0,0.0,68.0,15.0,False
shopping_60,2026-09-15,篠座,kajiso_vio,08:30:00,True,,2+0+平日+2,2,29_2,13,09:31:00,25_0,17,09:38:00,09:43:00,10:43:00,1+1+平日+3,1,25_0,32,11:56:00,29_1,36,12:04:00,12:06:00,216.0,59.0,0.0,68.0,15.0,False
shopping_60,2026-09-15,篠座,kajiso_vio,09:00:00,True,,2+0+平日+2,2,29_2,13,09:31:00,25_0,17,09:38:00,09:43:00,10:43:00,1+1+平日+3,1,25_0,32,11:56:00,29_1,36,12:04:00,12:06:00,186.0,29.0,0.0,68.0,15.0,False
shopping_60,2026-09-15,篠座,kajiso_vio,09:30:00,True,,2+0+毎日+3,2,29_2,13,11:12:00,25_0,17,11:19:00,11:24:00,12:24:00,1+1+毎日+4,1,25_0,32,14:03:00,29_1,36,14:11:00,14:13:00,283.0,100.0,0.0,94.0,15.0,False
shopping_60,2026-09-15,篠座,kajiso_vio,10:00:00,True,,2+0+毎日+3,2,29_2,13,11:12:00,25_0,17,11:19:00,11:24:00,12:24:00,1+1+毎日+4,1,25_0,32,14:03:00,29_1,36,14:11:00,14:13:00,253.0,70.0,0.0,94.0,15.0,False
shopping_60,2026-09-15,篠座,kajiso_vio,10:30:00,True,,2+0+毎日+3,2,29_2,13,11:12:00,25_0,17,11:19:00,11:24:00,12:24:00,1+1+毎日+4,1,25_0,32,14:03:00,29_1,36,14:11:00,14:13:00,223.0,40.0,0.0,94.0,15.0,False
shopping_60,2026-09-15,篠座,kajiso_vio,11:00:00,True,,2+0+毎日+3,2,29_2,13,11:12:00,25_0,17,11:19:00,11:24:00,12:24:00,1+1+毎日+4,1,25_0,32,14:03:00,29_1,36,14:11:00,14:13:00,193.0,10.0,0.0,94.0,15.0,False
shopping_60,2026-09-15,篠座,kajiso_vio,11:30:00,True,,2+0+平日+4,2,29_2,13,13:16:00,25_0,17,13:23:00,13:28:00,14:28:00,1+1+平日+5,1,25_0,32,16:22:00,29_1,36,16:30:00,16:32:00,302.0,104.0,0.0,109.0,15.0,False
shopping_60,2026-09-15,篠座,kajiso_vio,12:00:00,True,,2+0+平日+4,2,29_2,13,13:16:00,25_0,17,13:23:00,13:28:00,14:28:00,1+1+平日+5,1,25_0,32,16:22:00,29_1,36,16:30:00,16:32:00,272.0,74.0,0.0,109.0,15.0,False
shopping_60,2026-09-15,篠座,kajiso_vio,12:30:00,True,,2+0+平日+4,2,29_2,13,13:16:00,25_0,17,13:23:00,13:28:00,14:28:00,1+1+平日+5,1,25_0,32,16:22:00,29_1,36,16:30:00,16:32:00,242.0,44.0,0.0,109.0,15.0,False
shopping_60,2026-09-15,篠座,kajiso_vio,13:00:00,True,,2+0+平日+4,2,29_2,13,13:16:00,25_0,17,13:23:00,13:28:00,14:28:00,1+1+平日+5,1,25_0,32,16:22:00,29_1,36,16:30:00,16:32:00,212.0,14.0,0.0,109.0,15.0,False
shopping_60,2026-09-15,篠座,kajiso_vio,13:30:00,False,no_return_by_deadline,,,,,,,,,,,,,,,,,,,,,,,,,False
shopping_60,2026-09-15,篠座,kajiso_vio,14:00:00,False,no_return_by_deadline,,,,,,,,,,,,,,,,,,,,,,,,,False
shopping_60,2026-09-15,篠座,kajiso_vio,14:30:00,False,no_return_by_deadline,,,,,,,,,,,,,,,,,,,,,,,,,False
shopping_60,2026-09-15,篠座,kajiso_vio,15:00:00,False,no_return_by_deadline,,,,,,,,,,,,,,,,,,,,,,,,,False
shopping_60,2026-09-15,篠座,kajiso_vio,15:30:00,False,no_return_by_deadline,,,,,,,,,,,,,,,,,,,,,,,,,False
shopping_60,2026-09-15,篠座,kajiso_vio,16:00:00,False,no_outbound_bus,,,,,,,,,,,,,,,,,,,,,,,,,False
shopping_60,2026-09-15,いなほこども園,kajiso_libre,08:00:00,True,,2+0+平日+2,2,33_2,9,09:27:00,21_2,28,09:58:00,10:03:00,11:03:00,1+1+平日+3,1,21_1,21,11:28:00,33_1,40,12:08:00,12:10:00,250.0,85.0,0.0,20.0,71.0,False
shopping_60,2026-09-15,いなほこども園,kajiso_libre,08:30:00,True,,2+0+平日+2,2,33_2,9,09:27:00,21_2,28,09:58:00,10:03:00,11:03:00,1+1+平日+3,1,21_1,21,11:28:00,33_1,40,12:08:00,12:10:00,220.0,55.0,0.0,20.0,71.0,False
shopping_60,2026-09-15,いなほこども園,kajiso_libre,09:00:00,True,,2+0+平日+2,2,33_2,9,09:27:00,21_2,28,09:58:00,10:03:00,11:03:00,1+1+平日+3,1,21_1,21,11:28:00,33_1,40,12:08:00,12:10:00,190.0,25.0,0.0,20.0,71.0,False
shopping_60,2026-09-15,いなほこども園,kajiso_libre,09:30:00,True,,2+0+毎日+3,2,33_2,9,11:08:00,21_2,28,11:47:00,11:52:00,12:52:00,1+1+毎日+4,1,21_1,21,13:32:00,33_1,40,14:15:00,14:17:00,287.0,96.0,0.0,35.0,82.0,False
shopping_60,2026-09-15,いなほこども園,kajiso_libre,10:00:00,True,,2+0+毎日+3,2,33_2,9,11:08:00,21_2,28,11:47:00,11:52:00,12:52:00,1+1+毎日+4,1,21_1,21,13:32:00,33_1,40,14:15:00,14:17:00,257.0,66.0,0.0,35.0,82.0,False
shopping_60,2026-09-15,いなほこども園,kajiso_libre,10:30:00,True,,2+0+毎日+3,2,33_2,9,11:08:00,21_2,28,11:47:00,11:52:00,12:52:00,1+1+毎日+4,1,21_1,21,13:32:00,33_1,40,14:15:00,14:17:00,227.0,36.0,0.0,35.0,82.0,False
shopping_60,2026-09-15,いなほこども園,kajiso_libre,11:00:00,True,,2+0+毎日+3,2,33_2,9,11:08:00,21_2,28,11:47:00,11:52:00,12:52:00,1+1+毎日+4,1,21_1,21,13:32:00,33_1,40,14:15:00,14:17:00,197.0,6.0,0.0,35.0,82.0,False
shopping_60,2026-09-15,いなほこども園,kajiso_libre,11:30:00,True,,2+0+平日+4,2,33_2,9,13:12:00,21_2,28,13:54:00,13:59:00,14:59:00,1+1+平日+5,1,21_1,21,16:02:00,33_1,40,16:34:00,16:36:00,306.0,100.0,0.0,58.0,74.0,False
shopping_60,2026-09-15,いなほこども園,kajiso_libre,12:00:00,True,,2+0+平日+4,2,33_2,9,13:12:00,21_2,28,13:54:00,13:59:00,14:59:00,1+1+平日+5,1,21_1,21,16:02:00,33_1,40,16:34:00,16:36:00,276.0,70.0,0.0,58.0,74.0,False
shopping_60,2026-09-15,いなほこども園,kajiso_libre,12:30:00,True,,2+0+平日+4,2,33_2,9,13:12:00,21_2,28,13:54:00,13:59:00,14:59:00,1+1+平日+5,1,21_1,21,16:02:00,33_1,40,16:34:00,16:36:00,246.0,40.0,0.0,58.0,74.0,False
shopping_60,2026-09-15,いなほこども園,kajiso_libre,13:00:00,True,,2+0+平日+4,2,33_2,9,13:12:00,21_2,28,13:54:00,13:59:00,14:59:00,1+1+平日+5,1,21_1,21,16:02:00,33_1,40,16:34:00,16:36:00,216.0,10.0,0.0,58.0,74.0,False
shopping_60,2026-09-15,いなほこども園,kajiso_libre,13:30:00,False,no_return_by_deadline,,,,,,,,,,,,,,,,,,,,,,,,,False
shopping_60,2026-09-15,いなほこども園,kajiso_libre,14:00:00,False,no_return_by_deadline,,,,,,,,,,,,,,,,,,,,,,,,,False
shopping_60,2026-09-15,いなほこども園,kajiso_libre,14:30:00,False,no_return_by_deadline,,,,,,,,,,,,,,,,,,,,,,,,,False
shopping_60,2026-09-15,いなほこども園,kajiso_libre,15:00:00,False,no_return_by_deadline,,,,,,,,,,,,,,,,,,,,,,,,,False
shopping_60,2026-09-15,いなほこども園,kajiso_libre,15:30:00,False,no_return_by_deadline,,,,,,,,,,,,,,,,,,,,,,,,,False
shopping_60,2026-09-15,いなほこども園,kajiso_libre,16:00:00,False,no_outbound_bus,,,,,,,,,,,,,,,,,,,,,,,,,False
shopping_60,2026-09-15,いなほこども園,kajiso_vio,08:00:00,True,,2+0+平日+2,2,33_2,9,09:27:00,25_0,17,09:38:00,09:43:00,10:43:00,1+1+平日+3,1,25_0,32,11:56:00,33_1,40,12:08:00,12:10:00,250.0,85.0,0.0,68.0,23.0,False
shopping_60,2026-09-15,いなほこども園,kajiso_vio,08:30:00,True,,2+0+平日+2,2,33_2,9,09:27:00,25_0,17,09:38:00,09:43:00,10:43:00,1+1+平日+3,1,25_0,32,11:56:00,33_1,40,12:08:00,12:10:00,220.0,55.0,0.0,68.0,23.0,False
shopping_60,2026-09-15,いなほこども園,kajiso_vio,09:00:00,True,,2+0+平日+2,2,33_2,9,09:27:00,25_0,17,09:38:00,09:43:00,10:43:00,1+1+平日+3,1,25_0,32,11:56:00,33_1,40,12:08:00,12:10:00,190.0,25.0,0.0,68.0,23.0,False
shopping_60,2026-09-15,いなほこども園,kajiso_vio,09:30:00,True,,2+0+毎日+3,2,33_2,9,11:08:00,25_0,17,11:19:00,11:24:00,12:24:00,1+1+毎日+4,1,25_0,32,14:03:00,33_1,40,14:15:00,14:17:00,287.0,96.0,0.0,94.0,23.0,False
shopping_60,2026-09-15,いなほこども園,kajiso_vio,10:00:00,True,,2+0+毎日+3,2,33_2,9,11:08:00,25_0,17,11:19:00,11:24:00,12:24:00,1+1+毎日+4,1,25_0,32,14:03:00,33_1,40,14:15:00,14:17:00,257.0,66.0,0.0,94.0,23.0,False
shopping_60,2026-09-15,いなほこども園,kajiso_vio,10:30:00,True,,2+0+毎日+3,2,33_2,9,11:08:00,25_0,17,11:19:00,11:24:00,12:24:00,1+1+毎日+4,1,25_0,32,14:03:00,33_1,40,14:15:00,14:17:00,227.0,36.0,0.0,94.0,23.0,False
shopping_60,2026-09-15,いなほこども園,kajiso_vio,11:00:00,True,,2+0+毎日+3,2,33_2,9,11:08:00,25_0,17,11:19:00,11:24:00,12:24:00,1+1+毎日+4,1,25_0,32,14:03:00,33_1,40,14:15:00,14:17:00,197.0,6.0,0.0,94.0,23.0,False
shopping_60,2026-09-15,いなほこども園,kajiso_vio,11:30:00,True,,2+0+平日+4,2,33_2,9,13:12:00,25_0,17,13:23:00,13:28:00,14:28:00,1+1+平日+5,1,25_0,32,16:22:00,33_1,40,16:34:00,16:36:00,306.0,100.0,0.0,109.0,23.0,False
shopping_60,2026-09-15,いなほこども園,kajiso_vio,12:00:00,True,,2+0+平日+4,2,33_2,9,13:12:00,25_0,17,13:23:00,13:28:00,14:28:00,1+1+平日+5,1,25_0,32,16:22:00,33_1,40,16:34:00,16:36:00,276.0,70.0,0.0,109.0,23.0,False
shopping_60,2026-09-15,いなほこども園,kajiso_vio,12:30:00,True,,2+0+平日+4,2,33_2,9,13:12:00,25_0,17,13:23:00,13:28:00,14:28:00,1+1+平日+5,1,25_0,32,16:22:00,33_1,40,16:34:00,16:36:00,246.0,40.0,0.0,109.0,23.0,False
shopping_60,2026-09-15,いなほこども園,kajiso_vio,13:00:00,True,,2+0+平日+4,2,33_2,9,13:12:00,25_0,17,13:23:00,13:28:00,14:28:00,1+1+平日+5,1,25_0,32,16:22:00,33_1,40,16:34:00,16:36:00,216.0,10.0,0.0,109.0,23.0,False
shopping_60,2026-09-15,いなほこども園,kajiso_vio,13:30:00,False,no_return_by_deadline,,,,,,,,,,,,,,,,,,,,,,,,,False
shopping_60,2026-09-15,いなほこども園,kajiso_vio,14:00:00,False,no_return_by_deadline,,,,,,,,,,,,,,,,,,,,,,,,,False
shopping_60,2026-09-15,いなほこども園,kajiso_vio,14:30:00,False,no_return_by_deadline,,,,,,,,,,,,,,,,,,,,,,,,,False
shopping_60,2026-09-15,いなほこども園,kajiso_vio,15:00:00,False,no_return_by_deadline,,,,,,,,,,,,,,,,,,,,,,,,,False
shopping_60,2026-09-15,いなほこども園,kajiso_vio,15:30:00,False,no_return_by_deadline,,,,,,,,,,,,,,,,,,,,,,,,,False
shopping_60,2026-09-15,いなほこども園,kajiso_vio,16:00:00,False,no_outbound_bus,,,,,,,,,,,,,,,,,,,,,,,,,False
shopping_60,2026-09-15,童子丸郵便局口,kajiso_libre,08:00:00,True,,2+0+平日+2,2,39_2,3,09:18:00,21_2,28,09:58:00,10:03:00,11:03:00,1+1+平日+3,1,21_1,21,11:28:00,39_1,46,12:16:00,12:18:00,258.0,76.0,0.0,20.0,88.0,False
shopping_60,2026-09-15,童子丸郵便局口,kajiso_libre,08:30:00,True,,2+0+平日+2,2,39_2,3,09:18:00,21_2,28,09:58:00,10:03:00,11:03:00,1+1+平日+3,1,21_1,21,11:28:00,39_1,46,12:16:00,12:18:00,228.0,46.0,0.0,20.0,88.0,False
shopping_60,2026-09-15,童子丸郵便局口,kajiso_libre,09:00:00,True,,2+0+平日+2,2,39_2,3,09:18:00,21_2,28,09:58:00,10:03:00,11:03:00,1+1+平日+3,1,21_1,21,11:28:00,39_1,46,12:16:00,12:18:00,198.0,16.0,0.0,20.0,88.0,False
shopping_60,2026-09-15,童子丸郵便局口,kajiso_libre,09:30:00,True,,2+0+毎日+3,2,39_2,3,10:59:00,21_2,28,11:47:00,11:52:00,12:52:00,1+1+毎日+4,1,21_1,21,13:32:00,39_1,46,14:23:00,14:25:00,295.0,87.0,0.0,35.0,99.0,False
shopping_60,2026-09-15,童子丸郵便局口,kajiso_libre,10:00:00,True,,2+0+毎日+3,2,39_2,3,10:59:00,21_2,28,11:47:00,11:52:00,12:52:00,1+1+毎日+4,1,21_1,21,13:32:00,39_1,46,14:23:00,14:25:00,265.0,57.0,0.0,35.0,99.0,False
shopping_60,2026-09-15,童子丸郵便局口,kajiso_libre,10:30:00,True,,2+0+毎日+3,2,39_2,3,10:59:00,21_2,28,11:47:00,11:52:00,12:52:00,1+1+毎日+4,1,21_1,21,13:32:00,39_1,46,14:23:00,14:25:00,235.0,27.0,0.0,35.0,99.0,False
shopping_60,2026-09-15,童子丸郵便局口,kajiso_libre,11:00:00,True,,2+0+平日+4,2,39_2,3,13:03:00,21_2,28,13:54:00,13:59:00,14:59:00,1+1+平日+5,1,21_1,21,16:02:00,39_1,46,16:42:00,16:44:00,344.0,121.0,0.0,58.0,91.0,False
shopping_60,2026-09-15,童子丸郵便局口,kajiso_libre,11:30:00,True,,2+0+平日+4,2,39_2,3,13:03:00,21_2,28,13:54:00,13:59:00,14:59:00,1+1+平日+5,1,21_1,21,16:02:00,39_1,46,16:42:00,16:44:00,314.0,91.0,0.0,58.0,91.0,False
shopping_60,2026-09-15,童子丸郵便局口,kajiso_libre,12:00:00,True,,2+0+平日+4,2,39_2,3,13:03:00,21_2,28,13:54:00,13:59:00,14:59:00,1+1+平日+5,1,21_1,21,16:02:00,39_1,46,16:42:00,16:44:00,284.0,61.0,0.0,58.0,91.0,False
shopping_60,2026-09-15,童子丸郵便局口,kajiso_libre,12:30:00,True,,2+0+平日+4,2,39_2,3,13:03:00,21_2,28,13:54:00,13:59:00,14:59:00,1+1+平日+5,1,21_1,21,16:02:00,39_1,46,16:42:00,16:44:00,254.0,31.0,0.0,58.0,91.0,False
shopping_60,2026-09-15,童子丸郵便局口,kajiso_libre,13:00:00,False,no_return_by_deadline,,,,,,,,,,,,,,,,,,,,,,,,,False
shopping_60,2026-09-15,童子丸郵便局口,kajiso_libre,13:30:00,False,no_return_by_deadline,,,,,,,,,,,,,,,,,,,,,,,,,False
shopping_60,2026-09-15,童子丸郵便局口,kajiso_libre,14:00:00,False,no_return_by_deadline,,,,,,,,,,,,,,,,,,,,,,,,,False
shopping_60,2026-09-15,童子丸郵便局口,kajiso_libre,14:30:00,False,no_return_by_deadline,,,,,,,,,,,,,,,,,,,,,,,,,False
shopping_60,2026-09-15,童子丸郵便局口,kajiso_libre,15:00:00,False,no_return_by_deadline,,,,,,,,,,,,,,,,,,,,,,,,,False
shopping_60,2026-09-15,童子丸郵便局口,kajiso_libre,15:30:00,False,no_outbound_bus,,,,,,,,,,,,,,,,,,,,,,,,,False
shopping_60,2026-09-15,童子丸郵便局口,kajiso_libre,16:00:00,False,no_outbound_bus,,,,,,,,,,,,,,,,,,,,,,,,,False
shopping_60,2026-09-15,童子丸郵便局口,kajiso_vio,08:00:00,True,,2+0+平日+2,2,39_2,3,09:18:00,25_0,17,09:38:00,09:43:00,10:43:00,1+1+平日+3,1,25_0,32,11:56:00,39_1,46,12:16:00,12:18:00,258.0,76.0,0.0,68.0,40.0,False
shopping_60,2026-09-15,童子丸郵便局口,kajiso_vio,08:30:00,True,,2+0+平日+2,2,39_2,3,09:18:00,25_0,17,09:38:00,09:43:00,10:43:00,1+1+平日+3,1,25_0,32,11:56:00,39_1,46,12:16:00,12:18:00,228.0,46.0,0.0,68.0,40.0,False
shopping_60,2026-09-15,童子丸郵便局口,kajiso_vio,09:00:00,True,,2+0+平日+2,2,39_2,3,09:18:00,25_0,17,09:38:00,09:43:00,10:43:00,1+1+平日+3,1,25_0,32,11:56:00,39_1,46,12:16:00,12:18:00,198.0,16.0,0.0,68.0,40.0,False
shopping_60,2026-09-15,童子丸郵便局口,kajiso_vio,09:30:00,True,,2+0+毎日+3,2,39_2,3,10:59:00,25_0,17,11:19:00,11:24:00,12:24:00,1+1+毎日+4,1,25_0,32,14:03:00,39_1,46,14:23:00,14:25:00,295.0,87.0,0.0,94.0,40.0,False
shopping_60,2026-09-15,童子丸郵便局口,kajiso_vio,10:00:00,True,,2+0+毎日+3,2,39_2,3,10:59:00,25_0,17,11:19:00,11:24:00,12:24:00,1+1+毎日+4,1,25_0,32,14:03:00,39_1,46,14:23:00,14:25:00,265.0,57.0,0.0,94.0,40.0,False
shopping_60,2026-09-15,童子丸郵便局口,kajiso_vio,10:30:00,True,,2+0+毎日+3,2,39_2,3,10:59:00,25_0,17,11:19:00,11:24:00,12:24:00,1+1+毎日+4,1,25_0,32,14:03:00,39_1,46,14:23:00,14:25:00,235.0,27.0,0.0,94.0,40.0,False
shopping_60,2026-09-15,童子丸郵便局口,kajiso_vio,11:00:00,True,,2+0+平日+4,2,39_2,3,13:03:00,25_0,17,13:23:00,13:28:00,14:28:00,1+1+平日+5,1,25_0,32,16:22:00,39_1,46,16:42:00,16:44:00,344.0,121.0,0.0,109.0,40.0,False
shopping_60,2026-09-15,童子丸郵便局口,kajiso_vio,11:30:00,True,,2+0+平日+4,2,39_2,3,13:03:00,25_0,17,13:23:00,13:28:00,14:28:00,1+1+平日+5,1,25_0,32,16:22:00,39_1,46,16:42:00,16:44:00,314.0,91.0,0.0,109.0,40.0,False
shopping_60,2026-09-15,童子丸郵便局口,kajiso_vio,12:00:00,True,,2+0+平日+4,2,39_2,3,13:03:00,25_0,17,13:23:00,13:28:00,14:28:00,1+1+平日+5,1,25_0,32,16:22:00,39_1,46,16:42:00,16:44:00,284.0,61.0,0.0,109.0,40.0,False
shopping_60,2026-09-15,童子丸郵便局口,kajiso_vio,12:30:00,True,,2+0+平日+4,2,39_2,3,13:03:00,25_0,17,13:23:00,13:28:00,14:28:00,1+1+平日+5,1,25_0,32,16:22:00,39_1,46,16:42:00,16:44:00,254.0,31.0,0.0,109.0,40.0,False
shopping_60,2026-09-15,童子丸郵便局口,kajiso_vio,13:00:00,False,no_return_by_deadline,,,,,,,,,,,,,,,,,,,,,,,,,False
shopping_60,2026-09-15,童子丸郵便局口,kajiso_vio,13:30:00,False,no_return_by_deadline,,,,,,,,,,,,,,,,,,,,,,,,,False
shopping_60,2026-09-15,童子丸郵便局口,kajiso_vio,14:00:00,False,no_return_by_deadline,,,,,,,,,,,,,,,,,,,,,,,,,False
shopping_60,2026-09-15,童子丸郵便局口,kajiso_vio,14:30:00,False,no_return_by_deadline,,,,,,,,,,,,,,,,,,,,,,,,,False
shopping_60,2026-09-15,童子丸郵便局口,kajiso_vio,15:00:00,False,no_return_by_deadline,,,,,,,,,,,,,,,,,,,,,,,,,False
shopping_60,2026-09-15,童子丸郵便局口,kajiso_vio,15:30:00,False,no_outbound_bus,,,,,,,,,,,,,,,,,,,,,,,,,False
shopping_60,2026-09-15,童子丸郵便局口,kajiso_vio,16:00:00,False,no_outbound_bus,,,,,,,,,,,,,,,,,,,,,,,,,False
shopping_60,2026-09-19,越前大野駅,kajiso_libre,08:00:00,True,,1+1+毎日+2,1,1_1,1,09:23:00,21_1,21,09:50:00,09:55:00,10:55:00,2+0+毎日+3,2,21_2,28,11:47:00,1_1,48,12:13:00,12:15:00,255.0,81.0,0.0,47.0,53.0,False
shopping_60,2026-09-19,越前大野駅,kajiso_libre,08:30:00,True,,1+1+毎日+2,1,1_1,1,09:23:00,21_1,21,09:50:00,09:55:00,10:55:00,2+0+毎日+3,2,21_2,28,11:47:00,1_1,48,12:13:00,12:15:00,225.0,51.0,0.0,47.0,53.0,False
shopping_60,2026-09-19,越前大野駅,kajiso_libre,09:00:00,True,,1+1+毎日+2,1,1_1,1,09:23:00,21_1,21,09:50:00,09:55:00,10:55:00,2+0+毎日+3,2,21_2,28,11:47:00,1_1,48,12:13:00,12:15:00,195.0,21.0,0.0,47.0,53.0,False
shopping_60,2026-09-19,越前大野駅,kajiso_libre,09:30:00,True,,2+0+毎日+3,2,1_1,1,10:56:00,21_2,28,11:47:00,11:52:00,12:52:00,1+1+毎日+4,1,21_1,21,13:32:00,1_1,24,13:36:00,13:38:00,248.0,84.0,0.0,35.0,55.0,False
shopping_60,2026-09-19,越前大野駅,kajiso_libre,10:00:00,True,,2+0+毎日+3,2,1_1,1,10:56:00,21_2,28,11:47:00,11:52:00,12:52:00,1+1+毎日+4,1,21_1,21,13:32:00,1_1,24,13:36:00,13:38:00,218.0,54.0,0.0,35.0,55.0,False
shopping_60,2026-09-19,越前大野駅,kajiso_libre,10:30:00,True,,2+0+毎日+3,2,1_1,1,10:56:00,21_2,28,11:47:00,11:52:00,12:52:00,1+1+毎日+4,1,21_1,21,13:32:00,1_1,24,13:36:00,13:38:00,188.0,24.0,0.0,35.0,55.0,False
shopping_60,2026-09-19,越前大野駅,kajiso_libre,11:00:00,True,,2+0+毎日+3,2,1_1,24,11:43:00,21_2,28,11:47:00,11:52:00,12:52:00,1+1+毎日+4,1,21_1,21,13:32:00,1_1,24,13:36:00,13:38:00,158.0,41.0,0.0,35.0,8.0,True
shopping_60,2026-09-19,越前大野駅,kajiso_libre,11:30:00,True,,2+0+毎日+3,2,1_1,24,11:43:00,21_2,28,11:47:00,11:52:00,12:52:00,1+1+毎日+4,1,21_1,21,13:32:00,1_1,24,13:36:00,13:38:00,128.0,11.0,0.0,35.0,8.0,True
shopping_60,2026-09-19,越前大野駅,kajiso_libre,12:00:00,True,,1+1+毎日+4,1,1_1,1,13:05:00,21_1,21,13:32:00,13:37:00,14:37:00,2+0+毎日+5,2,21_2,28,16:08:00,1_1,48,16:34:00,16:36:00,276.0,63.0,0.0,86.0,53.0,False
shopping_60,2026-09-19,越前大野駅,kajiso_libre,12:30:00,True,,1+1+毎日+4,1,1_1,1,13:05:00,21_1,21,13:32:00,13:37:00,14:37:00,2+0+毎日+5,2,21_2,28,16:08:00,1_1,48,16:34:00,16:36:00,246.0,33.0,0.0,86.0,53.0,False
shopping_60,2026-09-19,越前大野駅,kajiso_libre,13:00:00,True,,1+1+毎日+4,1,1_1,1,13:05:00,21_1,21,13:32:00,13:37:00,14:37:00,2+0+毎日+5,2,21_2,28,16:08:00,1_1,48,16:34:00,16:36:00,216.0,3.0,0.0,86.0,53.0,False
shopping_60,2026-09-19,越前大野駅,kajiso_libre,13:30:00,False,no_return_by_deadline,,,,,,,,,,,,,,,,,,,,,,,,,False
shopping_60,2026-09-19,越前大野駅,kajiso_libre,14:00:00,False,no_return_by_deadline,,,,,,,,,,,,,,,,,,,,,,,,,False
shopping_60,2026-09-19,越前大野駅,kajiso_libre,14:30:00,False,no_return_by_deadline,,,,,,,,,,,,,,,,,,,,,,,,,False
shopping_60,2026-09-19,越前大野駅,kajiso_libre,15:00:00,False,no_return_by_deadline,,,,,,,,,,,,,,,,,,,,,,,,,False
shopping_60,2026-09-19,越前大野駅,kajiso_libre,15:30:00,False,no_return_by_deadline,,,,,,,,,,,,,,,,,,,,,,,,,False
shopping_60,2026-09-19,越前大野駅,kajiso_libre,16:00:00,False,no_return_by_deadline,,,,,,,,,,,,,,,,,,,,,,,,,False
shopping_60,2026-09-19,越前大野駅,kajiso_vio,08:00:00,True,,1+1+毎日+2,1,1_1,1,09:23:00,25_0,32,10:13:00,10:18:00,11:18:00,1+1+毎日+4,1,25_0,32,14:03:00,1_1,48,14:26:00,14:28:00,388.0,81.0,0.0,160.0,73.0,False
shopping_60,2026-09-19,越前大野駅,kajiso_vio,08:30:00,True,,1+1+毎日+2,1,1_1,1,09:23:00,25_0,32,10:13:00,10:18:00,11:18:00,1+1+毎日+4,1,25_0,32,14:03:00,1_1,48,14:26:00,14:28:00,358.0,51.0,0.0,160.0,73.0,False
shopping_60,2026-09-19,越前大野駅,kajiso_vio,09:00:00,True,,1+1+毎日+2,1,1_1,1,09:23:00,25_0,32,10:13:00,10:18:00,11:18:00,1+1+毎日+4,1,25_0,32,14:03:00,1_1,48,14:26:00,14:28:00,328.0,21.0,0.0,160.0,73.0,False
shopping_60,2026-09-19,越前大野駅,kajiso_vio,09:30:00,True,,1+1+毎日+2,1,1_1,24,10:00:00,25_0,32,10:13:00,10:18:00,11:18:00,1+1+毎日+4,1,25_0,32,14:03:00,1_1,48,14:26:00,14:28:00,298.0,28.0,0.0,160.0,36.0,False
shopping_60,2026-09-19,越前大野駅,kajiso_vio,10:00:00,True,,2+0+毎日+3,2,1_1,1,10:56:00,25_0,17,11:19:00,11:24:00,12:24:00,1+1+毎日+4,1,25_0,32,14:03:00,1_1,48,14:26:00,14:28:00,268.0,54.0,0.0,94.0,46.0,False
shopping_60,2026-09-19,越前大野駅,kajiso_vio,10:30:00,True,,2+0+毎日+3,2,1_1,1,10:56:00,25_0,17,11:19:00,11:24:00,12:24:00,1+1+毎日+4,1,25_0,32,14:03:00,1_1,48,14:26:00,14:28:00,238.0,24.0,0.0,94.0,46.0,False
shopping_60,2026-09-19,越前大野駅,kajiso_vio,11:00:00,True,,1+1+毎日+4,1,1_1,1,13:05:00,25_0,32,14:03:00,14:08:00,15:08:00,2+0+毎日+5,2,25_0,17,15:48:00,1_1,24,16:01:00,16:03:00,303.0,123.0,0.0,35.0,71.0,False
shopping_60,2026-09-19,越前大野駅,kajiso_vio,11:30:00,True,,1+1+毎日+4,1,1_1,1,13:05:00,25_0,32,14:03:00,14:08:00,15:08:00,2+0+毎日+5,2,25_0,17,15:48:00,1_1,24,16:01:00,16:03:00,273.0,93.0,0.0,35.0,71.0,False
shopping_60,2026-09-19,越前大野駅,kajiso_vio,12:00:00,True,,1+1+毎日+4,1,1_1,1,13:05:00,25_0,32,14:03:00,14:08:00,15:08:00,2+0+毎日+5,2,25_0,17,15:48:00,1_1,24,16:01:00,16:03:00,243.0,63.0,0.0,35.0,71.0,False
shopping_60,2026-09-19,越前大野駅,kajiso_vio,12:30:00,True,,1+1+毎日+4,1,1_1,1,13:05:00,25_0,32,14:03:00,14:08:00,15:08:00,2+0+毎日+5,2,25_0,17,15:48:00,1_1,24,16:01:00,16:03:00,213.0,33.0,0.0,35.0,71.0,False
shopping_60,2026-09-19,越前大野駅,kajiso_vio,13:00:00,True,,1+1+毎日+4,1,1_1,1,13:05:00,25_0,32,14:03:00,14:08:00,15:08:00,2+0+毎日+5,2,25_0,17,15:48:00,1_1,24,16:01:00,16:03:00,183.0,3.0,0.0,35.0,71.0,False
shopping_60,2026-09-19,越前大野駅,kajiso_vio,13:30:00,True,,1+1+毎日+4,1,1_1,24,13:50:00,25_0,32,14:03:00,14:08:00,15:08:00,2+0+毎日+5,2,25_0,17,15:48:00,1_1,24,16:01:00,16:03:00,153.0,18.0,0.0,35.0,26.0,True
shopping_60,2026-09-19,越前大野駅,kajiso_vio,14:00:00,False,no_return_by_deadline,,,,,,,,,,,,,,,,,,,,,,,,,False
shopping_60,2026-09-19,越前大野駅,kajiso_vio,14:30:00,False,no_return_by_deadline,,,,,,,,,,,,,,,,,,,,,,,,,False
shopping_60,2026-09-19,越前大野駅,kajiso_vio,15:00:00,False,no_return_by_deadline,,,,,,,,,,,,,,,,,,,,,,,,,False
shopping_60,2026-09-19,越前大野駅,kajiso_vio,15:30:00,False,no_outbound_bus,,,,,,,,,,,,,,,,,,,,,,,,,False
shopping_60,2026-09-19,越前大野駅,kajiso_vio,16:00:00,False,no_outbound_bus,,,,,,,,,,,,,,,,,,,,,,,,,False
shopping_60,2026-09-19,結ステーション,kajiso_libre,08:00:00,True,,1+1+毎日+2,1,6_0,6,09:30:00,21_1,21,09:50:00,09:55:00,10:55:00,2+0+毎日+3,2,21_2,28,11:47:00,6_0,43,12:06:00,12:08:00,248.0,88.0,0.0,47.0,39.0,False
shopping_60,2026-09-19,結ステーション,kajiso_libre,08:30:00,True,,1+1+毎日+2,1,6_0,6,09:30:00,21_1,21,09:50:00,09:55:00,10:55:00,2+0+毎日+3,2,21_2,28,11:47:00,6_0,43,12:06:00,12:08:00,218.0,58.0,0.0,47.0,39.0,False
shopping_60,2026-09-19,結ステーション,kajiso_libre,09:00:00,True,,1+1+毎日+2,1,6_0,6,09:30:00,21_1,21,09:50:00,09:55:00,10:55:00,2+0+毎日+3,2,21_2,28,11:47:00,6_0,43,12:06:00,12:08:00,188.0,28.0,0.0,47.0,39.0,False
shopping_60,2026-09-19,結ステーション,kajiso_libre,09:30:00,True,,2+0+毎日+3,2,6_0,20,11:28:00,21_2,28,11:47:00,11:52:00,12:52:00,1+1+毎日+4,1,21_1,21,13:32:00,6_0,29,13:54:00,13:56:00,266.0,116.0,0.0,35.0,41.0,False
shopping_60,2026-09-19,結ステーション,kajiso_libre,10:00:00,True,,2+0+毎日+3,2,6_0,20,11:28:00,21_2,28,11:47:00,11:52:00,12:52:00,1+1+毎日+4,1,21_1,21,13:32:00,6_0,29,13:54:00,13:56:00,236.0,86.0,0.0,35.0,41.0,False
shopping_60,2026-09-19,結ステーション,kajiso_libre,10:30:00,True,,2+0+毎日+3,2,6_0,20,11:28:00,21_2,28,11:47:00,11:52:00,12:52:00,1+1+毎日+4,1,21_1,21,13:32:00,6_0,29,13:54:00,13:56:00,206.0,56.0,0.0,35.0,41.0,False
shopping_60,2026-09-19,結ステーション,kajiso_libre,11:00:00,True,,2+0+毎日+3,2,6_0,20,11:28:00,21_2,28,11:47:00,11:52:00,12:52:00,1+1+毎日+4,1,21_1,21,13:32:00,6_0,29,13:54:00,13:56:00,176.0,26.0,0.0,35.0,41.0,True
shopping_60,2026-09-19,結ステーション,kajiso_libre,11:30:00,True,,1+1+毎日+4,1,6_0,6,13:12:00,21_1,21,13:32:00,13:37:00,14:37:00,2+0+毎日+5,2,21_2,28,16:08:00,6_0,43,16:27:00,16:29:00,299.0,100.0,0.0,86.0,39.0,False
shopping_60,2026-09-19,結ステーション,kajiso_libre,12:00:00,True,,1+1+毎日+4,1,6_0,6,13:12:00,21_1,21,13:32:00,13:37:00,14:37:00,2+0+毎日+5,2,21_2,28,16:08:00,6_0,43,16:27:00,16:29:00,269.0,70.0,0.0,86.0,39.0,False
shopping_60,2026-09-19,結ステーション,kajiso_libre,12:30:00,True,,1+1+毎日+4,1,6_0,6,13:12:00,21_1,21,13:32:00,13:37:00,14:37:00,2+0+毎日+5,2,21_2,28,16:08:00,6_0,43,16:27:00,16:29:00,239.0,40.0,0.0,86.0,39.0,False
shopping_60,2026-09-19,結ステーション,kajiso_libre,13:00:00,True,,1+1+毎日+4,1,6_0,6,13:12:00,21_1,21,13:32:00,13:37:00,14:37:00,2+0+毎日+5,2,21_2,28,16:08:00,6_0,43,16:27:00,16:29:00,209.0,10.0,0.0,86.0,39.0,False
shopping_60,2026-09-19,結ステーション,kajiso_libre,13:30:00,False,no_return_by_deadline,,,,,,,,,,,,,,,,,,,,,,,,,False
shopping_60,2026-09-19,結ステーション,kajiso_libre,14:00:00,False,no_return_by_deadline,,,,,,,,,,,,,,,,,,,,,,,,,False
shopping_60,2026-09-19,結ステーション,kajiso_libre,14:30:00,False,no_return_by_deadline,,,,,,,,,,,,,,,,,,,,,,,,,False
shopping_60,2026-09-19,結ステーション,kajiso_libre,15:00:00,False,no_return_by_deadline,,,,,,,,,,,,,,,,,,,,,,,,,False
shopping_60,2026-09-19,結ステーション,kajiso_libre,15:30:00,False,no_return_by_deadline,,,,,,,,,,,,,,,,,,,,,,,,,False
shopping_60,2026-09-19,結ステーション,kajiso_libre,16:00:00,False,no_outbound_bus,,,,,,,,,,,,,,,,,,,,,,,,,False
shopping_60,2026-09-19,結ステーション,kajiso_vio,08:00:00,True,,1+1+毎日+2,1,6_0,6,09:30:00,25_0,32,10:13:00,10:18:00,11:18:00,2+0+毎日+5,2,25_0,17,15:48:00,6_0,20,15:57:00,15:59:00,479.0,88.0,0.0,265.0,52.0,False
shopping_60,2026-09-19,結ステーション,kajiso_vio,08:30:00,True,,1+1+毎日+2,1,6_0,6,09:30:00,25_0,32,10:13:00,10:18:00,11:18:00,2+0+毎日+5,2,25_0,17,15:48:00,6_0,20,15:57:00,15:59:00,449.0,58.0,0.0,265.0,52.0,False
shopping_60,2026-09-19,結ステーション,kajiso_vio,09:00:00,True,,1+1+毎日+2,1,6_0,6,09:30:00,25_0,32,10:13:00,10:18:00,11:18:00,2+0+毎日+5,2,25_0,17,15:48:00,6_0,20,15:57:00,15:59:00,419.0,28.0,0.0,265.0,52.0,False
shopping_60,2026-09-19,結ステーション,kajiso_vio,09:30:00,True,,1+1+毎日+2,1,6_0,29,10:04:00,25_0,32,10:13:00,10:18:00,11:18:00,2+0+毎日+5,2,25_0,17,15:48:00,6_0,20,15:57:00,15:59:00,389.0,32.0,0.0,265.0,18.0,False
shopping_60,2026-09-19,結ステーション,kajiso_vio,10:00:00,True,,1+1+毎日+2,1,6_0,29,10:04:00,25_0,32,10:13:00,10:18:00,11:18:00,2+0+毎日+5,2,25_0,17,15:48:00,6_0,20,15:57:00,15:59:00,359.0,2.0,0.0,265.0,18.0,False
shopping_60,2026-09-19,結ステーション,kajiso_vio,10:30:00,True,,1+1+毎日+4,1,6_0,6,13:12:00,25_0,32,14:03:00,14:08:00,15:08:00,2+0+毎日+5,2,25_0,17,15:48:00,6_0,20,15:57:00,15:59:00,329.0,160.0,0.0,35.0,60.0,False
shopping_60,2026-09-19,結ステーション,kajiso_vio,11:00:00,True,,1+1+毎日+4,1,6_0,6,13:12:00,25_0,32,14:03:00,14:08:00,15:08:00,2+0+毎日+5,2,25_0,17,15:48:00,6_0,20,15:57:00,15:59:00,299.0,130.0,0.0,35.0,60.0,False
shopping_60,2026-09-19,結ステーション,kajiso_vio,11:30:00,True,,1+1+毎日+4,1,6_0,6,13:12:00,25_0,32,14:03:00,14:08:00,15:08:00,2+0+毎日+5,2,25_0,17,15:48:00,6_0,20,15:57:00,15:59:00,269.0,100.0,0.0,35.0,60.0,False
shopping_60,2026-09-19,結ステーション,kajiso_vio,12:00:00,True,,1+1+毎日+4,1,6_0,6,13:12:00,25_0,32,14:03:00,14:08:00,15:08:00,2+0+毎日+5,2,25_0,17,15:48:00,6_0,20,15:57:00,15:59:00,239.0,70.0,0.0,35.0,60.0,False
shopping_60,2026-09-19,結ステーション,kajiso_vio,12:30:00,True,,1+1+毎日+4,1,6_0,6,13:12:00,25_0,32,14:03:00,14:08:00,15:08:00,2+0+毎日+5,2,25_0,17,15:48:00,6_0,20,15:57:00,15:59:00,209.0,40.0,0.0,35.0,60.0,False
shopping_60,2026-09-19,結ステーション,kajiso_vio,13:00:00,True,,1+1+毎日+4,1,6_0,6,13:12:00,25_0,32,14:03:00,14:08:00,15:08:00,2+0+毎日+5,2,25_0,17,15:48:00,6_0,20,15:57:00,15:59:00,179.0,10.0,0.0,35.0,60.0,True
shopping_60,2026-09-19,結ステーション,kajiso_vio,13:30:00,True,,1+1+毎日+4,1,6_0,29,13:54:00,25_0,32,14:03:00,14:08:00,15:08:00,2+0+毎日+5,2,25_0,17,15:48:00,6_0,20,15:57:00,15:59:00,149.0,22.0,0.0,35.0,18.0,True
shopping_60,2026-09-19,結ステーション,kajiso_vio,14:00:00,False,no_outbound_bus,,,,,,,,,,,,,,,,,,,,,,,,,False
shopping_60,2026-09-19,結ステーション,kajiso_vio,14:30:00,False,no_outbound_bus,,,,,,,,,,,,,,,,,,,,,,,,,False
shopping_60,2026-09-19,結ステーション,kajiso_vio,15:00:00,False,no_outbound_bus,,,,,,,,,,,,,,,,,,,,,,,,,False
shopping_60,2026-09-19,結ステーション,kajiso_vio,15:30:00,False,no_outbound_bus,,,,,,,,,,,,,,,,,,,,,,,,,False
shopping_60,2026-09-19,結ステーション,kajiso_vio,16:00:00,False,no_outbound_bus,,,,,,,,,,,,,,,,,,,,,,,,,False
shopping_60,2026-09-19,下庄小学校,kajiso_libre,08:00:00,True,,1+1+毎日+2,1,9_1,9,09:33:00,21_1,21,09:50:00,09:55:00,10:55:00,2+0+毎日+3,2,21_2,28,11:47:00,9_2,40,12:02:00,12:04:00,244.0,91.0,0.0,47.0,32.0,False
shopping_60,2026-09-19,下庄小学校,kajiso_libre,08:30:00,True,,1+1+毎日+2,1,9_1,9,09:33:00,21_1,21,09:50:00,09:55:00,10:55:00,2+0+毎日+3,2,21_2,28,11:47:00,9_2,40,12:02:00,12:04:00,214.0,61.0,0.0,47.0,32.0,False
shopping_60,2026-09-19,下庄小学校,kajiso_libre,09:00:00,True,,1+1+毎日+2,1,9_1,9,09:33:00,21_1,21,09:50:00,09:55:00,10:55:00,2+0+毎日+3,2,21_2,28,11:47:00,9_2,40,12:02:00,12:04:00,184.0,31.0,0.0,47.0,32.0,False
shopping_60,2026-09-19,下庄小学校,kajiso_libre,09:30:00,True,,1+1+毎日+4,1,9_1,9,13:15:00,21_1,21,13:32:00,13:37:00,14:37:00,2+0+毎日+5,2,21_2,28,16:08:00,9_2,40,16:23:00,16:25:00,415.0,223.0,0.0,86.0,32.0,False
shopping_60,2026-09-19,下庄小学校,kajiso_libre,10:00:00,True,,1+1+毎日+4,1,9_1,9,13:15:00,21_1,21,13:32:00,13:37:00,14:37:00,2+0+毎日+5,2,21_2,28,16:08:00,9_2,40,16:23:00,16:25:00,385.0,193.0,0.0,86.0,32.0,False
shopping_60,2026-09-19,下庄小学校,kajiso_libre,10:30:00,True,,1+1+毎日+4,1,9_1,9,13:15:00,21_1,21,13:32:00,13:37:00,14:37:00,2+0+毎日+5,2,21_2,28,16:08:00,9_2,40,16:23:00,16:25:00,355.0,163.0,0.0,86.0,32.0,False
shopping_60,2026-09-19,下庄小学校,kajiso_libre,11:00:00,True,,1+1+毎日+4,1,9_1,9,13:15:00,21_1,21,13:32:00,13:37:00,14:37:00,2+0+毎日+5,2,21_2,28,16:08:00,9_2,40,16:23:00,16:25:00,325.0,133.0,0.0,86.0,32.0,False
shopping_60,2026-09-19,下庄小学校,kajiso_libre,11:30:00,True,,1+1+毎日+4,1,9_1,9,13:15:00,21_1,21,13:32:00,13:37:00,14:37:00,2+0+毎日+5,2,21_2,28,16:08:00,9_2,40,16:23:00,16:25:00,295.0,103.0,0.0,86.0,32.0,False
shopping_60,2026-09-19,下庄小学校,kajiso_libre,12:00:00,True,,1+1+毎日+4,1,9_1,9,13:15:00,21_1,21,13:32:00,13:37:00,14:37:00,2+0+毎日+5,2,21_2,28,16:08:00,9_2,40,16:23:00,16:25:00,265.0,73.0,0.0,86.0,32.0,False
shopping_60,2026-09-19,下庄小学校,kajiso_libre,12:30:00,True,,1+1+毎日+4,1,9_1,9,13:15:00,21_1,21,13:32:00,13:37:00,14:37:00,2+0+毎日+5,2,21_2,28,16:08:00,9_2,40,16:23:00,16:25:00,235.0,43.0,0.0,86.0,32.0,False
shopping_60,2026-09-19,下庄小学校,kajiso_libre,13:00:00,True,,1+1+毎日+4,1,9_1,9,13:15:00,21_1,21,13:32:00,13:37:00,14:37:00,2+0+毎日+5,2,21_2,28,16:08:00,9_2,40,16:23:00,16:25:00,205.0,13.0,0.0,86.0,32.0,False
shopping_60,2026-09-19,下庄小学校,kajiso_libre,13:30:00,False,no_outbound_bus,,,,,,,,,,,,,,,,,,,,,,,,,False
shopping_60,2026-09-19,下庄小学校,kajiso_libre,14:00:00,False,no_outbound_bus,,,,,,,,,,,,,,,,,,,,,,,,,False
shopping_60,2026-09-19,下庄小学校,kajiso_libre,14:30:00,False,no_outbound_bus,,,,,,,,,,,,,,,,,,,,,,,,,False
shopping_60,2026-09-19,下庄小学校,kajiso_libre,15:00:00,False,no_outbound_bus,,,,,,,,,,,,,,,,,,,,,,,,,False
shopping_60,2026-09-19,下庄小学校,kajiso_libre,15:30:00,False,no_outbound_bus,,,,,,,,,,,,,,,,,,,,,,,,,False
shopping_60,2026-09-19,下庄小学校,kajiso_libre,16:00:00,False,no_outbound_bus,,,,,,,,,,,,,,,,,,,,,,,,,False
shopping_60,2026-09-19,下庄小学校,kajiso_vio,08:00:00,True,,1+1+毎日+2,1,9_1,9,09:33:00,25_0,32,10:13:00,10:18:00,11:18:00,2+0+毎日+5,2,25_0,17,15:48:00,9_2,40,16:23:00,16:25:00,505.0,91.0,0.0,265.0,75.0,False
shopping_60,2026-09-19,下庄小学校,kajiso_vio,08:30:00,True,,1+1+毎日+2,1,9_1,9,09:33:00,25_0,32,10:13:00,10:18:00,11:18:00,2+0+毎日+5,2,25_0,17,15:48:00,9_2,40,16:23:00,16:25:00,475.0,61.0,0.0,265.0,75.0,False
shopping_60,2026-09-19,下庄小学校,kajiso_vio,09:00:00,True,,1+1+毎日+2,1,9_1,9,09:33:00,25_0,32,10:13:00,10:18:00,11:18:00,2+0+毎日+5,2,25_0,17,15:48:00,9_2,40,16:23:00,16:25:00,445.0,31.0,0.0,265.0,75.0,False
shopping_60,2026-09-19,下庄小学校,kajiso_vio,09:30:00,True,,1+1+毎日+4,1,9_1,9,13:15:00,25_0,32,14:03:00,14:08:00,15:08:00,2+0+毎日+5,2,25_0,17,15:48:00,9_2,40,16:23:00,16:25:00,415.0,223.0,0.0,35.0,83.0,False
shopping_60,2026-09-19,下庄小学校,kajiso_vio,10:00:00,True,,1+1+毎日+4,1,9_1,9,13:15:00,25_0,32,14:03:00,14:08:00,15:08:00,2+0+毎日+5,2,25_0,17,15:48:00,9_2,40,16:23:00,16:25:00,385.0,193.0,0.0,35.0,83.0,False
shopping_60,2026-09-19,下庄小学校,kajiso_vio,10:30:00,True,,1+1+毎日+4,1,9_1,9,13:15:00,25_0,32,14:03:00,14:08:00,15:08:00,2+0+毎日+5,2,25_0,17,15:48:00,9_2,40,16:23:00,16:25:00,355.0,163.0,0.0,35.0,83.0,False
shopping_60,2026-09-19,下庄小学校,kajiso_vio,11:00:00,True,,1+1+毎日+4,1,9_1,9,13:15:00,25_0,32,14:03:00,14:08:00,15:08:00,2+0+毎日+5,2,25_0,17,15:48:00,9_2,40,16:23:00,16:25:00,325.0,133.0,0.0,35.0,83.0,False
shopping_60,2026-09-19,下庄小学校,kajiso_vio,11:30:00,True,,1+1+毎日+4,1,9_1,9,13:15:00,25_0,32,14:03:00,14:08:00,15:08:00,2+0+毎日+5,2,25_0,17,15:48:00,9_2,40,16:23:00,16:25:00,295.0,103.0,0.0,35.0,83.0,False
shopping_60,2026-09-19,下庄小学校,kajiso_vio,12:00:00,True,,1+1+毎日+4,1,9_1,9,13:15:00,25_0,32,14:03:00,14:08:00,15:08:00,2+0+毎日+5,2,25_0,17,15:48:00,9_2,40,16:23:00,16:25:00,265.0,73.0,0.0,35.0,83.0,False
shopping_60,2026-09-19,下庄小学校,kajiso_vio,12:30:00,True,,1+1+毎日+4,1,9_1,9,13:15:00,25_0,32,14:03:00,14:08:00,15:08:00,2+0+毎日+5,2,25_0,17,15:48:00,9_2,40,16:23:00,16:25:00,235.0,43.0,0.0,35.0,83.0,False
shopping_60,2026-09-19,下庄小学校,kajiso_vio,13:00:00,True,,1+1+毎日+4,1,9_1,9,13:15:00,25_0,32,14:03:00,14:08:00,15:08:00,2+0+毎日+5,2,25_0,17,15:48:00,9_2,40,16:23:00,16:25:00,205.0,13.0,0.0,35.0,83.0,False
shopping_60,2026-09-19,下庄小学校,kajiso_vio,13:30:00,False,no_outbound_bus,,,,,,,,,,,,,,,,,,,,,,,,,False
shopping_60,2026-09-19,下庄小学校,kajiso_vio,14:00:00,False,no_outbound_bus,,,,,,,,,,,,,,,,,,,,,,,,,False
shopping_60,2026-09-19,下庄小学校,kajiso_vio,14:30:00,False,no_outbound_bus,,,,,,,,,,,,,,,,,,,,,,,,,False
shopping_60,2026-09-19,下庄小学校,kajiso_vio,15:00:00,False,no_outbound_bus,,,,,,,,,,,,,,,,,,,,,,,,,False
shopping_60,2026-09-19,下庄小学校,kajiso_vio,15:30:00,False,no_outbound_bus,,,,,,,,,,,,,,,,,,,,,,,,,False
shopping_60,2026-09-19,下庄小学校,kajiso_vio,16:00:00,False,no_outbound_bus,,,,,,,,,,,,,,,,,,,,,,,,,False
shopping_60,2026-09-19,青少年教育センター,kajiso_libre,08:00:00,True,,1+1+毎日+2,1,14_1,14,09:40:00,21_1,21,09:50:00,09:55:00,10:55:00,2+0+毎日+3,2,21_2,28,11:47:00,14_2,35,11:55:00,11:57:00,237.0,98.0,0.0,47.0,18.0,False
shopping_60,2026-09-19,青少年教育センター,kajiso_libre,08:30:00,True,,1+1+毎日+2,1,14_1,14,09:40:00,21_1,21,09:50:00,09:55:00,10:55:00,2+0+毎日+3,2,21_2,28,11:47:00,14_2,35,11:55:00,11:57:00,207.0,68.0,0.0,47.0,18.0,False
shopping_60,2026-09-19,青少年教育センター,kajiso_libre,09:00:00,True,,1+1+毎日+2,1,14_1,14,09:40:00,21_1,21,09:50:00,09:55:00,10:55:00,2+0+毎日+3,2,21_2,28,11:47:00,14_2,35,11:55:00,11:57:00,177.0,38.0,0.0,47.0,18.0,True
shopping_60,2026-09-19,青少年教育センター,kajiso_libre,09:30:00,True,,1+1+毎日+2,1,14_1,14,09:40:00,21_1,21,09:50:00,09:55:00,10:55:00,2+0+毎日+3,2,21_2,28,11:47:00,14_2,35,11:55:00,11:57:00,147.0,8.0,0.0,47.0,18.0,True
shopping_60,2026-09-19,青少年教育センター,kajiso_libre,10:00:00,True,,1+1+毎日+4,1,14_1,14,13:22:00,21_1,21,13:32:00,13:37:00,14:37:00,2+0+毎日+5,2,21_2,28,16:08:00,14_2,35,16:16:00,16:18:00,378.0,200.0,0.0,86.0,18.0,False
shopping_60,2026-09-19,青少年教育センター,kajiso_libre,10:30:00,True,,1+1+毎日+4,1,14_1,14,13:22:00,21_1,21,13:32:00,13:37:00,14:37:00,2+0+毎日+5,2,21_2,28,16:08:00,14_2,35,16:16:00,16:18:00,348.0,170.0,0.0,86.0,18.0,False
shopping_60,2026-09-19,青少年教育センター,kajiso_libre,11:00:00,True,,1+1+毎日+4,1,14_1,14,13:22:00,21_1,21,13:32:00,13:37:00,14:37:00,2+0+毎日+5,2,21_2,28,16:08:00,14_2,35,16:16:00,16:18:00,318.0,140.0,0.0,86.0,18.0,False
shopping_60,2026-09-19,青少年教育センター,kajiso_libre,11:30:00,True,,1+1+毎日+4,1,14_1,14,13:22:00,21_1,21,13:32:00,13:37:00,14:37:00,2+0+毎日+5,2,21_2,28,16:08:00,14_2,35,16:16:00,16:18:00,288.0,110.0,0.0,86.0,18.0,False
shopping_60,2026-09-19,青少年教育センター,kajiso_libre,12:00:00,True,,1+1+毎日+4,1,14_1,14,13:22:00,21_1,21,13:32:00,13:37:00,14:37:00,2+0+毎日+5,2,21_2,28,16:08:00,14_2,35,16:16:00,16:18:00,258.0,80.0,0.0,86.0,18.0,False
shopping_60,2026-09-19,青少年教育センター,kajiso_libre,12:30:00,True,,1+1+毎日+4,1,14_1,14,13:22:00,21_1,21,13:32:00,13:37:00,14:37:00,2+0+毎日+5,2,21_2,28,16:08:00,14_2,35,16:16:00,16:18:00,228.0,50.0,0.0,86.0,18.0,False
shopping_60,2026-09-19,青少年教育センター,kajiso_libre,13:00:00,True,,1+1+毎日+4,1,14_1,14,13:22:00,21_1,21,13:32:00,13:37:00,14:37:00,2+0+毎日+5,2,21_2,28,16:08:00,14_2,35,16:16:00,16:18:00,198.0,20.0,0.0,86.0,18.0,False
shopping_60,2026-09-19,青少年教育センター,kajiso_libre,13:30:00,False,no_outbound_bus,,,,,,,,,,,,,,,,,,,,,,,,,False
shopping_60,2026-09-19,青少年教育センター,kajiso_libre,14:00:00,False,no_outbound_bus,,,,,,,,,,,,,,,,,,,,,,,,,False
shopping_60,2026-09-19,青少年教育センター,kajiso_libre,14:30:00,False,no_outbound_bus,,,,,,,,,,,,,,,,,,,,,,,,,False
shopping_60,2026-09-19,青少年教育センター,kajiso_libre,15:00:00,False,no_outbound_bus,,,,,,,,,,,,,,,,,,,,,,,,,False
shopping_60,2026-09-19,青少年教育センター,kajiso_libre,15:30:00,False,no_outbound_bus,,,,,,,,,,,,,,,,,,,,,,,,,False
shopping_60,2026-09-19,青少年教育センター,kajiso_libre,16:00:00,False,no_outbound_bus,,,,,,,,,,,,,,,,,,,,,,,,,False
shopping_60,2026-09-19,青少年教育センター,kajiso_vio,08:00:00,True,,1+1+毎日+2,1,14_1,14,09:40:00,25_0,32,10:13:00,10:18:00,11:18:00,2+0+毎日+5,2,25_0,17,15:48:00,14_2,35,16:16:00,16:18:00,498.0,98.0,0.0,265.0,61.0,False
shopping_60,2026-09-19,青少年教育センター,kajiso_vio,08:30:00,True,,1+1+毎日+2,1,14_1,14,09:40:00,25_0,32,10:13:00,10:18:00,11:18:00,2+0+毎日+5,2,25_0,17,15:48:00,14_2,35,16:16:00,16:18:00,468.0,68.0,0.0,265.0,61.0,False
shopping_60,2026-09-19,青少年教育センター,kajiso_vio,09:00:00,True,,1+1+毎日+2,1,14_1,14,09:40:00,25_0,32,10:13:00,10:18:00,11:18:00,2+0+毎日+5,2,25_0,17,15:48:00,14_2,35,16:16:00,16:18:00,438.0,38.0,0.0,265.0,61.0,False
shopping_60,2026-09-19,青少年教育センター,kajiso_vio,09:30:00,True,,1+1+毎日+2,1,14_1,14,09:40:00,25_0,32,10:13:00,10:18:00,11:18:00,2+0+毎日+5,2,25_0,17,15:48:00,14_2,35,16:16:00,16:18:00,408.0,8.0,0.0,265.0,61.0,False
shopping_60,2026-09-19,青少年教育センター,kajiso_vio,10:00:00,True,,1+1+毎日+4,1,14_1,14,13:22:00,25_0,32,14:03:00,14:08:00,15:08:00,2+0+毎日+5,2,25_0,17,15:48:00,14_2,35,16:16:00,16:18:00,378.0,200.0,0.0,35.0,69.0,False
shopping_60,2026-09-19,青少年教育センター,kajiso_vio,10:30:00,True,,1+1+毎日+4,1,14_1,14,13:22:00,25_0,32,14:03:00,14:08:00,15:08:00,2+0+毎日+5,2,25_0,17,15:48:00,14_2,35,16:16:00,16:18:00,348.0,170.0,0.0,35.0,69.0,False
shopping_60,2026-09-19,青少年教育センター,kajiso_vio,11:00:00,True,,1+1+毎日+4,1,14_1,14,13:22:00,25_0,32,14:03:00,14:08:00,15:08:00,2+0+毎日+5,2,25_0,17,15:48:00,14_2,35,16:16:00,16:18:00,318.0,140.0,0.0,35.0,69.0,False
shopping_60,2026-09-19,青少年教育センター,kajiso_vio,11:30:00,True,,1+1+毎日+4,1,14_1,14,13:22:00,25_0,32,14:03:00,14:08:00,15:08:00,2+0+毎日+5,2,25_0,17,15:48:00,14_2,35,16:16:00,16:18:00,288.0,110.0,0.0,35.0,69.0,False
shopping_60,2026-09-19,青少年教育センター,kajiso_vio,12:00:00,True,,1+1+毎日+4,1,14_1,14,13:22:00,25_0,32,14:03:00,14:08:00,15:08:00,2+0+毎日+5,2,25_0,17,15:48:00,14_2,35,16:16:00,16:18:00,258.0,80.0,0.0,35.0,69.0,False
shopping_60,2026-09-19,青少年教育センター,kajiso_vio,12:30:00,True,,1+1+毎日+4,1,14_1,14,13:22:00,25_0,32,14:03:00,14:08:00,15:08:00,2+0+毎日+5,2,25_0,17,15:48:00,14_2,35,16:16:00,16:18:00,228.0,50.0,0.0,35.0,69.0,False
shopping_60,2026-09-19,青少年教育センター,kajiso_vio,13:00:00,True,,1+1+毎日+4,1,14_1,14,13:22:00,25_0,32,14:03:00,14:08:00,15:08:00,2+0+毎日+5,2,25_0,17,15:48:00,14_2,35,16:16:00,16:18:00,198.0,20.0,0.0,35.0,69.0,False
shopping_60,2026-09-19,青少年教育センター,kajiso_vio,13:30:00,False,no_outbound_bus,,,,,,,,,,,,,,,,,,,,,,,,,False
shopping_60,2026-09-19,青少年教育センター,kajiso_vio,14:00:00,False,no_outbound_bus,,,,,,,,,,,,,,,,,,,,,,,,,False
shopping_60,2026-09-19,青少年教育センター,kajiso_vio,14:30:00,False,no_outbound_bus,,,,,,,,,,,,,,,,,,,,,,,,,False
shopping_60,2026-09-19,青少年教育センター,kajiso_vio,15:00:00,False,no_outbound_bus,,,,,,,,,,,,,,,,,,,,,,,,,False
shopping_60,2026-09-19,青少年教育センター,kajiso_vio,15:30:00,False,no_outbound_bus,,,,,,,,,,,,,,,,,,,,,,,,,False
shopping_60,2026-09-19,青少年教育センター,kajiso_vio,16:00:00,False,no_outbound_bus,,,,,,,,,,,,,,,,,,,,,,,,,False
shopping_60,2026-09-19,陽明中学校口,kajiso_libre,08:00:00,True,,1+1+毎日+2,1,17_1,17,09:46:00,21_1,21,09:50:00,09:55:00,10:55:00,2+0+毎日+3,2,21_2,28,11:47:00,17_2,32,11:51:00,11:53:00,233.0,104.0,0.0,47.0,8.0,False
shopping_60,2026-09-19,陽明中学校口,kajiso_libre,08:30:00,True,,1+1+毎日+2,1,17_1,17,09:46:00,21_1,21,09:50:00,09:55:00,10:55:00,2+0+毎日+3,2,21_2,28,11:47:00,17_2,32,11:51:00,11:53:00,203.0,74.0,0.0,47.0,8.0,False
shopping_60,2026-09-19,陽明中学校口,kajiso_libre,09:00:00,True,,1+1+毎日+2,1,17_1,17,09:46:00,21_1,21,09:50:00,09:55:00,10:55:00,2+0+毎日+3,2,21_2,28,11:47:00,17_2,32,11:51:00,11:53:00,173.0,44.0,0.0,47.0,8.0,True
shopping_60,2026-09-19,陽明中学校口,kajiso_libre,09:30:00,True,,1+1+毎日+2,1,17_1,17,09:46:00,21_1,21,09:50:00,09:55:00,10:55:00,2+0+毎日+3,2,21_2,28,11:47:00,17_2,32,11:51:00,11:53:00,143.0,14.0,0.0,47.0,8.0,True
shopping_60,2026-09-19,陽明中学校口,kajiso_libre,10:00:00,True,,1+1+毎日+4,1,17_1,17,13:28:00,21_1,21,13:32:00,13:37:00,14:37:00,2+0+毎日+5,2,21_2,28,16:08:00,17_2,32,16:12:00,16:14:00,374.0,206.0,0.0,86.0,8.0,False
shopping_60,2026-09-19,陽明中学校口,kajiso_libre,10:30:00,True,,1+1+毎日+4,1,17_1,17,13:28:00,21_1,21,13:32:00,13:37:00,14:37:00,2+0+毎日+5,2,21_2,28,16:08:00,17_2,32,16:12:00,16:14:00,344.0,176.0,0.0,86.0,8.0,False
shopping_60,2026-09-19,陽明中学校口,kajiso_libre,11:00:00,True,,1+1+毎日+4,1,17_1,17,13:28:00,21_1,21,13:32:00,13:37:00,14:37:00,2+0+毎日+5,2,21_2,28,16:08:00,17_2,32,16:12:00,16:14:00,314.0,146.0,0.0,86.0,8.0,False
shopping_60,2026-09-19,陽明中学校口,kajiso_libre,11:30:00,True,,1+1+毎日+4,1,17_1,17,13:28:00,21_1,21,13:32:00,13:37:00,14:37:00,2+0+毎日+5,2,21_2,28,16:08:00,17_2,32,16:12:00,16:14:00,284.0,116.0,0.0,86.0,8.0,False
shopping_60,2026-09-19,陽明中学校口,kajiso_libre,12:00:00,True,,1+1+毎日+4,1,17_1,17,13:28:00,21_1,21,13:32:00,13:37:00,14:37:00,2+0+毎日+5,2,21_2,28,16:08:00,17_2,32,16:12:00,16:14:00,254.0,86.0,0.0,86.0,8.0,False
shopping_60,2026-09-19,陽明中学校口,kajiso_libre,12:30:00,True,,1+1+毎日+4,1,17_1,17,13:28:00,21_1,21,13:32:00,13:37:00,14:37:00,2+0+毎日+5,2,21_2,28,16:08:00,17_2,32,16:12:00,16:14:00,224.0,56.0,0.0,86.0,8.0,False
shopping_60,2026-09-19,陽明中学校口,kajiso_libre,13:00:00,True,,1+1+毎日+4,1,17_1,17,13:28:00,21_1,21,13:32:00,13:37:00,14:37:00,2+0+毎日+5,2,21_2,28,16:08:00,17_2,32,16:12:00,16:14:00,194.0,26.0,0.0,86.0,8.0,False
shopping_60,2026-09-19,陽明中学校口,kajiso_libre,13:30:00,False,no_outbound_bus,,,,,,,,,,,,,,,,,,,,,,,,,False
shopping_60,2026-09-19,陽明中学校口,kajiso_libre,14:00:00,False,no_outbound_bus,,,,,,,,,,,,,,,,,,,,,,,,,False
shopping_60,2026-09-19,陽明中学校口,kajiso_libre,14:30:00,False,no_outbound_bus,,,,,,,,,,,,,,,,,,,,,,,,,False
shopping_60,2026-09-19,陽明中学校口,kajiso_libre,15:00:00,False,no_outbound_bus,,,,,,,,,,,,,,,,,,,,,,,,,False
shopping_60,2026-09-19,陽明中学校口,kajiso_libre,15:30:00,False,no_outbound_bus,,,,,,,,,,,,,,,,,,,,,,,,,False
shopping_60,2026-09-19,陽明中学校口,kajiso_libre,16:00:00,False,no_outbound_bus,,,,,,,,,,,,,,,,,,,,,,,,,False
shopping_60,2026-09-19,陽明中学校口,kajiso_vio,08:00:00,True,,1+1+毎日+2,1,17_1,17,09:46:00,25_0,32,10:13:00,10:18:00,11:18:00,2+0+毎日+5,2,25_0,17,15:48:00,17_2,32,16:12:00,16:14:00,494.0,104.0,0.0,265.0,51.0,False
shopping_60,2026-09-19,陽明中学校口,kajiso_vio,08:30:00,True,,1+1+毎日+2,1,17_1,17,09:46:00,25_0,32,10:13:00,10:18:00,11:18:00,2+0+毎日+5,2,25_0,17,15:48:00,17_2,32,16:12:00,16:14:00,464.0,74.0,0.0,265.0,51.0,False
shopping_60,2026-09-19,陽明中学校口,kajiso_vio,09:00:00,True,,1+1+毎日+2,1,17_1,17,09:46:00,25_0,32,10:13:00,10:18:00,11:18:00,2+0+毎日+5,2,25_0,17,15:48:00,17_2,32,16:12:00,16:14:00,434.0,44.0,0.0,265.0,51.0,False
shopping_60,2026-09-19,陽明中学校口,kajiso_vio,09:30:00,True,,1+1+毎日+2,1,17_1,17,09:46:00,25_0,32,10:13:00,10:18:00,11:18:00,2+0+毎日+5,2,25_0,17,15:48:00,17_2,32,16:12:00,16:14:00,404.0,14.0,0.0,265.0,51.0,False
shopping_60,2026-09-19,陽明中学校口,kajiso_vio,10:00:00,True,,1+1+毎日+4,1,17_1,17,13:28:00,25_0,32,14:03:00,14:08:00,15:08:00,2+0+毎日+5,2,25_0,17,15:48:00,17_2,32,16:12:00,16:14:00,374.0,206.0,0.0,35.0,59.0,False
shopping_60,2026-09-19,陽明中学校口,kajiso_vio,10:30:00,True,,1+1+毎日+4,1,17_1,17,13:28:00,25_0,32,14:03:00,14:08:00,15:08:00,2+0+毎日+5,2,25_0,17,15:48:00,17_2,32,16:12:00,16:14:00,344.0,176.0,0.0,35.0,59.0,False
shopping_60,2026-09-19,陽明中学校口,kajiso_vio,11:00:00,True,,1+1+毎日+4,1,17_1,17,13:28:00,25_0,32,14:03:00,14:08:00,15:08:00,2+0+毎日+5,2,25_0,17,15:48:00,17_2,32,16:12:00,16:14:00,314.0,146.0,0.0,35.0,59.0,False
shopping_60,2026-09-19,陽明中学校口,kajiso_vio,11:30:00,True,,1+1+毎日+4,1,17_1,17,13:28:00,25_0,32,14:03:00,14:08:00,15:08:00,2+0+毎日+5,2,25_0,17,15:48:00,17_2,32,16:12:00,16:14:00,284.0,116.0,0.0,35.0,59.0,False
shopping_60,2026-09-19,陽明中学校口,kajiso_vio,12:00:00,True,,1+1+毎日+4,1,17_1,17,13:28:00,25_0,32,14:03:00,14:08:00,15:08:00,2+0+毎日+5,2,25_0,17,15:48:00,17_2,32,16:12:00,16:14:00,254.0,86.0,0.0,35.0,59.0,False
shopping_60,2026-09-19,陽明中学校口,kajiso_vio,12:30:00,True,,1+1+毎日+4,1,17_1,17,13:28:00,25_0,32,14:03:00,14:08:00,15:08:00,2+0+毎日+5,2,25_0,17,15:48:00,17_2,32,16:12:00,16:14:00,224.0,56.0,0.0,35.0,59.0,False
shopping_60,2026-09-19,陽明中学校口,kajiso_vio,13:00:00,True,,1+1+毎日+4,1,17_1,17,13:28:00,25_0,32,14:03:00,14:08:00,15:08:00,2+0+毎日+5,2,25_0,17,15:48:00,17_2,32,16:12:00,16:14:00,194.0,26.0,0.0,35.0,59.0,False
shopping_60,2026-09-19,陽明中学校口,kajiso_vio,13:30:00,False,no_outbound_bus,,,,,,,,,,,,,,,,,,,,,,,,,False
shopping_60,2026-09-19,陽明中学校口,kajiso_vio,14:00:00,False,no_outbound_bus,,,,,,,,,,,,,,,,,,,,,,,,,False
shopping_60,2026-09-19,陽明中学校口,kajiso_vio,14:30:00,False,no_outbound_bus,,,,,,,,,,,,,,,,,,,,,,,,,False
shopping_60,2026-09-19,陽明中学校口,kajiso_vio,15:00:00,False,no_outbound_bus,,,,,,,,,,,,,,,,,,,,,,,,,False
shopping_60,2026-09-19,陽明中学校口,kajiso_vio,15:30:00,False,no_outbound_bus,,,,,,,,,,,,,,,,,,,,,,,,,False
shopping_60,2026-09-19,陽明中学校口,kajiso_vio,16:00:00,False,no_outbound_bus,,,,,,,,,,,,,,,,,,,,,,,,,False
shopping_60,2026-09-19,さくら公園,kajiso_libre,08:00:00,True,,1+1+毎日+2,1,19_1,19,09:48:00,21_1,21,09:50:00,09:55:00,10:55:00,2+0+毎日+3,2,21_2,28,11:47:00,19_2,30,11:49:00,11:51:00,231.0,106.0,0.0,47.0,4.0,False
shopping_60,2026-09-19,さくら公園,kajiso_libre,08:30:00,True,,1+1+毎日+2,1,19_1,19,09:48:00,21_1,21,09:50:00,09:55:00,10:55:00,2+0+毎日+3,2,21_2,28,11:47:00,19_2,30,11:49:00,11:51:00,201.0,76.0,0.0,47.0,4.0,False
shopping_60,2026-09-19,さくら公園,kajiso_libre,09:00:00,True,,1+1+毎日+2,1,19_1,19,09:48:00,21_1,21,09:50:00,09:55:00,10:55:00,2+0+毎日+3,2,21_2,28,11:47:00,19_2,30,11:49:00,11:51:00,171.0,46.0,0.0,47.0,4.0,True
shopping_60,2026-09-19,さくら公園,kajiso_libre,09:30:00,True,,1+1+毎日+2,1,19_1,19,09:48:00,21_1,21,09:50:00,09:55:00,10:55:00,2+0+毎日+3,2,21_2,28,11:47:00,19_2,30,11:49:00,11:51:00,141.0,16.0,0.0,47.0,4.0,True
shopping_60,2026-09-19,さくら公園,kajiso_libre,10:00:00,True,,1+1+毎日+4,1,19_1,19,13:30:00,21_1,21,13:32:00,13:37:00,14:37:00,2+0+毎日+5,2,21_2,28,16:08:00,19_2,30,16:10:00,16:12:00,372.0,208.0,0.0,86.0,4.0,False
shopping_60,2026-09-19,さくら公園,kajiso_libre,10:30:00,True,,1+1+毎日+4,1,19_1,19,13:30:00,21_1,21,13:32:00,13:37:00,14:37:00,2+0+毎日+5,2,21_2,28,16:08:00,19_2,30,16:10:00,16:12:00,342.0,178.0,0.0,86.0,4.0,False
shopping_60,2026-09-19,さくら公園,kajiso_libre,11:00:00,True,,1+1+毎日+4,1,19_1,19,13:30:00,21_1,21,13:32:00,13:37:00,14:37:00,2+0+毎日+5,2,21_2,28,16:08:00,19_2,30,16:10:00,16:12:00,312.0,148.0,0.0,86.0,4.0,False
shopping_60,2026-09-19,さくら公園,kajiso_libre,11:30:00,True,,1+1+毎日+4,1,19_1,19,13:30:00,21_1,21,13:32:00,13:37:00,14:37:00,2+0+毎日+5,2,21_2,28,16:08:00,19_2,30,16:10:00,16:12:00,282.0,118.0,0.0,86.0,4.0,False
shopping_60,2026-09-19,さくら公園,kajiso_libre,12:00:00,True,,1+1+毎日+4,1,19_1,19,13:30:00,21_1,21,13:32:00,13:37:00,14:37:00,2+0+毎日+5,2,21_2,28,16:08:00,19_2,30,16:10:00,16:12:00,252.0,88.0,0.0,86.0,4.0,False
shopping_60,2026-09-19,さくら公園,kajiso_libre,12:30:00,True,,1+1+毎日+4,1,19_1,19,13:30:00,21_1,21,13:32:00,13:37:00,14:37:00,2+0+毎日+5,2,21_2,28,16:08:00,19_2,30,16:10:00,16:12:00,222.0,58.0,0.0,86.0,4.0,False
shopping_60,2026-09-19,さくら公園,kajiso_libre,13:00:00,True,,1+1+毎日+4,1,19_1,19,13:30:00,21_1,21,13:32:00,13:37:00,14:37:00,2+0+毎日+5,2,21_2,28,16:08:00,19_2,30,16:10:00,16:12:00,192.0,28.0,0.0,86.0,4.0,False
shopping_60,2026-09-19,さくら公園,kajiso_libre,13:30:00,False,no_outbound_bus,,,,,,,,,,,,,,,,,,,,,,,,,False
shopping_60,2026-09-19,さくら公園,kajiso_libre,14:00:00,False,no_outbound_bus,,,,,,,,,,,,,,,,,,,,,,,,,False
shopping_60,2026-09-19,さくら公園,kajiso_libre,14:30:00,False,no_outbound_bus,,,,,,,,,,,,,,,,,,,,,,,,,False
shopping_60,2026-09-19,さくら公園,kajiso_libre,15:00:00,False,no_outbound_bus,,,,,,,,,,,,,,,,,,,,,,,,,False
shopping_60,2026-09-19,さくら公園,kajiso_libre,15:30:00,False,no_outbound_bus,,,,,,,,,,,,,,,,,,,,,,,,,False
shopping_60,2026-09-19,さくら公園,kajiso_libre,16:00:00,False,no_outbound_bus,,,,,,,,,,,,,,,,,,,,,,,,,False
shopping_60,2026-09-19,さくら公園,kajiso_vio,08:00:00,True,,1+1+毎日+2,1,19_1,19,09:48:00,25_0,32,10:13:00,10:18:00,11:18:00,2+0+毎日+5,2,25_0,17,15:48:00,19_2,30,16:10:00,16:12:00,492.0,106.0,0.0,265.0,47.0,False
shopping_60,2026-09-19,さくら公園,kajiso_vio,08:30:00,True,,1+1+毎日+2,1,19_1,19,09:48:00,25_0,32,10:13:00,10:18:00,11:18:00,2+0+毎日+5,2,25_0,17,15:48:00,19_2,30,16:10:00,16:12:00,462.0,76.0,0.0,265.0,47.0,False
shopping_60,2026-09-19,さくら公園,kajiso_vio,09:00:00,True,,1+1+毎日+2,1,19_1,19,09:48:00,25_0,32,10:13:00,10:18:00,11:18:00,2+0+毎日+5,2,25_0,17,15:48:00,19_2,30,16:10:00,16:12:00,432.0,46.0,0.0,265.0,47.0,False
shopping_60,2026-09-19,さくら公園,kajiso_vio,09:30:00,True,,1+1+毎日+2,1,19_1,19,09:48:00,25_0,32,10:13:00,10:18:00,11:18:00,2+0+毎日+5,2,25_0,17,15:48:00,19_2,30,16:10:00,16:12:00,402.0,16.0,0.0,265.0,47.0,False
shopping_60,2026-09-19,さくら公園,kajiso_vio,10:00:00,True,,1+1+毎日+4,1,19_1,19,13:30:00,25_0,32,14:03:00,14:08:00,15:08:00,2+0+毎日+5,2,25_0,17,15:48:00,19_2,30,16:10:00,16:12:00,372.0,208.0,0.0,35.0,55.0,False
shopping_60,2026-09-19,さくら公園,kajiso_vio,10:30:00,True,,1+1+毎日+4,1,19_1,19,13:30:00,25_0,32,14:03:00,14:08:00,15:08:00,2+0+毎日+5,2,25_0,17,15:48:00,19_2,30,16:10:00,16:12:00,342.0,178.0,0.0,35.0,55.0,False
shopping_60,2026-09-19,さくら公園,kajiso_vio,11:00:00,True,,1+1+毎日+4,1,19_1,19,13:30:00,25_0,32,14:03:00,14:08:00,15:08:00,2+0+毎日+5,2,25_0,17,15:48:00,19_2,30,16:10:00,16:12:00,312.0,148.0,0.0,35.0,55.0,False
shopping_60,2026-09-19,さくら公園,kajiso_vio,11:30:00,True,,1+1+毎日+4,1,19_1,19,13:30:00,25_0,32,14:03:00,14:08:00,15:08:00,2+0+毎日+5,2,25_0,17,15:48:00,19_2,30,16:10:00,16:12:00,282.0,118.0,0.0,35.0,55.0,False
shopping_60,2026-09-19,さくら公園,kajiso_vio,12:00:00,True,,1+1+毎日+4,1,19_1,19,13:30:00,25_0,32,14:03:00,14:08:00,15:08:00,2+0+毎日+5,2,25_0,17,15:48:00,19_2,30,16:10:00,16:12:00,252.0,88.0,0.0,35.0,55.0,False
shopping_60,2026-09-19,さくら公園,kajiso_vio,12:30:00,True,,1+1+毎日+4,1,19_1,19,13:30:00,25_0,32,14:03:00,14:08:00,15:08:00,2+0+毎日+5,2,25_0,17,15:48:00,19_2,30,16:10:00,16:12:00,222.0,58.0,0.0,35.0,55.0,False
shopping_60,2026-09-19,さくら公園,kajiso_vio,13:00:00,True,,1+1+毎日+4,1,19_1,19,13:30:00,25_0,32,14:03:00,14:08:00,15:08:00,2+0+毎日+5,2,25_0,17,15:48:00,19_2,30,16:10:00,16:12:00,192.0,28.0,0.0,35.0,55.0,False
shopping_60,2026-09-19,さくら公園,kajiso_vio,13:30:00,False,no_outbound_bus,,,,,,,,,,,,,,,,,,,,,,,,,False
shopping_60,2026-09-19,さくら公園,kajiso_vio,14:00:00,False,no_outbound_bus,,,,,,,,,,,,,,,,,,,,,,,,,False
shopping_60,2026-09-19,さくら公園,kajiso_vio,14:30:00,False,no_outbound_bus,,,,,,,,,,,,,,,,,,,,,,,,,False
shopping_60,2026-09-19,さくら公園,kajiso_vio,15:00:00,False,no_outbound_bus,,,,,,,,,,,,,,,,,,,,,,,,,False
shopping_60,2026-09-19,さくら公園,kajiso_vio,15:30:00,False,no_outbound_bus,,,,,,,,,,,,,,,,,,,,,,,,,False
shopping_60,2026-09-19,さくら公園,kajiso_vio,16:00:00,False,no_outbound_bus,,,,,,,,,,,,,,,,,,,,,,,,,False
shopping_60,2026-09-19,わかくさ,kajiso_libre,08:00:00,True,,2+0+毎日+3,2,22_2,27,11:46:00,21_2,28,11:47:00,11:52:00,12:52:00,1+1+毎日+4,1,21_1,21,13:32:00,22_1,22,13:33:00,13:35:00,335.0,224.0,0.0,35.0,2.0,False
shopping_60,2026-09-19,わかくさ,kajiso_libre,08:30:00,True,,2+0+毎日+3,2,22_2,27,11:46:00,21_2,28,11:47:00,11:52:00,12:52:00,1+1+毎日+4,1,21_1,21,13:32:00,22_1,22,13:33:00,13:35:00,305.0,194.0,0.0,35.0,2.0,False
shopping_60,2026-09-19,わかくさ,kajiso_libre,09:00:00,True,,2+0+毎日+3,2,22_2,27,11:46:00,21_2,28,11:47:00,11:52:00,12:52:00,1+1+毎日+4,1,21_1,21,13:32:00,22_1,22,13:33:00,13:35:00,275.0,164.0,0.0,35.0,2.0,False
shopping_60,2026-09-19,わかくさ,kajiso_libre,09:30:00,True,,2+0+毎日+3,2,22_2,27,11:46:00,21_2,28,11:47:00,11:52:00,12:52:00,1+1+毎日+4,1,21_1,21,13:32:00,22_1,22,13:33:00,13:35:00,245.0,134.0,0.0,35.0,2.0,False
shopping_60,2026-09-19,わかくさ,kajiso_libre,10:00:00,True,,2+0+毎日+3,2,22_2,27,11:46:00,21_2,28,11:47:00,11:52:00,12:52:00,1+1+毎日+4,1,21_1,21,13:32:00,22_1,22,13:33:00,13:35:00,215.0,104.0,0.0,35.0,2.0,False
shopping_60,2026-09-19,わかくさ,kajiso_libre,10:30:00,True,,2+0+毎日+3,2,22_2,27,11:46:00,21_2,28,11:47:00,11:52:00,12:52:00,1+1+毎日+4,1,21_1,21,13:32:00,22_1,22,13:33:00,13:35:00,185.0,74.0,0.0,35.0,2.0,False
shopping_60,2026-09-19,わかくさ,kajiso_libre,11:00:00,True,,2+0+毎日+3,2,22_2,27,11:46:00,21_2,28,11:47:00,11:52:00,12:52:00,1+1+毎日+4,1,21_1,21,13:32:00,22_1,22,13:33:00,13:35:00,155.0,44.0,0.0,35.0,2.0,True
shopping_60,2026-09-19,わかくさ,kajiso_libre,11:30:00,True,,2+0+毎日+3,2,22_2,27,11:46:00,21_2,28,11:47:00,11:52:00,12:52:00,1+1+毎日+4,1,21_1,21,13:32:00,22_1,22,13:33:00,13:35:00,125.0,14.0,0.0,35.0,2.0,True
shopping_60,2026-09-19,わかくさ,kajiso_libre,12:00:00,False,no_return_by_deadline,,,,,,,,,,,,,,,,,,,,,,,,,False
shopping_60,2026-09-19,わかくさ,kajiso_libre,12:30:00,False,no_return_by_deadline,,,,,,,,,,,,,,,,,,,,,,,,,False
shopping_60,2026-09-19,わかくさ,kajiso_libre,13:00:00,False,no_return_by_deadline,,,,,,,,,,,,,,,,,,,,,,,,,False
shopping_60,2026-09-19,わかくさ,kajiso_libre,13:30:00,False,no_return_by_deadline,,,,,,,,,,,,,,,,,,,,,,,,,False
shopping_60,2026-09-19,わかくさ,kajiso_libre,14:00:00,False,no_return_by_deadline,,,,,,,,,,,,,,,,,,,,,,,,,False
shopping_60,2026-09-19,わかくさ,kajiso_libre,14:30:00,False,no_return_by_deadline,,,,,,,,,,,,,,,,,,,,,,,,,False
shopping_60,2026-09-19,わかくさ,kajiso_libre,15:00:00,False,no_return_by_deadline,,,,,,,,,,,,,,,,,,,,,,,,,False
shopping_60,2026-09-19,わかくさ,kajiso_libre,15:30:00,False,no_return_by_deadline,,,,,,,,,,,,,,,,,,,,,,,,,False
shopping_60,2026-09-19,わかくさ,kajiso_libre,16:00:00,False,no_return_by_deadline,,,,,,,,,,,,,,,,,,,,,,,,,False
shopping_60,2026-09-19,わかくさ,kajiso_vio,08:00:00,True,,1+1+毎日+2,1,22_1,22,09:51:00,25_0,32,10:13:00,10:18:00,11:18:00,2+0+毎日+5,2,25_0,17,15:48:00,22_2,27,16:07:00,16:09:00,489.0,109.0,0.0,265.0,41.0,False
shopping_60,2026-09-19,わかくさ,kajiso_vio,08:30:00,True,,1+1+毎日+2,1,22_1,22,09:51:00,25_0,32,10:13:00,10:18:00,11:18:00,2+0+毎日+5,2,25_0,17,15:48:00,22_2,27,16:07:00,16:09:00,459.0,79.0,0.0,265.0,41.0,False
shopping_60,2026-09-19,わかくさ,kajiso_vio,09:00:00,True,,1+1+毎日+2,1,22_1,22,09:51:00,25_0,32,10:13:00,10:18:00,11:18:00,2+0+毎日+5,2,25_0,17,15:48:00,22_2,27,16:07:00,16:09:00,429.0,49.0,0.0,265.0,41.0,False
shopping_60,2026-09-19,わかくさ,kajiso_vio,09:30:00,True,,1+1+毎日+2,1,22_1,22,09:51:00,25_0,32,10:13:00,10:18:00,11:18:00,2+0+毎日+5,2,25_0,17,15:48:00,22_2,27,16:07:00,16:09:00,399.0,19.0,0.0,265.0,41.0,False
shopping_60,2026-09-19,わかくさ,kajiso_vio,10:00:00,True,,1+1+毎日+4,1,22_1,22,13:33:00,25_0,32,14:03:00,14:08:00,15:08:00,2+0+毎日+5,2,25_0,17,15:48:00,22_2,27,16:07:00,16:09:00,369.0,211.0,0.0,35.0,49.0,False
shopping_60,2026-09-19,わかくさ,kajiso_vio,10:30:00,True,,1+1+毎日+4,1,22_1,22,13:33:00,25_0,32,14:03:00,14:08:00,15:08:00,2+0+毎日+5,2,25_0,17,15:48:00,22_2,27,16:07:00,16:09:00,339.0,181.0,0.0,35.0,49.0,False
shopping_60,2026-09-19,わかくさ,kajiso_vio,11:00:00,True,,1+1+毎日+4,1,22_1,22,13:33:00,25_0,32,14:03:00,14:08:00,15:08:00,2+0+毎日+5,2,25_0,17,15:48:00,22_2,27,16:07:00,16:09:00,309.0,151.0,0.0,35.0,49.0,False
shopping_60,2026-09-19,わかくさ,kajiso_vio,11:30:00,True,,1+1+毎日+4,1,22_1,22,13:33:00,25_0,32,14:03:00,14:08:00,15:08:00,2+0+毎日+5,2,25_0,17,15:48:00,22_2,27,16:07:00,16:09:00,279.0,121.0,0.0,35.0,49.0,False
shopping_60,2026-09-19,わかくさ,kajiso_vio,12:00:00,True,,1+1+毎日+4,1,22_1,22,13:33:00,25_0,32,14:03:00,14:08:00,15:08:00,2+0+毎日+5,2,25_0,17,15:48:00,22_2,27,16:07:00,16:09:00,249.0,91.0,0.0,35.0,49.0,False
shopping_60,2026-09-19,わかくさ,kajiso_vio,12:30:00,True,,1+1+毎日+4,1,22_1,22,13:33:00,25_0,32,14:03:00,14:08:00,15:08:00,2+0+毎日+5,2,25_0,17,15:48:00,22_2,27,16:07:00,16:09:00,219.0,61.0,0.0,35.0,49.0,False
shopping_60,2026-09-19,わかくさ,kajiso_vio,13:00:00,True,,1+1+毎日+4,1,22_1,22,13:33:00,25_0,32,14:03:00,14:08:00,15:08:00,2+0+毎日+5,2,25_0,17,15:48:00,22_2,27,16:07:00,16:09:00,189.0,31.0,0.0,35.0,49.0,False
shopping_60,2026-09-19,わかくさ,kajiso_vio,13:30:00,False,no_outbound_bus,,,,,,,,,,,,,,,,,,,,,,,,,False
shopping_60,2026-09-19,わかくさ,kajiso_vio,14:00:00,False,no_outbound_bus,,,,,,,,,,,,,,,,,,,,,,,,,False
shopping_60,2026-09-19,わかくさ,kajiso_vio,14:30:00,False,no_outbound_bus,,,,,,,,,,,,,,,,,,,,,,,,,False
shopping_60,2026-09-19,わかくさ,kajiso_vio,15:00:00,False,no_outbound_bus,,,,,,,,,,,,,,,,,,,,,,,,,False
shopping_60,2026-09-19,わかくさ,kajiso_vio,15:30:00,False,no_outbound_bus,,,,,,,,,,,,,,,,,,,,,,,,,False
shopping_60,2026-09-19,わかくさ,kajiso_vio,16:00:00,False,no_outbound_bus,,,,,,,,,,,,,,,,,,,,,,,,,False
shopping_60,2026-09-19,篠座,kajiso_libre,08:00:00,True,,2+0+毎日+3,2,29_2,13,11:12:00,21_2,28,11:47:00,11:52:00,12:52:00,1+1+毎日+4,1,21_1,21,13:32:00,29_1,36,14:11:00,14:13:00,373.0,190.0,0.0,35.0,74.0,False
shopping_60,2026-09-19,篠座,kajiso_libre,08:30:00,True,,2+0+毎日+3,2,29_2,13,11:12:00,21_2,28,11:47:00,11:52:00,12:52:00,1+1+毎日+4,1,21_1,21,13:32:00,29_1,36,14:11:00,14:13:00,343.0,160.0,0.0,35.0,74.0,False
shopping_60,2026-09-19,篠座,kajiso_libre,09:00:00,True,,2+0+毎日+3,2,29_2,13,11:12:00,21_2,28,11:47:00,11:52:00,12:52:00,1+1+毎日+4,1,21_1,21,13:32:00,29_1,36,14:11:00,14:13:00,313.0,130.0,0.0,35.0,74.0,False
shopping_60,2026-09-19,篠座,kajiso_libre,09:30:00,True,,2+0+毎日+3,2,29_2,13,11:12:00,21_2,28,11:47:00,11:52:00,12:52:00,1+1+毎日+4,1,21_1,21,13:32:00,29_1,36,14:11:00,14:13:00,283.0,100.0,0.0,35.0,74.0,False
shopping_60,2026-09-19,篠座,kajiso_libre,10:00:00,True,,2+0+毎日+3,2,29_2,13,11:12:00,21_2,28,11:47:00,11:52:00,12:52:00,1+1+毎日+4,1,21_1,21,13:32:00,29_1,36,14:11:00,14:13:00,253.0,70.0,0.0,35.0,74.0,False
shopping_60,2026-09-19,篠座,kajiso_libre,10:30:00,True,,2+0+毎日+3,2,29_2,13,11:12:00,21_2,28,11:47:00,11:52:00,12:52:00,1+1+毎日+4,1,21_1,21,13:32:00,29_1,36,14:11:00,14:13:00,223.0,40.0,0.0,35.0,74.0,False
shopping_60,2026-09-19,篠座,kajiso_libre,11:00:00,True,,2+0+毎日+3,2,29_2,13,11:12:00,21_2,28,11:47:00,11:52:00,12:52:00,1+1+毎日+4,1,21_1,21,13:32:00,29_1,36,14:11:00,14:13:00,193.0,10.0,0.0,35.0,74.0,False
shopping_60,2026-09-19,篠座,kajiso_libre,11:30:00,False,no_return_by_deadline,,,,,,,,,,,,,,,,,,,,,,,,,False
shopping_60,2026-09-19,篠座,kajiso_libre,12:00:00,False,no_return_by_deadline,,,,,,,,,,,,,,,,,,,,,,,,,False
shopping_60,2026-09-19,篠座,kajiso_libre,12:30:00,False,no_return_by_deadline,,,,,,,,,,,,,,,,,,,,,,,,,False
shopping_60,2026-09-19,篠座,kajiso_libre,13:00:00,False,no_return_by_deadline,,,,,,,,,,,,,,,,,,,,,,,,,False
shopping_60,2026-09-19,篠座,kajiso_libre,13:30:00,False,no_return_by_deadline,,,,,,,,,,,,,,,,,,,,,,,,,False
shopping_60,2026-09-19,篠座,kajiso_libre,14:00:00,False,no_return_by_deadline,,,,,,,,,,,,,,,,,,,,,,,,,False
shopping_60,2026-09-19,篠座,kajiso_libre,14:30:00,False,no_return_by_deadline,,,,,,,,,,,,,,,,,,,,,,,,,False
shopping_60,2026-09-19,篠座,kajiso_libre,15:00:00,False,no_return_by_deadline,,,,,,,,,,,,,,,,,,,,,,,,,False
shopping_60,2026-09-19,篠座,kajiso_libre,15:30:00,False,no_return_by_deadline,,,,,,,,,,,,,,,,,,,,,,,,,False
shopping_60,2026-09-19,篠座,kajiso_libre,16:00:00,False,no_outbound_bus,,,,,,,,,,,,,,,,,,,,,,,,,False
shopping_60,2026-09-19,篠座,kajiso_vio,08:00:00,True,,2+0+毎日+3,2,29_2,13,11:12:00,25_0,17,11:19:00,11:24:00,12:24:00,1+1+毎日+4,1,25_0,32,14:03:00,29_1,36,14:11:00,14:13:00,373.0,190.0,0.0,94.0,15.0,False
shopping_60,2026-09-19,篠座,kajiso_vio,08:30:00,True,,2+0+毎日+3,2,29_2,13,11:12:00,25_0,17,11:19:00,11:24:00,12:24:00,1+1+毎日+4,1,25_0,32,14:03:00,29_1,36,14:11:00,14:13:00,343.0,160.0,0.0,94.0,15.0,False
shopping_60,2026-09-19,篠座,kajiso_vio,09:00:00,True,,2+0+毎日+3,2,29_2,13,11:12:00,25_0,17,11:19:00,11:24:00,12:24:00,1+1+毎日+4,1,25_0,32,14:03:00,29_1,36,14:11:00,14:13:00,313.0,130.0,0.0,94.0,15.0,False
shopping_60,2026-09-19,篠座,kajiso_vio,09:30:00,True,,2+0+毎日+3,2,29_2,13,11:12:00,25_0,17,11:19:00,11:24:00,12:24:00,1+1+毎日+4,1,25_0,32,14:03:00,29_1,36,14:11:00,14:13:00,283.0,100.0,0.0,94.0,15.0,False
shopping_60,2026-09-19,篠座,kajiso_vio,10:00:00,True,,2+0+毎日+3,2,29_2,13,11:12:00,25_0,17,11:19:00,11:24:00,12:24:00,1+1+毎日+4,1,25_0,32,14:03:00,29_1,36,14:11:00,14:13:00,253.0,70.0,0.0,94.0,15.0,False
shopping_60,2026-09-19,篠座,kajiso_vio,10:30:00,True,,2+0+毎日+3,2,29_2,13,11:12:00,25_0,17,11:19:00,11:24:00,12:24:00,1+1+毎日+4,1,25_0,32,14:03:00,29_1,36,14:11:00,14:13:00,223.0,40.0,0.0,94.0,15.0,False
shopping_60,2026-09-19,篠座,kajiso_vio,11:00:00,True,,2+0+毎日+3,2,29_2,13,11:12:00,25_0,17,11:19:00,11:24:00,12:24:00,1+1+毎日+4,1,25_0,32,14:03:00,29_1,36,14:11:00,14:13:00,193.0,10.0,0.0,94.0,15.0,False
shopping_60,2026-09-19,篠座,kajiso_vio,11:30:00,False,no_return_by_deadline,,,,,,,,,,,,,,,,,,,,,,,,,False
shopping_60,2026-09-19,篠座,kajiso_vio,12:00:00,False,no_return_by_deadline,,,,,,,,,,,,,,,,,,,,,,,,,False
shopping_60,2026-09-19,篠座,kajiso_vio,12:30:00,False,no_return_by_deadline,,,,,,,,,,,,,,,,,,,,,,,,,False
shopping_60,2026-09-19,篠座,kajiso_vio,13:00:00,False,no_return_by_deadline,,,,,,,,,,,,,,,,,,,,,,,,,False
shopping_60,2026-09-19,篠座,kajiso_vio,13:30:00,False,no_return_by_deadline,,,,,,,,,,,,,,,,,,,,,,,,,False
shopping_60,2026-09-19,篠座,kajiso_vio,14:00:00,False,no_return_by_deadline,,,,,,,,,,,,,,,,,,,,,,,,,False
shopping_60,2026-09-19,篠座,kajiso_vio,14:30:00,False,no_return_by_deadline,,,,,,,,,,,,,,,,,,,,,,,,,False
shopping_60,2026-09-19,篠座,kajiso_vio,15:00:00,False,no_return_by_deadline,,,,,,,,,,,,,,,,,,,,,,,,,False
shopping_60,2026-09-19,篠座,kajiso_vio,15:30:00,False,no_return_by_deadline,,,,,,,,,,,,,,,,,,,,,,,,,False
shopping_60,2026-09-19,篠座,kajiso_vio,16:00:00,False,no_outbound_bus,,,,,,,,,,,,,,,,,,,,,,,,,False
shopping_60,2026-09-19,いなほこども園,kajiso_libre,08:00:00,True,,2+0+毎日+3,2,33_2,9,11:08:00,21_2,28,11:47:00,11:52:00,12:52:00,1+1+毎日+4,1,21_1,21,13:32:00,33_1,40,14:15:00,14:17:00,377.0,186.0,0.0,35.0,82.0,False
shopping_60,2026-09-19,いなほこども園,kajiso_libre,08:30:00,True,,2+0+毎日+3,2,33_2,9,11:08:00,21_2,28,11:47:00,11:52:00,12:52:00,1+1+毎日+4,1,21_1,21,13:32:00,33_1,40,14:15:00,14:17:00,347.0,156.0,0.0,35.0,82.0,False
shopping_60,2026-09-19,いなほこども園,kajiso_libre,09:00:00,True,,2+0+毎日+3,2,33_2,9,11:08:00,21_2,28,11:47:00,11:52:00,12:52:00,1+1+毎日+4,1,21_1,21,13:32:00,33_1,40,14:15:00,14:17:00,317.0,126.0,0.0,35.0,82.0,False
shopping_60,2026-09-19,いなほこども園,kajiso_libre,09:30:00,True,,2+0+毎日+3,2,33_2,9,11:08:00,21_2,28,11:47:00,11:52:00,12:52:00,1+1+毎日+4,1,21_1,21,13:32:00,33_1,40,14:15:00,14:17:00,287.0,96.0,0.0,35.0,82.0,False
shopping_60,2026-09-19,いなほこども園,kajiso_libre,10:00:00,True,,2+0+毎日+3,2,33_2,9,11:08:00,21_2,28,11:47:00,11:52:00,12:52:00,1+1+毎日+4,1,21_1,21,13:32:00,33_1,40,14:15:00,14:17:00,257.0,66.0,0.0,35.0,82.0,False
shopping_60,2026-09-19,いなほこども園,kajiso_libre,10:30:00,True,,2+0+毎日+3,2,33_2,9,11:08:00,21_2,28,11:47:00,11:52:00,12:52:00,1+1+毎日+4,1,21_1,21,13:32:00,33_1,40,14:15:00,14:17:00,227.0,36.0,0.0,35.0,82.0,False
shopping_60,2026-09-19,いなほこども園,kajiso_libre,11:00:00,True,,2+0+毎日+3,2,33_2,9,11:08:00,21_2,28,11:47:00,11:52:00,12:52:00,1+1+毎日+4,1,21_1,21,13:32:00,33_1,40,14:15:00,14:17:00,197.0,6.0,0.0,35.0,82.0,False
shopping_60,2026-09-19,いなほこども園,kajiso_libre,11:30:00,False,no_return_by_deadline,,,,,,,,,,,,,,,,,,,,,,,,,False
shopping_60,2026-09-19,いなほこども園,kajiso_libre,12:00:00,False,no_return_by_deadline,,,,,,,,,,,,,,,,,,,,,,,,,False
shopping_60,2026-09-19,いなほこども園,kajiso_libre,12:30:00,False,no_return_by_deadline,,,,,,,,,,,,,,,,,,,,,,,,,False
shopping_60,2026-09-19,いなほこども園,kajiso_libre,13:00:00,False,no_return_by_deadline,,,,,,,,,,,,,,,,,,,,,,,,,False
shopping_60,2026-09-19,いなほこども園,kajiso_libre,13:30:00,False,no_return_by_deadline,,,,,,,,,,,,,,,,,,,,,,,,,False
shopping_60,2026-09-19,いなほこども園,kajiso_libre,14:00:00,False,no_return_by_deadline,,,,,,,,,,,,,,,,,,,,,,,,,False
shopping_60,2026-09-19,いなほこども園,kajiso_libre,14:30:00,False,no_return_by_deadline,,,,,,,,,,,,,,,,,,,,,,,,,False
shopping_60,2026-09-19,いなほこども園,kajiso_libre,15:00:00,False,no_return_by_deadline,,,,,,,,,,,,,,,,,,,,,,,,,False
shopping_60,2026-09-19,いなほこども園,kajiso_libre,15:30:00,False,no_return_by_deadline,,,,,,,,,,,,,,,,,,,,,,,,,False
shopping_60,2026-09-19,いなほこども園,kajiso_libre,16:00:00,False,no_outbound_bus,,,,,,,,,,,,,,,,,,,,,,,,,False
shopping_60,2026-09-19,いなほこども園,kajiso_vio,08:00:00,True,,2+0+毎日+3,2,33_2,9,11:08:00,25_0,17,11:19:00,11:24:00,12:24:00,1+1+毎日+4,1,25_0,32,14:03:00,33_1,40,14:15:00,14:17:00,377.0,186.0,0.0,94.0,23.0,False
shopping_60,2026-09-19,いなほこども園,kajiso_vio,08:30:00,True,,2+0+毎日+3,2,33_2,9,11:08:00,25_0,17,11:19:00,11:24:00,12:24:00,1+1+毎日+4,1,25_0,32,14:03:00,33_1,40,14:15:00,14:17:00,347.0,156.0,0.0,94.0,23.0,False
shopping_60,2026-09-19,いなほこども園,kajiso_vio,09:00:00,True,,2+0+毎日+3,2,33_2,9,11:08:00,25_0,17,11:19:00,11:24:00,12:24:00,1+1+毎日+4,1,25_0,32,14:03:00,33_1,40,14:15:00,14:17:00,317.0,126.0,0.0,94.0,23.0,False
shopping_60,2026-09-19,いなほこども園,kajiso_vio,09:30:00,True,,2+0+毎日+3,2,33_2,9,11:08:00,25_0,17,11:19:00,11:24:00,12:24:00,1+1+毎日+4,1,25_0,32,14:03:00,33_1,40,14:15:00,14:17:00,287.0,96.0,0.0,94.0,23.0,False
shopping_60,2026-09-19,いなほこども園,kajiso_vio,10:00:00,True,,2+0+毎日+3,2,33_2,9,11:08:00,25_0,17,11:19:00,11:24:00,12:24:00,1+1+毎日+4,1,25_0,32,14:03:00,33_1,40,14:15:00,14:17:00,257.0,66.0,0.0,94.0,23.0,False
shopping_60,2026-09-19,いなほこども園,kajiso_vio,10:30:00,True,,2+0+毎日+3,2,33_2,9,11:08:00,25_0,17,11:19:00,11:24:00,12:24:00,1+1+毎日+4,1,25_0,32,14:03:00,33_1,40,14:15:00,14:17:00,227.0,36.0,0.0,94.0,23.0,False
shopping_60,2026-09-19,いなほこども園,kajiso_vio,11:00:00,True,,2+0+毎日+3,2,33_2,9,11:08:00,25_0,17,11:19:00,11:24:00,12:24:00,1+1+毎日+4,1,25_0,32,14:03:00,33_1,40,14:15:00,14:17:00,197.0,6.0,0.0,94.0,23.0,False
shopping_60,2026-09-19,いなほこども園,kajiso_vio,11:30:00,False,no_return_by_deadline,,,,,,,,,,,,,,,,,,,,,,,,,False
shopping_60,2026-09-19,いなほこども園,kajiso_vio,12:00:00,False,no_return_by_deadline,,,,,,,,,,,,,,,,,,,,,,,,,False
shopping_60,2026-09-19,いなほこども園,kajiso_vio,12:30:00,False,no_return_by_deadline,,,,,,,,,,,,,,,,,,,,,,,,,False
shopping_60,2026-09-19,いなほこども園,kajiso_vio,13:00:00,False,no_return_by_deadline,,,,,,,,,,,,,,,,,,,,,,,,,False
shopping_60,2026-09-19,いなほこども園,kajiso_vio,13:30:00,False,no_return_by_deadline,,,,,,,,,,,,,,,,,,,,,,,,,False
shopping_60,2026-09-19,いなほこども園,kajiso_vio,14:00:00,False,no_return_by_deadline,,,,,,,,,,,,,,,,,,,,,,,,,False
shopping_60,2026-09-19,いなほこども園,kajiso_vio,14:30:00,False,no_return_by_deadline,,,,,,,,,,,,,,,,,,,,,,,,,False
shopping_60,2026-09-19,いなほこども園,kajiso_vio,15:00:00,False,no_return_by_deadline,,,,,,,,,,,,,,,,,,,,,,,,,False
shopping_60,2026-09-19,いなほこども園,kajiso_vio,15:30:00,False,no_return_by_deadline,,,,,,,,,,,,,,,,,,,,,,,,,False
shopping_60,2026-09-19,いなほこども園,kajiso_vio,16:00:00,False,no_outbound_bus,,,,,,,,,,,,,,,,,,,,,,,,,False
shopping_60,2026-09-19,童子丸郵便局口,kajiso_libre,08:00:00,True,,2+0+毎日+3,2,39_2,3,10:59:00,21_2,28,11:47:00,11:52:00,12:52:00,1+1+毎日+4,1,21_1,21,13:32:00,39_1,46,14:23:00,14:25:00,385.0,177.0,0.0,35.0,99.0,False
shopping_60,2026-09-19,童子丸郵便局口,kajiso_libre,08:30:00,True,,2+0+毎日+3,2,39_2,3,10:59:00,21_2,28,11:47:00,11:52:00,12:52:00,1+1+毎日+4,1,21_1,21,13:32:00,39_1,46,14:23:00,14:25:00,355.0,147.0,0.0,35.0,99.0,False
shopping_60,2026-09-19,童子丸郵便局口,kajiso_libre,09:00:00,True,,2+0+毎日+3,2,39_2,3,10:59:00,21_2,28,11:47:00,11:52:00,12:52:00,1+1+毎日+4,1,21_1,21,13:32:00,39_1,46,14:23:00,14:25:00,325.0,117.0,0.0,35.0,99.0,False
shopping_60,2026-09-19,童子丸郵便局口,kajiso_libre,09:30:00,True,,2+0+毎日+3,2,39_2,3,10:59:00,21_2,28,11:47:00,11:52:00,12:52:00,1+1+毎日+4,1,21_1,21,13:32:00,39_1,46,14:23:00,14:25:00,295.0,87.0,0.0,35.0,99.0,False
shopping_60,2026-09-19,童子丸郵便局口,kajiso_libre,10:00:00,True,,2+0+毎日+3,2,39_2,3,10:59:00,21_2,28,11:47:00,11:52:00,12:52:00,1+1+毎日+4,1,21_1,21,13:32:00,39_1,46,14:23:00,14:25:00,265.0,57.0,0.0,35.0,99.0,False
shopping_60,2026-09-19,童子丸郵便局口,kajiso_libre,10:30:00,True,,2+0+毎日+3,2,39_2,3,10:59:00,21_2,28,11:47:00,11:52:00,12:52:00,1+1+毎日+4,1,21_1,21,13:32:00,39_1,46,14:23:00,14:25:00,235.0,27.0,0.0,35.0,99.0,False
shopping_60,2026-09-19,童子丸郵便局口,kajiso_libre,11:00:00,False,no_return_by_deadline,,,,,,,,,,,,,,,,,,,,,,,,,False
shopping_60,2026-09-19,童子丸郵便局口,kajiso_libre,11:30:00,False,no_return_by_deadline,,,,,,,,,,,,,,,,,,,,,,,,,False
shopping_60,2026-09-19,童子丸郵便局口,kajiso_libre,12:00:00,False,no_return_by_deadline,,,,,,,,,,,,,,,,,,,,,,,,,False
shopping_60,2026-09-19,童子丸郵便局口,kajiso_libre,12:30:00,False,no_return_by_deadline,,,,,,,,,,,,,,,,,,,,,,,,,False
shopping_60,2026-09-19,童子丸郵便局口,kajiso_libre,13:00:00,False,no_return_by_deadline,,,,,,,,,,,,,,,,,,,,,,,,,False
shopping_60,2026-09-19,童子丸郵便局口,kajiso_libre,13:30:00,False,no_return_by_deadline,,,,,,,,,,,,,,,,,,,,,,,,,False
shopping_60,2026-09-19,童子丸郵便局口,kajiso_libre,14:00:00,False,no_return_by_deadline,,,,,,,,,,,,,,,,,,,,,,,,,False
shopping_60,2026-09-19,童子丸郵便局口,kajiso_libre,14:30:00,False,no_return_by_deadline,,,,,,,,,,,,,,,,,,,,,,,,,False
shopping_60,2026-09-19,童子丸郵便局口,kajiso_libre,15:00:00,False,no_return_by_deadline,,,,,,,,,,,,,,,,,,,,,,,,,False
shopping_60,2026-09-19,童子丸郵便局口,kajiso_libre,15:30:00,False,no_outbound_bus,,,,,,,,,,,,,,,,,,,,,,,,,False
shopping_60,2026-09-19,童子丸郵便局口,kajiso_libre,16:00:00,False,no_outbound_bus,,,,,,,,,,,,,,,,,,,,,,,,,False
shopping_60,2026-09-19,童子丸郵便局口,kajiso_vio,08:00:00,True,,2+0+毎日+3,2,39_2,3,10:59:00,25_0,17,11:19:00,11:24:00,12:24:00,1+1+毎日+4,1,25_0,32,14:03:00,39_1,46,14:23:00,14:25:00,385.0,177.0,0.0,94.0,40.0,False
shopping_60,2026-09-19,童子丸郵便局口,kajiso_vio,08:30:00,True,,2+0+毎日+3,2,39_2,3,10:59:00,25_0,17,11:19:00,11:24:00,12:24:00,1+1+毎日+4,1,25_0,32,14:03:00,39_1,46,14:23:00,14:25:00,355.0,147.0,0.0,94.0,40.0,False
shopping_60,2026-09-19,童子丸郵便局口,kajiso_vio,09:00:00,True,,2+0+毎日+3,2,39_2,3,10:59:00,25_0,17,11:19:00,11:24:00,12:24:00,1+1+毎日+4,1,25_0,32,14:03:00,39_1,46,14:23:00,14:25:00,325.0,117.0,0.0,94.0,40.0,False
shopping_60,2026-09-19,童子丸郵便局口,kajiso_vio,09:30:00,True,,2+0+毎日+3,2,39_2,3,10:59:00,25_0,17,11:19:00,11:24:00,12:24:00,1+1+毎日+4,1,25_0,32,14:03:00,39_1,46,14:23:00,14:25:00,295.0,87.0,0.0,94.0,40.0,False
shopping_60,2026-09-19,童子丸郵便局口,kajiso_vio,10:00:00,True,,2+0+毎日+3,2,39_2,3,10:59:00,25_0,17,11:19:00,11:24:00,12:24:00,1+1+毎日+4,1,25_0,32,14:03:00,39_1,46,14:23:00,14:25:00,265.0,57.0,0.0,94.0,40.0,False
shopping_60,2026-09-19,童子丸郵便局口,kajiso_vio,10:30:00,True,,2+0+毎日+3,2,39_2,3,10:59:00,25_0,17,11:19:00,11:24:00,12:24:00,1+1+毎日+4,1,25_0,32,14:03:00,39_1,46,14:23:00,14:25:00,235.0,27.0,0.0,94.0,40.0,False
shopping_60,2026-09-19,童子丸郵便局口,kajiso_vio,11:00:00,False,no_return_by_deadline,,,,,,,,,,,,,,,,,,,,,,,,,False
shopping_60,2026-09-19,童子丸郵便局口,kajiso_vio,11:30:00,False,no_return_by_deadline,,,,,,,,,,,,,,,,,,,,,,,,,False
shopping_60,2026-09-19,童子丸郵便局口,kajiso_vio,12:00:00,False,no_return_by_deadline,,,,,,,,,,,,,,,,,,,,,,,,,False
shopping_60,2026-09-19,童子丸郵便局口,kajiso_vio,12:30:00,False,no_return_by_deadline,,,,,,,,,,,,,,,,,,,,,,,,,False
shopping_60,2026-09-19,童子丸郵便局口,kajiso_vio,13:00:00,False,no_return_by_deadline,,,,,,,,,,,,,,,,,,,,,,,,,False
shopping_60,2026-09-19,童子丸郵便局口,kajiso_vio,13:30:00,False,no_return_by_deadline,,,,,,,,,,,,,,,,,,,,,,,,,False
shopping_60,2026-09-19,童子丸郵便局口,kajiso_vio,14:00:00,False,no_return_by_deadline,,,,,,,,,,,,,,,,,,,,,,,,,False
shopping_60,2026-09-19,童子丸郵便局口,kajiso_vio,14:30:00,False,no_return_by_deadline,,,,,,,,,,,,,,,,,,,,,,,,,False
shopping_60,2026-09-19,童子丸郵便局口,kajiso_vio,15:00:00,False,no_return_by_deadline,,,,,,,,,,,,,,,,,,,,,,,,,False
shopping_60,2026-09-19,童子丸郵便局口,kajiso_vio,15:30:00,False,no_outbound_bus,,,,,,,,,,,,,,,,,,,,,,,,,False
shopping_60,2026-09-19,童子丸郵便局口,kajiso_vio,16:00:00,False,no_outbound_bus,,,,,,,,,,,,,,,,,,,,,,,,,False
store_walk_10,2026-09-15,越前大野駅,kajiso_libre,08:00:00,True,,2+0+平日+1,2,1_1,24,08:12:00,21_2,28,08:16:00,09:30:00,10:15:00,1+1+平日+3,1,21_1,21,11:28:00,1_1,24,11:32:00,11:34:00,214.0,10.0,64.0,63.0,8.0,False
store_walk_10,2026-09-15,越前大野駅,kajiso_libre,08:30:00,True,,2+0+平日+2,2,1_1,1,09:15:00,21_2,28,09:58:00,10:08:00,10:53:00,1+1+平日+3,1,21_1,21,11:28:00,1_1,24,11:32:00,11:34:00,184.0,43.0,0.0,25.0,47.0,False
store_walk_10,2026-09-15,越前大野駅,kajiso_libre,09:00:00,True,,2+0+平日+2,2,1_1,1,09:15:00,21_2,28,09:58:00,10:08:00,10:53:00,1+1+平日+3,1,21_1,21,11:28:00,1_1,24,11:32:00,11:34:00,154.0,13.0,0.0,25.0,47.0,True
store_walk_10,2026-09-15,越前大野駅,kajiso_libre,09:30:00,True,,2+0+平日+2,2,1_1,24,09:54:00,21_2,28,09:58:00,10:08:00,10:53:00,1+1+平日+3,1,21_1,21,11:28:00,1_1,24,11:32:00,11:34:00,124.0,22.0,0.0,25.0,8.0,True
store_walk_10,2026-09-15,越前大野駅,kajiso_libre,10:00:00,True,,2+0+毎日+3,2,1_1,1,10:56:00,21_2,28,11:47:00,11:57:00,12:42:00,1+1+毎日+4,1,21_1,21,13:32:00,1_1,24,13:36:00,13:38:00,218.0,54.0,0.0,40.0,55.0,False
store_walk_10,2026-09-15,越前大野駅,kajiso_libre,10:30:00,True,,2+0+毎日+3,2,1_1,1,10:56:00,21_2,28,11:47:00,11:57:00,12:42:00,1+1+毎日+4,1,21_1,21,13:32:00,1_1,24,13:36:00,13:38:00,188.0,24.0,0.0,40.0,55.0,False
store_walk_10,2026-09-15,越前大野駅,kajiso_libre,11:00:00,True,,2+0+毎日+3,2,1_1,24,11:43:00,21_2,28,11:47:00,11:57:00,12:42:00,1+1+毎日+4,1,21_1,21,13:32:00,1_1,24,13:36:00,13:38:00,158.0,41.0,0.0,40.0,8.0,True
store_walk_10,2026-09-15,越前大野駅,kajiso_libre,11:30:00,True,,2+0+毎日+3,2,1_1,24,11:43:00,21_2,28,11:47:00,11:57:00,12:42:00,1+1+毎日+4,1,21_1,21,13:32:00,1_1,24,13:36:00,13:38:00,128.0,11.0,0.0,40.0,8.0,True
store_walk_10,2026-09-15,越前大野駅,kajiso_libre,12:00:00,True,,2+0+平日+4,2,1_1,1,13:00:00,21_2,28,13:54:00,14:04:00,14:49:00,1+1+平日+5,1,21_1,21,16:02:00,1_1,24,16:06:00,16:08:00,248.0,58.0,0.0,63.0,58.0,False
store_walk_10,2026-09-15,越前大野駅,kajiso_libre,12:30:00,True,,2+0+平日+4,2,1_1,1,13:00:00,21_2,28,13:54:00,14:04:00,14:49:00,1+1+平日+5,1,21_1,21,16:02:00,1_1,24,16:06:00,16:08:00,218.0,28.0,0.0,63.0,58.0,False
store_walk_10,2026-09-15,越前大野駅,kajiso_libre,13:00:00,True,,1+1+毎日+4,1,1_1,1,13:05:00,21_1,21,13:32:00,13:42:00,14:27:00,1+1+平日+5,1,21_1,21,16:02:00,1_1,24,16:06:00,16:08:00,188.0,3.0,0.0,85.0,31.0,False
store_walk_10,2026-09-15,越前大野駅,kajiso_libre,13:30:00,True,,2+0+平日+4,2,1_1,24,13:50:00,21_2,28,13:54:00,14:04:00,14:49:00,1+1+平日+5,1,21_1,21,16:02:00,1_1,24,16:06:00,16:08:00,158.0,18.0,0.0,63.0,8.0,True
store_walk_10,2026-09-15,越前大野駅,kajiso_libre,14:00:00,False,no_return_by_deadline,,,,,,,,,,,,,,,,,,,,,,,,,False
store_walk_10,2026-09-15,越前大野駅,kajiso_libre,14:30:00,False,no_return_by_deadline,,,,,,,,,,,,,,,,,,,,,,,,,False
store_walk_10,2026-09-15,越前大野駅,kajiso_libre,15:00:00,False,no_return_by_deadline,,,,,,,,,,,,,,,,,,,,,,,,,False
store_walk_10,2026-09-15,越前大野駅,kajiso_libre,15:30:00,False,no_return_by_deadline,,,,,,,,,,,,,,,,,,,,,,,,,False
store_walk_10,2026-09-15,越前大野駅,kajiso_libre,16:00:00,False,no_return_by_deadline,,,,,,,,,,,,,,,,,,,,,,,,,False
store_walk_10,2026-09-15,越前大野駅,kajiso_vio,08:00:00,True,,2+0+平日+2,2,1_1,1,09:15:00,25_0,17,09:38:00,09:48:00,10:33:00,2+0+毎日+3,2,25_0,17,11:19:00,1_1,24,11:32:00,11:34:00,214.0,73.0,0.0,36.0,36.0,False
store_walk_10,2026-09-15,越前大野駅,kajiso_vio,08:30:00,True,,2+0+平日+2,2,1_1,1,09:15:00,25_0,17,09:38:00,09:48:00,10:33:00,2+0+毎日+3,2,25_0,17,11:19:00,1_1,24,11:32:00,11:34:00,184.0,43.0,0.0,36.0,36.0,False
store_walk_10,2026-09-15,越前大野駅,kajiso_vio,09:00:00,True,,2+0+平日+2,2,1_1,1,09:15:00,25_0,17,09:38:00,09:48:00,10:33:00,2+0+毎日+3,2,25_0,17,11:19:00,1_1,24,11:32:00,11:34:00,154.0,13.0,0.0,36.0,36.0,True
store_walk_10,2026-09-15,越前大野駅,kajiso_vio,09:30:00,True,,1+1+毎日+2,1,1_1,24,10:00:00,25_0,32,10:13:00,10:23:00,11:08:00,1+1+平日+3,1,25_0,32,11:56:00,1_1,48,12:19:00,12:21:00,171.0,28.0,0.0,38.0,36.0,True
store_walk_10,2026-09-15,越前大野駅,kajiso_vio,10:00:00,True,,2+0+毎日+3,2,1_1,1,10:56:00,25_0,17,11:19:00,11:29:00,12:14:00,2+0+平日+4,2,25_0,17,13:23:00,1_1,24,13:36:00,13:38:00,218.0,54.0,0.0,59.0,36.0,False
store_walk_10,2026-09-15,越前大野駅,kajiso_vio,10:30:00,True,,2+0+毎日+3,2,1_1,1,10:56:00,25_0,17,11:19:00,11:29:00,12:14:00,2+0+平日+4,2,25_0,17,13:23:00,1_1,24,13:36:00,13:38:00,188.0,24.0,0.0,59.0,36.0,False
store_walk_10,2026-09-15,越前大野駅,kajiso_vio,11:00:00,True,,1+1+平日+3,1,1_1,24,11:43:00,25_0,32,11:56:00,12:06:00,12:51:00,2+0+平日+4,2,25_0,17,13:23:00,1_1,24,13:36:00,13:38:00,158.0,41.0,0.0,22.0,26.0,True
store_walk_10,2026-09-15,越前大野駅,kajiso_vio,11:30:00,True,,1+1+平日+3,1,1_1,24,11:43:00,25_0,32,11:56:00,12:06:00,12:51:00,2+0+平日+4,2,25_0,17,13:23:00,1_1,24,13:36:00,13:38:00,128.0,11.0,0.0,22.0,26.0,True
store_walk_10,2026-09-15,越前大野駅,kajiso_vio,12:00:00,True,,2+0+平日+4,2,1_1,1,13:00:00,25_0,17,13:23:00,13:33:00,14:18:00,2+0+毎日+5,2,25_0,17,15:48:00,1_1,24,16:01:00,16:03:00,243.0,58.0,0.0,80.0,36.0,False
store_walk_10,2026-09-15,越前大野駅,kajiso_vio,12:30:00,True,,2+0+平日+4,2,1_1,1,13:00:00,25_0,17,13:23:00,13:33:00,14:18:00,2+0+毎日+5,2,25_0,17,15:48:00,1_1,24,16:01:00,16:03:00,213.0,28.0,0.0,80.0,36.0,False
store_walk_10,2026-09-15,越前大野駅,kajiso_vio,13:00:00,True,,1+1+毎日+4,1,1_1,1,13:05:00,25_0,32,14:03:00,14:13:00,14:58:00,2+0+毎日+5,2,25_0,17,15:48:00,1_1,24,16:01:00,16:03:00,183.0,3.0,0.0,40.0,71.0,False
store_walk_10,2026-09-15,越前大野駅,kajiso_vio,13:30:00,True,,1+1+毎日+4,1,1_1,24,13:50:00,25_0,32,14:03:00,14:13:00,14:58:00,2+0+毎日+5,2,25_0,17,15:48:00,1_1,24,16:01:00,16:03:00,153.0,18.0,0.0,40.0,26.0,True
store_walk_10,2026-09-15,越前大野駅,kajiso_vio,14:00:00,False,no_return_by_deadline,,,,,,,,,,,,,,,,,,,,,,,,,False
store_walk_10,2026-09-15,越前大野駅,kajiso_vio,14:30:00,False,no_return_by_deadline,,,,,,,,,,,,,,,,,,,,,,,,,False
store_walk_10,2026-09-15,越前大野駅,kajiso_vio,15:00:00,False,no_return_by_deadline,,,,,,,,,,,,,,,,,,,,,,,,,False
store_walk_10,2026-09-15,越前大野駅,kajiso_vio,15:30:00,False,no_return_by_deadline,,,,,,,,,,,,,,,,,,,,,,,,,False
store_walk_10,2026-09-15,越前大野駅,kajiso_vio,16:00:00,False,no_return_by_deadline,,,,,,,,,,,,,,,,,,,,,,,,,False
store_walk_10,2026-09-15,結ステーション,kajiso_libre,08:00:00,True,,1+1+毎日+2,1,6_0,6,09:30:00,21_1,21,09:50:00,10:00:00,10:45:00,1+1+平日+3,1,21_1,21,11:28:00,6_0,29,11:47:00,11:49:00,229.0,88.0,0.0,33.0,39.0,False
store_walk_10,2026-09-15,結ステーション,kajiso_libre,08:30:00,True,,1+1+毎日+2,1,6_0,6,09:30:00,21_1,21,09:50:00,10:00:00,10:45:00,1+1+平日+3,1,21_1,21,11:28:00,6_0,29,11:47:00,11:49:00,199.0,58.0,0.0,33.0,39.0,False
store_walk_10,2026-09-15,結ステーション,kajiso_libre,09:00:00,True,,1+1+毎日+2,1,6_0,6,09:30:00,21_1,21,09:50:00,10:00:00,10:45:00,1+1+平日+3,1,21_1,21,11:28:00,6_0,29,11:47:00,11:49:00,169.0,28.0,0.0,33.0,39.0,True
store_walk_10,2026-09-15,結ステーション,kajiso_libre,09:30:00,True,,2+0+平日+2,2,6_0,20,09:47:00,21_2,28,09:58:00,10:08:00,10:53:00,1+1+平日+3,1,21_1,21,11:28:00,6_0,29,11:47:00,11:49:00,139.0,15.0,0.0,25.0,30.0,True
store_walk_10,2026-09-15,結ステーション,kajiso_libre,10:00:00,True,,1+1+平日+3,1,6_0,6,11:08:00,21_1,21,11:28:00,11:38:00,12:23:00,1+1+毎日+4,1,21_1,21,13:32:00,6_0,29,13:54:00,13:56:00,236.0,66.0,0.0,59.0,42.0,False
store_walk_10,2026-09-15,結ステーション,kajiso_libre,10:30:00,True,,1+1+平日+3,1,6_0,6,11:08:00,21_1,21,11:28:00,11:38:00,12:23:00,1+1+毎日+4,1,21_1,21,13:32:00,6_0,29,13:54:00,13:56:00,206.0,36.0,0.0,59.0,42.0,False
store_walk_10,2026-09-15,結ステーション,kajiso_libre,11:00:00,True,,1+1+平日+3,1,6_0,6,11:08:00,21_1,21,11:28:00,11:38:00,12:23:00,1+1+毎日+4,1,21_1,21,13:32:00,6_0,29,13:54:00,13:56:00,176.0,6.0,0.0,59.0,42.0,True
store_walk_10,2026-09-15,結ステーション,kajiso_libre,11:30:00,True,,1+1+毎日+4,1,6_0,6,13:12:00,21_1,21,13:32:00,13:42:00,14:27:00,1+1+平日+5,1,21_1,21,16:02:00,6_0,29,16:13:00,16:15:00,285.0,100.0,0.0,85.0,31.0,False
store_walk_10,2026-09-15,結ステーション,kajiso_libre,12:00:00,True,,1+1+毎日+4,1,6_0,6,13:12:00,21_1,21,13:32:00,13:42:00,14:27:00,1+1+平日+5,1,21_1,21,16:02:00,6_0,29,16:13:00,16:15:00,255.0,70.0,0.0,85.0,31.0,False
store_walk_10,2026-09-15,結ステーション,kajiso_libre,12:30:00,True,,1+1+毎日+4,1,6_0,6,13:12:00,21_1,21,13:32:00,13:42:00,14:27:00,1+1+平日+5,1,21_1,21,16:02:00,6_0,29,16:13:00,16:15:00,225.0,40.0,0.0,85.0,31.0,False
store_walk_10,2026-09-15,結ステーション,kajiso_libre,13:00:00,True,,1+1+毎日+4,1,6_0,6,13:12:00,21_1,21,13:32:00,13:42:00,14:27:00,1+1+平日+5,1,21_1,21,16:02:00,6_0,29,16:13:00,16:15:00,195.0,10.0,0.0,85.0,31.0,False
store_walk_10,2026-09-15,結ステーション,kajiso_libre,13:30:00,False,no_return_by_deadline,,,,,,,,,,,,,,,,,,,,,,,,,False
store_walk_10,2026-09-15,結ステーション,kajiso_libre,14:00:00,False,no_return_by_deadline,,,,,,,,,,,,,,,,,,,,,,,,,False
store_walk_10,2026-09-15,結ステーション,kajiso_libre,14:30:00,False,no_return_by_deadline,,,,,,,,,,,,,,,,,,,,,,,,,False
store_walk_10,2026-09-15,結ステーション,kajiso_libre,15:00:00,False,no_return_by_deadline,,,,,,,,,,,,,,,,,,,,,,,,,False
store_walk_10,2026-09-15,結ステーション,kajiso_libre,15:30:00,False,no_return_by_deadline,,,,,,,,,,,,,,,,,,,,,,,,,False
store_walk_10,2026-09-15,結ステーション,kajiso_libre,16:00:00,False,no_outbound_bus,,,,,,,,,,,,,,,,,,,,,,,,,False
store_walk_10,2026-09-15,結ステーション,kajiso_vio,08:00:00,True,,1+1+毎日+2,1,6_0,6,09:30:00,25_0,32,10:13:00,10:23:00,11:08:00,2+0+平日+4,2,25_0,17,13:23:00,6_0,20,13:32:00,13:34:00,334.0,88.0,0.0,125.0,52.0,False
store_walk_10,2026-09-15,結ステーション,kajiso_vio,08:30:00,True,,1+1+毎日+2,1,6_0,6,09:30:00,25_0,32,10:13:00,10:23:00,11:08:00,2+0+平日+4,2,25_0,17,13:23:00,6_0,20,13:32:00,13:34:00,304.0,58.0,0.0,125.0,52.0,False
store_walk_10,2026-09-15,結ステーション,kajiso_vio,09:00:00,True,,1+1+毎日+2,1,6_0,6,09:30:00,25_0,32,10:13:00,10:23:00,11:08:00,2+0+平日+4,2,25_0,17,13:23:00,6_0,20,13:32:00,13:34:00,274.0,28.0,0.0,125.0,52.0,False
store_walk_10,2026-09-15,結ステーション,kajiso_vio,09:30:00,True,,1+1+毎日+2,1,6_0,29,10:04:00,25_0,32,10:13:00,10:23:00,11:08:00,2+0+平日+4,2,25_0,17,13:23:00,6_0,20,13:32:00,13:34:00,244.0,32.0,0.0,125.0,18.0,False
store_walk_10,2026-09-15,結ステーション,kajiso_vio,10:00:00,True,,1+1+毎日+2,1,6_0,29,10:04:00,25_0,32,10:13:00,10:23:00,11:08:00,2+0+平日+4,2,25_0,17,13:23:00,6_0,20,13:32:00,13:34:00,214.0,2.0,0.0,125.0,18.0,False
store_walk_10,2026-09-15,結ステーション,kajiso_vio,10:30:00,True,,1+1+平日+3,1,6_0,6,11:08:00,25_0,32,11:56:00,12:06:00,12:51:00,2+0+平日+4,2,25_0,17,13:23:00,6_0,20,13:32:00,13:34:00,184.0,36.0,0.0,22.0,57.0,False
store_walk_10,2026-09-15,結ステーション,kajiso_vio,11:00:00,True,,1+1+平日+3,1,6_0,6,11:08:00,25_0,32,11:56:00,12:06:00,12:51:00,2+0+平日+4,2,25_0,17,13:23:00,6_0,20,13:32:00,13:34:00,154.0,6.0,0.0,22.0,57.0,True
store_walk_10,2026-09-15,結ステーション,kajiso_vio,11:30:00,True,,1+1+平日+3,1,6_0,29,11:47:00,25_0,32,11:56:00,12:06:00,12:51:00,2+0+平日+4,2,25_0,17,13:23:00,6_0,20,13:32:00,13:34:00,124.0,15.0,0.0,22.0,18.0,True
store_walk_10,2026-09-15,結ステーション,kajiso_vio,12:00:00,True,,1+1+毎日+4,1,6_0,6,13:12:00,25_0,32,14:03:00,14:13:00,14:58:00,2+0+毎日+5,2,25_0,17,15:48:00,6_0,20,15:57:00,15:59:00,239.0,70.0,0.0,40.0,60.0,False
store_walk_10,2026-09-15,結ステーション,kajiso_vio,12:30:00,True,,1+1+毎日+4,1,6_0,6,13:12:00,25_0,32,14:03:00,14:13:00,14:58:00,2+0+毎日+5,2,25_0,17,15:48:00,6_0,20,15:57:00,15:59:00,209.0,40.0,0.0,40.0,60.0,False
store_walk_10,2026-09-15,結ステーション,kajiso_vio,13:00:00,True,,1+1+毎日+4,1,6_0,6,13:12:00,25_0,32,14:03:00,14:13:00,14:58:00,2+0+毎日+5,2,25_0,17,15:48:00,6_0,20,15:57:00,15:59:00,179.0,10.0,0.0,40.0,60.0,True
store_walk_10,2026-09-15,結ステーション,kajiso_vio,13:30:00,True,,1+1+毎日+4,1,6_0,29,13:54:00,25_0,32,14:03:00,14:13:00,14:58:00,2+0+毎日+5,2,25_0,17,15:48:00,6_0,20,15:57:00,15:59:00,149.0,22.0,0.0,40.0,18.0,True
store_walk_10,2026-09-15,結ステーション,kajiso_vio,14:00:00,False,no_return_by_deadline,,,,,,,,,,,,,,,,,,,,,,,,,False
store_walk_10,2026-09-15,結ステーション,kajiso_vio,14:30:00,False,no_return_by_deadline,,,,,,,,,,,,,,,,,,,,,,,,,False
store_walk_10,2026-09-15,結ステーション,kajiso_vio,15:00:00,False,no_return_by_deadline,,,,,,,,,,,,,,,,,,,,,,,,,False
store_walk_10,2026-09-15,結ステーション,kajiso_vio,15:30:00,False,no_return_by_deadline,,,,,,,,,,,,,,,,,,,,,,,,,False
store_walk_10,2026-09-15,結ステーション,kajiso_vio,16:00:00,False,no_return_by_deadline,,,,,,,,,,,,,,,,,,,,,,,,,False
store_walk_10,2026-09-15,下庄小学校,kajiso_libre,08:00:00,True,,1+1+毎日+2,1,9_1,9,09:33:00,21_1,21,09:50:00,10:00:00,10:45:00,2+0+毎日+3,2,21_2,28,11:47:00,9_2,40,12:02:00,12:04:00,244.0,91.0,0.0,52.0,32.0,False
store_walk_10,2026-09-15,下庄小学校,kajiso_libre,08:30:00,True,,1+1+毎日+2,1,9_1,9,09:33:00,21_1,21,09:50:00,10:00:00,10:45:00,2+0+毎日+3,2,21_2,28,11:47:00,9_2,40,12:02:00,12:04:00,214.0,61.0,0.0,52.0,32.0,False
store_walk_10,2026-09-15,下庄小学校,kajiso_libre,09:00:00,True,,1+1+毎日+2,1,9_1,9,09:33:00,21_1,21,09:50:00,10:00:00,10:45:00,2+0+毎日+3,2,21_2,28,11:47:00,9_2,40,12:02:00,12:04:00,184.0,31.0,0.0,52.0,32.0,False
store_walk_10,2026-09-15,下庄小学校,kajiso_libre,09:30:00,True,,1+1+平日+3,1,9_1,9,11:11:00,21_1,21,11:28:00,11:38:00,12:23:00,2+0+平日+4,2,21_2,28,13:54:00,9_2,40,14:09:00,14:11:00,281.0,99.0,0.0,81.0,32.0,False
store_walk_10,2026-09-15,下庄小学校,kajiso_libre,10:00:00,True,,1+1+平日+3,1,9_1,9,11:11:00,21_1,21,11:28:00,11:38:00,12:23:00,2+0+平日+4,2,21_2,28,13:54:00,9_2,40,14:09:00,14:11:00,251.0,69.0,0.0,81.0,32.0,False
store_walk_10,2026-09-15,下庄小学校,kajiso_libre,10:30:00,True,,1+1+平日+3,1,9_1,9,11:11:00,21_1,21,11:28:00,11:38:00,12:23:00,2+0+平日+4,2,21_2,28,13:54:00,9_2,40,14:09:00,14:11:00,221.0,39.0,0.0,81.0,32.0,False
store_walk_10,2026-09-15,下庄小学校,kajiso_libre,11:00:00,True,,1+1+平日+3,1,9_1,9,11:11:00,21_1,21,11:28:00,11:38:00,12:23:00,2+0+平日+4,2,21_2,28,13:54:00,9_2,40,14:09:00,14:11:00,191.0,9.0,0.0,81.0,32.0,False
store_walk_10,2026-09-15,下庄小学校,kajiso_libre,11:30:00,True,,1+1+毎日+4,1,9_1,9,13:15:00,21_1,21,13:32:00,13:42:00,14:27:00,2+0+毎日+5,2,21_2,28,16:08:00,9_2,40,16:23:00,16:25:00,295.0,103.0,0.0,91.0,32.0,False
store_walk_10,2026-09-15,下庄小学校,kajiso_libre,12:00:00,True,,1+1+毎日+4,1,9_1,9,13:15:00,21_1,21,13:32:00,13:42:00,14:27:00,2+0+毎日+5,2,21_2,28,16:08:00,9_2,40,16:23:00,16:25:00,265.0,73.0,0.0,91.0,32.0,False
store_walk_10,2026-09-15,下庄小学校,kajiso_libre,12:30:00,True,,1+1+毎日+4,1,9_1,9,13:15:00,21_1,21,13:32:00,13:42:00,14:27:00,2+0+毎日+5,2,21_2,28,16:08:00,9_2,40,16:23:00,16:25:00,235.0,43.0,0.0,91.0,32.0,False
store_walk_10,2026-09-15,下庄小学校,kajiso_libre,13:00:00,True,,1+1+毎日+4,1,9_1,9,13:15:00,21_1,21,13:32:00,13:42:00,14:27:00,2+0+毎日+5,2,21_2,28,16:08:00,9_2,40,16:23:00,16:25:00,205.0,13.0,0.0,91.0,32.0,False
store_walk_10,2026-09-15,下庄小学校,kajiso_libre,13:30:00,False,no_return_by_deadline,,,,,,,,,,,,,,,,,,,,,,,,,False
store_walk_10,2026-09-15,下庄小学校,kajiso_libre,14:00:00,False,no_return_by_deadline,,,,,,,,,,,,,,,,,,,,,,,,,False
store_walk_10,2026-09-15,下庄小学校,kajiso_libre,14:30:00,False,no_return_by_deadline,,,,,,,,,,,,,,,,,,,,,,,,,False
store_walk_10,2026-09-15,下庄小学校,kajiso_libre,15:00:00,False,no_return_by_deadline,,,,,,,,,,,,,,,,,,,,,,,,,False
store_walk_10,2026-09-15,下庄小学校,kajiso_libre,15:30:00,False,no_return_by_deadline,,,,,,,,,,,,,,,,,,,,,,,,,False
store_walk_10,2026-09-15,下庄小学校,kajiso_libre,16:00:00,False,no_outbound_bus,,,,,,,,,,,,,,,,,,,,,,,,,False
store_walk_10,2026-09-15,下庄小学校,kajiso_vio,08:00:00,True,,1+1+毎日+2,1,9_1,9,09:33:00,25_0,32,10:13:00,10:23:00,11:08:00,2+0+平日+4,2,25_0,17,13:23:00,9_2,40,14:09:00,14:11:00,371.0,91.0,0.0,125.0,86.0,False
store_walk_10,2026-09-15,下庄小学校,kajiso_vio,08:30:00,True,,1+1+毎日+2,1,9_1,9,09:33:00,25_0,32,10:13:00,10:23:00,11:08:00,2+0+平日+4,2,25_0,17,13:23:00,9_2,40,14:09:00,14:11:00,341.0,61.0,0.0,125.0,86.0,False
store_walk_10,2026-09-15,下庄小学校,kajiso_vio,09:00:00,True,,1+1+毎日+2,1,9_1,9,09:33:00,25_0,32,10:13:00,10:23:00,11:08:00,2+0+平日+4,2,25_0,17,13:23:00,9_2,40,14:09:00,14:11:00,311.0,31.0,0.0,125.0,86.0,False
store_walk_10,2026-09-15,下庄小学校,kajiso_vio,09:30:00,True,,1+1+平日+3,1,9_1,9,11:11:00,25_0,32,11:56:00,12:06:00,12:51:00,2+0+平日+4,2,25_0,17,13:23:00,9_2,40,14:09:00,14:11:00,281.0,99.0,0.0,22.0,91.0,False
store_walk_10,2026-09-15,下庄小学校,kajiso_vio,10:00:00,True,,1+1+平日+3,1,9_1,9,11:11:00,25_0,32,11:56:00,12:06:00,12:51:00,2+0+平日+4,2,25_0,17,13:23:00,9_2,40,14:09:00,14:11:00,251.0,69.0,0.0,22.0,91.0,False
store_walk_10,2026-09-15,下庄小学校,kajiso_vio,10:30:00,True,,1+1+平日+3,1,9_1,9,11:11:00,25_0,32,11:56:00,12:06:00,12:51:00,2+0+平日+4,2,25_0,17,13:23:00,9_2,40,14:09:00,14:11:00,221.0,39.0,0.0,22.0,91.0,False
store_walk_10,2026-09-15,下庄小学校,kajiso_vio,11:00:00,True,,1+1+平日+3,1,9_1,9,11:11:00,25_0,32,11:56:00,12:06:00,12:51:00,2+0+平日+4,2,25_0,17,13:23:00,9_2,40,14:09:00,14:11:00,191.0,9.0,0.0,22.0,91.0,False
store_walk_10,2026-09-15,下庄小学校,kajiso_vio,11:30:00,True,,1+1+毎日+4,1,9_1,9,13:15:00,25_0,32,14:03:00,14:13:00,14:58:00,2+0+毎日+5,2,25_0,17,15:48:00,9_2,40,16:23:00,16:25:00,295.0,103.0,0.0,40.0,83.0,False
store_walk_10,2026-09-15,下庄小学校,kajiso_vio,12:00:00,True,,1+1+毎日+4,1,9_1,9,13:15:00,25_0,32,14:03:00,14:13:00,14:58:00,2+0+毎日+5,2,25_0,17,15:48:00,9_2,40,16:23:00,16:25:00,265.0,73.0,0.0,40.0,83.0,False
store_walk_10,2026-09-15,下庄小学校,kajiso_vio,12:30:00,True,,1+1+毎日+4,1,9_1,9,13:15:00,25_0,32,14:03:00,14:13:00,14:58:00,2+0+毎日+5,2,25_0,17,15:48:00,9_2,40,16:23:00,16:25:00,235.0,43.0,0.0,40.0,83.0,False
store_walk_10,2026-09-15,下庄小学校,kajiso_vio,13:00:00,True,,1+1+毎日+4,1,9_1,9,13:15:00,25_0,32,14:03:00,14:13:00,14:58:00,2+0+毎日+5,2,25_0,17,15:48:00,9_2,40,16:23:00,16:25:00,205.0,13.0,0.0,40.0,83.0,False
store_walk_10,2026-09-15,下庄小学校,kajiso_vio,13:30:00,False,no_return_by_deadline,,,,,,,,,,,,,,,,,,,,,,,,,False
store_walk_10,2026-09-15,下庄小学校,kajiso_vio,14:00:00,False,no_return_by_deadline,,,,,,,,,,,,,,,,,,,,,,,,,False
store_walk_10,2026-09-15,下庄小学校,kajiso_vio,14:30:00,False,no_return_by_deadline,,,,,,,,,,,,,,,,,,,,,,,,,False
store_walk_10,2026-09-15,下庄小学校,kajiso_vio,15:00:00,False,no_return_by_deadline,,,,,,,,,,,,,,,,,,,,,,,,,False
store_walk_10,2026-09-15,下庄小学校,kajiso_vio,15:30:00,False,no_return_by_deadline,,,,,,,,,,,,,,,,,,,,,,,,,False
store_walk_10,2026-09-15,下庄小学校,kajiso_vio,16:00:00,False,no_outbound_bus,,,,,,,,,,,,,,,,,,,,,,,,,False
store_walk_10,2026-09-15,青少年教育センター,kajiso_libre,08:00:00,True,,1+1+毎日+2,1,14_1,14,09:40:00,21_1,21,09:50:00,10:00:00,10:45:00,2+0+毎日+3,2,21_2,28,11:47:00,14_2,35,11:55:00,11:57:00,237.0,98.0,0.0,52.0,18.0,False
store_walk_10,2026-09-15,青少年教育センター,kajiso_libre,08:30:00,True,,1+1+毎日+2,1,14_1,14,09:40:00,21_1,21,09:50:00,10:00:00,10:45:00,2+0+毎日+3,2,21_2,28,11:47:00,14_2,35,11:55:00,11:57:00,207.0,68.0,0.0,52.0,18.0,False
store_walk_10,2026-09-15,青少年教育センター,kajiso_libre,09:00:00,True,,1+1+毎日+2,1,14_1,14,09:40:00,21_1,21,09:50:00,10:00:00,10:45:00,2+0+毎日+3,2,21_2,28,11:47:00,14_2,35,11:55:00,11:57:00,177.0,38.0,0.0,52.0,18.0,True
store_walk_10,2026-09-15,青少年教育センター,kajiso_libre,09:30:00,True,,1+1+毎日+2,1,14_1,14,09:40:00,21_1,21,09:50:00,10:00:00,10:45:00,2+0+毎日+3,2,21_2,28,11:47:00,14_2,35,11:55:00,11:57:00,147.0,8.0,0.0,52.0,18.0,True
store_walk_10,2026-09-15,青少年教育センター,kajiso_libre,10:00:00,True,,1+1+平日+3,1,14_1,14,11:18:00,21_1,21,11:28:00,11:38:00,12:23:00,2+0+平日+4,2,21_2,28,13:54:00,14_2,35,14:02:00,14:04:00,244.0,76.0,0.0,81.0,18.0,False
store_walk_10,2026-09-15,青少年教育センター,kajiso_libre,10:30:00,True,,1+1+平日+3,1,14_1,14,11:18:00,21_1,21,11:28:00,11:38:00,12:23:00,2+0+平日+4,2,21_2,28,13:54:00,14_2,35,14:02:00,14:04:00,214.0,46.0,0.0,81.0,18.0,False
store_walk_10,2026-09-15,青少年教育センター,kajiso_libre,11:00:00,True,,1+1+平日+3,1,14_1,14,11:18:00,21_1,21,11:28:00,11:38:00,12:23:00,2+0+平日+4,2,21_2,28,13:54:00,14_2,35,14:02:00,14:04:00,184.0,16.0,0.0,81.0,18.0,False
store_walk_10,2026-09-15,青少年教育センター,kajiso_libre,11:30:00,True,,1+1+毎日+4,1,14_1,14,13:22:00,21_1,21,13:32:00,13:42:00,14:27:00,2+0+毎日+5,2,21_2,28,16:08:00,14_2,35,16:16:00,16:18:00,288.0,110.0,0.0,91.0,18.0,False
store_walk_10,2026-09-15,青少年教育センター,kajiso_libre,12:00:00,True,,1+1+毎日+4,1,14_1,14,13:22:00,21_1,21,13:32:00,13:42:00,14:27:00,2+0+毎日+5,2,21_2,28,16:08:00,14_2,35,16:16:00,16:18:00,258.0,80.0,0.0,91.0,18.0,False
store_walk_10,2026-09-15,青少年教育センター,kajiso_libre,12:30:00,True,,1+1+毎日+4,1,14_1,14,13:22:00,21_1,21,13:32:00,13:42:00,14:27:00,2+0+毎日+5,2,21_2,28,16:08:00,14_2,35,16:16:00,16:18:00,228.0,50.0,0.0,91.0,18.0,False
store_walk_10,2026-09-15,青少年教育センター,kajiso_libre,13:00:00,True,,1+1+毎日+4,1,14_1,14,13:22:00,21_1,21,13:32:00,13:42:00,14:27:00,2+0+毎日+5,2,21_2,28,16:08:00,14_2,35,16:16:00,16:18:00,198.0,20.0,0.0,91.0,18.0,False
store_walk_10,2026-09-15,青少年教育センター,kajiso_libre,13:30:00,False,no_return_by_deadline,,,,,,,,,,,,,,,,,,,,,,,,,False
store_walk_10,2026-09-15,青少年教育センター,kajiso_libre,14:00:00,False,no_return_by_deadline,,,,,,,,,,,,,,,,,,,,,,,,,False
store_walk_10,2026-09-15,青少年教育センター,kajiso_libre,14:30:00,False,no_return_by_deadline,,,,,,,,,,,,,,,,,,,,,,,,,False
store_walk_10,2026-09-15,青少年教育センター,kajiso_libre,15:00:00,False,no_return_by_deadline,,,,,,,,,,,,,,,,,,,,,,,,,False
store_walk_10,2026-09-15,青少年教育センター,kajiso_libre,15:30:00,False,no_return_by_deadline,,,,,,,,,,,,,,,,,,,,,,,,,False
store_walk_10,2026-09-15,青少年教育センター,kajiso_libre,16:00:00,False,no_outbound_bus,,,,,,,,,,,,,,,,,,,,,,,,,False
store_walk_10,2026-09-15,青少年教育センター,kajiso_vio,08:00:00,True,,1+1+毎日+2,1,14_1,14,09:40:00,25_0,32,10:13:00,10:23:00,11:08:00,2+0+平日+4,2,25_0,17,13:23:00,14_2,35,14:02:00,14:04:00,364.0,98.0,0.0,125.0,72.0,False
store_walk_10,2026-09-15,青少年教育センター,kajiso_vio,08:30:00,True,,1+1+毎日+2,1,14_1,14,09:40:00,25_0,32,10:13:00,10:23:00,11:08:00,2+0+平日+4,2,25_0,17,13:23:00,14_2,35,14:02:00,14:04:00,334.0,68.0,0.0,125.0,72.0,False
store_walk_10,2026-09-15,青少年教育センター,kajiso_vio,09:00:00,True,,1+1+毎日+2,1,14_1,14,09:40:00,25_0,32,10:13:00,10:23:00,11:08:00,2+0+平日+4,2,25_0,17,13:23:00,14_2,35,14:02:00,14:04:00,304.0,38.0,0.0,125.0,72.0,False
store_walk_10,2026-09-15,青少年教育センター,kajiso_vio,09:30:00,True,,1+1+毎日+2,1,14_1,14,09:40:00,25_0,32,10:13:00,10:23:00,11:08:00,2+0+平日+4,2,25_0,17,13:23:00,14_2,35,14:02:00,14:04:00,274.0,8.0,0.0,125.0,72.0,False
store_walk_10,2026-09-15,青少年教育センター,kajiso_vio,10:00:00,True,,1+1+平日+3,1,14_1,14,11:18:00,25_0,32,11:56:00,12:06:00,12:51:00,2+0+平日+4,2,25_0,17,13:23:00,14_2,35,14:02:00,14:04:00,244.0,76.0,0.0,22.0,77.0,False
store_walk_10,2026-09-15,青少年教育センター,kajiso_vio,10:30:00,True,,1+1+平日+3,1,14_1,14,11:18:00,25_0,32,11:56:00,12:06:00,12:51:00,2+0+平日+4,2,25_0,17,13:23:00,14_2,35,14:02:00,14:04:00,214.0,46.0,0.0,22.0,77.0,False
store_walk_10,2026-09-15,青少年教育センター,kajiso_vio,11:00:00,True,,1+1+平日+3,1,14_1,14,11:18:00,25_0,32,11:56:00,12:06:00,12:51:00,2+0+平日+4,2,25_0,17,13:23:00,14_2,35,14:02:00,14:04:00,184.0,16.0,0.0,22.0,77.0,False
store_walk_10,2026-09-15,青少年教育センター,kajiso_vio,11:30:00,True,,1+1+毎日+4,1,14_1,14,13:22:00,25_0,32,14:03:00,14:13:00,14:58:00,2+0+毎日+5,2,25_0,17,15:48:00,14_2,35,16:16:00,16:18:00,288.0,110.0,0.0,40.0,69.0,False
store_walk_10,2026-09-15,青少年教育センター,kajiso_vio,12:00:00,True,,1+1+毎日+4,1,14_1,14,13:22:00,25_0,32,14:03:00,14:13:00,14:58:00,2+0+毎日+5,2,25_0,17,15:48:00,14_2,35,16:16:00,16:18:00,258.0,80.0,0.0,40.0,69.0,False
store_walk_10,2026-09-15,青少年教育センター,kajiso_vio,12:30:00,True,,1+1+毎日+4,1,14_1,14,13:22:00,25_0,32,14:03:00,14:13:00,14:58:00,2+0+毎日+5,2,25_0,17,15:48:00,14_2,35,16:16:00,16:18:00,228.0,50.0,0.0,40.0,69.0,False
store_walk_10,2026-09-15,青少年教育センター,kajiso_vio,13:00:00,True,,1+1+毎日+4,1,14_1,14,13:22:00,25_0,32,14:03:00,14:13:00,14:58:00,2+0+毎日+5,2,25_0,17,15:48:00,14_2,35,16:16:00,16:18:00,198.0,20.0,0.0,40.0,69.0,False
store_walk_10,2026-09-15,青少年教育センター,kajiso_vio,13:30:00,False,no_return_by_deadline,,,,,,,,,,,,,,,,,,,,,,,,,False
store_walk_10,2026-09-15,青少年教育センター,kajiso_vio,14:00:00,False,no_return_by_deadline,,,,,,,,,,,,,,,,,,,,,,,,,False
store_walk_10,2026-09-15,青少年教育センター,kajiso_vio,14:30:00,False,no_return_by_deadline,,,,,,,,,,,,,,,,,,,,,,,,,False
store_walk_10,2026-09-15,青少年教育センター,kajiso_vio,15:00:00,False,no_return_by_deadline,,,,,,,,,,,,,,,,,,,,,,,,,False
store_walk_10,2026-09-15,青少年教育センター,kajiso_vio,15:30:00,False,no_return_by_deadline,,,,,,,,,,,,,,,,,,,,,,,,,False
store_walk_10,2026-09-15,青少年教育センター,kajiso_vio,16:00:00,False,no_outbound_bus,,,,,,,,,,,,,,,,,,,,,,,,,False
store_walk_10,2026-09-15,陽明中学校口,kajiso_libre,08:00:00,True,,1+1+毎日+2,1,17_1,17,09:46:00,21_1,21,09:50:00,10:00:00,10:45:00,2+0+毎日+3,2,21_2,28,11:47:00,17_2,32,11:51:00,11:53:00,233.0,104.0,0.0,52.0,8.0,False
store_walk_10,2026-09-15,陽明中学校口,kajiso_libre,08:30:00,True,,1+1+毎日+2,1,17_1,17,09:46:00,21_1,21,09:50:00,10:00:00,10:45:00,2+0+毎日+3,2,21_2,28,11:47:00,17_2,32,11:51:00,11:53:00,203.0,74.0,0.0,52.0,8.0,False
store_walk_10,2026-09-15,陽明中学校口,kajiso_libre,09:00:00,True,,1+1+毎日+2,1,17_1,17,09:46:00,21_1,21,09:50:00,10:00:00,10:45:00,2+0+毎日+3,2,21_2,28,11:47:00,17_2,32,11:51:00,11:53:00,173.0,44.0,0.0,52.0,8.0,True
store_walk_10,2026-09-15,陽明中学校口,kajiso_libre,09:30:00,True,,1+1+毎日+2,1,17_1,17,09:46:00,21_1,21,09:50:00,10:00:00,10:45:00,2+0+毎日+3,2,21_2,28,11:47:00,17_2,32,11:51:00,11:53:00,143.0,14.0,0.0,52.0,8.0,True
store_walk_10,2026-09-15,陽明中学校口,kajiso_libre,10:00:00,True,,1+1+平日+3,1,17_1,17,11:24:00,21_1,21,11:28:00,11:38:00,12:23:00,2+0+平日+4,2,21_2,28,13:54:00,17_2,32,13:58:00,14:00:00,240.0,82.0,0.0,81.0,8.0,False
store_walk_10,2026-09-15,陽明中学校口,kajiso_libre,10:30:00,True,,1+1+平日+3,1,17_1,17,11:24:00,21_1,21,11:28:00,11:38:00,12:23:00,2+0+平日+4,2,21_2,28,13:54:00,17_2,32,13:58:00,14:00:00,210.0,52.0,0.0,81.0,8.0,False
store_walk_10,2026-09-15,陽明中学校口,kajiso_libre,11:00:00,True,,1+1+平日+3,1,17_1,17,11:24:00,21_1,21,11:28:00,11:38:00,12:23:00,2+0+平日+4,2,21_2,28,13:54:00,17_2,32,13:58:00,14:00:00,180.0,22.0,0.0,81.0,8.0,True
store_walk_10,2026-09-15,陽明中学校口,kajiso_libre,11:30:00,True,,1+1+毎日+4,1,17_1,17,13:28:00,21_1,21,13:32:00,13:42:00,14:27:00,2+0+毎日+5,2,21_2,28,16:08:00,17_2,32,16:12:00,16:14:00,284.0,116.0,0.0,91.0,8.0,False
store_walk_10,2026-09-15,陽明中学校口,kajiso_libre,12:00:00,True,,1+1+毎日+4,1,17_1,17,13:28:00,21_1,21,13:32:00,13:42:00,14:27:00,2+0+毎日+5,2,21_2,28,16:08:00,17_2,32,16:12:00,16:14:00,254.0,86.0,0.0,91.0,8.0,False
store_walk_10,2026-09-15,陽明中学校口,kajiso_libre,12:30:00,True,,1+1+毎日+4,1,17_1,17,13:28:00,21_1,21,13:32:00,13:42:00,14:27:00,2+0+毎日+5,2,21_2,28,16:08:00,17_2,32,16:12:00,16:14:00,224.0,56.0,0.0,91.0,8.0,False
store_walk_10,2026-09-15,陽明中学校口,kajiso_libre,13:00:00,True,,1+1+毎日+4,1,17_1,17,13:28:00,21_1,21,13:32:00,13:42:00,14:27:00,2+0+毎日+5,2,21_2,28,16:08:00,17_2,32,16:12:00,16:14:00,194.0,26.0,0.0,91.0,8.0,False
store_walk_10,2026-09-15,陽明中学校口,kajiso_libre,13:30:00,False,no_return_by_deadline,,,,,,,,,,,,,,,,,,,,,,,,,False
store_walk_10,2026-09-15,陽明中学校口,kajiso_libre,14:00:00,False,no_return_by_deadline,,,,,,,,,,,,,,,,,,,,,,,,,False
store_walk_10,2026-09-15,陽明中学校口,kajiso_libre,14:30:00,False,no_return_by_deadline,,,,,,,,,,,,,,,,,,,,,,,,,False
store_walk_10,2026-09-15,陽明中学校口,kajiso_libre,15:00:00,False,no_return_by_deadline,,,,,,,,,,,,,,,,,,,,,,,,,False
store_walk_10,2026-09-15,陽明中学校口,kajiso_libre,15:30:00,False,no_return_by_deadline,,,,,,,,,,,,,,,,,,,,,,,,,False
store_walk_10,2026-09-15,陽明中学校口,kajiso_libre,16:00:00,False,no_outbound_bus,,,,,,,,,,,,,,,,,,,,,,,,,False
store_walk_10,2026-09-15,陽明中学校口,kajiso_vio,08:00:00,True,,1+1+毎日+2,1,17_1,17,09:46:00,25_0,32,10:13:00,10:23:00,11:08:00,2+0+平日+4,2,25_0,17,13:23:00,17_2,32,13:58:00,14:00:00,360.0,104.0,0.0,125.0,62.0,False
store_walk_10,2026-09-15,陽明中学校口,kajiso_vio,08:30:00,True,,1+1+毎日+2,1,17_1,17,09:46:00,25_0,32,10:13:00,10:23:00,11:08:00,2+0+平日+4,2,25_0,17,13:23:00,17_2,32,13:58:00,14:00:00,330.0,74.0,0.0,125.0,62.0,False
store_walk_10,2026-09-15,陽明中学校口,kajiso_vio,09:00:00,True,,1+1+毎日+2,1,17_1,17,09:46:00,25_0,32,10:13:00,10:23:00,11:08:00,2+0+平日+4,2,25_0,17,13:23:00,17_2,32,13:58:00,14:00:00,300.0,44.0,0.0,125.0,62.0,False
store_walk_10,2026-09-15,陽明中学校口,kajiso_vio,09:30:00,True,,1+1+毎日+2,1,17_1,17,09:46:00,25_0,32,10:13:00,10:23:00,11:08:00,2+0+平日+4,2,25_0,17,13:23:00,17_2,32,13:58:00,14:00:00,270.0,14.0,0.0,125.0,62.0,False
store_walk_10,2026-09-15,陽明中学校口,kajiso_vio,10:00:00,True,,1+1+平日+3,1,17_1,17,11:24:00,25_0,32,11:56:00,12:06:00,12:51:00,2+0+平日+4,2,25_0,17,13:23:00,17_2,32,13:58:00,14:00:00,240.0,82.0,0.0,22.0,67.0,False
store_walk_10,2026-09-15,陽明中学校口,kajiso_vio,10:30:00,True,,1+1+平日+3,1,17_1,17,11:24:00,25_0,32,11:56:00,12:06:00,12:51:00,2+0+平日+4,2,25_0,17,13:23:00,17_2,32,13:58:00,14:00:00,210.0,52.0,0.0,22.0,67.0,False
store_walk_10,2026-09-15,陽明中学校口,kajiso_vio,11:00:00,True,,1+1+平日+3,1,17_1,17,11:24:00,25_0,32,11:56:00,12:06:00,12:51:00,2+0+平日+4,2,25_0,17,13:23:00,17_2,32,13:58:00,14:00:00,180.0,22.0,0.0,22.0,67.0,True
store_walk_10,2026-09-15,陽明中学校口,kajiso_vio,11:30:00,True,,1+1+毎日+4,1,17_1,17,13:28:00,25_0,32,14:03:00,14:13:00,14:58:00,2+0+毎日+5,2,25_0,17,15:48:00,17_2,32,16:12:00,16:14:00,284.0,116.0,0.0,40.0,59.0,False
store_walk_10,2026-09-15,陽明中学校口,kajiso_vio,12:00:00,True,,1+1+毎日+4,1,17_1,17,13:28:00,25_0,32,14:03:00,14:13:00,14:58:00,2+0+毎日+5,2,25_0,17,15:48:00,17_2,32,16:12:00,16:14:00,254.0,86.0,0.0,40.0,59.0,False
store_walk_10,2026-09-15,陽明中学校口,kajiso_vio,12:30:00,True,,1+1+毎日+4,1,17_1,17,13:28:00,25_0,32,14:03:00,14:13:00,14:58:00,2+0+毎日+5,2,25_0,17,15:48:00,17_2,32,16:12:00,16:14:00,224.0,56.0,0.0,40.0,59.0,False
store_walk_10,2026-09-15,陽明中学校口,kajiso_vio,13:00:00,True,,1+1+毎日+4,1,17_1,17,13:28:00,25_0,32,14:03:00,14:13:00,14:58:00,2+0+毎日+5,2,25_0,17,15:48:00,17_2,32,16:12:00,16:14:00,194.0,26.0,0.0,40.0,59.0,False
store_walk_10,2026-09-15,陽明中学校口,kajiso_vio,13:30:00,False,no_return_by_deadline,,,,,,,,,,,,,,,,,,,,,,,,,False
store_walk_10,2026-09-15,陽明中学校口,kajiso_vio,14:00:00,False,no_return_by_deadline,,,,,,,,,,,,,,,,,,,,,,,,,False
store_walk_10,2026-09-15,陽明中学校口,kajiso_vio,14:30:00,False,no_return_by_deadline,,,,,,,,,,,,,,,,,,,,,,,,,False
store_walk_10,2026-09-15,陽明中学校口,kajiso_vio,15:00:00,False,no_return_by_deadline,,,,,,,,,,,,,,,,,,,,,,,,,False
store_walk_10,2026-09-15,陽明中学校口,kajiso_vio,15:30:00,False,no_return_by_deadline,,,,,,,,,,,,,,,,,,,,,,,,,False
store_walk_10,2026-09-15,陽明中学校口,kajiso_vio,16:00:00,False,no_outbound_bus,,,,,,,,,,,,,,,,,,,,,,,,,False
store_walk_10,2026-09-15,さくら公園,kajiso_libre,08:00:00,True,,1+1+毎日+2,1,19_1,19,09:48:00,21_1,21,09:50:00,10:00:00,10:45:00,2+0+毎日+3,2,21_2,28,11:47:00,19_2,30,11:49:00,11:51:00,231.0,106.0,0.0,52.0,4.0,False
store_walk_10,2026-09-15,さくら公園,kajiso_libre,08:30:00,True,,1+1+毎日+2,1,19_1,19,09:48:00,21_1,21,09:50:00,10:00:00,10:45:00,2+0+毎日+3,2,21_2,28,11:47:00,19_2,30,11:49:00,11:51:00,201.0,76.0,0.0,52.0,4.0,False
store_walk_10,2026-09-15,さくら公園,kajiso_libre,09:00:00,True,,1+1+毎日+2,1,19_1,19,09:48:00,21_1,21,09:50:00,10:00:00,10:45:00,2+0+毎日+3,2,21_2,28,11:47:00,19_2,30,11:49:00,11:51:00,171.0,46.0,0.0,52.0,4.0,True
store_walk_10,2026-09-15,さくら公園,kajiso_libre,09:30:00,True,,1+1+毎日+2,1,19_1,19,09:48:00,21_1,21,09:50:00,10:00:00,10:45:00,2+0+毎日+3,2,21_2,28,11:47:00,19_2,30,11:49:00,11:51:00,141.0,16.0,0.0,52.0,4.0,True
store_walk_10,2026-09-15,さくら公園,kajiso_libre,10:00:00,True,,1+1+平日+3,1,19_1,19,11:26:00,21_1,21,11:28:00,11:38:00,12:23:00,2+0+平日+4,2,21_2,28,13:54:00,19_2,30,13:56:00,13:58:00,238.0,84.0,0.0,81.0,4.0,False
store_walk_10,2026-09-15,さくら公園,kajiso_libre,10:30:00,True,,1+1+平日+3,1,19_1,19,11:26:00,21_1,21,11:28:00,11:38:00,12:23:00,2+0+平日+4,2,21_2,28,13:54:00,19_2,30,13:56:00,13:58:00,208.0,54.0,0.0,81.0,4.0,False
store_walk_10,2026-09-15,さくら公園,kajiso_libre,11:00:00,True,,1+1+平日+3,1,19_1,19,11:26:00,21_1,21,11:28:00,11:38:00,12:23:00,2+0+平日+4,2,21_2,28,13:54:00,19_2,30,13:56:00,13:58:00,178.0,24.0,0.0,81.0,4.0,True
store_walk_10,2026-09-15,さくら公園,kajiso_libre,11:30:00,True,,1+1+毎日+4,1,19_1,19,13:30:00,21_1,21,13:32:00,13:42:00,14:27:00,2+0+毎日+5,2,21_2,28,16:08:00,19_2,30,16:10:00,16:12:00,282.0,118.0,0.0,91.0,4.0,False
store_walk_10,2026-09-15,さくら公園,kajiso_libre,12:00:00,True,,1+1+毎日+4,1,19_1,19,13:30:00,21_1,21,13:32:00,13:42:00,14:27:00,2+0+毎日+5,2,21_2,28,16:08:00,19_2,30,16:10:00,16:12:00,252.0,88.0,0.0,91.0,4.0,False
store_walk_10,2026-09-15,さくら公園,kajiso_libre,12:30:00,True,,1+1+毎日+4,1,19_1,19,13:30:00,21_1,21,13:32:00,13:42:00,14:27:00,2+0+毎日+5,2,21_2,28,16:08:00,19_2,30,16:10:00,16:12:00,222.0,58.0,0.0,91.0,4.0,False
store_walk_10,2026-09-15,さくら公園,kajiso_libre,13:00:00,True,,1+1+毎日+4,1,19_1,19,13:30:00,21_1,21,13:32:00,13:42:00,14:27:00,2+0+毎日+5,2,21_2,28,16:08:00,19_2,30,16:10:00,16:12:00,192.0,28.0,0.0,91.0,4.0,False
store_walk_10,2026-09-15,さくら公園,kajiso_libre,13:30:00,False,no_return_by_deadline,,,,,,,,,,,,,,,,,,,,,,,,,False
store_walk_10,2026-09-15,さくら公園,kajiso_libre,14:00:00,False,no_return_by_deadline,,,,,,,,,,,,,,,,,,,,,,,,,False
store_walk_10,2026-09-15,さくら公園,kajiso_libre,14:30:00,False,no_return_by_deadline,,,,,,,,,,,,,,,,,,,,,,,,,False
store_walk_10,2026-09-15,さくら公園,kajiso_libre,15:00:00,False,no_return_by_deadline,,,,,,,,,,,,,,,,,,,,,,,,,False
store_walk_10,2026-09-15,さくら公園,kajiso_libre,15:30:00,False,no_return_by_deadline,,,,,,,,,,,,,,,,,,,,,,,,,False
store_walk_10,2026-09-15,さくら公園,kajiso_libre,16:00:00,False,no_outbound_bus,,,,,,,,,,,,,,,,,,,,,,,,,False
store_walk_10,2026-09-15,さくら公園,kajiso_vio,08:00:00,True,,1+1+毎日+2,1,19_1,19,09:48:00,25_0,32,10:13:00,10:23:00,11:08:00,2+0+平日+4,2,25_0,17,13:23:00,19_2,30,13:56:00,13:58:00,358.0,106.0,0.0,125.0,58.0,False
store_walk_10,2026-09-15,さくら公園,kajiso_vio,08:30:00,True,,1+1+毎日+2,1,19_1,19,09:48:00,25_0,32,10:13:00,10:23:00,11:08:00,2+0+平日+4,2,25_0,17,13:23:00,19_2,30,13:56:00,13:58:00,328.0,76.0,0.0,125.0,58.0,False
store_walk_10,2026-09-15,さくら公園,kajiso_vio,09:00:00,True,,1+1+毎日+2,1,19_1,19,09:48:00,25_0,32,10:13:00,10:23:00,11:08:00,2+0+平日+4,2,25_0,17,13:23:00,19_2,30,13:56:00,13:58:00,298.0,46.0,0.0,125.0,58.0,False
store_walk_10,2026-09-15,さくら公園,kajiso_vio,09:30:00,True,,1+1+毎日+2,1,19_1,19,09:48:00,25_0,32,10:13:00,10:23:00,11:08:00,2+0+平日+4,2,25_0,17,13:23:00,19_2,30,13:56:00,13:58:00,268.0,16.0,0.0,125.0,58.0,False
store_walk_10,2026-09-15,さくら公園,kajiso_vio,10:00:00,True,,1+1+平日+3,1,19_1,19,11:26:00,25_0,32,11:56:00,12:06:00,12:51:00,2+0+平日+4,2,25_0,17,13:23:00,19_2,30,13:56:00,13:58:00,238.0,84.0,0.0,22.0,63.0,False
store_walk_10,2026-09-15,さくら公園,kajiso_vio,10:30:00,True,,1+1+平日+3,1,19_1,19,11:26:00,25_0,32,11:56:00,12:06:00,12:51:00,2+0+平日+4,2,25_0,17,13:23:00,19_2,30,13:56:00,13:58:00,208.0,54.0,0.0,22.0,63.0,False
store_walk_10,2026-09-15,さくら公園,kajiso_vio,11:00:00,True,,1+1+平日+3,1,19_1,19,11:26:00,25_0,32,11:56:00,12:06:00,12:51:00,2+0+平日+4,2,25_0,17,13:23:00,19_2,30,13:56:00,13:58:00,178.0,24.0,0.0,22.0,63.0,True
store_walk_10,2026-09-15,さくら公園,kajiso_vio,11:30:00,True,,1+1+毎日+4,1,19_1,19,13:30:00,25_0,32,14:03:00,14:13:00,14:58:00,2+0+毎日+5,2,25_0,17,15:48:00,19_2,30,16:10:00,16:12:00,282.0,118.0,0.0,40.0,55.0,False
store_walk_10,2026-09-15,さくら公園,kajiso_vio,12:00:00,True,,1+1+毎日+4,1,19_1,19,13:30:00,25_0,32,14:03:00,14:13:00,14:58:00,2+0+毎日+5,2,25_0,17,15:48:00,19_2,30,16:10:00,16:12:00,252.0,88.0,0.0,40.0,55.0,False
store_walk_10,2026-09-15,さくら公園,kajiso_vio,12:30:00,True,,1+1+毎日+4,1,19_1,19,13:30:00,25_0,32,14:03:00,14:13:00,14:58:00,2+0+毎日+5,2,25_0,17,15:48:00,19_2,30,16:10:00,16:12:00,222.0,58.0,0.0,40.0,55.0,False
store_walk_10,2026-09-15,さくら公園,kajiso_vio,13:00:00,True,,1+1+毎日+4,1,19_1,19,13:30:00,25_0,32,14:03:00,14:13:00,14:58:00,2+0+毎日+5,2,25_0,17,15:48:00,19_2,30,16:10:00,16:12:00,192.0,28.0,0.0,40.0,55.0,False
store_walk_10,2026-09-15,さくら公園,kajiso_vio,13:30:00,False,no_return_by_deadline,,,,,,,,,,,,,,,,,,,,,,,,,False
store_walk_10,2026-09-15,さくら公園,kajiso_vio,14:00:00,False,no_return_by_deadline,,,,,,,,,,,,,,,,,,,,,,,,,False
store_walk_10,2026-09-15,さくら公園,kajiso_vio,14:30:00,False,no_return_by_deadline,,,,,,,,,,,,,,,,,,,,,,,,,False
store_walk_10,2026-09-15,さくら公園,kajiso_vio,15:00:00,False,no_return_by_deadline,,,,,,,,,,,,,,,,,,,,,,,,,False
store_walk_10,2026-09-15,さくら公園,kajiso_vio,15:30:00,False,no_return_by_deadline,,,,,,,,,,,,,,,,,,,,,,,,,False
store_walk_10,2026-09-15,さくら公園,kajiso_vio,16:00:00,False,no_outbound_bus,,,,,,,,,,,,,,,,,,,,,,,,,False
store_walk_10,2026-09-15,わかくさ,kajiso_libre,08:00:00,True,,2+0+平日+1,2,22_2,27,08:15:00,21_2,28,08:16:00,09:30:00,10:15:00,1+1+平日+3,1,21_1,21,11:28:00,22_1,22,11:29:00,11:31:00,211.0,13.0,64.0,63.0,2.0,False
store_walk_10,2026-09-15,わかくさ,kajiso_libre,08:30:00,True,,2+0+平日+2,2,22_2,27,09:57:00,21_2,28,09:58:00,10:08:00,10:53:00,1+1+平日+3,1,21_1,21,11:28:00,22_1,22,11:29:00,11:31:00,181.0,85.0,0.0,25.0,2.0,False
store_walk_10,2026-09-15,わかくさ,kajiso_libre,09:00:00,True,,2+0+平日+2,2,22_2,27,09:57:00,21_2,28,09:58:00,10:08:00,10:53:00,1+1+平日+3,1,21_1,21,11:28:00,22_1,22,11:29:00,11:31:00,151.0,55.0,0.0,25.0,2.0,True
store_walk_10,2026-09-15,わかくさ,kajiso_libre,09:30:00,True,,2+0+平日+2,2,22_2,27,09:57:00,21_2,28,09:58:00,10:08:00,10:53:00,1+1+平日+3,1,21_1,21,11:28:00,22_1,22,11:29:00,11:31:00,121.0,25.0,0.0,25.0,2.0,True
store_walk_10,2026-09-15,わかくさ,kajiso_libre,10:00:00,True,,2+0+毎日+3,2,22_2,27,11:46:00,21_2,28,11:47:00,11:57:00,12:42:00,1+1+毎日+4,1,21_1,21,13:32:00,22_1,22,13:33:00,13:35:00,215.0,104.0,0.0,40.0,2.0,False
store_walk_10,2026-09-15,わかくさ,kajiso_libre,10:30:00,True,,2+0+毎日+3,2,22_2,27,11:46:00,21_2,28,11:47:00,11:57:00,12:42:00,1+1+毎日+4,1,21_1,21,13:32:00,22_1,22,13:33:00,13:35:00,185.0,74.0,0.0,40.0,2.0,False
store_walk_10,2026-09-15,わかくさ,kajiso_libre,11:00:00,True,,2+0+毎日+3,2,22_2,27,11:46:00,21_2,28,11:47:00,11:57:00,12:42:00,1+1+毎日+4,1,21_1,21,13:32:00,22_1,22,13:33:00,13:35:00,155.0,44.0,0.0,40.0,2.0,True
store_walk_10,2026-09-15,わかくさ,kajiso_libre,11:30:00,True,,2+0+毎日+3,2,22_2,27,11:46:00,21_2,28,11:47:00,11:57:00,12:42:00,1+1+毎日+4,1,21_1,21,13:32:00,22_1,22,13:33:00,13:35:00,125.0,14.0,0.0,40.0,2.0,True
store_walk_10,2026-09-15,わかくさ,kajiso_libre,12:00:00,True,,2+0+平日+4,2,22_2,27,13:53:00,21_2,28,13:54:00,14:04:00,14:49:00,1+1+平日+5,1,21_1,21,16:02:00,22_1,22,16:03:00,16:05:00,245.0,111.0,0.0,63.0,2.0,False
store_walk_10,2026-09-15,わかくさ,kajiso_libre,12:30:00,True,,2+0+平日+4,2,22_2,27,13:53:00,21_2,28,13:54:00,14:04:00,14:49:00,1+1+平日+5,1,21_1,21,16:02:00,22_1,22,16:03:00,16:05:00,215.0,81.0,0.0,63.0,2.0,False
store_walk_10,2026-09-15,わかくさ,kajiso_libre,13:00:00,True,,2+0+平日+4,2,22_2,27,13:53:00,21_2,28,13:54:00,14:04:00,14:49:00,1+1+平日+5,1,21_1,21,16:02:00,22_1,22,16:03:00,16:05:00,185.0,51.0,0.0,63.0,2.0,False
store_walk_10,2026-09-15,わかくさ,kajiso_libre,13:30:00,True,,2+0+平日+4,2,22_2,27,13:53:00,21_2,28,13:54:00,14:04:00,14:49:00,1+1+平日+5,1,21_1,21,16:02:00,22_1,22,16:03:00,16:05:00,155.0,21.0,0.0,63.0,2.0,True
store_walk_10,2026-09-15,わかくさ,kajiso_libre,14:00:00,False,no_return_by_deadline,,,,,,,,,,,,,,,,,,,,,,,,,False
store_walk_10,2026-09-15,わかくさ,kajiso_libre,14:30:00,False,no_return_by_deadline,,,,,,,,,,,,,,,,,,,,,,,,,False
store_walk_10,2026-09-15,わかくさ,kajiso_libre,15:00:00,False,no_return_by_deadline,,,,,,,,,,,,,,,,,,,,,,,,,False
store_walk_10,2026-09-15,わかくさ,kajiso_libre,15:30:00,False,no_return_by_deadline,,,,,,,,,,,,,,,,,,,,,,,,,False
store_walk_10,2026-09-15,わかくさ,kajiso_libre,16:00:00,False,no_return_by_deadline,,,,,,,,,,,,,,,,,,,,,,,,,False
store_walk_10,2026-09-15,わかくさ,kajiso_vio,08:00:00,True,,1+1+毎日+2,1,22_1,22,09:51:00,25_0,32,10:13:00,10:23:00,11:08:00,2+0+平日+4,2,25_0,17,13:23:00,22_2,27,13:53:00,13:55:00,355.0,109.0,0.0,125.0,52.0,False
store_walk_10,2026-09-15,わかくさ,kajiso_vio,08:30:00,True,,1+1+毎日+2,1,22_1,22,09:51:00,25_0,32,10:13:00,10:23:00,11:08:00,2+0+平日+4,2,25_0,17,13:23:00,22_2,27,13:53:00,13:55:00,325.0,79.0,0.0,125.0,52.0,False
store_walk_10,2026-09-15,わかくさ,kajiso_vio,09:00:00,True,,1+1+毎日+2,1,22_1,22,09:51:00,25_0,32,10:13:00,10:23:00,11:08:00,2+0+平日+4,2,25_0,17,13:23:00,22_2,27,13:53:00,13:55:00,295.0,49.0,0.0,125.0,52.0,False
store_walk_10,2026-09-15,わかくさ,kajiso_vio,09:30:00,True,,1+1+毎日+2,1,22_1,22,09:51:00,25_0,32,10:13:00,10:23:00,11:08:00,2+0+平日+4,2,25_0,17,13:23:00,22_2,27,13:53:00,13:55:00,265.0,19.0,0.0,125.0,52.0,False
store_walk_10,2026-09-15,わかくさ,kajiso_vio,10:00:00,True,,1+1+平日+3,1,22_1,22,11:29:00,25_0,32,11:56:00,12:06:00,12:51:00,2+0+平日+4,2,25_0,17,13:23:00,22_2,27,13:53:00,13:55:00,235.0,87.0,0.0,22.0,57.0,False
store_walk_10,2026-09-15,わかくさ,kajiso_vio,10:30:00,True,,1+1+平日+3,1,22_1,22,11:29:00,25_0,32,11:56:00,12:06:00,12:51:00,2+0+平日+4,2,25_0,17,13:23:00,22_2,27,13:53:00,13:55:00,205.0,57.0,0.0,22.0,57.0,False
store_walk_10,2026-09-15,わかくさ,kajiso_vio,11:00:00,True,,1+1+平日+3,1,22_1,22,11:29:00,25_0,32,11:56:00,12:06:00,12:51:00,2+0+平日+4,2,25_0,17,13:23:00,22_2,27,13:53:00,13:55:00,175.0,27.0,0.0,22.0,57.0,True
store_walk_10,2026-09-15,わかくさ,kajiso_vio,11:30:00,True,,1+1+毎日+4,1,22_1,22,13:33:00,25_0,32,14:03:00,14:13:00,14:58:00,2+0+毎日+5,2,25_0,17,15:48:00,22_2,27,16:07:00,16:09:00,279.0,121.0,0.0,40.0,49.0,False
store_walk_10,2026-09-15,わかくさ,kajiso_vio,12:00:00,True,,1+1+毎日+4,1,22_1,22,13:33:00,25_0,32,14:03:00,14:13:00,14:58:00,2+0+毎日+5,2,25_0,17,15:48:00,22_2,27,16:07:00,16:09:00,249.0,91.0,0.0,40.0,49.0,False
store_walk_10,2026-09-15,わかくさ,kajiso_vio,12:30:00,True,,1+1+毎日+4,1,22_1,22,13:33:00,25_0,32,14:03:00,14:13:00,14:58:00,2+0+毎日+5,2,25_0,17,15:48:00,22_2,27,16:07:00,16:09:00,219.0,61.0,0.0,40.0,49.0,False
store_walk_10,2026-09-15,わかくさ,kajiso_vio,13:00:00,True,,1+1+毎日+4,1,22_1,22,13:33:00,25_0,32,14:03:00,14:13:00,14:58:00,2+0+毎日+5,2,25_0,17,15:48:00,22_2,27,16:07:00,16:09:00,189.0,31.0,0.0,40.0,49.0,False
store_walk_10,2026-09-15,わかくさ,kajiso_vio,13:30:00,False,no_return_by_deadline,,,,,,,,,,,,,,,,,,,,,,,,,False
store_walk_10,2026-09-15,わかくさ,kajiso_vio,14:00:00,False,no_return_by_deadline,,,,,,,,,,,,,,,,,,,,,,,,,False
store_walk_10,2026-09-15,わかくさ,kajiso_vio,14:30:00,False,no_return_by_deadline,,,,,,,,,,,,,,,,,,,,,,,,,False
store_walk_10,2026-09-15,わかくさ,kajiso_vio,15:00:00,False,no_return_by_deadline,,,,,,,,,,,,,,,,,,,,,,,,,False
store_walk_10,2026-09-15,わかくさ,kajiso_vio,15:30:00,False,no_return_by_deadline,,,,,,,,,,,,,,,,,,,,,,,,,False
store_walk_10,2026-09-15,わかくさ,kajiso_vio,16:00:00,False,no_outbound_bus,,,,,,,,,,,,,,,,,,,,,,,,,False
store_walk_10,2026-09-15,篠座,kajiso_libre,08:00:00,True,,2+0+平日+2,2,29_2,13,09:31:00,21_2,28,09:58:00,10:08:00,10:53:00,1+1+平日+3,1,21_1,21,11:28:00,29_1,36,12:04:00,12:06:00,246.0,89.0,0.0,25.0,63.0,False
store_walk_10,2026-09-15,篠座,kajiso_libre,08:30:00,True,,2+0+平日+2,2,29_2,13,09:31:00,21_2,28,09:58:00,10:08:00,10:53:00,1+1+平日+3,1,21_1,21,11:28:00,29_1,36,12:04:00,12:06:00,216.0,59.0,0.0,25.0,63.0,False
store_walk_10,2026-09-15,篠座,kajiso_libre,09:00:00,True,,2+0+平日+2,2,29_2,13,09:31:00,21_2,28,09:58:00,10:08:00,10:53:00,1+1+平日+3,1,21_1,21,11:28:00,29_1,36,12:04:00,12:06:00,186.0,29.0,0.0,25.0,63.0,False
store_walk_10,2026-09-15,篠座,kajiso_libre,09:30:00,True,,2+0+毎日+3,2,29_2,13,11:12:00,21_2,28,11:47:00,11:57:00,12:42:00,1+1+毎日+4,1,21_1,21,13:32:00,29_1,36,14:11:00,14:13:00,283.0,100.0,0.0,40.0,74.0,False
store_walk_10,2026-09-15,篠座,kajiso_libre,10:00:00,True,,2+0+毎日+3,2,29_2,13,11:12:00,21_2,28,11:47:00,11:57:00,12:42:00,1+1+毎日+4,1,21_1,21,13:32:00,29_1,36,14:11:00,14:13:00,253.0,70.0,0.0,40.0,74.0,False
store_walk_10,2026-09-15,篠座,kajiso_libre,10:30:00,True,,2+0+毎日+3,2,29_2,13,11:12:00,21_2,28,11:47:00,11:57:00,12:42:00,1+1+毎日+4,1,21_1,21,13:32:00,29_1,36,14:11:00,14:13:00,223.0,40.0,0.0,40.0,74.0,False
store_walk_10,2026-09-15,篠座,kajiso_libre,11:00:00,True,,2+0+毎日+3,2,29_2,13,11:12:00,21_2,28,11:47:00,11:57:00,12:42:00,1+1+毎日+4,1,21_1,21,13:32:00,29_1,36,14:11:00,14:13:00,193.0,10.0,0.0,40.0,74.0,False
store_walk_10,2026-09-15,篠座,kajiso_libre,11:30:00,True,,2+0+平日+4,2,29_2,13,13:16:00,21_2,28,13:54:00,14:04:00,14:49:00,1+1+平日+5,1,21_1,21,16:02:00,29_1,36,16:30:00,16:32:00,302.0,104.0,0.0,63.0,66.0,False
store_walk_10,2026-09-15,篠座,kajiso_libre,12:00:00,True,,2+0+平日+4,2,29_2,13,13:16:00,21_2,28,13:54:00,14:04:00,14:49:00,1+1+平日+5,1,21_1,21,16:02:00,29_1,36,16:30:00,16:32:00,272.0,74.0,0.0,63.0,66.0,False
store_walk_10,2026-09-15,篠座,kajiso_libre,12:30:00,True,,2+0+平日+4,2,29_2,13,13:16:00,21_2,28,13:54:00,14:04:00,14:49:00,1+1+平日+5,1,21_1,21,16:02:00,29_1,36,16:30:00,16:32:00,242.0,44.0,0.0,63.0,66.0,False
store_walk_10,2026-09-15,篠座,kajiso_libre,13:00:00,True,,2+0+平日+4,2,29_2,13,13:16:00,21_2,28,13:54:00,14:04:00,14:49:00,1+1+平日+5,1,21_1,21,16:02:00,29_1,36,16:30:00,16:32:00,212.0,14.0,0.0,63.0,66.0,False
store_walk_10,2026-09-15,篠座,kajiso_libre,13:30:00,False,no_return_by_deadline,,,,,,,,,,,,,,,,,,,,,,,,,False
store_walk_10,2026-09-15,篠座,kajiso_libre,14:00:00,False,no_return_by_deadline,,,,,,,,,,,,,,,,,,,,,,,,,False
store_walk_10,2026-09-15,篠座,kajiso_libre,14:30:00,False,no_return_by_deadline,,,,,,,,,,,,,,,,,,,,,,,,,False
store_walk_10,2026-09-15,篠座,kajiso_libre,15:00:00,False,no_return_by_deadline,,,,,,,,,,,,,,,,,,,,,,,,,False
store_walk_10,2026-09-15,篠座,kajiso_libre,15:30:00,False,no_return_by_deadline,,,,,,,,,,,,,,,,,,,,,,,,,False
store_walk_10,2026-09-15,篠座,kajiso_libre,16:00:00,False,no_outbound_bus,,,,,,,,,,,,,,,,,,,,,,,,,False
store_walk_10,2026-09-15,篠座,kajiso_vio,08:00:00,True,,2+0+平日+2,2,29_2,13,09:31:00,25_0,17,09:38:00,09:48:00,10:33:00,1+1+平日+3,1,25_0,32,11:56:00,29_1,36,12:04:00,12:06:00,246.0,89.0,0.0,73.0,15.0,False
store_walk_10,2026-09-15,篠座,kajiso_vio,08:30:00,True,,2+0+平日+2,2,29_2,13,09:31:00,25_0,17,09:38:00,09:48:00,10:33:00,1+1+平日+3,1,25_0,32,11:56:00,29_1,36,12:04:00,12:06:00,216.0,59.0,0.0,73.0,15.0,False
store_walk_10,2026-09-15,篠座,kajiso_vio,09:00:00,True,,2+0+平日+2,2,29_2,13,09:31:00,25_0,17,09:38:00,09:48:00,10:33:00,1+1+平日+3,1,25_0,32,11:56:00,29_1,36,12:04:00,12:06:00,186.0,29.0,0.0,73.0,15.0,False
store_walk_10,2026-09-15,篠座,kajiso_vio,09:30:00,True,,2+0+毎日+3,2,29_2,13,11:12:00,25_0,17,11:19:00,11:29:00,12:14:00,1+1+毎日+4,1,25_0,32,14:03:00,29_1,36,14:11:00,14:13:00,283.0,100.0,0.0,99.0,15.0,False
store_walk_10,2026-09-15,篠座,kajiso_vio,10:00:00,True,,2+0+毎日+3,2,29_2,13,11:12:00,25_0,17,11:19:00,11:29:00,12:14:00,1+1+毎日+4,1,25_0,32,14:03:00,29_1,36,14:11:00,14:13:00,253.0,70.0,0.0,99.0,15.0,False
store_walk_10,2026-09-15,篠座,kajiso_vio,10:30:00,True,,2+0+毎日+3,2,29_2,13,11:12:00,25_0,17,11:19:00,11:29:00,12:14:00,1+1+毎日+4,1,25_0,32,14:03:00,29_1,36,14:11:00,14:13:00,223.0,40.0,0.0,99.0,15.0,False
store_walk_10,2026-09-15,篠座,kajiso_vio,11:00:00,True,,2+0+毎日+3,2,29_2,13,11:12:00,25_0,17,11:19:00,11:29:00,12:14:00,1+1+毎日+4,1,25_0,32,14:03:00,29_1,36,14:11:00,14:13:00,193.0,10.0,0.0,99.0,15.0,False
store_walk_10,2026-09-15,篠座,kajiso_vio,11:30:00,True,,2+0+平日+4,2,29_2,13,13:16:00,25_0,17,13:23:00,13:33:00,14:18:00,1+1+平日+5,1,25_0,32,16:22:00,29_1,36,16:30:00,16:32:00,302.0,104.0,0.0,114.0,15.0,False
store_walk_10,2026-09-15,篠座,kajiso_vio,12:00:00,True,,2+0+平日+4,2,29_2,13,13:16:00,25_0,17,13:23:00,13:33:00,14:18:00,1+1+平日+5,1,25_0,32,16:22:00,29_1,36,16:30:00,16:32:00,272.0,74.0,0.0,114.0,15.0,False
store_walk_10,2026-09-15,篠座,kajiso_vio,12:30:00,True,,2+0+平日+4,2,29_2,13,13:16:00,25_0,17,13:23:00,13:33:00,14:18:00,1+1+平日+5,1,25_0,32,16:22:00,29_1,36,16:30:00,16:32:00,242.0,44.0,0.0,114.0,15.0,False
store_walk_10,2026-09-15,篠座,kajiso_vio,13:00:00,True,,2+0+平日+4,2,29_2,13,13:16:00,25_0,17,13:23:00,13:33:00,14:18:00,1+1+平日+5,1,25_0,32,16:22:00,29_1,36,16:30:00,16:32:00,212.0,14.0,0.0,114.0,15.0,False
store_walk_10,2026-09-15,篠座,kajiso_vio,13:30:00,False,no_return_by_deadline,,,,,,,,,,,,,,,,,,,,,,,,,False
store_walk_10,2026-09-15,篠座,kajiso_vio,14:00:00,False,no_return_by_deadline,,,,,,,,,,,,,,,,,,,,,,,,,False
store_walk_10,2026-09-15,篠座,kajiso_vio,14:30:00,False,no_return_by_deadline,,,,,,,,,,,,,,,,,,,,,,,,,False
store_walk_10,2026-09-15,篠座,kajiso_vio,15:00:00,False,no_return_by_deadline,,,,,,,,,,,,,,,,,,,,,,,,,False
store_walk_10,2026-09-15,篠座,kajiso_vio,15:30:00,False,no_return_by_deadline,,,,,,,,,,,,,,,,,,,,,,,,,False
store_walk_10,2026-09-15,篠座,kajiso_vio,16:00:00,False,no_outbound_bus,,,,,,,,,,,,,,,,,,,,,,,,,False
store_walk_10,2026-09-15,いなほこども園,kajiso_libre,08:00:00,True,,2+0+平日+2,2,33_2,9,09:27:00,21_2,28,09:58:00,10:08:00,10:53:00,1+1+平日+3,1,21_1,21,11:28:00,33_1,40,12:08:00,12:10:00,250.0,85.0,0.0,25.0,71.0,False
store_walk_10,2026-09-15,いなほこども園,kajiso_libre,08:30:00,True,,2+0+平日+2,2,33_2,9,09:27:00,21_2,28,09:58:00,10:08:00,10:53:00,1+1+平日+3,1,21_1,21,11:28:00,33_1,40,12:08:00,12:10:00,220.0,55.0,0.0,25.0,71.0,False
store_walk_10,2026-09-15,いなほこども園,kajiso_libre,09:00:00,True,,2+0+平日+2,2,33_2,9,09:27:00,21_2,28,09:58:00,10:08:00,10:53:00,1+1+平日+3,1,21_1,21,11:28:00,33_1,40,12:08:00,12:10:00,190.0,25.0,0.0,25.0,71.0,False
store_walk_10,2026-09-15,いなほこども園,kajiso_libre,09:30:00,True,,2+0+毎日+3,2,33_2,9,11:08:00,21_2,28,11:47:00,11:57:00,12:42:00,1+1+毎日+4,1,21_1,21,13:32:00,33_1,40,14:15:00,14:17:00,287.0,96.0,0.0,40.0,82.0,False
store_walk_10,2026-09-15,いなほこども園,kajiso_libre,10:00:00,True,,2+0+毎日+3,2,33_2,9,11:08:00,21_2,28,11:47:00,11:57:00,12:42:00,1+1+毎日+4,1,21_1,21,13:32:00,33_1,40,14:15:00,14:17:00,257.0,66.0,0.0,40.0,82.0,False
store_walk_10,2026-09-15,いなほこども園,kajiso_libre,10:30:00,True,,2+0+毎日+3,2,33_2,9,11:08:00,21_2,28,11:47:00,11:57:00,12:42:00,1+1+毎日+4,1,21_1,21,13:32:00,33_1,40,14:15:00,14:17:00,227.0,36.0,0.0,40.0,82.0,False
store_walk_10,2026-09-15,いなほこども園,kajiso_libre,11:00:00,True,,2+0+毎日+3,2,33_2,9,11:08:00,21_2,28,11:47:00,11:57:00,12:42:00,1+1+毎日+4,1,21_1,21,13:32:00,33_1,40,14:15:00,14:17:00,197.0,6.0,0.0,40.0,82.0,False
store_walk_10,2026-09-15,いなほこども園,kajiso_libre,11:30:00,True,,2+0+平日+4,2,33_2,9,13:12:00,21_2,28,13:54:00,14:04:00,14:49:00,1+1+平日+5,1,21_1,21,16:02:00,33_1,40,16:34:00,16:36:00,306.0,100.0,0.0,63.0,74.0,False
store_walk_10,2026-09-15,いなほこども園,kajiso_libre,12:00:00,True,,2+0+平日+4,2,33_2,9,13:12:00,21_2,28,13:54:00,14:04:00,14:49:00,1+1+平日+5,1,21_1,21,16:02:00,33_1,40,16:34:00,16:36:00,276.0,70.0,0.0,63.0,74.0,False
store_walk_10,2026-09-15,いなほこども園,kajiso_libre,12:30:00,True,,2+0+平日+4,2,33_2,9,13:12:00,21_2,28,13:54:00,14:04:00,14:49:00,1+1+平日+5,1,21_1,21,16:02:00,33_1,40,16:34:00,16:36:00,246.0,40.0,0.0,63.0,74.0,False
store_walk_10,2026-09-15,いなほこども園,kajiso_libre,13:00:00,True,,2+0+平日+4,2,33_2,9,13:12:00,21_2,28,13:54:00,14:04:00,14:49:00,1+1+平日+5,1,21_1,21,16:02:00,33_1,40,16:34:00,16:36:00,216.0,10.0,0.0,63.0,74.0,False
store_walk_10,2026-09-15,いなほこども園,kajiso_libre,13:30:00,False,no_return_by_deadline,,,,,,,,,,,,,,,,,,,,,,,,,False
store_walk_10,2026-09-15,いなほこども園,kajiso_libre,14:00:00,False,no_return_by_deadline,,,,,,,,,,,,,,,,,,,,,,,,,False
store_walk_10,2026-09-15,いなほこども園,kajiso_libre,14:30:00,False,no_return_by_deadline,,,,,,,,,,,,,,,,,,,,,,,,,False
store_walk_10,2026-09-15,いなほこども園,kajiso_libre,15:00:00,False,no_return_by_deadline,,,,,,,,,,,,,,,,,,,,,,,,,False
store_walk_10,2026-09-15,いなほこども園,kajiso_libre,15:30:00,False,no_return_by_deadline,,,,,,,,,,,,,,,,,,,,,,,,,False
store_walk_10,2026-09-15,いなほこども園,kajiso_libre,16:00:00,False,no_outbound_bus,,,,,,,,,,,,,,,,,,,,,,,,,False
store_walk_10,2026-09-15,いなほこども園,kajiso_vio,08:00:00,True,,2+0+平日+2,2,33_2,9,09:27:00,25_0,17,09:38:00,09:48:00,10:33:00,1+1+平日+3,1,25_0,32,11:56:00,33_1,40,12:08:00,12:10:00,250.0,85.0,0.0,73.0,23.0,False
store_walk_10,2026-09-15,いなほこども園,kajiso_vio,08:30:00,True,,2+0+平日+2,2,33_2,9,09:27:00,25_0,17,09:38:00,09:48:00,10:33:00,1+1+平日+3,1,25_0,32,11:56:00,33_1,40,12:08:00,12:10:00,220.0,55.0,0.0,73.0,23.0,False
store_walk_10,2026-09-15,いなほこども園,kajiso_vio,09:00:00,True,,2+0+平日+2,2,33_2,9,09:27:00,25_0,17,09:38:00,09:48:00,10:33:00,1+1+平日+3,1,25_0,32,11:56:00,33_1,40,12:08:00,12:10:00,190.0,25.0,0.0,73.0,23.0,False
store_walk_10,2026-09-15,いなほこども園,kajiso_vio,09:30:00,True,,2+0+毎日+3,2,33_2,9,11:08:00,25_0,17,11:19:00,11:29:00,12:14:00,1+1+毎日+4,1,25_0,32,14:03:00,33_1,40,14:15:00,14:17:00,287.0,96.0,0.0,99.0,23.0,False
store_walk_10,2026-09-15,いなほこども園,kajiso_vio,10:00:00,True,,2+0+毎日+3,2,33_2,9,11:08:00,25_0,17,11:19:00,11:29:00,12:14:00,1+1+毎日+4,1,25_0,32,14:03:00,33_1,40,14:15:00,14:17:00,257.0,66.0,0.0,99.0,23.0,False
store_walk_10,2026-09-15,いなほこども園,kajiso_vio,10:30:00,True,,2+0+毎日+3,2,33_2,9,11:08:00,25_0,17,11:19:00,11:29:00,12:14:00,1+1+毎日+4,1,25_0,32,14:03:00,33_1,40,14:15:00,14:17:00,227.0,36.0,0.0,99.0,23.0,False
store_walk_10,2026-09-15,いなほこども園,kajiso_vio,11:00:00,True,,2+0+毎日+3,2,33_2,9,11:08:00,25_0,17,11:19:00,11:29:00,12:14:00,1+1+毎日+4,1,25_0,32,14:03:00,33_1,40,14:15:00,14:17:00,197.0,6.0,0.0,99.0,23.0,False
store_walk_10,2026-09-15,いなほこども園,kajiso_vio,11:30:00,True,,2+0+平日+4,2,33_2,9,13:12:00,25_0,17,13:23:00,13:33:00,14:18:00,1+1+平日+5,1,25_0,32,16:22:00,33_1,40,16:34:00,16:36:00,306.0,100.0,0.0,114.0,23.0,False
store_walk_10,2026-09-15,いなほこども園,kajiso_vio,12:00:00,True,,2+0+平日+4,2,33_2,9,13:12:00,25_0,17,13:23:00,13:33:00,14:18:00,1+1+平日+5,1,25_0,32,16:22:00,33_1,40,16:34:00,16:36:00,276.0,70.0,0.0,114.0,23.0,False
store_walk_10,2026-09-15,いなほこども園,kajiso_vio,12:30:00,True,,2+0+平日+4,2,33_2,9,13:12:00,25_0,17,13:23:00,13:33:00,14:18:00,1+1+平日+5,1,25_0,32,16:22:00,33_1,40,16:34:00,16:36:00,246.0,40.0,0.0,114.0,23.0,False
store_walk_10,2026-09-15,いなほこども園,kajiso_vio,13:00:00,True,,2+0+平日+4,2,33_2,9,13:12:00,25_0,17,13:23:00,13:33:00,14:18:00,1+1+平日+5,1,25_0,32,16:22:00,33_1,40,16:34:00,16:36:00,216.0,10.0,0.0,114.0,23.0,False
store_walk_10,2026-09-15,いなほこども園,kajiso_vio,13:30:00,False,no_return_by_deadline,,,,,,,,,,,,,,,,,,,,,,,,,False
store_walk_10,2026-09-15,いなほこども園,kajiso_vio,14:00:00,False,no_return_by_deadline,,,,,,,,,,,,,,,,,,,,,,,,,False
store_walk_10,2026-09-15,いなほこども園,kajiso_vio,14:30:00,False,no_return_by_deadline,,,,,,,,,,,,,,,,,,,,,,,,,False
store_walk_10,2026-09-15,いなほこども園,kajiso_vio,15:00:00,False,no_return_by_deadline,,,,,,,,,,,,,,,,,,,,,,,,,False
store_walk_10,2026-09-15,いなほこども園,kajiso_vio,15:30:00,False,no_return_by_deadline,,,,,,,,,,,,,,,,,,,,,,,,,False
store_walk_10,2026-09-15,いなほこども園,kajiso_vio,16:00:00,False,no_outbound_bus,,,,,,,,,,,,,,,,,,,,,,,,,False
store_walk_10,2026-09-15,童子丸郵便局口,kajiso_libre,08:00:00,True,,2+0+平日+2,2,39_2,3,09:18:00,21_2,28,09:58:00,10:08:00,10:53:00,1+1+平日+3,1,21_1,21,11:28:00,39_1,46,12:16:00,12:18:00,258.0,76.0,0.0,25.0,88.0,False
store_walk_10,2026-09-15,童子丸郵便局口,kajiso_libre,08:30:00,True,,2+0+平日+2,2,39_2,3,09:18:00,21_2,28,09:58:00,10:08:00,10:53:00,1+1+平日+3,1,21_1,21,11:28:00,39_1,46,12:16:00,12:18:00,228.0,46.0,0.0,25.0,88.0,False
store_walk_10,2026-09-15,童子丸郵便局口,kajiso_libre,09:00:00,True,,2+0+平日+2,2,39_2,3,09:18:00,21_2,28,09:58:00,10:08:00,10:53:00,1+1+平日+3,1,21_1,21,11:28:00,39_1,46,12:16:00,12:18:00,198.0,16.0,0.0,25.0,88.0,False
store_walk_10,2026-09-15,童子丸郵便局口,kajiso_libre,09:30:00,True,,2+0+毎日+3,2,39_2,3,10:59:00,21_2,28,11:47:00,11:57:00,12:42:00,1+1+毎日+4,1,21_1,21,13:32:00,39_1,46,14:23:00,14:25:00,295.0,87.0,0.0,40.0,99.0,False
store_walk_10,2026-09-15,童子丸郵便局口,kajiso_libre,10:00:00,True,,2+0+毎日+3,2,39_2,3,10:59:00,21_2,28,11:47:00,11:57:00,12:42:00,1+1+毎日+4,1,21_1,21,13:32:00,39_1,46,14:23:00,14:25:00,265.0,57.0,0.0,40.0,99.0,False
store_walk_10,2026-09-15,童子丸郵便局口,kajiso_libre,10:30:00,True,,2+0+毎日+3,2,39_2,3,10:59:00,21_2,28,11:47:00,11:57:00,12:42:00,1+1+毎日+4,1,21_1,21,13:32:00,39_1,46,14:23:00,14:25:00,235.0,27.0,0.0,40.0,99.0,False
store_walk_10,2026-09-15,童子丸郵便局口,kajiso_libre,11:00:00,True,,2+0+平日+4,2,39_2,3,13:03:00,21_2,28,13:54:00,14:04:00,14:49:00,1+1+平日+5,1,21_1,21,16:02:00,39_1,46,16:42:00,16:44:00,344.0,121.0,0.0,63.0,91.0,False
store_walk_10,2026-09-15,童子丸郵便局口,kajiso_libre,11:30:00,True,,2+0+平日+4,2,39_2,3,13:03:00,21_2,28,13:54:00,14:04:00,14:49:00,1+1+平日+5,1,21_1,21,16:02:00,39_1,46,16:42:00,16:44:00,314.0,91.0,0.0,63.0,91.0,False
store_walk_10,2026-09-15,童子丸郵便局口,kajiso_libre,12:00:00,True,,2+0+平日+4,2,39_2,3,13:03:00,21_2,28,13:54:00,14:04:00,14:49:00,1+1+平日+5,1,21_1,21,16:02:00,39_1,46,16:42:00,16:44:00,284.0,61.0,0.0,63.0,91.0,False
store_walk_10,2026-09-15,童子丸郵便局口,kajiso_libre,12:30:00,True,,2+0+平日+4,2,39_2,3,13:03:00,21_2,28,13:54:00,14:04:00,14:49:00,1+1+平日+5,1,21_1,21,16:02:00,39_1,46,16:42:00,16:44:00,254.0,31.0,0.0,63.0,91.0,False
store_walk_10,2026-09-15,童子丸郵便局口,kajiso_libre,13:00:00,False,no_return_by_deadline,,,,,,,,,,,,,,,,,,,,,,,,,False
store_walk_10,2026-09-15,童子丸郵便局口,kajiso_libre,13:30:00,False,no_return_by_deadline,,,,,,,,,,,,,,,,,,,,,,,,,False
store_walk_10,2026-09-15,童子丸郵便局口,kajiso_libre,14:00:00,False,no_return_by_deadline,,,,,,,,,,,,,,,,,,,,,,,,,False
store_walk_10,2026-09-15,童子丸郵便局口,kajiso_libre,14:30:00,False,no_return_by_deadline,,,,,,,,,,,,,,,,,,,,,,,,,False
store_walk_10,2026-09-15,童子丸郵便局口,kajiso_libre,15:00:00,False,no_return_by_deadline,,,,,,,,,,,,,,,,,,,,,,,,,False
store_walk_10,2026-09-15,童子丸郵便局口,kajiso_libre,15:30:00,False,no_outbound_bus,,,,,,,,,,,,,,,,,,,,,,,,,False
store_walk_10,2026-09-15,童子丸郵便局口,kajiso_libre,16:00:00,False,no_outbound_bus,,,,,,,,,,,,,,,,,,,,,,,,,False
store_walk_10,2026-09-15,童子丸郵便局口,kajiso_vio,08:00:00,True,,2+0+平日+2,2,39_2,3,09:18:00,25_0,17,09:38:00,09:48:00,10:33:00,1+1+平日+3,1,25_0,32,11:56:00,39_1,46,12:16:00,12:18:00,258.0,76.0,0.0,73.0,40.0,False
store_walk_10,2026-09-15,童子丸郵便局口,kajiso_vio,08:30:00,True,,2+0+平日+2,2,39_2,3,09:18:00,25_0,17,09:38:00,09:48:00,10:33:00,1+1+平日+3,1,25_0,32,11:56:00,39_1,46,12:16:00,12:18:00,228.0,46.0,0.0,73.0,40.0,False
store_walk_10,2026-09-15,童子丸郵便局口,kajiso_vio,09:00:00,True,,2+0+平日+2,2,39_2,3,09:18:00,25_0,17,09:38:00,09:48:00,10:33:00,1+1+平日+3,1,25_0,32,11:56:00,39_1,46,12:16:00,12:18:00,198.0,16.0,0.0,73.0,40.0,False
store_walk_10,2026-09-15,童子丸郵便局口,kajiso_vio,09:30:00,True,,2+0+毎日+3,2,39_2,3,10:59:00,25_0,17,11:19:00,11:29:00,12:14:00,1+1+毎日+4,1,25_0,32,14:03:00,39_1,46,14:23:00,14:25:00,295.0,87.0,0.0,99.0,40.0,False
store_walk_10,2026-09-15,童子丸郵便局口,kajiso_vio,10:00:00,True,,2+0+毎日+3,2,39_2,3,10:59:00,25_0,17,11:19:00,11:29:00,12:14:00,1+1+毎日+4,1,25_0,32,14:03:00,39_1,46,14:23:00,14:25:00,265.0,57.0,0.0,99.0,40.0,False
store_walk_10,2026-09-15,童子丸郵便局口,kajiso_vio,10:30:00,True,,2+0+毎日+3,2,39_2,3,10:59:00,25_0,17,11:19:00,11:29:00,12:14:00,1+1+毎日+4,1,25_0,32,14:03:00,39_1,46,14:23:00,14:25:00,235.0,27.0,0.0,99.0,40.0,False
store_walk_10,2026-09-15,童子丸郵便局口,kajiso_vio,11:00:00,True,,2+0+平日+4,2,39_2,3,13:03:00,25_0,17,13:23:00,13:33:00,14:18:00,1+1+平日+5,1,25_0,32,16:22:00,39_1,46,16:42:00,16:44:00,344.0,121.0,0.0,114.0,40.0,False
store_walk_10,2026-09-15,童子丸郵便局口,kajiso_vio,11:30:00,True,,2+0+平日+4,2,39_2,3,13:03:00,25_0,17,13:23:00,13:33:00,14:18:00,1+1+平日+5,1,25_0,32,16:22:00,39_1,46,16:42:00,16:44:00,314.0,91.0,0.0,114.0,40.0,False
store_walk_10,2026-09-15,童子丸郵便局口,kajiso_vio,12:00:00,True,,2+0+平日+4,2,39_2,3,13:03:00,25_0,17,13:23:00,13:33:00,14:18:00,1+1+平日+5,1,25_0,32,16:22:00,39_1,46,16:42:00,16:44:00,284.0,61.0,0.0,114.0,40.0,False
store_walk_10,2026-09-15,童子丸郵便局口,kajiso_vio,12:30:00,True,,2+0+平日+4,2,39_2,3,13:03:00,25_0,17,13:23:00,13:33:00,14:18:00,1+1+平日+5,1,25_0,32,16:22:00,39_1,46,16:42:00,16:44:00,254.0,31.0,0.0,114.0,40.0,False
store_walk_10,2026-09-15,童子丸郵便局口,kajiso_vio,13:00:00,False,no_return_by_deadline,,,,,,,,,,,,,,,,,,,,,,,,,False
store_walk_10,2026-09-15,童子丸郵便局口,kajiso_vio,13:30:00,False,no_return_by_deadline,,,,,,,,,,,,,,,,,,,,,,,,,False
store_walk_10,2026-09-15,童子丸郵便局口,kajiso_vio,14:00:00,False,no_return_by_deadline,,,,,,,,,,,,,,,,,,,,,,,,,False
store_walk_10,2026-09-15,童子丸郵便局口,kajiso_vio,14:30:00,False,no_return_by_deadline,,,,,,,,,,,,,,,,,,,,,,,,,False
store_walk_10,2026-09-15,童子丸郵便局口,kajiso_vio,15:00:00,False,no_return_by_deadline,,,,,,,,,,,,,,,,,,,,,,,,,False
store_walk_10,2026-09-15,童子丸郵便局口,kajiso_vio,15:30:00,False,no_outbound_bus,,,,,,,,,,,,,,,,,,,,,,,,,False
store_walk_10,2026-09-15,童子丸郵便局口,kajiso_vio,16:00:00,False,no_outbound_bus,,,,,,,,,,,,,,,,,,,,,,,,,False
store_walk_10,2026-09-19,越前大野駅,kajiso_libre,08:00:00,True,,1+1+毎日+2,1,1_1,1,09:23:00,21_1,21,09:50:00,10:00:00,10:45:00,2+0+毎日+3,2,21_2,28,11:47:00,1_1,48,12:13:00,12:15:00,255.0,81.0,0.0,52.0,53.0,False
store_walk_10,2026-09-19,越前大野駅,kajiso_libre,08:30:00,True,,1+1+毎日+2,1,1_1,1,09:23:00,21_1,21,09:50:00,10:00:00,10:45:00,2+0+毎日+3,2,21_2,28,11:47:00,1_1,48,12:13:00,12:15:00,225.0,51.0,0.0,52.0,53.0,False
store_walk_10,2026-09-19,越前大野駅,kajiso_libre,09:00:00,True,,1+1+毎日+2,1,1_1,1,09:23:00,21_1,21,09:50:00,10:00:00,10:45:00,2+0+毎日+3,2,21_2,28,11:47:00,1_1,48,12:13:00,12:15:00,195.0,21.0,0.0,52.0,53.0,False
store_walk_10,2026-09-19,越前大野駅,kajiso_libre,09:30:00,True,,2+0+毎日+3,2,1_1,1,10:56:00,21_2,28,11:47:00,11:57:00,12:42:00,1+1+毎日+4,1,21_1,21,13:32:00,1_1,24,13:36:00,13:38:00,248.0,84.0,0.0,40.0,55.0,False
store_walk_10,2026-09-19,越前大野駅,kajiso_libre,10:00:00,True,,2+0+毎日+3,2,1_1,1,10:56:00,21_2,28,11:47:00,11:57:00,12:42:00,1+1+毎日+4,1,21_1,21,13:32:00,1_1,24,13:36:00,13:38:00,218.0,54.0,0.0,40.0,55.0,False
store_walk_10,2026-09-19,越前大野駅,kajiso_libre,10:30:00,True,,2+0+毎日+3,2,1_1,1,10:56:00,21_2,28,11:47:00,11:57:00,12:42:00,1+1+毎日+4,1,21_1,21,13:32:00,1_1,24,13:36:00,13:38:00,188.0,24.0,0.0,40.0,55.0,False
store_walk_10,2026-09-19,越前大野駅,kajiso_libre,11:00:00,True,,2+0+毎日+3,2,1_1,24,11:43:00,21_2,28,11:47:00,11:57:00,12:42:00,1+1+毎日+4,1,21_1,21,13:32:00,1_1,24,13:36:00,13:38:00,158.0,41.0,0.0,40.0,8.0,True
store_walk_10,2026-09-19,越前大野駅,kajiso_libre,11:30:00,True,,2+0+毎日+3,2,1_1,24,11:43:00,21_2,28,11:47:00,11:57:00,12:42:00,1+1+毎日+4,1,21_1,21,13:32:00,1_1,24,13:36:00,13:38:00,128.0,11.0,0.0,40.0,8.0,True
store_walk_10,2026-09-19,越前大野駅,kajiso_libre,12:00:00,True,,1+1+毎日+4,1,1_1,1,13:05:00,21_1,21,13:32:00,13:42:00,14:27:00,2+0+毎日+5,2,21_2,28,16:08:00,1_1,48,16:34:00,16:36:00,276.0,63.0,0.0,91.0,53.0,False
store_walk_10,2026-09-19,越前大野駅,kajiso_libre,12:30:00,True,,1+1+毎日+4,1,1_1,1,13:05:00,21_1,21,13:32:00,13:42:00,14:27:00,2+0+毎日+5,2,21_2,28,16:08:00,1_1,48,16:34:00,16:36:00,246.0,33.0,0.0,91.0,53.0,False
store_walk_10,2026-09-19,越前大野駅,kajiso_libre,13:00:00,True,,1+1+毎日+4,1,1_1,1,13:05:00,21_1,21,13:32:00,13:42:00,14:27:00,2+0+毎日+5,2,21_2,28,16:08:00,1_1,48,16:34:00,16:36:00,216.0,3.0,0.0,91.0,53.0,False
store_walk_10,2026-09-19,越前大野駅,kajiso_libre,13:30:00,False,no_return_by_deadline,,,,,,,,,,,,,,,,,,,,,,,,,False
store_walk_10,2026-09-19,越前大野駅,kajiso_libre,14:00:00,False,no_return_by_deadline,,,,,,,,,,,,,,,,,,,,,,,,,False
store_walk_10,2026-09-19,越前大野駅,kajiso_libre,14:30:00,False,no_return_by_deadline,,,,,,,,,,,,,,,,,,,,,,,,,False
store_walk_10,2026-09-19,越前大野駅,kajiso_libre,15:00:00,False,no_return_by_deadline,,,,,,,,,,,,,,,,,,,,,,,,,False
store_walk_10,2026-09-19,越前大野駅,kajiso_libre,15:30:00,False,no_return_by_deadline,,,,,,,,,,,,,,,,,,,,,,,,,False
store_walk_10,2026-09-19,越前大野駅,kajiso_libre,16:00:00,False,no_return_by_deadline,,,,,,,,,,,,,,,,,,,,,,,,,False
store_walk_10,2026-09-19,越前大野駅,kajiso_vio,08:00:00,True,,1+1+毎日+2,1,1_1,1,09:23:00,25_0,32,10:13:00,10:23:00,11:08:00,1+1+毎日+4,1,25_0,32,14:03:00,1_1,48,14:26:00,14:28:00,388.0,81.0,0.0,165.0,73.0,False
store_walk_10,2026-09-19,越前大野駅,kajiso_vio,08:30:00,True,,1+1+毎日+2,1,1_1,1,09:23:00,25_0,32,10:13:00,10:23:00,11:08:00,1+1+毎日+4,1,25_0,32,14:03:00,1_1,48,14:26:00,14:28:00,358.0,51.0,0.0,165.0,73.0,False
store_walk_10,2026-09-19,越前大野駅,kajiso_vio,09:00:00,True,,1+1+毎日+2,1,1_1,1,09:23:00,25_0,32,10:13:00,10:23:00,11:08:00,1+1+毎日+4,1,25_0,32,14:03:00,1_1,48,14:26:00,14:28:00,328.0,21.0,0.0,165.0,73.0,False
store_walk_10,2026-09-19,越前大野駅,kajiso_vio,09:30:00,True,,1+1+毎日+2,1,1_1,24,10:00:00,25_0,32,10:13:00,10:23:00,11:08:00,1+1+毎日+4,1,25_0,32,14:03:00,1_1,48,14:26:00,14:28:00,298.0,28.0,0.0,165.0,36.0,False
store_walk_10,2026-09-19,越前大野駅,kajiso_vio,10:00:00,True,,2+0+毎日+3,2,1_1,1,10:56:00,25_0,17,11:19:00,11:29:00,12:14:00,1+1+毎日+4,1,25_0,32,14:03:00,1_1,48,14:26:00,14:28:00,268.0,54.0,0.0,99.0,46.0,False
store_walk_10,2026-09-19,越前大野駅,kajiso_vio,10:30:00,True,,2+0+毎日+3,2,1_1,1,10:56:00,25_0,17,11:19:00,11:29:00,12:14:00,1+1+毎日+4,1,25_0,32,14:03:00,1_1,48,14:26:00,14:28:00,238.0,24.0,0.0,99.0,46.0,False
store_walk_10,2026-09-19,越前大野駅,kajiso_vio,11:00:00,True,,1+1+毎日+4,1,1_1,1,13:05:00,25_0,32,14:03:00,14:13:00,14:58:00,2+0+毎日+5,2,25_0,17,15:48:00,1_1,24,16:01:00,16:03:00,303.0,123.0,0.0,40.0,71.0,False
store_walk_10,2026-09-19,越前大野駅,kajiso_vio,11:30:00,True,,1+1+毎日+4,1,1_1,1,13:05:00,25_0,32,14:03:00,14:13:00,14:58:00,2+0+毎日+5,2,25_0,17,15:48:00,1_1,24,16:01:00,16:03:00,273.0,93.0,0.0,40.0,71.0,False
store_walk_10,2026-09-19,越前大野駅,kajiso_vio,12:00:00,True,,1+1+毎日+4,1,1_1,1,13:05:00,25_0,32,14:03:00,14:13:00,14:58:00,2+0+毎日+5,2,25_0,17,15:48:00,1_1,24,16:01:00,16:03:00,243.0,63.0,0.0,40.0,71.0,False
store_walk_10,2026-09-19,越前大野駅,kajiso_vio,12:30:00,True,,1+1+毎日+4,1,1_1,1,13:05:00,25_0,32,14:03:00,14:13:00,14:58:00,2+0+毎日+5,2,25_0,17,15:48:00,1_1,24,16:01:00,16:03:00,213.0,33.0,0.0,40.0,71.0,False
store_walk_10,2026-09-19,越前大野駅,kajiso_vio,13:00:00,True,,1+1+毎日+4,1,1_1,1,13:05:00,25_0,32,14:03:00,14:13:00,14:58:00,2+0+毎日+5,2,25_0,17,15:48:00,1_1,24,16:01:00,16:03:00,183.0,3.0,0.0,40.0,71.0,False
store_walk_10,2026-09-19,越前大野駅,kajiso_vio,13:30:00,True,,1+1+毎日+4,1,1_1,24,13:50:00,25_0,32,14:03:00,14:13:00,14:58:00,2+0+毎日+5,2,25_0,17,15:48:00,1_1,24,16:01:00,16:03:00,153.0,18.0,0.0,40.0,26.0,True
store_walk_10,2026-09-19,越前大野駅,kajiso_vio,14:00:00,False,no_return_by_deadline,,,,,,,,,,,,,,,,,,,,,,,,,False
store_walk_10,2026-09-19,越前大野駅,kajiso_vio,14:30:00,False,no_return_by_deadline,,,,,,,,,,,,,,,,,,,,,,,,,False
store_walk_10,2026-09-19,越前大野駅,kajiso_vio,15:00:00,False,no_return_by_deadline,,,,,,,,,,,,,,,,,,,,,,,,,False
store_walk_10,2026-09-19,越前大野駅,kajiso_vio,15:30:00,False,no_outbound_bus,,,,,,,,,,,,,,,,,,,,,,,,,False
store_walk_10,2026-09-19,越前大野駅,kajiso_vio,16:00:00,False,no_outbound_bus,,,,,,,,,,,,,,,,,,,,,,,,,False
store_walk_10,2026-09-19,結ステーション,kajiso_libre,08:00:00,True,,1+1+毎日+2,1,6_0,6,09:30:00,21_1,21,09:50:00,10:00:00,10:45:00,2+0+毎日+3,2,21_2,28,11:47:00,6_0,43,12:06:00,12:08:00,248.0,88.0,0.0,52.0,39.0,False
store_walk_10,2026-09-19,結ステーション,kajiso_libre,08:30:00,True,,1+1+毎日+2,1,6_0,6,09:30:00,21_1,21,09:50:00,10:00:00,10:45:00,2+0+毎日+3,2,21_2,28,11:47:00,6_0,43,12:06:00,12:08:00,218.0,58.0,0.0,52.0,39.0,False
store_walk_10,2026-09-19,結ステーション,kajiso_libre,09:00:00,True,,1+1+毎日+2,1,6_0,6,09:30:00,21_1,21,09:50:00,10:00:00,10:45:00,2+0+毎日+3,2,21_2,28,11:47:00,6_0,43,12:06:00,12:08:00,188.0,28.0,0.0,52.0,39.0,False
store_walk_10,2026-09-19,結ステーション,kajiso_libre,09:30:00,True,,2+0+毎日+3,2,6_0,20,11:28:00,21_2,28,11:47:00,11:57:00,12:42:00,1+1+毎日+4,1,21_1,21,13:32:00,6_0,29,13:54:00,13:56:00,266.0,116.0,0.0,40.0,41.0,False
store_walk_10,2026-09-19,結ステーション,kajiso_libre,10:00:00,True,,2+0+毎日+3,2,6_0,20,11:28:00,21_2,28,11:47:00,11:57:00,12:42:00,1+1+毎日+4,1,21_1,21,13:32:00,6_0,29,13:54:00,13:56:00,236.0,86.0,0.0,40.0,41.0,False
store_walk_10,2026-09-19,結ステーション,kajiso_libre,10:30:00,True,,2+0+毎日+3,2,6_0,20,11:28:00,21_2,28,11:47:00,11:57:00,12:42:00,1+1+毎日+4,1,21_1,21,13:32:00,6_0,29,13:54:00,13:56:00,206.0,56.0,0.0,40.0,41.0,False
store_walk_10,2026-09-19,結ステーション,kajiso_libre,11:00:00,True,,2+0+毎日+3,2,6_0,20,11:28:00,21_2,28,11:47:00,11:57:00,12:42:00,1+1+毎日+4,1,21_1,21,13:32:00,6_0,29,13:54:00,13:56:00,176.0,26.0,0.0,40.0,41.0,True
store_walk_10,2026-09-19,結ステーション,kajiso_libre,11:30:00,True,,1+1+毎日+4,1,6_0,6,13:12:00,21_1,21,13:32:00,13:42:00,14:27:00,2+0+毎日+5,2,21_2,28,16:08:00,6_0,43,16:27:00,16:29:00,299.0,100.0,0.0,91.0,39.0,False
store_walk_10,2026-09-19,結ステーション,kajiso_libre,12:00:00,True,,1+1+毎日+4,1,6_0,6,13:12:00,21_1,21,13:32:00,13:42:00,14:27:00,2+0+毎日+5,2,21_2,28,16:08:00,6_0,43,16:27:00,16:29:00,269.0,70.0,0.0,91.0,39.0,False
store_walk_10,2026-09-19,結ステーション,kajiso_libre,12:30:00,True,,1+1+毎日+4,1,6_0,6,13:12:00,21_1,21,13:32:00,13:42:00,14:27:00,2+0+毎日+5,2,21_2,28,16:08:00,6_0,43,16:27:00,16:29:00,239.0,40.0,0.0,91.0,39.0,False
store_walk_10,2026-09-19,結ステーション,kajiso_libre,13:00:00,True,,1+1+毎日+4,1,6_0,6,13:12:00,21_1,21,13:32:00,13:42:00,14:27:00,2+0+毎日+5,2,21_2,28,16:08:00,6_0,43,16:27:00,16:29:00,209.0,10.0,0.0,91.0,39.0,False
store_walk_10,2026-09-19,結ステーション,kajiso_libre,13:30:00,False,no_return_by_deadline,,,,,,,,,,,,,,,,,,,,,,,,,False
store_walk_10,2026-09-19,結ステーション,kajiso_libre,14:00:00,False,no_return_by_deadline,,,,,,,,,,,,,,,,,,,,,,,,,False
store_walk_10,2026-09-19,結ステーション,kajiso_libre,14:30:00,False,no_return_by_deadline,,,,,,,,,,,,,,,,,,,,,,,,,False
store_walk_10,2026-09-19,結ステーション,kajiso_libre,15:00:00,False,no_return_by_deadline,,,,,,,,,,,,,,,,,,,,,,,,,False
store_walk_10,2026-09-19,結ステーション,kajiso_libre,15:30:00,False,no_return_by_deadline,,,,,,,,,,,,,,,,,,,,,,,,,False
store_walk_10,2026-09-19,結ステーション,kajiso_libre,16:00:00,False,no_outbound_bus,,,,,,,,,,,,,,,,,,,,,,,,,False
store_walk_10,2026-09-19,結ステーション,kajiso_vio,08:00:00,True,,1+1+毎日+2,1,6_0,6,09:30:00,25_0,32,10:13:00,10:23:00,11:08:00,2+0+毎日+5,2,25_0,17,15:48:00,6_0,20,15:57:00,15:59:00,479.0,88.0,0.0,270.0,52.0,False
store_walk_10,2026-09-19,結ステーション,kajiso_vio,08:30:00,True,,1+1+毎日+2,1,6_0,6,09:30:00,25_0,32,10:13:00,10:23:00,11:08:00,2+0+毎日+5,2,25_0,17,15:48:00,6_0,20,15:57:00,15:59:00,449.0,58.0,0.0,270.0,52.0,False
store_walk_10,2026-09-19,結ステーション,kajiso_vio,09:00:00,True,,1+1+毎日+2,1,6_0,6,09:30:00,25_0,32,10:13:00,10:23:00,11:08:00,2+0+毎日+5,2,25_0,17,15:48:00,6_0,20,15:57:00,15:59:00,419.0,28.0,0.0,270.0,52.0,False
store_walk_10,2026-09-19,結ステーション,kajiso_vio,09:30:00,True,,1+1+毎日+2,1,6_0,29,10:04:00,25_0,32,10:13:00,10:23:00,11:08:00,2+0+毎日+5,2,25_0,17,15:48:00,6_0,20,15:57:00,15:59:00,389.0,32.0,0.0,270.0,18.0,False
store_walk_10,2026-09-19,結ステーション,kajiso_vio,10:00:00,True,,1+1+毎日+2,1,6_0,29,10:04:00,25_0,32,10:13:00,10:23:00,11:08:00,2+0+毎日+5,2,25_0,17,15:48:00,6_0,20,15:57:00,15:59:00,359.0,2.0,0.0,270.0,18.0,False
store_walk_10,2026-09-19,結ステーション,kajiso_vio,10:30:00,True,,1+1+毎日+4,1,6_0,6,13:12:00,25_0,32,14:03:00,14:13:00,14:58:00,2+0+毎日+5,2,25_0,17,15:48:00,6_0,20,15:57:00,15:59:00,329.0,160.0,0.0,40.0,60.0,False
store_walk_10,2026-09-19,結ステーション,kajiso_vio,11:00:00,True,,1+1+毎日+4,1,6_0,6,13:12:00,25_0,32,14:03:00,14:13:00,14:58:00,2+0+毎日+5,2,25_0,17,15:48:00,6_0,20,15:57:00,15:59:00,299.0,130.0,0.0,40.0,60.0,False
store_walk_10,2026-09-19,結ステーション,kajiso_vio,11:30:00,True,,1+1+毎日+4,1,6_0,6,13:12:00,25_0,32,14:03:00,14:13:00,14:58:00,2+0+毎日+5,2,25_0,17,15:48:00,6_0,20,15:57:00,15:59:00,269.0,100.0,0.0,40.0,60.0,False
store_walk_10,2026-09-19,結ステーション,kajiso_vio,12:00:00,True,,1+1+毎日+4,1,6_0,6,13:12:00,25_0,32,14:03:00,14:13:00,14:58:00,2+0+毎日+5,2,25_0,17,15:48:00,6_0,20,15:57:00,15:59:00,239.0,70.0,0.0,40.0,60.0,False
store_walk_10,2026-09-19,結ステーション,kajiso_vio,12:30:00,True,,1+1+毎日+4,1,6_0,6,13:12:00,25_0,32,14:03:00,14:13:00,14:58:00,2+0+毎日+5,2,25_0,17,15:48:00,6_0,20,15:57:00,15:59:00,209.0,40.0,0.0,40.0,60.0,False
store_walk_10,2026-09-19,結ステーション,kajiso_vio,13:00:00,True,,1+1+毎日+4,1,6_0,6,13:12:00,25_0,32,14:03:00,14:13:00,14:58:00,2+0+毎日+5,2,25_0,17,15:48:00,6_0,20,15:57:00,15:59:00,179.0,10.0,0.0,40.0,60.0,True
store_walk_10,2026-09-19,結ステーション,kajiso_vio,13:30:00,True,,1+1+毎日+4,1,6_0,29,13:54:00,25_0,32,14:03:00,14:13:00,14:58:00,2+0+毎日+5,2,25_0,17,15:48:00,6_0,20,15:57:00,15:59:00,149.0,22.0,0.0,40.0,18.0,True
store_walk_10,2026-09-19,結ステーション,kajiso_vio,14:00:00,False,no_outbound_bus,,,,,,,,,,,,,,,,,,,,,,,,,False
store_walk_10,2026-09-19,結ステーション,kajiso_vio,14:30:00,False,no_outbound_bus,,,,,,,,,,,,,,,,,,,,,,,,,False
store_walk_10,2026-09-19,結ステーション,kajiso_vio,15:00:00,False,no_outbound_bus,,,,,,,,,,,,,,,,,,,,,,,,,False
store_walk_10,2026-09-19,結ステーション,kajiso_vio,15:30:00,False,no_outbound_bus,,,,,,,,,,,,,,,,,,,,,,,,,False
store_walk_10,2026-09-19,結ステーション,kajiso_vio,16:00:00,False,no_outbound_bus,,,,,,,,,,,,,,,,,,,,,,,,,False
store_walk_10,2026-09-19,下庄小学校,kajiso_libre,08:00:00,True,,1+1+毎日+2,1,9_1,9,09:33:00,21_1,21,09:50:00,10:00:00,10:45:00,2+0+毎日+3,2,21_2,28,11:47:00,9_2,40,12:02:00,12:04:00,244.0,91.0,0.0,52.0,32.0,False
store_walk_10,2026-09-19,下庄小学校,kajiso_libre,08:30:00,True,,1+1+毎日+2,1,9_1,9,09:33:00,21_1,21,09:50:00,10:00:00,10:45:00,2+0+毎日+3,2,21_2,28,11:47:00,9_2,40,12:02:00,12:04:00,214.0,61.0,0.0,52.0,32.0,False
store_walk_10,2026-09-19,下庄小学校,kajiso_libre,09:00:00,True,,1+1+毎日+2,1,9_1,9,09:33:00,21_1,21,09:50:00,10:00:00,10:45:00,2+0+毎日+3,2,21_2,28,11:47:00,9_2,40,12:02:00,12:04:00,184.0,31.0,0.0,52.0,32.0,False
store_walk_10,2026-09-19,下庄小学校,kajiso_libre,09:30:00,True,,1+1+毎日+4,1,9_1,9,13:15:00,21_1,21,13:32:00,13:42:00,14:27:00,2+0+毎日+5,2,21_2,28,16:08:00,9_2,40,16:23:00,16:25:00,415.0,223.0,0.0,91.0,32.0,False
store_walk_10,2026-09-19,下庄小学校,kajiso_libre,10:00:00,True,,1+1+毎日+4,1,9_1,9,13:15:00,21_1,21,13:32:00,13:42:00,14:27:00,2+0+毎日+5,2,21_2,28,16:08:00,9_2,40,16:23:00,16:25:00,385.0,193.0,0.0,91.0,32.0,False
store_walk_10,2026-09-19,下庄小学校,kajiso_libre,10:30:00,True,,1+1+毎日+4,1,9_1,9,13:15:00,21_1,21,13:32:00,13:42:00,14:27:00,2+0+毎日+5,2,21_2,28,16:08:00,9_2,40,16:23:00,16:25:00,355.0,163.0,0.0,91.0,32.0,False
store_walk_10,2026-09-19,下庄小学校,kajiso_libre,11:00:00,True,,1+1+毎日+4,1,9_1,9,13:15:00,21_1,21,13:32:00,13:42:00,14:27:00,2+0+毎日+5,2,21_2,28,16:08:00,9_2,40,16:23:00,16:25:00,325.0,133.0,0.0,91.0,32.0,False
store_walk_10,2026-09-19,下庄小学校,kajiso_libre,11:30:00,True,,1+1+毎日+4,1,9_1,9,13:15:00,21_1,21,13:32:00,13:42:00,14:27:00,2+0+毎日+5,2,21_2,28,16:08:00,9_2,40,16:23:00,16:25:00,295.0,103.0,0.0,91.0,32.0,False
store_walk_10,2026-09-19,下庄小学校,kajiso_libre,12:00:00,True,,1+1+毎日+4,1,9_1,9,13:15:00,21_1,21,13:32:00,13:42:00,14:27:00,2+0+毎日+5,2,21_2,28,16:08:00,9_2,40,16:23:00,16:25:00,265.0,73.0,0.0,91.0,32.0,False
store_walk_10,2026-09-19,下庄小学校,kajiso_libre,12:30:00,True,,1+1+毎日+4,1,9_1,9,13:15:00,21_1,21,13:32:00,13:42:00,14:27:00,2+0+毎日+5,2,21_2,28,16:08:00,9_2,40,16:23:00,16:25:00,235.0,43.0,0.0,91.0,32.0,False
store_walk_10,2026-09-19,下庄小学校,kajiso_libre,13:00:00,True,,1+1+毎日+4,1,9_1,9,13:15:00,21_1,21,13:32:00,13:42:00,14:27:00,2+0+毎日+5,2,21_2,28,16:08:00,9_2,40,16:23:00,16:25:00,205.0,13.0,0.0,91.0,32.0,False
store_walk_10,2026-09-19,下庄小学校,kajiso_libre,13:30:00,False,no_outbound_bus,,,,,,,,,,,,,,,,,,,,,,,,,False
store_walk_10,2026-09-19,下庄小学校,kajiso_libre,14:00:00,False,no_outbound_bus,,,,,,,,,,,,,,,,,,,,,,,,,False
store_walk_10,2026-09-19,下庄小学校,kajiso_libre,14:30:00,False,no_outbound_bus,,,,,,,,,,,,,,,,,,,,,,,,,False
store_walk_10,2026-09-19,下庄小学校,kajiso_libre,15:00:00,False,no_outbound_bus,,,,,,,,,,,,,,,,,,,,,,,,,False
store_walk_10,2026-09-19,下庄小学校,kajiso_libre,15:30:00,False,no_outbound_bus,,,,,,,,,,,,,,,,,,,,,,,,,False
store_walk_10,2026-09-19,下庄小学校,kajiso_libre,16:00:00,False,no_outbound_bus,,,,,,,,,,,,,,,,,,,,,,,,,False
store_walk_10,2026-09-19,下庄小学校,kajiso_vio,08:00:00,True,,1+1+毎日+2,1,9_1,9,09:33:00,25_0,32,10:13:00,10:23:00,11:08:00,2+0+毎日+5,2,25_0,17,15:48:00,9_2,40,16:23:00,16:25:00,505.0,91.0,0.0,270.0,75.0,False
store_walk_10,2026-09-19,下庄小学校,kajiso_vio,08:30:00,True,,1+1+毎日+2,1,9_1,9,09:33:00,25_0,32,10:13:00,10:23:00,11:08:00,2+0+毎日+5,2,25_0,17,15:48:00,9_2,40,16:23:00,16:25:00,475.0,61.0,0.0,270.0,75.0,False
store_walk_10,2026-09-19,下庄小学校,kajiso_vio,09:00:00,True,,1+1+毎日+2,1,9_1,9,09:33:00,25_0,32,10:13:00,10:23:00,11:08:00,2+0+毎日+5,2,25_0,17,15:48:00,9_2,40,16:23:00,16:25:00,445.0,31.0,0.0,270.0,75.0,False
store_walk_10,2026-09-19,下庄小学校,kajiso_vio,09:30:00,True,,1+1+毎日+4,1,9_1,9,13:15:00,25_0,32,14:03:00,14:13:00,14:58:00,2+0+毎日+5,2,25_0,17,15:48:00,9_2,40,16:23:00,16:25:00,415.0,223.0,0.0,40.0,83.0,False
store_walk_10,2026-09-19,下庄小学校,kajiso_vio,10:00:00,True,,1+1+毎日+4,1,9_1,9,13:15:00,25_0,32,14:03:00,14:13:00,14:58:00,2+0+毎日+5,2,25_0,17,15:48:00,9_2,40,16:23:00,16:25:00,385.0,193.0,0.0,40.0,83.0,False
store_walk_10,2026-09-19,下庄小学校,kajiso_vio,10:30:00,True,,1+1+毎日+4,1,9_1,9,13:15:00,25_0,32,14:03:00,14:13:00,14:58:00,2+0+毎日+5,2,25_0,17,15:48:00,9_2,40,16:23:00,16:25:00,355.0,163.0,0.0,40.0,83.0,False
store_walk_10,2026-09-19,下庄小学校,kajiso_vio,11:00:00,True,,1+1+毎日+4,1,9_1,9,13:15:00,25_0,32,14:03:00,14:13:00,14:58:00,2+0+毎日+5,2,25_0,17,15:48:00,9_2,40,16:23:00,16:25:00,325.0,133.0,0.0,40.0,83.0,False
store_walk_10,2026-09-19,下庄小学校,kajiso_vio,11:30:00,True,,1+1+毎日+4,1,9_1,9,13:15:00,25_0,32,14:03:00,14:13:00,14:58:00,2+0+毎日+5,2,25_0,17,15:48:00,9_2,40,16:23:00,16:25:00,295.0,103.0,0.0,40.0,83.0,False
store_walk_10,2026-09-19,下庄小学校,kajiso_vio,12:00:00,True,,1+1+毎日+4,1,9_1,9,13:15:00,25_0,32,14:03:00,14:13:00,14:58:00,2+0+毎日+5,2,25_0,17,15:48:00,9_2,40,16:23:00,16:25:00,265.0,73.0,0.0,40.0,83.0,False
store_walk_10,2026-09-19,下庄小学校,kajiso_vio,12:30:00,True,,1+1+毎日+4,1,9_1,9,13:15:00,25_0,32,14:03:00,14:13:00,14:58:00,2+0+毎日+5,2,25_0,17,15:48:00,9_2,40,16:23:00,16:25:00,235.0,43.0,0.0,40.0,83.0,False
store_walk_10,2026-09-19,下庄小学校,kajiso_vio,13:00:00,True,,1+1+毎日+4,1,9_1,9,13:15:00,25_0,32,14:03:00,14:13:00,14:58:00,2+0+毎日+5,2,25_0,17,15:48:00,9_2,40,16:23:00,16:25:00,205.0,13.0,0.0,40.0,83.0,False
store_walk_10,2026-09-19,下庄小学校,kajiso_vio,13:30:00,False,no_outbound_bus,,,,,,,,,,,,,,,,,,,,,,,,,False
store_walk_10,2026-09-19,下庄小学校,kajiso_vio,14:00:00,False,no_outbound_bus,,,,,,,,,,,,,,,,,,,,,,,,,False
store_walk_10,2026-09-19,下庄小学校,kajiso_vio,14:30:00,False,no_outbound_bus,,,,,,,,,,,,,,,,,,,,,,,,,False
store_walk_10,2026-09-19,下庄小学校,kajiso_vio,15:00:00,False,no_outbound_bus,,,,,,,,,,,,,,,,,,,,,,,,,False
store_walk_10,2026-09-19,下庄小学校,kajiso_vio,15:30:00,False,no_outbound_bus,,,,,,,,,,,,,,,,,,,,,,,,,False
store_walk_10,2026-09-19,下庄小学校,kajiso_vio,16:00:00,False,no_outbound_bus,,,,,,,,,,,,,,,,,,,,,,,,,False
store_walk_10,2026-09-19,青少年教育センター,kajiso_libre,08:00:00,True,,1+1+毎日+2,1,14_1,14,09:40:00,21_1,21,09:50:00,10:00:00,10:45:00,2+0+毎日+3,2,21_2,28,11:47:00,14_2,35,11:55:00,11:57:00,237.0,98.0,0.0,52.0,18.0,False
store_walk_10,2026-09-19,青少年教育センター,kajiso_libre,08:30:00,True,,1+1+毎日+2,1,14_1,14,09:40:00,21_1,21,09:50:00,10:00:00,10:45:00,2+0+毎日+3,2,21_2,28,11:47:00,14_2,35,11:55:00,11:57:00,207.0,68.0,0.0,52.0,18.0,False
store_walk_10,2026-09-19,青少年教育センター,kajiso_libre,09:00:00,True,,1+1+毎日+2,1,14_1,14,09:40:00,21_1,21,09:50:00,10:00:00,10:45:00,2+0+毎日+3,2,21_2,28,11:47:00,14_2,35,11:55:00,11:57:00,177.0,38.0,0.0,52.0,18.0,True
store_walk_10,2026-09-19,青少年教育センター,kajiso_libre,09:30:00,True,,1+1+毎日+2,1,14_1,14,09:40:00,21_1,21,09:50:00,10:00:00,10:45:00,2+0+毎日+3,2,21_2,28,11:47:00,14_2,35,11:55:00,11:57:00,147.0,8.0,0.0,52.0,18.0,True
store_walk_10,2026-09-19,青少年教育センター,kajiso_libre,10:00:00,True,,1+1+毎日+4,1,14_1,14,13:22:00,21_1,21,13:32:00,13:42:00,14:27:00,2+0+毎日+5,2,21_2,28,16:08:00,14_2,35,16:16:00,16:18:00,378.0,200.0,0.0,91.0,18.0,False
store_walk_10,2026-09-19,青少年教育センター,kajiso_libre,10:30:00,True,,1+1+毎日+4,1,14_1,14,13:22:00,21_1,21,13:32:00,13:42:00,14:27:00,2+0+毎日+5,2,21_2,28,16:08:00,14_2,35,16:16:00,16:18:00,348.0,170.0,0.0,91.0,18.0,False
store_walk_10,2026-09-19,青少年教育センター,kajiso_libre,11:00:00,True,,1+1+毎日+4,1,14_1,14,13:22:00,21_1,21,13:32:00,13:42:00,14:27:00,2+0+毎日+5,2,21_2,28,16:08:00,14_2,35,16:16:00,16:18:00,318.0,140.0,0.0,91.0,18.0,False
store_walk_10,2026-09-19,青少年教育センター,kajiso_libre,11:30:00,True,,1+1+毎日+4,1,14_1,14,13:22:00,21_1,21,13:32:00,13:42:00,14:27:00,2+0+毎日+5,2,21_2,28,16:08:00,14_2,35,16:16:00,16:18:00,288.0,110.0,0.0,91.0,18.0,False
store_walk_10,2026-09-19,青少年教育センター,kajiso_libre,12:00:00,True,,1+1+毎日+4,1,14_1,14,13:22:00,21_1,21,13:32:00,13:42:00,14:27:00,2+0+毎日+5,2,21_2,28,16:08:00,14_2,35,16:16:00,16:18:00,258.0,80.0,0.0,91.0,18.0,False
store_walk_10,2026-09-19,青少年教育センター,kajiso_libre,12:30:00,True,,1+1+毎日+4,1,14_1,14,13:22:00,21_1,21,13:32:00,13:42:00,14:27:00,2+0+毎日+5,2,21_2,28,16:08:00,14_2,35,16:16:00,16:18:00,228.0,50.0,0.0,91.0,18.0,False
store_walk_10,2026-09-19,青少年教育センター,kajiso_libre,13:00:00,True,,1+1+毎日+4,1,14_1,14,13:22:00,21_1,21,13:32:00,13:42:00,14:27:00,2+0+毎日+5,2,21_2,28,16:08:00,14_2,35,16:16:00,16:18:00,198.0,20.0,0.0,91.0,18.0,False
store_walk_10,2026-09-19,青少年教育センター,kajiso_libre,13:30:00,False,no_outbound_bus,,,,,,,,,,,,,,,,,,,,,,,,,False
store_walk_10,2026-09-19,青少年教育センター,kajiso_libre,14:00:00,False,no_outbound_bus,,,,,,,,,,,,,,,,,,,,,,,,,False
store_walk_10,2026-09-19,青少年教育センター,kajiso_libre,14:30:00,False,no_outbound_bus,,,,,,,,,,,,,,,,,,,,,,,,,False
store_walk_10,2026-09-19,青少年教育センター,kajiso_libre,15:00:00,False,no_outbound_bus,,,,,,,,,,,,,,,,,,,,,,,,,False
store_walk_10,2026-09-19,青少年教育センター,kajiso_libre,15:30:00,False,no_outbound_bus,,,,,,,,,,,,,,,,,,,,,,,,,False
store_walk_10,2026-09-19,青少年教育センター,kajiso_libre,16:00:00,False,no_outbound_bus,,,,,,,,,,,,,,,,,,,,,,,,,False
store_walk_10,2026-09-19,青少年教育センター,kajiso_vio,08:00:00,True,,1+1+毎日+2,1,14_1,14,09:40:00,25_0,32,10:13:00,10:23:00,11:08:00,2+0+毎日+5,2,25_0,17,15:48:00,14_2,35,16:16:00,16:18:00,498.0,98.0,0.0,270.0,61.0,False
store_walk_10,2026-09-19,青少年教育センター,kajiso_vio,08:30:00,True,,1+1+毎日+2,1,14_1,14,09:40:00,25_0,32,10:13:00,10:23:00,11:08:00,2+0+毎日+5,2,25_0,17,15:48:00,14_2,35,16:16:00,16:18:00,468.0,68.0,0.0,270.0,61.0,False
store_walk_10,2026-09-19,青少年教育センター,kajiso_vio,09:00:00,True,,1+1+毎日+2,1,14_1,14,09:40:00,25_0,32,10:13:00,10:23:00,11:08:00,2+0+毎日+5,2,25_0,17,15:48:00,14_2,35,16:16:00,16:18:00,438.0,38.0,0.0,270.0,61.0,False
store_walk_10,2026-09-19,青少年教育センター,kajiso_vio,09:30:00,True,,1+1+毎日+2,1,14_1,14,09:40:00,25_0,32,10:13:00,10:23:00,11:08:00,2+0+毎日+5,2,25_0,17,15:48:00,14_2,35,16:16:00,16:18:00,408.0,8.0,0.0,270.0,61.0,False
store_walk_10,2026-09-19,青少年教育センター,kajiso_vio,10:00:00,True,,1+1+毎日+4,1,14_1,14,13:22:00,25_0,32,14:03:00,14:13:00,14:58:00,2+0+毎日+5,2,25_0,17,15:48:00,14_2,35,16:16:00,16:18:00,378.0,200.0,0.0,40.0,69.0,False
store_walk_10,2026-09-19,青少年教育センター,kajiso_vio,10:30:00,True,,1+1+毎日+4,1,14_1,14,13:22:00,25_0,32,14:03:00,14:13:00,14:58:00,2+0+毎日+5,2,25_0,17,15:48:00,14_2,35,16:16:00,16:18:00,348.0,170.0,0.0,40.0,69.0,False
store_walk_10,2026-09-19,青少年教育センター,kajiso_vio,11:00:00,True,,1+1+毎日+4,1,14_1,14,13:22:00,25_0,32,14:03:00,14:13:00,14:58:00,2+0+毎日+5,2,25_0,17,15:48:00,14_2,35,16:16:00,16:18:00,318.0,140.0,0.0,40.0,69.0,False
store_walk_10,2026-09-19,青少年教育センター,kajiso_vio,11:30:00,True,,1+1+毎日+4,1,14_1,14,13:22:00,25_0,32,14:03:00,14:13:00,14:58:00,2+0+毎日+5,2,25_0,17,15:48:00,14_2,35,16:16:00,16:18:00,288.0,110.0,0.0,40.0,69.0,False
store_walk_10,2026-09-19,青少年教育センター,kajiso_vio,12:00:00,True,,1+1+毎日+4,1,14_1,14,13:22:00,25_0,32,14:03:00,14:13:00,14:58:00,2+0+毎日+5,2,25_0,17,15:48:00,14_2,35,16:16:00,16:18:00,258.0,80.0,0.0,40.0,69.0,False
store_walk_10,2026-09-19,青少年教育センター,kajiso_vio,12:30:00,True,,1+1+毎日+4,1,14_1,14,13:22:00,25_0,32,14:03:00,14:13:00,14:58:00,2+0+毎日+5,2,25_0,17,15:48:00,14_2,35,16:16:00,16:18:00,228.0,50.0,0.0,40.0,69.0,False
store_walk_10,2026-09-19,青少年教育センター,kajiso_vio,13:00:00,True,,1+1+毎日+4,1,14_1,14,13:22:00,25_0,32,14:03:00,14:13:00,14:58:00,2+0+毎日+5,2,25_0,17,15:48:00,14_2,35,16:16:00,16:18:00,198.0,20.0,0.0,40.0,69.0,False
store_walk_10,2026-09-19,青少年教育センター,kajiso_vio,13:30:00,False,no_outbound_bus,,,,,,,,,,,,,,,,,,,,,,,,,False
store_walk_10,2026-09-19,青少年教育センター,kajiso_vio,14:00:00,False,no_outbound_bus,,,,,,,,,,,,,,,,,,,,,,,,,False
store_walk_10,2026-09-19,青少年教育センター,kajiso_vio,14:30:00,False,no_outbound_bus,,,,,,,,,,,,,,,,,,,,,,,,,False
store_walk_10,2026-09-19,青少年教育センター,kajiso_vio,15:00:00,False,no_outbound_bus,,,,,,,,,,,,,,,,,,,,,,,,,False
store_walk_10,2026-09-19,青少年教育センター,kajiso_vio,15:30:00,False,no_outbound_bus,,,,,,,,,,,,,,,,,,,,,,,,,False
store_walk_10,2026-09-19,青少年教育センター,kajiso_vio,16:00:00,False,no_outbound_bus,,,,,,,,,,,,,,,,,,,,,,,,,False
store_walk_10,2026-09-19,陽明中学校口,kajiso_libre,08:00:00,True,,1+1+毎日+2,1,17_1,17,09:46:00,21_1,21,09:50:00,10:00:00,10:45:00,2+0+毎日+3,2,21_2,28,11:47:00,17_2,32,11:51:00,11:53:00,233.0,104.0,0.0,52.0,8.0,False
store_walk_10,2026-09-19,陽明中学校口,kajiso_libre,08:30:00,True,,1+1+毎日+2,1,17_1,17,09:46:00,21_1,21,09:50:00,10:00:00,10:45:00,2+0+毎日+3,2,21_2,28,11:47:00,17_2,32,11:51:00,11:53:00,203.0,74.0,0.0,52.0,8.0,False
store_walk_10,2026-09-19,陽明中学校口,kajiso_libre,09:00:00,True,,1+1+毎日+2,1,17_1,17,09:46:00,21_1,21,09:50:00,10:00:00,10:45:00,2+0+毎日+3,2,21_2,28,11:47:00,17_2,32,11:51:00,11:53:00,173.0,44.0,0.0,52.0,8.0,True
store_walk_10,2026-09-19,陽明中学校口,kajiso_libre,09:30:00,True,,1+1+毎日+2,1,17_1,17,09:46:00,21_1,21,09:50:00,10:00:00,10:45:00,2+0+毎日+3,2,21_2,28,11:47:00,17_2,32,11:51:00,11:53:00,143.0,14.0,0.0,52.0,8.0,True
store_walk_10,2026-09-19,陽明中学校口,kajiso_libre,10:00:00,True,,1+1+毎日+4,1,17_1,17,13:28:00,21_1,21,13:32:00,13:42:00,14:27:00,2+0+毎日+5,2,21_2,28,16:08:00,17_2,32,16:12:00,16:14:00,374.0,206.0,0.0,91.0,8.0,False
store_walk_10,2026-09-19,陽明中学校口,kajiso_libre,10:30:00,True,,1+1+毎日+4,1,17_1,17,13:28:00,21_1,21,13:32:00,13:42:00,14:27:00,2+0+毎日+5,2,21_2,28,16:08:00,17_2,32,16:12:00,16:14:00,344.0,176.0,0.0,91.0,8.0,False
store_walk_10,2026-09-19,陽明中学校口,kajiso_libre,11:00:00,True,,1+1+毎日+4,1,17_1,17,13:28:00,21_1,21,13:32:00,13:42:00,14:27:00,2+0+毎日+5,2,21_2,28,16:08:00,17_2,32,16:12:00,16:14:00,314.0,146.0,0.0,91.0,8.0,False
store_walk_10,2026-09-19,陽明中学校口,kajiso_libre,11:30:00,True,,1+1+毎日+4,1,17_1,17,13:28:00,21_1,21,13:32:00,13:42:00,14:27:00,2+0+毎日+5,2,21_2,28,16:08:00,17_2,32,16:12:00,16:14:00,284.0,116.0,0.0,91.0,8.0,False
store_walk_10,2026-09-19,陽明中学校口,kajiso_libre,12:00:00,True,,1+1+毎日+4,1,17_1,17,13:28:00,21_1,21,13:32:00,13:42:00,14:27:00,2+0+毎日+5,2,21_2,28,16:08:00,17_2,32,16:12:00,16:14:00,254.0,86.0,0.0,91.0,8.0,False
store_walk_10,2026-09-19,陽明中学校口,kajiso_libre,12:30:00,True,,1+1+毎日+4,1,17_1,17,13:28:00,21_1,21,13:32:00,13:42:00,14:27:00,2+0+毎日+5,2,21_2,28,16:08:00,17_2,32,16:12:00,16:14:00,224.0,56.0,0.0,91.0,8.0,False
store_walk_10,2026-09-19,陽明中学校口,kajiso_libre,13:00:00,True,,1+1+毎日+4,1,17_1,17,13:28:00,21_1,21,13:32:00,13:42:00,14:27:00,2+0+毎日+5,2,21_2,28,16:08:00,17_2,32,16:12:00,16:14:00,194.0,26.0,0.0,91.0,8.0,False
store_walk_10,2026-09-19,陽明中学校口,kajiso_libre,13:30:00,False,no_outbound_bus,,,,,,,,,,,,,,,,,,,,,,,,,False
store_walk_10,2026-09-19,陽明中学校口,kajiso_libre,14:00:00,False,no_outbound_bus,,,,,,,,,,,,,,,,,,,,,,,,,False
store_walk_10,2026-09-19,陽明中学校口,kajiso_libre,14:30:00,False,no_outbound_bus,,,,,,,,,,,,,,,,,,,,,,,,,False
store_walk_10,2026-09-19,陽明中学校口,kajiso_libre,15:00:00,False,no_outbound_bus,,,,,,,,,,,,,,,,,,,,,,,,,False
store_walk_10,2026-09-19,陽明中学校口,kajiso_libre,15:30:00,False,no_outbound_bus,,,,,,,,,,,,,,,,,,,,,,,,,False
store_walk_10,2026-09-19,陽明中学校口,kajiso_libre,16:00:00,False,no_outbound_bus,,,,,,,,,,,,,,,,,,,,,,,,,False
store_walk_10,2026-09-19,陽明中学校口,kajiso_vio,08:00:00,True,,1+1+毎日+2,1,17_1,17,09:46:00,25_0,32,10:13:00,10:23:00,11:08:00,2+0+毎日+5,2,25_0,17,15:48:00,17_2,32,16:12:00,16:14:00,494.0,104.0,0.0,270.0,51.0,False
store_walk_10,2026-09-19,陽明中学校口,kajiso_vio,08:30:00,True,,1+1+毎日+2,1,17_1,17,09:46:00,25_0,32,10:13:00,10:23:00,11:08:00,2+0+毎日+5,2,25_0,17,15:48:00,17_2,32,16:12:00,16:14:00,464.0,74.0,0.0,270.0,51.0,False
store_walk_10,2026-09-19,陽明中学校口,kajiso_vio,09:00:00,True,,1+1+毎日+2,1,17_1,17,09:46:00,25_0,32,10:13:00,10:23:00,11:08:00,2+0+毎日+5,2,25_0,17,15:48:00,17_2,32,16:12:00,16:14:00,434.0,44.0,0.0,270.0,51.0,False
store_walk_10,2026-09-19,陽明中学校口,kajiso_vio,09:30:00,True,,1+1+毎日+2,1,17_1,17,09:46:00,25_0,32,10:13:00,10:23:00,11:08:00,2+0+毎日+5,2,25_0,17,15:48:00,17_2,32,16:12:00,16:14:00,404.0,14.0,0.0,270.0,51.0,False
store_walk_10,2026-09-19,陽明中学校口,kajiso_vio,10:00:00,True,,1+1+毎日+4,1,17_1,17,13:28:00,25_0,32,14:03:00,14:13:00,14:58:00,2+0+毎日+5,2,25_0,17,15:48:00,17_2,32,16:12:00,16:14:00,374.0,206.0,0.0,40.0,59.0,False
store_walk_10,2026-09-19,陽明中学校口,kajiso_vio,10:30:00,True,,1+1+毎日+4,1,17_1,17,13:28:00,25_0,32,14:03:00,14:13:00,14:58:00,2+0+毎日+5,2,25_0,17,15:48:00,17_2,32,16:12:00,16:14:00,344.0,176.0,0.0,40.0,59.0,False
store_walk_10,2026-09-19,陽明中学校口,kajiso_vio,11:00:00,True,,1+1+毎日+4,1,17_1,17,13:28:00,25_0,32,14:03:00,14:13:00,14:58:00,2+0+毎日+5,2,25_0,17,15:48:00,17_2,32,16:12:00,16:14:00,314.0,146.0,0.0,40.0,59.0,False
store_walk_10,2026-09-19,陽明中学校口,kajiso_vio,11:30:00,True,,1+1+毎日+4,1,17_1,17,13:28:00,25_0,32,14:03:00,14:13:00,14:58:00,2+0+毎日+5,2,25_0,17,15:48:00,17_2,32,16:12:00,16:14:00,284.0,116.0,0.0,40.0,59.0,False
store_walk_10,2026-09-19,陽明中学校口,kajiso_vio,12:00:00,True,,1+1+毎日+4,1,17_1,17,13:28:00,25_0,32,14:03:00,14:13:00,14:58:00,2+0+毎日+5,2,25_0,17,15:48:00,17_2,32,16:12:00,16:14:00,254.0,86.0,0.0,40.0,59.0,False
store_walk_10,2026-09-19,陽明中学校口,kajiso_vio,12:30:00,True,,1+1+毎日+4,1,17_1,17,13:28:00,25_0,32,14:03:00,14:13:00,14:58:00,2+0+毎日+5,2,25_0,17,15:48:00,17_2,32,16:12:00,16:14:00,224.0,56.0,0.0,40.0,59.0,False
store_walk_10,2026-09-19,陽明中学校口,kajiso_vio,13:00:00,True,,1+1+毎日+4,1,17_1,17,13:28:00,25_0,32,14:03:00,14:13:00,14:58:00,2+0+毎日+5,2,25_0,17,15:48:00,17_2,32,16:12:00,16:14:00,194.0,26.0,0.0,40.0,59.0,False
store_walk_10,2026-09-19,陽明中学校口,kajiso_vio,13:30:00,False,no_outbound_bus,,,,,,,,,,,,,,,,,,,,,,,,,False
store_walk_10,2026-09-19,陽明中学校口,kajiso_vio,14:00:00,False,no_outbound_bus,,,,,,,,,,,,,,,,,,,,,,,,,False
store_walk_10,2026-09-19,陽明中学校口,kajiso_vio,14:30:00,False,no_outbound_bus,,,,,,,,,,,,,,,,,,,,,,,,,False
store_walk_10,2026-09-19,陽明中学校口,kajiso_vio,15:00:00,False,no_outbound_bus,,,,,,,,,,,,,,,,,,,,,,,,,False
store_walk_10,2026-09-19,陽明中学校口,kajiso_vio,15:30:00,False,no_outbound_bus,,,,,,,,,,,,,,,,,,,,,,,,,False
store_walk_10,2026-09-19,陽明中学校口,kajiso_vio,16:00:00,False,no_outbound_bus,,,,,,,,,,,,,,,,,,,,,,,,,False
store_walk_10,2026-09-19,さくら公園,kajiso_libre,08:00:00,True,,1+1+毎日+2,1,19_1,19,09:48:00,21_1,21,09:50:00,10:00:00,10:45:00,2+0+毎日+3,2,21_2,28,11:47:00,19_2,30,11:49:00,11:51:00,231.0,106.0,0.0,52.0,4.0,False
store_walk_10,2026-09-19,さくら公園,kajiso_libre,08:30:00,True,,1+1+毎日+2,1,19_1,19,09:48:00,21_1,21,09:50:00,10:00:00,10:45:00,2+0+毎日+3,2,21_2,28,11:47:00,19_2,30,11:49:00,11:51:00,201.0,76.0,0.0,52.0,4.0,False
store_walk_10,2026-09-19,さくら公園,kajiso_libre,09:00:00,True,,1+1+毎日+2,1,19_1,19,09:48:00,21_1,21,09:50:00,10:00:00,10:45:00,2+0+毎日+3,2,21_2,28,11:47:00,19_2,30,11:49:00,11:51:00,171.0,46.0,0.0,52.0,4.0,True
store_walk_10,2026-09-19,さくら公園,kajiso_libre,09:30:00,True,,1+1+毎日+2,1,19_1,19,09:48:00,21_1,21,09:50:00,10:00:00,10:45:00,2+0+毎日+3,2,21_2,28,11:47:00,19_2,30,11:49:00,11:51:00,141.0,16.0,0.0,52.0,4.0,True
store_walk_10,2026-09-19,さくら公園,kajiso_libre,10:00:00,True,,1+1+毎日+4,1,19_1,19,13:30:00,21_1,21,13:32:00,13:42:00,14:27:00,2+0+毎日+5,2,21_2,28,16:08:00,19_2,30,16:10:00,16:12:00,372.0,208.0,0.0,91.0,4.0,False
store_walk_10,2026-09-19,さくら公園,kajiso_libre,10:30:00,True,,1+1+毎日+4,1,19_1,19,13:30:00,21_1,21,13:32:00,13:42:00,14:27:00,2+0+毎日+5,2,21_2,28,16:08:00,19_2,30,16:10:00,16:12:00,342.0,178.0,0.0,91.0,4.0,False
store_walk_10,2026-09-19,さくら公園,kajiso_libre,11:00:00,True,,1+1+毎日+4,1,19_1,19,13:30:00,21_1,21,13:32:00,13:42:00,14:27:00,2+0+毎日+5,2,21_2,28,16:08:00,19_2,30,16:10:00,16:12:00,312.0,148.0,0.0,91.0,4.0,False
store_walk_10,2026-09-19,さくら公園,kajiso_libre,11:30:00,True,,1+1+毎日+4,1,19_1,19,13:30:00,21_1,21,13:32:00,13:42:00,14:27:00,2+0+毎日+5,2,21_2,28,16:08:00,19_2,30,16:10:00,16:12:00,282.0,118.0,0.0,91.0,4.0,False
store_walk_10,2026-09-19,さくら公園,kajiso_libre,12:00:00,True,,1+1+毎日+4,1,19_1,19,13:30:00,21_1,21,13:32:00,13:42:00,14:27:00,2+0+毎日+5,2,21_2,28,16:08:00,19_2,30,16:10:00,16:12:00,252.0,88.0,0.0,91.0,4.0,False
store_walk_10,2026-09-19,さくら公園,kajiso_libre,12:30:00,True,,1+1+毎日+4,1,19_1,19,13:30:00,21_1,21,13:32:00,13:42:00,14:27:00,2+0+毎日+5,2,21_2,28,16:08:00,19_2,30,16:10:00,16:12:00,222.0,58.0,0.0,91.0,4.0,False
store_walk_10,2026-09-19,さくら公園,kajiso_libre,13:00:00,True,,1+1+毎日+4,1,19_1,19,13:30:00,21_1,21,13:32:00,13:42:00,14:27:00,2+0+毎日+5,2,21_2,28,16:08:00,19_2,30,16:10:00,16:12:00,192.0,28.0,0.0,91.0,4.0,False
store_walk_10,2026-09-19,さくら公園,kajiso_libre,13:30:00,False,no_outbound_bus,,,,,,,,,,,,,,,,,,,,,,,,,False
store_walk_10,2026-09-19,さくら公園,kajiso_libre,14:00:00,False,no_outbound_bus,,,,,,,,,,,,,,,,,,,,,,,,,False
store_walk_10,2026-09-19,さくら公園,kajiso_libre,14:30:00,False,no_outbound_bus,,,,,,,,,,,,,,,,,,,,,,,,,False
store_walk_10,2026-09-19,さくら公園,kajiso_libre,15:00:00,False,no_outbound_bus,,,,,,,,,,,,,,,,,,,,,,,,,False
store_walk_10,2026-09-19,さくら公園,kajiso_libre,15:30:00,False,no_outbound_bus,,,,,,,,,,,,,,,,,,,,,,,,,False
store_walk_10,2026-09-19,さくら公園,kajiso_libre,16:00:00,False,no_outbound_bus,,,,,,,,,,,,,,,,,,,,,,,,,False
store_walk_10,2026-09-19,さくら公園,kajiso_vio,08:00:00,True,,1+1+毎日+2,1,19_1,19,09:48:00,25_0,32,10:13:00,10:23:00,11:08:00,2+0+毎日+5,2,25_0,17,15:48:00,19_2,30,16:10:00,16:12:00,492.0,106.0,0.0,270.0,47.0,False
store_walk_10,2026-09-19,さくら公園,kajiso_vio,08:30:00,True,,1+1+毎日+2,1,19_1,19,09:48:00,25_0,32,10:13:00,10:23:00,11:08:00,2+0+毎日+5,2,25_0,17,15:48:00,19_2,30,16:10:00,16:12:00,462.0,76.0,0.0,270.0,47.0,False
store_walk_10,2026-09-19,さくら公園,kajiso_vio,09:00:00,True,,1+1+毎日+2,1,19_1,19,09:48:00,25_0,32,10:13:00,10:23:00,11:08:00,2+0+毎日+5,2,25_0,17,15:48:00,19_2,30,16:10:00,16:12:00,432.0,46.0,0.0,270.0,47.0,False
store_walk_10,2026-09-19,さくら公園,kajiso_vio,09:30:00,True,,1+1+毎日+2,1,19_1,19,09:48:00,25_0,32,10:13:00,10:23:00,11:08:00,2+0+毎日+5,2,25_0,17,15:48:00,19_2,30,16:10:00,16:12:00,402.0,16.0,0.0,270.0,47.0,False
store_walk_10,2026-09-19,さくら公園,kajiso_vio,10:00:00,True,,1+1+毎日+4,1,19_1,19,13:30:00,25_0,32,14:03:00,14:13:00,14:58:00,2+0+毎日+5,2,25_0,17,15:48:00,19_2,30,16:10:00,16:12:00,372.0,208.0,0.0,40.0,55.0,False
store_walk_10,2026-09-19,さくら公園,kajiso_vio,10:30:00,True,,1+1+毎日+4,1,19_1,19,13:30:00,25_0,32,14:03:00,14:13:00,14:58:00,2+0+毎日+5,2,25_0,17,15:48:00,19_2,30,16:10:00,16:12:00,342.0,178.0,0.0,40.0,55.0,False
store_walk_10,2026-09-19,さくら公園,kajiso_vio,11:00:00,True,,1+1+毎日+4,1,19_1,19,13:30:00,25_0,32,14:03:00,14:13:00,14:58:00,2+0+毎日+5,2,25_0,17,15:48:00,19_2,30,16:10:00,16:12:00,312.0,148.0,0.0,40.0,55.0,False
store_walk_10,2026-09-19,さくら公園,kajiso_vio,11:30:00,True,,1+1+毎日+4,1,19_1,19,13:30:00,25_0,32,14:03:00,14:13:00,14:58:00,2+0+毎日+5,2,25_0,17,15:48:00,19_2,30,16:10:00,16:12:00,282.0,118.0,0.0,40.0,55.0,False
store_walk_10,2026-09-19,さくら公園,kajiso_vio,12:00:00,True,,1+1+毎日+4,1,19_1,19,13:30:00,25_0,32,14:03:00,14:13:00,14:58:00,2+0+毎日+5,2,25_0,17,15:48:00,19_2,30,16:10:00,16:12:00,252.0,88.0,0.0,40.0,55.0,False
store_walk_10,2026-09-19,さくら公園,kajiso_vio,12:30:00,True,,1+1+毎日+4,1,19_1,19,13:30:00,25_0,32,14:03:00,14:13:00,14:58:00,2+0+毎日+5,2,25_0,17,15:48:00,19_2,30,16:10:00,16:12:00,222.0,58.0,0.0,40.0,55.0,False
store_walk_10,2026-09-19,さくら公園,kajiso_vio,13:00:00,True,,1+1+毎日+4,1,19_1,19,13:30:00,25_0,32,14:03:00,14:13:00,14:58:00,2+0+毎日+5,2,25_0,17,15:48:00,19_2,30,16:10:00,16:12:00,192.0,28.0,0.0,40.0,55.0,False
store_walk_10,2026-09-19,さくら公園,kajiso_vio,13:30:00,False,no_outbound_bus,,,,,,,,,,,,,,,,,,,,,,,,,False
store_walk_10,2026-09-19,さくら公園,kajiso_vio,14:00:00,False,no_outbound_bus,,,,,,,,,,,,,,,,,,,,,,,,,False
store_walk_10,2026-09-19,さくら公園,kajiso_vio,14:30:00,False,no_outbound_bus,,,,,,,,,,,,,,,,,,,,,,,,,False
store_walk_10,2026-09-19,さくら公園,kajiso_vio,15:00:00,False,no_outbound_bus,,,,,,,,,,,,,,,,,,,,,,,,,False
store_walk_10,2026-09-19,さくら公園,kajiso_vio,15:30:00,False,no_outbound_bus,,,,,,,,,,,,,,,,,,,,,,,,,False
store_walk_10,2026-09-19,さくら公園,kajiso_vio,16:00:00,False,no_outbound_bus,,,,,,,,,,,,,,,,,,,,,,,,,False
store_walk_10,2026-09-19,わかくさ,kajiso_libre,08:00:00,True,,2+0+毎日+3,2,22_2,27,11:46:00,21_2,28,11:47:00,11:57:00,12:42:00,1+1+毎日+4,1,21_1,21,13:32:00,22_1,22,13:33:00,13:35:00,335.0,224.0,0.0,40.0,2.0,False
store_walk_10,2026-09-19,わかくさ,kajiso_libre,08:30:00,True,,2+0+毎日+3,2,22_2,27,11:46:00,21_2,28,11:47:00,11:57:00,12:42:00,1+1+毎日+4,1,21_1,21,13:32:00,22_1,22,13:33:00,13:35:00,305.0,194.0,0.0,40.0,2.0,False
store_walk_10,2026-09-19,わかくさ,kajiso_libre,09:00:00,True,,2+0+毎日+3,2,22_2,27,11:46:00,21_2,28,11:47:00,11:57:00,12:42:00,1+1+毎日+4,1,21_1,21,13:32:00,22_1,22,13:33:00,13:35:00,275.0,164.0,0.0,40.0,2.0,False
store_walk_10,2026-09-19,わかくさ,kajiso_libre,09:30:00,True,,2+0+毎日+3,2,22_2,27,11:46:00,21_2,28,11:47:00,11:57:00,12:42:00,1+1+毎日+4,1,21_1,21,13:32:00,22_1,22,13:33:00,13:35:00,245.0,134.0,0.0,40.0,2.0,False
store_walk_10,2026-09-19,わかくさ,kajiso_libre,10:00:00,True,,2+0+毎日+3,2,22_2,27,11:46:00,21_2,28,11:47:00,11:57:00,12:42:00,1+1+毎日+4,1,21_1,21,13:32:00,22_1,22,13:33:00,13:35:00,215.0,104.0,0.0,40.0,2.0,False
store_walk_10,2026-09-19,わかくさ,kajiso_libre,10:30:00,True,,2+0+毎日+3,2,22_2,27,11:46:00,21_2,28,11:47:00,11:57:00,12:42:00,1+1+毎日+4,1,21_1,21,13:32:00,22_1,22,13:33:00,13:35:00,185.0,74.0,0.0,40.0,2.0,False
store_walk_10,2026-09-19,わかくさ,kajiso_libre,11:00:00,True,,2+0+毎日+3,2,22_2,27,11:46:00,21_2,28,11:47:00,11:57:00,12:42:00,1+1+毎日+4,1,21_1,21,13:32:00,22_1,22,13:33:00,13:35:00,155.0,44.0,0.0,40.0,2.0,True
store_walk_10,2026-09-19,わかくさ,kajiso_libre,11:30:00,True,,2+0+毎日+3,2,22_2,27,11:46:00,21_2,28,11:47:00,11:57:00,12:42:00,1+1+毎日+4,1,21_1,21,13:32:00,22_1,22,13:33:00,13:35:00,125.0,14.0,0.0,40.0,2.0,True
store_walk_10,2026-09-19,わかくさ,kajiso_libre,12:00:00,False,no_return_by_deadline,,,,,,,,,,,,,,,,,,,,,,,,,False
store_walk_10,2026-09-19,わかくさ,kajiso_libre,12:30:00,False,no_return_by_deadline,,,,,,,,,,,,,,,,,,,,,,,,,False
store_walk_10,2026-09-19,わかくさ,kajiso_libre,13:00:00,False,no_return_by_deadline,,,,,,,,,,,,,,,,,,,,,,,,,False
store_walk_10,2026-09-19,わかくさ,kajiso_libre,13:30:00,False,no_return_by_deadline,,,,,,,,,,,,,,,,,,,,,,,,,False
store_walk_10,2026-09-19,わかくさ,kajiso_libre,14:00:00,False,no_return_by_deadline,,,,,,,,,,,,,,,,,,,,,,,,,False
store_walk_10,2026-09-19,わかくさ,kajiso_libre,14:30:00,False,no_return_by_deadline,,,,,,,,,,,,,,,,,,,,,,,,,False
store_walk_10,2026-09-19,わかくさ,kajiso_libre,15:00:00,False,no_return_by_deadline,,,,,,,,,,,,,,,,,,,,,,,,,False
store_walk_10,2026-09-19,わかくさ,kajiso_libre,15:30:00,False,no_return_by_deadline,,,,,,,,,,,,,,,,,,,,,,,,,False
store_walk_10,2026-09-19,わかくさ,kajiso_libre,16:00:00,False,no_return_by_deadline,,,,,,,,,,,,,,,,,,,,,,,,,False
store_walk_10,2026-09-19,わかくさ,kajiso_vio,08:00:00,True,,1+1+毎日+2,1,22_1,22,09:51:00,25_0,32,10:13:00,10:23:00,11:08:00,2+0+毎日+5,2,25_0,17,15:48:00,22_2,27,16:07:00,16:09:00,489.0,109.0,0.0,270.0,41.0,False
store_walk_10,2026-09-19,わかくさ,kajiso_vio,08:30:00,True,,1+1+毎日+2,1,22_1,22,09:51:00,25_0,32,10:13:00,10:23:00,11:08:00,2+0+毎日+5,2,25_0,17,15:48:00,22_2,27,16:07:00,16:09:00,459.0,79.0,0.0,270.0,41.0,False
store_walk_10,2026-09-19,わかくさ,kajiso_vio,09:00:00,True,,1+1+毎日+2,1,22_1,22,09:51:00,25_0,32,10:13:00,10:23:00,11:08:00,2+0+毎日+5,2,25_0,17,15:48:00,22_2,27,16:07:00,16:09:00,429.0,49.0,0.0,270.0,41.0,False
store_walk_10,2026-09-19,わかくさ,kajiso_vio,09:30:00,True,,1+1+毎日+2,1,22_1,22,09:51:00,25_0,32,10:13:00,10:23:00,11:08:00,2+0+毎日+5,2,25_0,17,15:48:00,22_2,27,16:07:00,16:09:00,399.0,19.0,0.0,270.0,41.0,False
store_walk_10,2026-09-19,わかくさ,kajiso_vio,10:00:00,True,,1+1+毎日+4,1,22_1,22,13:33:00,25_0,32,14:03:00,14:13:00,14:58:00,2+0+毎日+5,2,25_0,17,15:48:00,22_2,27,16:07:00,16:09:00,369.0,211.0,0.0,40.0,49.0,False
store_walk_10,2026-09-19,わかくさ,kajiso_vio,10:30:00,True,,1+1+毎日+4,1,22_1,22,13:33:00,25_0,32,14:03:00,14:13:00,14:58:00,2+0+毎日+5,2,25_0,17,15:48:00,22_2,27,16:07:00,16:09:00,339.0,181.0,0.0,40.0,49.0,False
store_walk_10,2026-09-19,わかくさ,kajiso_vio,11:00:00,True,,1+1+毎日+4,1,22_1,22,13:33:00,25_0,32,14:03:00,14:13:00,14:58:00,2+0+毎日+5,2,25_0,17,15:48:00,22_2,27,16:07:00,16:09:00,309.0,151.0,0.0,40.0,49.0,False
store_walk_10,2026-09-19,わかくさ,kajiso_vio,11:30:00,True,,1+1+毎日+4,1,22_1,22,13:33:00,25_0,32,14:03:00,14:13:00,14:58:00,2+0+毎日+5,2,25_0,17,15:48:00,22_2,27,16:07:00,16:09:00,279.0,121.0,0.0,40.0,49.0,False
store_walk_10,2026-09-19,わかくさ,kajiso_vio,12:00:00,True,,1+1+毎日+4,1,22_1,22,13:33:00,25_0,32,14:03:00,14:13:00,14:58:00,2+0+毎日+5,2,25_0,17,15:48:00,22_2,27,16:07:00,16:09:00,249.0,91.0,0.0,40.0,49.0,False
store_walk_10,2026-09-19,わかくさ,kajiso_vio,12:30:00,True,,1+1+毎日+4,1,22_1,22,13:33:00,25_0,32,14:03:00,14:13:00,14:58:00,2+0+毎日+5,2,25_0,17,15:48:00,22_2,27,16:07:00,16:09:00,219.0,61.0,0.0,40.0,49.0,False
store_walk_10,2026-09-19,わかくさ,kajiso_vio,13:00:00,True,,1+1+毎日+4,1,22_1,22,13:33:00,25_0,32,14:03:00,14:13:00,14:58:00,2+0+毎日+5,2,25_0,17,15:48:00,22_2,27,16:07:00,16:09:00,189.0,31.0,0.0,40.0,49.0,False
store_walk_10,2026-09-19,わかくさ,kajiso_vio,13:30:00,False,no_outbound_bus,,,,,,,,,,,,,,,,,,,,,,,,,False
store_walk_10,2026-09-19,わかくさ,kajiso_vio,14:00:00,False,no_outbound_bus,,,,,,,,,,,,,,,,,,,,,,,,,False
store_walk_10,2026-09-19,わかくさ,kajiso_vio,14:30:00,False,no_outbound_bus,,,,,,,,,,,,,,,,,,,,,,,,,False
store_walk_10,2026-09-19,わかくさ,kajiso_vio,15:00:00,False,no_outbound_bus,,,,,,,,,,,,,,,,,,,,,,,,,False
store_walk_10,2026-09-19,わかくさ,kajiso_vio,15:30:00,False,no_outbound_bus,,,,,,,,,,,,,,,,,,,,,,,,,False
store_walk_10,2026-09-19,わかくさ,kajiso_vio,16:00:00,False,no_outbound_bus,,,,,,,,,,,,,,,,,,,,,,,,,False
store_walk_10,2026-09-19,篠座,kajiso_libre,08:00:00,True,,2+0+毎日+3,2,29_2,13,11:12:00,21_2,28,11:47:00,11:57:00,12:42:00,1+1+毎日+4,1,21_1,21,13:32:00,29_1,36,14:11:00,14:13:00,373.0,190.0,0.0,40.0,74.0,False
store_walk_10,2026-09-19,篠座,kajiso_libre,08:30:00,True,,2+0+毎日+3,2,29_2,13,11:12:00,21_2,28,11:47:00,11:57:00,12:42:00,1+1+毎日+4,1,21_1,21,13:32:00,29_1,36,14:11:00,14:13:00,343.0,160.0,0.0,40.0,74.0,False
store_walk_10,2026-09-19,篠座,kajiso_libre,09:00:00,True,,2+0+毎日+3,2,29_2,13,11:12:00,21_2,28,11:47:00,11:57:00,12:42:00,1+1+毎日+4,1,21_1,21,13:32:00,29_1,36,14:11:00,14:13:00,313.0,130.0,0.0,40.0,74.0,False
store_walk_10,2026-09-19,篠座,kajiso_libre,09:30:00,True,,2+0+毎日+3,2,29_2,13,11:12:00,21_2,28,11:47:00,11:57:00,12:42:00,1+1+毎日+4,1,21_1,21,13:32:00,29_1,36,14:11:00,14:13:00,283.0,100.0,0.0,40.0,74.0,False
store_walk_10,2026-09-19,篠座,kajiso_libre,10:00:00,True,,2+0+毎日+3,2,29_2,13,11:12:00,21_2,28,11:47:00,11:57:00,12:42:00,1+1+毎日+4,1,21_1,21,13:32:00,29_1,36,14:11:00,14:13:00,253.0,70.0,0.0,40.0,74.0,False
store_walk_10,2026-09-19,篠座,kajiso_libre,10:30:00,True,,2+0+毎日+3,2,29_2,13,11:12:00,21_2,28,11:47:00,11:57:00,12:42:00,1+1+毎日+4,1,21_1,21,13:32:00,29_1,36,14:11:00,14:13:00,223.0,40.0,0.0,40.0,74.0,False
store_walk_10,2026-09-19,篠座,kajiso_libre,11:00:00,True,,2+0+毎日+3,2,29_2,13,11:12:00,21_2,28,11:47:00,11:57:00,12:42:00,1+1+毎日+4,1,21_1,21,13:32:00,29_1,36,14:11:00,14:13:00,193.0,10.0,0.0,40.0,74.0,False
store_walk_10,2026-09-19,篠座,kajiso_libre,11:30:00,False,no_return_by_deadline,,,,,,,,,,,,,,,,,,,,,,,,,False
store_walk_10,2026-09-19,篠座,kajiso_libre,12:00:00,False,no_return_by_deadline,,,,,,,,,,,,,,,,,,,,,,,,,False
store_walk_10,2026-09-19,篠座,kajiso_libre,12:30:00,False,no_return_by_deadline,,,,,,,,,,,,,,,,,,,,,,,,,False
store_walk_10,2026-09-19,篠座,kajiso_libre,13:00:00,False,no_return_by_deadline,,,,,,,,,,,,,,,,,,,,,,,,,False
store_walk_10,2026-09-19,篠座,kajiso_libre,13:30:00,False,no_return_by_deadline,,,,,,,,,,,,,,,,,,,,,,,,,False
store_walk_10,2026-09-19,篠座,kajiso_libre,14:00:00,False,no_return_by_deadline,,,,,,,,,,,,,,,,,,,,,,,,,False
store_walk_10,2026-09-19,篠座,kajiso_libre,14:30:00,False,no_return_by_deadline,,,,,,,,,,,,,,,,,,,,,,,,,False
store_walk_10,2026-09-19,篠座,kajiso_libre,15:00:00,False,no_return_by_deadline,,,,,,,,,,,,,,,,,,,,,,,,,False
store_walk_10,2026-09-19,篠座,kajiso_libre,15:30:00,False,no_return_by_deadline,,,,,,,,,,,,,,,,,,,,,,,,,False
store_walk_10,2026-09-19,篠座,kajiso_libre,16:00:00,False,no_outbound_bus,,,,,,,,,,,,,,,,,,,,,,,,,False
store_walk_10,2026-09-19,篠座,kajiso_vio,08:00:00,True,,2+0+毎日+3,2,29_2,13,11:12:00,25_0,17,11:19:00,11:29:00,12:14:00,1+1+毎日+4,1,25_0,32,14:03:00,29_1,36,14:11:00,14:13:00,373.0,190.0,0.0,99.0,15.0,False
store_walk_10,2026-09-19,篠座,kajiso_vio,08:30:00,True,,2+0+毎日+3,2,29_2,13,11:12:00,25_0,17,11:19:00,11:29:00,12:14:00,1+1+毎日+4,1,25_0,32,14:03:00,29_1,36,14:11:00,14:13:00,343.0,160.0,0.0,99.0,15.0,False
store_walk_10,2026-09-19,篠座,kajiso_vio,09:00:00,True,,2+0+毎日+3,2,29_2,13,11:12:00,25_0,17,11:19:00,11:29:00,12:14:00,1+1+毎日+4,1,25_0,32,14:03:00,29_1,36,14:11:00,14:13:00,313.0,130.0,0.0,99.0,15.0,False
store_walk_10,2026-09-19,篠座,kajiso_vio,09:30:00,True,,2+0+毎日+3,2,29_2,13,11:12:00,25_0,17,11:19:00,11:29:00,12:14:00,1+1+毎日+4,1,25_0,32,14:03:00,29_1,36,14:11:00,14:13:00,283.0,100.0,0.0,99.0,15.0,False
store_walk_10,2026-09-19,篠座,kajiso_vio,10:00:00,True,,2+0+毎日+3,2,29_2,13,11:12:00,25_0,17,11:19:00,11:29:00,12:14:00,1+1+毎日+4,1,25_0,32,14:03:00,29_1,36,14:11:00,14:13:00,253.0,70.0,0.0,99.0,15.0,False
store_walk_10,2026-09-19,篠座,kajiso_vio,10:30:00,True,,2+0+毎日+3,2,29_2,13,11:12:00,25_0,17,11:19:00,11:29:00,12:14:00,1+1+毎日+4,1,25_0,32,14:03:00,29_1,36,14:11:00,14:13:00,223.0,40.0,0.0,99.0,15.0,False
store_walk_10,2026-09-19,篠座,kajiso_vio,11:00:00,True,,2+0+毎日+3,2,29_2,13,11:12:00,25_0,17,11:19:00,11:29:00,12:14:00,1+1+毎日+4,1,25_0,32,14:03:00,29_1,36,14:11:00,14:13:00,193.0,10.0,0.0,99.0,15.0,False
store_walk_10,2026-09-19,篠座,kajiso_vio,11:30:00,False,no_return_by_deadline,,,,,,,,,,,,,,,,,,,,,,,,,False
store_walk_10,2026-09-19,篠座,kajiso_vio,12:00:00,False,no_return_by_deadline,,,,,,,,,,,,,,,,,,,,,,,,,False
store_walk_10,2026-09-19,篠座,kajiso_vio,12:30:00,False,no_return_by_deadline,,,,,,,,,,,,,,,,,,,,,,,,,False
store_walk_10,2026-09-19,篠座,kajiso_vio,13:00:00,False,no_return_by_deadline,,,,,,,,,,,,,,,,,,,,,,,,,False
store_walk_10,2026-09-19,篠座,kajiso_vio,13:30:00,False,no_return_by_deadline,,,,,,,,,,,,,,,,,,,,,,,,,False
store_walk_10,2026-09-19,篠座,kajiso_vio,14:00:00,False,no_return_by_deadline,,,,,,,,,,,,,,,,,,,,,,,,,False
store_walk_10,2026-09-19,篠座,kajiso_vio,14:30:00,False,no_return_by_deadline,,,,,,,,,,,,,,,,,,,,,,,,,False
store_walk_10,2026-09-19,篠座,kajiso_vio,15:00:00,False,no_return_by_deadline,,,,,,,,,,,,,,,,,,,,,,,,,False
store_walk_10,2026-09-19,篠座,kajiso_vio,15:30:00,False,no_return_by_deadline,,,,,,,,,,,,,,,,,,,,,,,,,False
store_walk_10,2026-09-19,篠座,kajiso_vio,16:00:00,False,no_outbound_bus,,,,,,,,,,,,,,,,,,,,,,,,,False
store_walk_10,2026-09-19,いなほこども園,kajiso_libre,08:00:00,True,,2+0+毎日+3,2,33_2,9,11:08:00,21_2,28,11:47:00,11:57:00,12:42:00,1+1+毎日+4,1,21_1,21,13:32:00,33_1,40,14:15:00,14:17:00,377.0,186.0,0.0,40.0,82.0,False
store_walk_10,2026-09-19,いなほこども園,kajiso_libre,08:30:00,True,,2+0+毎日+3,2,33_2,9,11:08:00,21_2,28,11:47:00,11:57:00,12:42:00,1+1+毎日+4,1,21_1,21,13:32:00,33_1,40,14:15:00,14:17:00,347.0,156.0,0.0,40.0,82.0,False
store_walk_10,2026-09-19,いなほこども園,kajiso_libre,09:00:00,True,,2+0+毎日+3,2,33_2,9,11:08:00,21_2,28,11:47:00,11:57:00,12:42:00,1+1+毎日+4,1,21_1,21,13:32:00,33_1,40,14:15:00,14:17:00,317.0,126.0,0.0,40.0,82.0,False
store_walk_10,2026-09-19,いなほこども園,kajiso_libre,09:30:00,True,,2+0+毎日+3,2,33_2,9,11:08:00,21_2,28,11:47:00,11:57:00,12:42:00,1+1+毎日+4,1,21_1,21,13:32:00,33_1,40,14:15:00,14:17:00,287.0,96.0,0.0,40.0,82.0,False
store_walk_10,2026-09-19,いなほこども園,kajiso_libre,10:00:00,True,,2+0+毎日+3,2,33_2,9,11:08:00,21_2,28,11:47:00,11:57:00,12:42:00,1+1+毎日+4,1,21_1,21,13:32:00,33_1,40,14:15:00,14:17:00,257.0,66.0,0.0,40.0,82.0,False
store_walk_10,2026-09-19,いなほこども園,kajiso_libre,10:30:00,True,,2+0+毎日+3,2,33_2,9,11:08:00,21_2,28,11:47:00,11:57:00,12:42:00,1+1+毎日+4,1,21_1,21,13:32:00,33_1,40,14:15:00,14:17:00,227.0,36.0,0.0,40.0,82.0,False
store_walk_10,2026-09-19,いなほこども園,kajiso_libre,11:00:00,True,,2+0+毎日+3,2,33_2,9,11:08:00,21_2,28,11:47:00,11:57:00,12:42:00,1+1+毎日+4,1,21_1,21,13:32:00,33_1,40,14:15:00,14:17:00,197.0,6.0,0.0,40.0,82.0,False
store_walk_10,2026-09-19,いなほこども園,kajiso_libre,11:30:00,False,no_return_by_deadline,,,,,,,,,,,,,,,,,,,,,,,,,False
store_walk_10,2026-09-19,いなほこども園,kajiso_libre,12:00:00,False,no_return_by_deadline,,,,,,,,,,,,,,,,,,,,,,,,,False
store_walk_10,2026-09-19,いなほこども園,kajiso_libre,12:30:00,False,no_return_by_deadline,,,,,,,,,,,,,,,,,,,,,,,,,False
store_walk_10,2026-09-19,いなほこども園,kajiso_libre,13:00:00,False,no_return_by_deadline,,,,,,,,,,,,,,,,,,,,,,,,,False
store_walk_10,2026-09-19,いなほこども園,kajiso_libre,13:30:00,False,no_return_by_deadline,,,,,,,,,,,,,,,,,,,,,,,,,False
store_walk_10,2026-09-19,いなほこども園,kajiso_libre,14:00:00,False,no_return_by_deadline,,,,,,,,,,,,,,,,,,,,,,,,,False
store_walk_10,2026-09-19,いなほこども園,kajiso_libre,14:30:00,False,no_return_by_deadline,,,,,,,,,,,,,,,,,,,,,,,,,False
store_walk_10,2026-09-19,いなほこども園,kajiso_libre,15:00:00,False,no_return_by_deadline,,,,,,,,,,,,,,,,,,,,,,,,,False
store_walk_10,2026-09-19,いなほこども園,kajiso_libre,15:30:00,False,no_return_by_deadline,,,,,,,,,,,,,,,,,,,,,,,,,False
store_walk_10,2026-09-19,いなほこども園,kajiso_libre,16:00:00,False,no_outbound_bus,,,,,,,,,,,,,,,,,,,,,,,,,False
store_walk_10,2026-09-19,いなほこども園,kajiso_vio,08:00:00,True,,2+0+毎日+3,2,33_2,9,11:08:00,25_0,17,11:19:00,11:29:00,12:14:00,1+1+毎日+4,1,25_0,32,14:03:00,33_1,40,14:15:00,14:17:00,377.0,186.0,0.0,99.0,23.0,False
store_walk_10,2026-09-19,いなほこども園,kajiso_vio,08:30:00,True,,2+0+毎日+3,2,33_2,9,11:08:00,25_0,17,11:19:00,11:29:00,12:14:00,1+1+毎日+4,1,25_0,32,14:03:00,33_1,40,14:15:00,14:17:00,347.0,156.0,0.0,99.0,23.0,False
store_walk_10,2026-09-19,いなほこども園,kajiso_vio,09:00:00,True,,2+0+毎日+3,2,33_2,9,11:08:00,25_0,17,11:19:00,11:29:00,12:14:00,1+1+毎日+4,1,25_0,32,14:03:00,33_1,40,14:15:00,14:17:00,317.0,126.0,0.0,99.0,23.0,False
store_walk_10,2026-09-19,いなほこども園,kajiso_vio,09:30:00,True,,2+0+毎日+3,2,33_2,9,11:08:00,25_0,17,11:19:00,11:29:00,12:14:00,1+1+毎日+4,1,25_0,32,14:03:00,33_1,40,14:15:00,14:17:00,287.0,96.0,0.0,99.0,23.0,False
store_walk_10,2026-09-19,いなほこども園,kajiso_vio,10:00:00,True,,2+0+毎日+3,2,33_2,9,11:08:00,25_0,17,11:19:00,11:29:00,12:14:00,1+1+毎日+4,1,25_0,32,14:03:00,33_1,40,14:15:00,14:17:00,257.0,66.0,0.0,99.0,23.0,False
store_walk_10,2026-09-19,いなほこども園,kajiso_vio,10:30:00,True,,2+0+毎日+3,2,33_2,9,11:08:00,25_0,17,11:19:00,11:29:00,12:14:00,1+1+毎日+4,1,25_0,32,14:03:00,33_1,40,14:15:00,14:17:00,227.0,36.0,0.0,99.0,23.0,False
store_walk_10,2026-09-19,いなほこども園,kajiso_vio,11:00:00,True,,2+0+毎日+3,2,33_2,9,11:08:00,25_0,17,11:19:00,11:29:00,12:14:00,1+1+毎日+4,1,25_0,32,14:03:00,33_1,40,14:15:00,14:17:00,197.0,6.0,0.0,99.0,23.0,False
store_walk_10,2026-09-19,いなほこども園,kajiso_vio,11:30:00,False,no_return_by_deadline,,,,,,,,,,,,,,,,,,,,,,,,,False
store_walk_10,2026-09-19,いなほこども園,kajiso_vio,12:00:00,False,no_return_by_deadline,,,,,,,,,,,,,,,,,,,,,,,,,False
store_walk_10,2026-09-19,いなほこども園,kajiso_vio,12:30:00,False,no_return_by_deadline,,,,,,,,,,,,,,,,,,,,,,,,,False
store_walk_10,2026-09-19,いなほこども園,kajiso_vio,13:00:00,False,no_return_by_deadline,,,,,,,,,,,,,,,,,,,,,,,,,False
store_walk_10,2026-09-19,いなほこども園,kajiso_vio,13:30:00,False,no_return_by_deadline,,,,,,,,,,,,,,,,,,,,,,,,,False
store_walk_10,2026-09-19,いなほこども園,kajiso_vio,14:00:00,False,no_return_by_deadline,,,,,,,,,,,,,,,,,,,,,,,,,False
store_walk_10,2026-09-19,いなほこども園,kajiso_vio,14:30:00,False,no_return_by_deadline,,,,,,,,,,,,,,,,,,,,,,,,,False
store_walk_10,2026-09-19,いなほこども園,kajiso_vio,15:00:00,False,no_return_by_deadline,,,,,,,,,,,,,,,,,,,,,,,,,False
store_walk_10,2026-09-19,いなほこども園,kajiso_vio,15:30:00,False,no_return_by_deadline,,,,,,,,,,,,,,,,,,,,,,,,,False
store_walk_10,2026-09-19,いなほこども園,kajiso_vio,16:00:00,False,no_outbound_bus,,,,,,,,,,,,,,,,,,,,,,,,,False
store_walk_10,2026-09-19,童子丸郵便局口,kajiso_libre,08:00:00,True,,2+0+毎日+3,2,39_2,3,10:59:00,21_2,28,11:47:00,11:57:00,12:42:00,1+1+毎日+4,1,21_1,21,13:32:00,39_1,46,14:23:00,14:25:00,385.0,177.0,0.0,40.0,99.0,False
store_walk_10,2026-09-19,童子丸郵便局口,kajiso_libre,08:30:00,True,,2+0+毎日+3,2,39_2,3,10:59:00,21_2,28,11:47:00,11:57:00,12:42:00,1+1+毎日+4,1,21_1,21,13:32:00,39_1,46,14:23:00,14:25:00,355.0,147.0,0.0,40.0,99.0,False
store_walk_10,2026-09-19,童子丸郵便局口,kajiso_libre,09:00:00,True,,2+0+毎日+3,2,39_2,3,10:59:00,21_2,28,11:47:00,11:57:00,12:42:00,1+1+毎日+4,1,21_1,21,13:32:00,39_1,46,14:23:00,14:25:00,325.0,117.0,0.0,40.0,99.0,False
store_walk_10,2026-09-19,童子丸郵便局口,kajiso_libre,09:30:00,True,,2+0+毎日+3,2,39_2,3,10:59:00,21_2,28,11:47:00,11:57:00,12:42:00,1+1+毎日+4,1,21_1,21,13:32:00,39_1,46,14:23:00,14:25:00,295.0,87.0,0.0,40.0,99.0,False
store_walk_10,2026-09-19,童子丸郵便局口,kajiso_libre,10:00:00,True,,2+0+毎日+3,2,39_2,3,10:59:00,21_2,28,11:47:00,11:57:00,12:42:00,1+1+毎日+4,1,21_1,21,13:32:00,39_1,46,14:23:00,14:25:00,265.0,57.0,0.0,40.0,99.0,False
store_walk_10,2026-09-19,童子丸郵便局口,kajiso_libre,10:30:00,True,,2+0+毎日+3,2,39_2,3,10:59:00,21_2,28,11:47:00,11:57:00,12:42:00,1+1+毎日+4,1,21_1,21,13:32:00,39_1,46,14:23:00,14:25:00,235.0,27.0,0.0,40.0,99.0,False
store_walk_10,2026-09-19,童子丸郵便局口,kajiso_libre,11:00:00,False,no_return_by_deadline,,,,,,,,,,,,,,,,,,,,,,,,,False
store_walk_10,2026-09-19,童子丸郵便局口,kajiso_libre,11:30:00,False,no_return_by_deadline,,,,,,,,,,,,,,,,,,,,,,,,,False
store_walk_10,2026-09-19,童子丸郵便局口,kajiso_libre,12:00:00,False,no_return_by_deadline,,,,,,,,,,,,,,,,,,,,,,,,,False
store_walk_10,2026-09-19,童子丸郵便局口,kajiso_libre,12:30:00,False,no_return_by_deadline,,,,,,,,,,,,,,,,,,,,,,,,,False
store_walk_10,2026-09-19,童子丸郵便局口,kajiso_libre,13:00:00,False,no_return_by_deadline,,,,,,,,,,,,,,,,,,,,,,,,,False
store_walk_10,2026-09-19,童子丸郵便局口,kajiso_libre,13:30:00,False,no_return_by_deadline,,,,,,,,,,,,,,,,,,,,,,,,,False
store_walk_10,2026-09-19,童子丸郵便局口,kajiso_libre,14:00:00,False,no_return_by_deadline,,,,,,,,,,,,,,,,,,,,,,,,,False
store_walk_10,2026-09-19,童子丸郵便局口,kajiso_libre,14:30:00,False,no_return_by_deadline,,,,,,,,,,,,,,,,,,,,,,,,,False
store_walk_10,2026-09-19,童子丸郵便局口,kajiso_libre,15:00:00,False,no_return_by_deadline,,,,,,,,,,,,,,,,,,,,,,,,,False
store_walk_10,2026-09-19,童子丸郵便局口,kajiso_libre,15:30:00,False,no_outbound_bus,,,,,,,,,,,,,,,,,,,,,,,,,False
store_walk_10,2026-09-19,童子丸郵便局口,kajiso_libre,16:00:00,False,no_outbound_bus,,,,,,,,,,,,,,,,,,,,,,,,,False
store_walk_10,2026-09-19,童子丸郵便局口,kajiso_vio,08:00:00,True,,2+0+毎日+3,2,39_2,3,10:59:00,25_0,17,11:19:00,11:29:00,12:14:00,1+1+毎日+4,1,25_0,32,14:03:00,39_1,46,14:23:00,14:25:00,385.0,177.0,0.0,99.0,40.0,False
store_walk_10,2026-09-19,童子丸郵便局口,kajiso_vio,08:30:00,True,,2+0+毎日+3,2,39_2,3,10:59:00,25_0,17,11:19:00,11:29:00,12:14:00,1+1+毎日+4,1,25_0,32,14:03:00,39_1,46,14:23:00,14:25:00,355.0,147.0,0.0,99.0,40.0,False
store_walk_10,2026-09-19,童子丸郵便局口,kajiso_vio,09:00:00,True,,2+0+毎日+3,2,39_2,3,10:59:00,25_0,17,11:19:00,11:29:00,12:14:00,1+1+毎日+4,1,25_0,32,14:03:00,39_1,46,14:23:00,14:25:00,325.0,117.0,0.0,99.0,40.0,False
store_walk_10,2026-09-19,童子丸郵便局口,kajiso_vio,09:30:00,True,,2+0+毎日+3,2,39_2,3,10:59:00,25_0,17,11:19:00,11:29:00,12:14:00,1+1+毎日+4,1,25_0,32,14:03:00,39_1,46,14:23:00,14:25:00,295.0,87.0,0.0,99.0,40.0,False
store_walk_10,2026-09-19,童子丸郵便局口,kajiso_vio,10:00:00,True,,2+0+毎日+3,2,39_2,3,10:59:00,25_0,17,11:19:00,11:29:00,12:14:00,1+1+毎日+4,1,25_0,32,14:03:00,39_1,46,14:23:00,14:25:00,265.0,57.0,0.0,99.0,40.0,False
store_walk_10,2026-09-19,童子丸郵便局口,kajiso_vio,10:30:00,True,,2+0+毎日+3,2,39_2,3,10:59:00,25_0,17,11:19:00,11:29:00,12:14:00,1+1+毎日+4,1,25_0,32,14:03:00,39_1,46,14:23:00,14:25:00,235.0,27.0,0.0,99.0,40.0,False
store_walk_10,2026-09-19,童子丸郵便局口,kajiso_vio,11:00:00,False,no_return_by_deadline,,,,,,,,,,,,,,,,,,,,,,,,,False
store_walk_10,2026-09-19,童子丸郵便局口,kajiso_vio,11:30:00,False,no_return_by_deadline,,,,,,,,,,,,,,,,,,,,,,,,,False
store_walk_10,2026-09-19,童子丸郵便局口,kajiso_vio,12:00:00,False,no_return_by_deadline,,,,,,,,,,,,,,,,,,,,,,,,,False
store_walk_10,2026-09-19,童子丸郵便局口,kajiso_vio,12:30:00,False,no_return_by_deadline,,,,,,,,,,,,,,,,,,,,,,,,,False
store_walk_10,2026-09-19,童子丸郵便局口,kajiso_vio,13:00:00,False,no_return_by_deadline,,,,,,,,,,,,,,,,,,,,,,,,,False
store_walk_10,2026-09-19,童子丸郵便局口,kajiso_vio,13:30:00,False,no_return_by_deadline,,,,,,,,,,,,,,,,,,,,,,,,,False
store_walk_10,2026-09-19,童子丸郵便局口,kajiso_vio,14:00:00,False,no_return_by_deadline,,,,,,,,,,,,,,,,,,,,,,,,,False
store_walk_10,2026-09-19,童子丸郵便局口,kajiso_vio,14:30:00,False,no_return_by_deadline,,,,,,,,,,,,,,,,,,,,,,,,,False
store_walk_10,2026-09-19,童子丸郵便局口,kajiso_vio,15:00:00,False,no_return_by_deadline,,,,,,,,,,,,,,,,,,,,,,,,,False
store_walk_10,2026-09-19,童子丸郵便局口,kajiso_vio,15:30:00,False,no_outbound_bus,,,,,,,,,,,,,,,,,,,,,,,,,False
store_walk_10,2026-09-19,童子丸郵便局口,kajiso_vio,16:00:00,False,no_outbound_bus,,,,,,,,,,,,,,,,,,,,,,,,,False
boarding_buffer_5,2026-09-15,越前大野駅,kajiso_libre,08:00:00,True,,2+0+平日+1,2,1_1,24,08:12:00,21_2,28,08:16:00,09:30:00,10:15:00,1+1+平日+3,1,21_1,21,11:28:00,1_1,24,11:32:00,11:34:00,214.0,10.0,69.0,68.0,8.0,False
boarding_buffer_5,2026-09-15,越前大野駅,kajiso_libre,08:30:00,True,,2+0+平日+2,2,1_1,1,09:15:00,21_2,28,09:58:00,10:03:00,10:48:00,1+1+平日+3,1,21_1,21,11:28:00,1_1,24,11:32:00,11:34:00,184.0,43.0,0.0,35.0,47.0,False
boarding_buffer_5,2026-09-15,越前大野駅,kajiso_libre,09:00:00,True,,2+0+平日+2,2,1_1,1,09:15:00,21_2,28,09:58:00,10:03:00,10:48:00,1+1+平日+3,1,21_1,21,11:28:00,1_1,24,11:32:00,11:34:00,154.0,13.0,0.0,35.0,47.0,True
boarding_buffer_5,2026-09-15,越前大野駅,kajiso_libre,09:30:00,True,,2+0+平日+2,2,1_1,24,09:54:00,21_2,28,09:58:00,10:03:00,10:48:00,1+1+平日+3,1,21_1,21,11:28:00,1_1,24,11:32:00,11:34:00,124.0,22.0,0.0,35.0,8.0,True
boarding_buffer_5,2026-09-15,越前大野駅,kajiso_libre,10:00:00,True,,2+0+毎日+3,2,1_1,1,10:56:00,21_2,28,11:47:00,11:52:00,12:37:00,1+1+毎日+4,1,21_1,21,13:32:00,1_1,24,13:36:00,13:38:00,218.0,54.0,0.0,50.0,55.0,False
boarding_buffer_5,2026-09-15,越前大野駅,kajiso_libre,10:30:00,True,,2+0+毎日+3,2,1_1,1,10:56:00,21_2,28,11:47:00,11:52:00,12:37:00,1+1+毎日+4,1,21_1,21,13:32:00,1_1,24,13:36:00,13:38:00,188.0,24.0,0.0,50.0,55.0,False
boarding_buffer_5,2026-09-15,越前大野駅,kajiso_libre,11:00:00,True,,2+0+毎日+3,2,1_1,24,11:43:00,21_2,28,11:47:00,11:52:00,12:37:00,1+1+毎日+4,1,21_1,21,13:32:00,1_1,24,13:36:00,13:38:00,158.0,41.0,0.0,50.0,8.0,True
boarding_buffer_5,2026-09-15,越前大野駅,kajiso_libre,11:30:00,True,,2+0+毎日+3,2,1_1,24,11:43:00,21_2,28,11:47:00,11:52:00,12:37:00,1+1+毎日+4,1,21_1,21,13:32:00,1_1,24,13:36:00,13:38:00,128.0,11.0,0.0,50.0,8.0,True
boarding_buffer_5,2026-09-15,越前大野駅,kajiso_libre,12:00:00,True,,2+0+平日+4,2,1_1,1,13:00:00,21_2,28,13:54:00,13:59:00,14:44:00,1+1+平日+5,1,21_1,21,16:02:00,1_1,24,16:06:00,16:08:00,248.0,58.0,0.0,73.0,58.0,False
boarding_buffer_5,2026-09-15,越前大野駅,kajiso_libre,12:30:00,True,,2+0+平日+4,2,1_1,1,13:00:00,21_2,28,13:54:00,13:59:00,14:44:00,1+1+平日+5,1,21_1,21,16:02:00,1_1,24,16:06:00,16:08:00,218.0,28.0,0.0,73.0,58.0,False
boarding_buffer_5,2026-09-15,越前大野駅,kajiso_libre,13:00:00,True,,2+0+平日+4,2,1_1,24,13:50:00,21_2,28,13:54:00,13:59:00,14:44:00,1+1+平日+5,1,21_1,21,16:02:00,1_1,24,16:06:00,16:08:00,188.0,48.0,0.0,73.0,8.0,False
boarding_buffer_5,2026-09-15,越前大野駅,kajiso_libre,13:30:00,True,,2+0+平日+4,2,1_1,24,13:50:00,21_2,28,13:54:00,13:59:00,14:44:00,1+1+平日+5,1,21_1,21,16:02:00,1_1,24,16:06:00,16:08:00,158.0,18.0,0.0,73.0,8.0,True
boarding_buffer_5,2026-09-15,越前大野駅,kajiso_libre,14:00:00,False,no_return_by_deadline,,,,,,,,,,,,,,,,,,,,,,,,,False
boarding_buffer_5,2026-09-15,越前大野駅,kajiso_libre,14:30:00,False,no_return_by_deadline,,,,,,,,,,,,,,,,,,,,,,,,,False
boarding_buffer_5,2026-09-15,越前大野駅,kajiso_libre,15:00:00,False,no_return_by_deadline,,,,,,,,,,,,,,,,,,,,,,,,,False
boarding_buffer_5,2026-09-15,越前大野駅,kajiso_libre,15:30:00,False,no_return_by_deadline,,,,,,,,,,,,,,,,,,,,,,,,,False
boarding_buffer_5,2026-09-15,越前大野駅,kajiso_libre,16:00:00,False,no_outbound_bus,,,,,,,,,,,,,,,,,,,,,,,,,False
boarding_buffer_5,2026-09-15,越前大野駅,kajiso_vio,08:00:00,True,,2+0+平日+2,2,1_1,1,09:15:00,25_0,17,09:38:00,09:43:00,10:28:00,2+0+毎日+3,2,25_0,17,11:19:00,1_1,24,11:32:00,11:34:00,214.0,73.0,0.0,46.0,36.0,False
boarding_buffer_5,2026-09-15,越前大野駅,kajiso_vio,08:30:00,True,,2+0+平日+2,2,1_1,1,09:15:00,25_0,17,09:38:00,09:43:00,10:28:00,2+0+毎日+3,2,25_0,17,11:19:00,1_1,24,11:32:00,11:34:00,184.0,43.0,0.0,46.0,36.0,False
boarding_buffer_5,2026-09-15,越前大野駅,kajiso_vio,09:00:00,True,,2+0+平日+2,2,1_1,1,09:15:00,25_0,17,09:38:00,09:43:00,10:28:00,2+0+毎日+3,2,25_0,17,11:19:00,1_1,24,11:32:00,11:34:00,154.0,13.0,0.0,46.0,36.0,True
boarding_buffer_5,2026-09-15,越前大野駅,kajiso_vio,09:30:00,True,,1+1+毎日+2,1,1_1,24,10:00:00,25_0,32,10:13:00,10:18:00,11:03:00,2+0+毎日+3,2,25_0,17,11:19:00,1_1,24,11:32:00,11:34:00,124.0,28.0,0.0,11.0,26.0,True
boarding_buffer_5,2026-09-15,越前大野駅,kajiso_vio,10:00:00,True,,2+0+毎日+3,2,1_1,1,10:56:00,25_0,17,11:19:00,11:24:00,12:09:00,2+0+平日+4,2,25_0,17,13:23:00,1_1,24,13:36:00,13:38:00,218.0,54.0,0.0,69.0,36.0,False
boarding_buffer_5,2026-09-15,越前大野駅,kajiso_vio,10:30:00,True,,2+0+毎日+3,2,1_1,1,10:56:00,25_0,17,11:19:00,11:24:00,12:09:00,2+0+平日+4,2,25_0,17,13:23:00,1_1,24,13:36:00,13:38:00,188.0,24.0,0.0,69.0,36.0,False
boarding_buffer_5,2026-09-15,越前大野駅,kajiso_vio,11:00:00,True,,1+1+平日+3,1,1_1,24,11:43:00,25_0,32,11:56:00,12:01:00,12:46:00,2+0+平日+4,2,25_0,17,13:23:00,1_1,24,13:36:00,13:38:00,158.0,41.0,0.0,32.0,26.0,True
boarding_buffer_5,2026-09-15,越前大野駅,kajiso_vio,11:30:00,True,,1+1+平日+3,1,1_1,24,11:43:00,25_0,32,11:56:00,12:01:00,12:46:00,2+0+平日+4,2,25_0,17,13:23:00,1_1,24,13:36:00,13:38:00,128.0,11.0,0.0,32.0,26.0,True
boarding_buffer_5,2026-09-15,越前大野駅,kajiso_vio,12:00:00,True,,2+0+平日+4,2,1_1,1,13:00:00,25_0,17,13:23:00,13:28:00,14:13:00,2+0+毎日+5,2,25_0,17,15:48:00,1_1,24,16:01:00,16:03:00,243.0,58.0,0.0,90.0,36.0,False
boarding_buffer_5,2026-09-15,越前大野駅,kajiso_vio,12:30:00,True,,2+0+平日+4,2,1_1,1,13:00:00,25_0,17,13:23:00,13:28:00,14:13:00,2+0+毎日+5,2,25_0,17,15:48:00,1_1,24,16:01:00,16:03:00,213.0,28.0,0.0,90.0,36.0,False
boarding_buffer_5,2026-09-15,越前大野駅,kajiso_vio,13:00:00,True,,1+1+毎日+4,1,1_1,24,13:50:00,25_0,32,14:03:00,14:08:00,14:53:00,2+0+毎日+5,2,25_0,17,15:48:00,1_1,24,16:01:00,16:03:00,183.0,48.0,0.0,50.0,26.0,False
boarding_buffer_5,2026-09-15,越前大野駅,kajiso_vio,13:30:00,True,,1+1+毎日+4,1,1_1,24,13:50:00,25_0,32,14:03:00,14:08:00,14:53:00,2+0+毎日+5,2,25_0,17,15:48:00,1_1,24,16:01:00,16:03:00,153.0,18.0,0.0,50.0,26.0,True
boarding_buffer_5,2026-09-15,越前大野駅,kajiso_vio,14:00:00,False,no_return_by_deadline,,,,,,,,,,,,,,,,,,,,,,,,,False
boarding_buffer_5,2026-09-15,越前大野駅,kajiso_vio,14:30:00,False,no_return_by_deadline,,,,,,,,,,,,,,,,,,,,,,,,,False
boarding_buffer_5,2026-09-15,越前大野駅,kajiso_vio,15:00:00,False,no_return_by_deadline,,,,,,,,,,,,,,,,,,,,,,,,,False
boarding_buffer_5,2026-09-15,越前大野駅,kajiso_vio,15:30:00,False,no_return_by_deadline,,,,,,,,,,,,,,,,,,,,,,,,,False
boarding_buffer_5,2026-09-15,越前大野駅,kajiso_vio,16:00:00,False,no_return_by_deadline,,,,,,,,,,,,,,,,,,,,,,,,,False
boarding_buffer_5,2026-09-15,結ステーション,kajiso_libre,08:00:00,True,,1+1+毎日+2,1,6_0,6,09:30:00,21_1,21,09:50:00,09:55:00,10:40:00,1+1+平日+3,1,21_1,21,11:28:00,6_0,29,11:47:00,11:49:00,229.0,88.0,0.0,43.0,39.0,False
boarding_buffer_5,2026-09-15,結ステーション,kajiso_libre,08:30:00,True,,1+1+毎日+2,1,6_0,6,09:30:00,21_1,21,09:50:00,09:55:00,10:40:00,1+1+平日+3,1,21_1,21,11:28:00,6_0,29,11:47:00,11:49:00,199.0,58.0,0.0,43.0,39.0,False
boarding_buffer_5,2026-09-15,結ステーション,kajiso_libre,09:00:00,True,,1+1+毎日+2,1,6_0,6,09:30:00,21_1,21,09:50:00,09:55:00,10:40:00,1+1+平日+3,1,21_1,21,11:28:00,6_0,29,11:47:00,11:49:00,169.0,28.0,0.0,43.0,39.0,True
boarding_buffer_5,2026-09-15,結ステーション,kajiso_libre,09:30:00,True,,2+0+平日+2,2,6_0,20,09:47:00,21_2,28,09:58:00,10:03:00,10:48:00,1+1+平日+3,1,21_1,21,11:28:00,6_0,29,11:47:00,11:49:00,139.0,15.0,0.0,35.0,30.0,True
boarding_buffer_5,2026-09-15,結ステーション,kajiso_libre,10:00:00,True,,1+1+平日+3,1,6_0,6,11:08:00,21_1,21,11:28:00,11:33:00,12:18:00,1+1+毎日+4,1,21_1,21,13:32:00,6_0,29,13:54:00,13:56:00,236.0,66.0,0.0,69.0,42.0,False
boarding_buffer_5,2026-09-15,結ステーション,kajiso_libre,10:30:00,True,,1+1+平日+3,1,6_0,6,11:08:00,21_1,21,11:28:00,11:33:00,12:18:00,1+1+毎日+4,1,21_1,21,13:32:00,6_0,29,13:54:00,13:56:00,206.0,36.0,0.0,69.0,42.0,False
boarding_buffer_5,2026-09-15,結ステーション,kajiso_libre,11:00:00,True,,1+1+平日+3,1,6_0,6,11:08:00,21_1,21,11:28:00,11:33:00,12:18:00,1+1+毎日+4,1,21_1,21,13:32:00,6_0,29,13:54:00,13:56:00,176.0,6.0,0.0,69.0,42.0,True
boarding_buffer_5,2026-09-15,結ステーション,kajiso_libre,11:30:00,True,,1+1+毎日+4,1,6_0,6,13:12:00,21_1,21,13:32:00,13:37:00,14:22:00,1+1+平日+5,1,21_1,21,16:02:00,6_0,29,16:13:00,16:15:00,285.0,100.0,0.0,95.0,31.0,False
boarding_buffer_5,2026-09-15,結ステーション,kajiso_libre,12:00:00,True,,1+1+毎日+4,1,6_0,6,13:12:00,21_1,21,13:32:00,13:37:00,14:22:00,1+1+平日+5,1,21_1,21,16:02:00,6_0,29,16:13:00,16:15:00,255.0,70.0,0.0,95.0,31.0,False
boarding_buffer_5,2026-09-15,結ステーション,kajiso_libre,12:30:00,True,,1+1+毎日+4,1,6_0,6,13:12:00,21_1,21,13:32:00,13:37:00,14:22:00,1+1+平日+5,1,21_1,21,16:02:00,6_0,29,16:13:00,16:15:00,225.0,40.0,0.0,95.0,31.0,False
boarding_buffer_5,2026-09-15,結ステーション,kajiso_libre,13:00:00,True,,1+1+毎日+4,1,6_0,6,13:12:00,21_1,21,13:32:00,13:37:00,14:22:00,1+1+平日+5,1,21_1,21,16:02:00,6_0,29,16:13:00,16:15:00,195.0,10.0,0.0,95.0,31.0,False
boarding_buffer_5,2026-09-15,結ステーション,kajiso_libre,13:30:00,False,no_return_by_deadline,,,,,,,,,,,,,,,,,,,,,,,,,False
boarding_buffer_5,2026-09-15,結ステーション,kajiso_libre,14:00:00,False,no_return_by_deadline,,,,,,,,,,,,,,,,,,,,,,,,,False
boarding_buffer_5,2026-09-15,結ステーション,kajiso_libre,14:30:00,False,no_return_by_deadline,,,,,,,,,,,,,,,,,,,,,,,,,False
boarding_buffer_5,2026-09-15,結ステーション,kajiso_libre,15:00:00,False,no_return_by_deadline,,,,,,,,,,,,,,,,,,,,,,,,,False
boarding_buffer_5,2026-09-15,結ステーション,kajiso_libre,15:30:00,False,no_return_by_deadline,,,,,,,,,,,,,,,,,,,,,,,,,False
boarding_buffer_5,2026-09-15,結ステーション,kajiso_libre,16:00:00,False,no_outbound_bus,,,,,,,,,,,,,,,,,,,,,,,,,False
boarding_buffer_5,2026-09-15,結ステーション,kajiso_vio,08:00:00,True,,1+1+毎日+2,1,6_0,6,09:30:00,25_0,32,10:13:00,10:18:00,11:03:00,2+0+毎日+3,2,25_0,17,11:19:00,6_0,20,11:28:00,11:30:00,210.0,88.0,0.0,11.0,52.0,False
boarding_buffer_5,2026-09-15,結ステーション,kajiso_vio,08:30:00,True,,1+1+毎日+2,1,6_0,6,09:30:00,25_0,32,10:13:00,10:18:00,11:03:00,2+0+毎日+3,2,25_0,17,11:19:00,6_0,20,11:28:00,11:30:00,180.0,58.0,0.0,11.0,52.0,True
boarding_buffer_5,2026-09-15,結ステーション,kajiso_vio,09:00:00,True,,1+1+毎日+2,1,6_0,6,09:30:00,25_0,32,10:13:00,10:18:00,11:03:00,2+0+毎日+3,2,25_0,17,11:19:00,6_0,20,11:28:00,11:30:00,150.0,28.0,0.0,11.0,52.0,True
boarding_buffer_5,2026-09-15,結ステーション,kajiso_vio,09:30:00,True,,1+1+毎日+2,1,6_0,29,10:04:00,25_0,32,10:13:00,10:18:00,11:03:00,2+0+毎日+3,2,25_0,17,11:19:00,6_0,20,11:28:00,11:30:00,120.0,32.0,0.0,11.0,18.0,True
boarding_buffer_5,2026-09-15,結ステーション,kajiso_vio,10:00:00,True,,1+1+平日+3,1,6_0,6,11:08:00,25_0,32,11:56:00,12:01:00,12:46:00,2+0+平日+4,2,25_0,17,13:23:00,6_0,20,13:32:00,13:34:00,214.0,66.0,0.0,32.0,57.0,False
boarding_buffer_5,2026-09-15,結ステーション,kajiso_vio,10:30:00,True,,1+1+平日+3,1,6_0,6,11:08:00,25_0,32,11:56:00,12:01:00,12:46:00,2+0+平日+4,2,25_0,17,13:23:00,6_0,20,13:32:00,13:34:00,184.0,36.0,0.0,32.0,57.0,False
boarding_buffer_5,2026-09-15,結ステーション,kajiso_vio,11:00:00,True,,1+1+平日+3,1,6_0,6,11:08:00,25_0,32,11:56:00,12:01:00,12:46:00,2+0+平日+4,2,25_0,17,13:23:00,6_0,20,13:32:00,13:34:00,154.0,6.0,0.0,32.0,57.0,True
boarding_buffer_5,2026-09-15,結ステーション,kajiso_vio,11:30:00,True,,1+1+平日+3,1,6_0,29,11:47:00,25_0,32,11:56:00,12:01:00,12:46:00,2+0+平日+4,2,25_0,17,13:23:00,6_0,20,13:32:00,13:34:00,124.0,15.0,0.0,32.0,18.0,True
boarding_buffer_5,2026-09-15,結ステーション,kajiso_vio,12:00:00,True,,1+1+毎日+4,1,6_0,6,13:12:00,25_0,32,14:03:00,14:08:00,14:53:00,2+0+毎日+5,2,25_0,17,15:48:00,6_0,20,15:57:00,15:59:00,239.0,70.0,0.0,50.0,60.0,False
boarding_buffer_5,2026-09-15,結ステーション,kajiso_vio,12:30:00,True,,1+1+毎日+4,1,6_0,6,13:12:00,25_0,32,14:03:00,14:08:00,14:53:00,2+0+毎日+5,2,25_0,17,15:48:00,6_0,20,15:57:00,15:59:00,209.0,40.0,0.0,50.0,60.0,False
boarding_buffer_5,2026-09-15,結ステーション,kajiso_vio,13:00:00,True,,1+1+毎日+4,1,6_0,6,13:12:00,25_0,32,14:03:00,14:08:00,14:53:00,2+0+毎日+5,2,25_0,17,15:48:00,6_0,20,15:57:00,15:59:00,179.0,10.0,0.0,50.0,60.0,True
boarding_buffer_5,2026-09-15,結ステーション,kajiso_vio,13:30:00,True,,1+1+毎日+4,1,6_0,29,13:54:00,25_0,32,14:03:00,14:08:00,14:53:00,2+0+毎日+5,2,25_0,17,15:48:00,6_0,20,15:57:00,15:59:00,149.0,22.0,0.0,50.0,18.0,True
boarding_buffer_5,2026-09-15,結ステーション,kajiso_vio,14:00:00,False,no_return_by_deadline,,,,,,,,,,,,,,,,,,,,,,,,,False
boarding_buffer_5,2026-09-15,結ステーション,kajiso_vio,14:30:00,False,no_return_by_deadline,,,,,,,,,,,,,,,,,,,,,,,,,False
boarding_buffer_5,2026-09-15,結ステーション,kajiso_vio,15:00:00,False,no_return_by_deadline,,,,,,,,,,,,,,,,,,,,,,,,,False
boarding_buffer_5,2026-09-15,結ステーション,kajiso_vio,15:30:00,False,no_return_by_deadline,,,,,,,,,,,,,,,,,,,,,,,,,False
boarding_buffer_5,2026-09-15,結ステーション,kajiso_vio,16:00:00,False,no_return_by_deadline,,,,,,,,,,,,,,,,,,,,,,,,,False
boarding_buffer_5,2026-09-15,下庄小学校,kajiso_libre,08:00:00,True,,1+1+毎日+2,1,9_1,9,09:33:00,21_1,21,09:50:00,09:55:00,10:40:00,2+0+毎日+3,2,21_2,28,11:47:00,9_2,40,12:02:00,12:04:00,244.0,91.0,0.0,62.0,32.0,False
boarding_buffer_5,2026-09-15,下庄小学校,kajiso_libre,08:30:00,True,,1+1+毎日+2,1,9_1,9,09:33:00,21_1,21,09:50:00,09:55:00,10:40:00,2+0+毎日+3,2,21_2,28,11:47:00,9_2,40,12:02:00,12:04:00,214.0,61.0,0.0,62.0,32.0,False
boarding_buffer_5,2026-09-15,下庄小学校,kajiso_libre,09:00:00,True,,1+1+毎日+2,1,9_1,9,09:33:00,21_1,21,09:50:00,09:55:00,10:40:00,2+0+毎日+3,2,21_2,28,11:47:00,9_2,40,12:02:00,12:04:00,184.0,31.0,0.0,62.0,32.0,False
boarding_buffer_5,2026-09-15,下庄小学校,kajiso_libre,09:30:00,True,,1+1+平日+3,1,9_1,9,11:11:00,21_1,21,11:28:00,11:33:00,12:18:00,2+0+平日+4,2,21_2,28,13:54:00,9_2,40,14:09:00,14:11:00,281.0,99.0,0.0,91.0,32.0,False
boarding_buffer_5,2026-09-15,下庄小学校,kajiso_libre,10:00:00,True,,1+1+平日+3,1,9_1,9,11:11:00,21_1,21,11:28:00,11:33:00,12:18:00,2+0+平日+4,2,21_2,28,13:54:00,9_2,40,14:09:00,14:11:00,251.0,69.0,0.0,91.0,32.0,False
boarding_buffer_5,2026-09-15,下庄小学校,kajiso_libre,10:30:00,True,,1+1+平日+3,1,9_1,9,11:11:00,21_1,21,11:28:00,11:33:00,12:18:00,2+0+平日+4,2,21_2,28,13:54:00,9_2,40,14:09:00,14:11:00,221.0,39.0,0.0,91.0,32.0,False
boarding_buffer_5,2026-09-15,下庄小学校,kajiso_libre,11:00:00,True,,1+1+平日+3,1,9_1,9,11:11:00,21_1,21,11:28:00,11:33:00,12:18:00,2+0+平日+4,2,21_2,28,13:54:00,9_2,40,14:09:00,14:11:00,191.0,9.0,0.0,91.0,32.0,False
boarding_buffer_5,2026-09-15,下庄小学校,kajiso_libre,11:30:00,True,,1+1+毎日+4,1,9_1,9,13:15:00,21_1,21,13:32:00,13:37:00,14:22:00,2+0+毎日+5,2,21_2,28,16:08:00,9_2,40,16:23:00,16:25:00,295.0,103.0,0.0,101.0,32.0,False
boarding_buffer_5,2026-09-15,下庄小学校,kajiso_libre,12:00:00,True,,1+1+毎日+4,1,9_1,9,13:15:00,21_1,21,13:32:00,13:37:00,14:22:00,2+0+毎日+5,2,21_2,28,16:08:00,9_2,40,16:23:00,16:25:00,265.0,73.0,0.0,101.0,32.0,False
boarding_buffer_5,2026-09-15,下庄小学校,kajiso_libre,12:30:00,True,,1+1+毎日+4,1,9_1,9,13:15:00,21_1,21,13:32:00,13:37:00,14:22:00,2+0+毎日+5,2,21_2,28,16:08:00,9_2,40,16:23:00,16:25:00,235.0,43.0,0.0,101.0,32.0,False
boarding_buffer_5,2026-09-15,下庄小学校,kajiso_libre,13:00:00,True,,1+1+毎日+4,1,9_1,9,13:15:00,21_1,21,13:32:00,13:37:00,14:22:00,2+0+毎日+5,2,21_2,28,16:08:00,9_2,40,16:23:00,16:25:00,205.0,13.0,0.0,101.0,32.0,False
boarding_buffer_5,2026-09-15,下庄小学校,kajiso_libre,13:30:00,False,no_return_by_deadline,,,,,,,,,,,,,,,,,,,,,,,,,False
boarding_buffer_5,2026-09-15,下庄小学校,kajiso_libre,14:00:00,False,no_return_by_deadline,,,,,,,,,,,,,,,,,,,,,,,,,False
boarding_buffer_5,2026-09-15,下庄小学校,kajiso_libre,14:30:00,False,no_return_by_deadline,,,,,,,,,,,,,,,,,,,,,,,,,False
boarding_buffer_5,2026-09-15,下庄小学校,kajiso_libre,15:00:00,False,no_return_by_deadline,,,,,,,,,,,,,,,,,,,,,,,,,False
boarding_buffer_5,2026-09-15,下庄小学校,kajiso_libre,15:30:00,False,no_return_by_deadline,,,,,,,,,,,,,,,,,,,,,,,,,False
boarding_buffer_5,2026-09-15,下庄小学校,kajiso_libre,16:00:00,False,no_outbound_bus,,,,,,,,,,,,,,,,,,,,,,,,,False
boarding_buffer_5,2026-09-15,下庄小学校,kajiso_vio,08:00:00,True,,1+1+毎日+2,1,9_1,9,09:33:00,25_0,32,10:13:00,10:18:00,11:03:00,2+0+毎日+3,2,25_0,17,11:19:00,9_2,40,12:02:00,12:04:00,244.0,91.0,0.0,11.0,83.0,False
boarding_buffer_5,2026-09-15,下庄小学校,kajiso_vio,08:30:00,True,,1+1+毎日+2,1,9_1,9,09:33:00,25_0,32,10:13:00,10:18:00,11:03:00,2+0+毎日+3,2,25_0,17,11:19:00,9_2,40,12:02:00,12:04:00,214.0,61.0,0.0,11.0,83.0,False
boarding_buffer_5,2026-09-15,下庄小学校,kajiso_vio,09:00:00,True,,1+1+毎日+2,1,9_1,9,09:33:00,25_0,32,10:13:00,10:18:00,11:03:00,2+0+毎日+3,2,25_0,17,11:19:00,9_2,40,12:02:00,12:04:00,184.0,31.0,0.0,11.0,83.0,False
boarding_buffer_5,2026-09-15,下庄小学校,kajiso_vio,09:30:00,True,,1+1+平日+3,1,9_1,9,11:11:00,25_0,32,11:56:00,12:01:00,12:46:00,2+0+平日+4,2,25_0,17,13:23:00,9_2,40,14:09:00,14:11:00,281.0,99.0,0.0,32.0,91.0,False
boarding_buffer_5,2026-09-15,下庄小学校,kajiso_vio,10:00:00,True,,1+1+平日+3,1,9_1,9,11:11:00,25_0,32,11:56:00,12:01:00,12:46:00,2+0+平日+4,2,25_0,17,13:23:00,9_2,40,14:09:00,14:11:00,251.0,69.0,0.0,32.0,91.0,False
boarding_buffer_5,2026-09-15,下庄小学校,kajiso_vio,10:30:00,True,,1+1+平日+3,1,9_1,9,11:11:00,25_0,32,11:56:00,12:01:00,12:46:00,2+0+平日+4,2,25_0,17,13:23:00,9_2,40,14:09:00,14:11:00,221.0,39.0,0.0,32.0,91.0,False
boarding_buffer_5,2026-09-15,下庄小学校,kajiso_vio,11:00:00,True,,1+1+平日+3,1,9_1,9,11:11:00,25_0,32,11:56:00,12:01:00,12:46:00,2+0+平日+4,2,25_0,17,13:23:00,9_2,40,14:09:00,14:11:00,191.0,9.0,0.0,32.0,91.0,False
boarding_buffer_5,2026-09-15,下庄小学校,kajiso_vio,11:30:00,True,,1+1+毎日+4,1,9_1,9,13:15:00,25_0,32,14:03:00,14:08:00,14:53:00,2+0+毎日+5,2,25_0,17,15:48:00,9_2,40,16:23:00,16:25:00,295.0,103.0,0.0,50.0,83.0,False
boarding_buffer_5,2026-09-15,下庄小学校,kajiso_vio,12:00:00,True,,1+1+毎日+4,1,9_1,9,13:15:00,25_0,32,14:03:00,14:08:00,14:53:00,2+0+毎日+5,2,25_0,17,15:48:00,9_2,40,16:23:00,16:25:00,265.0,73.0,0.0,50.0,83.0,False
boarding_buffer_5,2026-09-15,下庄小学校,kajiso_vio,12:30:00,True,,1+1+毎日+4,1,9_1,9,13:15:00,25_0,32,14:03:00,14:08:00,14:53:00,2+0+毎日+5,2,25_0,17,15:48:00,9_2,40,16:23:00,16:25:00,235.0,43.0,0.0,50.0,83.0,False
boarding_buffer_5,2026-09-15,下庄小学校,kajiso_vio,13:00:00,True,,1+1+毎日+4,1,9_1,9,13:15:00,25_0,32,14:03:00,14:08:00,14:53:00,2+0+毎日+5,2,25_0,17,15:48:00,9_2,40,16:23:00,16:25:00,205.0,13.0,0.0,50.0,83.0,False
boarding_buffer_5,2026-09-15,下庄小学校,kajiso_vio,13:30:00,False,no_return_by_deadline,,,,,,,,,,,,,,,,,,,,,,,,,False
boarding_buffer_5,2026-09-15,下庄小学校,kajiso_vio,14:00:00,False,no_return_by_deadline,,,,,,,,,,,,,,,,,,,,,,,,,False
boarding_buffer_5,2026-09-15,下庄小学校,kajiso_vio,14:30:00,False,no_return_by_deadline,,,,,,,,,,,,,,,,,,,,,,,,,False
boarding_buffer_5,2026-09-15,下庄小学校,kajiso_vio,15:00:00,False,no_return_by_deadline,,,,,,,,,,,,,,,,,,,,,,,,,False
boarding_buffer_5,2026-09-15,下庄小学校,kajiso_vio,15:30:00,False,no_return_by_deadline,,,,,,,,,,,,,,,,,,,,,,,,,False
boarding_buffer_5,2026-09-15,下庄小学校,kajiso_vio,16:00:00,False,no_outbound_bus,,,,,,,,,,,,,,,,,,,,,,,,,False
boarding_buffer_5,2026-09-15,青少年教育センター,kajiso_libre,08:00:00,True,,1+1+毎日+2,1,14_1,14,09:40:00,21_1,21,09:50:00,09:55:00,10:40:00,2+0+毎日+3,2,21_2,28,11:47:00,14_2,35,11:55:00,11:57:00,237.0,98.0,0.0,62.0,18.0,False
boarding_buffer_5,2026-09-15,青少年教育センター,kajiso_libre,08:30:00,True,,1+1+毎日+2,1,14_1,14,09:40:00,21_1,21,09:50:00,09:55:00,10:40:00,2+0+毎日+3,2,21_2,28,11:47:00,14_2,35,11:55:00,11:57:00,207.0,68.0,0.0,62.0,18.0,False
boarding_buffer_5,2026-09-15,青少年教育センター,kajiso_libre,09:00:00,True,,1+1+毎日+2,1,14_1,14,09:40:00,21_1,21,09:50:00,09:55:00,10:40:00,2+0+毎日+3,2,21_2,28,11:47:00,14_2,35,11:55:00,11:57:00,177.0,38.0,0.0,62.0,18.0,True
boarding_buffer_5,2026-09-15,青少年教育センター,kajiso_libre,09:30:00,True,,1+1+毎日+2,1,14_1,14,09:40:00,21_1,21,09:50:00,09:55:00,10:40:00,2+0+毎日+3,2,21_2,28,11:47:00,14_2,35,11:55:00,11:57:00,147.0,8.0,0.0,62.0,18.0,True
boarding_buffer_5,2026-09-15,青少年教育センター,kajiso_libre,10:00:00,True,,1+1+平日+3,1,14_1,14,11:18:00,21_1,21,11:28:00,11:33:00,12:18:00,2+0+平日+4,2,21_2,28,13:54:00,14_2,35,14:02:00,14:04:00,244.0,76.0,0.0,91.0,18.0,False
boarding_buffer_5,2026-09-15,青少年教育センター,kajiso_libre,10:30:00,True,,1+1+平日+3,1,14_1,14,11:18:00,21_1,21,11:28:00,11:33:00,12:18:00,2+0+平日+4,2,21_2,28,13:54:00,14_2,35,14:02:00,14:04:00,214.0,46.0,0.0,91.0,18.0,False
boarding_buffer_5,2026-09-15,青少年教育センター,kajiso_libre,11:00:00,True,,1+1+平日+3,1,14_1,14,11:18:00,21_1,21,11:28:00,11:33:00,12:18:00,2+0+平日+4,2,21_2,28,13:54:00,14_2,35,14:02:00,14:04:00,184.0,16.0,0.0,91.0,18.0,False
boarding_buffer_5,2026-09-15,青少年教育センター,kajiso_libre,11:30:00,True,,1+1+毎日+4,1,14_1,14,13:22:00,21_1,21,13:32:00,13:37:00,14:22:00,2+0+毎日+5,2,21_2,28,16:08:00,14_2,35,16:16:00,16:18:00,288.0,110.0,0.0,101.0,18.0,False
boarding_buffer_5,2026-09-15,青少年教育センター,kajiso_libre,12:00:00,True,,1+1+毎日+4,1,14_1,14,13:22:00,21_1,21,13:32:00,13:37:00,14:22:00,2+0+毎日+5,2,21_2,28,16:08:00,14_2,35,16:16:00,16:18:00,258.0,80.0,0.0,101.0,18.0,False
boarding_buffer_5,2026-09-15,青少年教育センター,kajiso_libre,12:30:00,True,,1+1+毎日+4,1,14_1,14,13:22:00,21_1,21,13:32:00,13:37:00,14:22:00,2+0+毎日+5,2,21_2,28,16:08:00,14_2,35,16:16:00,16:18:00,228.0,50.0,0.0,101.0,18.0,False
boarding_buffer_5,2026-09-15,青少年教育センター,kajiso_libre,13:00:00,True,,1+1+毎日+4,1,14_1,14,13:22:00,21_1,21,13:32:00,13:37:00,14:22:00,2+0+毎日+5,2,21_2,28,16:08:00,14_2,35,16:16:00,16:18:00,198.0,20.0,0.0,101.0,18.0,False
boarding_buffer_5,2026-09-15,青少年教育センター,kajiso_libre,13:30:00,False,no_return_by_deadline,,,,,,,,,,,,,,,,,,,,,,,,,False
boarding_buffer_5,2026-09-15,青少年教育センター,kajiso_libre,14:00:00,False,no_return_by_deadline,,,,,,,,,,,,,,,,,,,,,,,,,False
boarding_buffer_5,2026-09-15,青少年教育センター,kajiso_libre,14:30:00,False,no_return_by_deadline,,,,,,,,,,,,,,,,,,,,,,,,,False
boarding_buffer_5,2026-09-15,青少年教育センター,kajiso_libre,15:00:00,False,no_return_by_deadline,,,,,,,,,,,,,,,,,,,,,,,,,False
boarding_buffer_5,2026-09-15,青少年教育センター,kajiso_libre,15:30:00,False,no_return_by_deadline,,,,,,,,,,,,,,,,,,,,,,,,,False
boarding_buffer_5,2026-09-15,青少年教育センター,kajiso_libre,16:00:00,False,no_outbound_bus,,,,,,,,,,,,,,,,,,,,,,,,,False
boarding_buffer_5,2026-09-15,青少年教育センター,kajiso_vio,08:00:00,True,,1+1+毎日+2,1,14_1,14,09:40:00,25_0,32,10:13:00,10:18:00,11:03:00,2+0+毎日+3,2,25_0,17,11:19:00,14_2,35,11:55:00,11:57:00,237.0,98.0,0.0,11.0,69.0,False
boarding_buffer_5,2026-09-15,青少年教育センター,kajiso_vio,08:30:00,True,,1+1+毎日+2,1,14_1,14,09:40:00,25_0,32,10:13:00,10:18:00,11:03:00,2+0+毎日+3,2,25_0,17,11:19:00,14_2,35,11:55:00,11:57:00,207.0,68.0,0.0,11.0,69.0,False
boarding_buffer_5,2026-09-15,青少年教育センター,kajiso_vio,09:00:00,True,,1+1+毎日+2,1,14_1,14,09:40:00,25_0,32,10:13:00,10:18:00,11:03:00,2+0+毎日+3,2,25_0,17,11:19:00,14_2,35,11:55:00,11:57:00,177.0,38.0,0.0,11.0,69.0,True
boarding_buffer_5,2026-09-15,青少年教育センター,kajiso_vio,09:30:00,True,,1+1+毎日+2,1,14_1,14,09:40:00,25_0,32,10:13:00,10:18:00,11:03:00,2+0+毎日+3,2,25_0,17,11:19:00,14_2,35,11:55:00,11:57:00,147.0,8.0,0.0,11.0,69.0,True
boarding_buffer_5,2026-09-15,青少年教育センター,kajiso_vio,10:00:00,True,,1+1+平日+3,1,14_1,14,11:18:00,25_0,32,11:56:00,12:01:00,12:46:00,2+0+平日+4,2,25_0,17,13:23:00,14_2,35,14:02:00,14:04:00,244.0,76.0,0.0,32.0,77.0,False
boarding_buffer_5,2026-09-15,青少年教育センター,kajiso_vio,10:30:00,True,,1+1+平日+3,1,14_1,14,11:18:00,25_0,32,11:56:00,12:01:00,12:46:00,2+0+平日+4,2,25_0,17,13:23:00,14_2,35,14:02:00,14:04:00,214.0,46.0,0.0,32.0,77.0,False
boarding_buffer_5,2026-09-15,青少年教育センター,kajiso_vio,11:00:00,True,,1+1+平日+3,1,14_1,14,11:18:00,25_0,32,11:56:00,12:01:00,12:46:00,2+0+平日+4,2,25_0,17,13:23:00,14_2,35,14:02:00,14:04:00,184.0,16.0,0.0,32.0,77.0,False
boarding_buffer_5,2026-09-15,青少年教育センター,kajiso_vio,11:30:00,True,,1+1+毎日+4,1,14_1,14,13:22:00,25_0,32,14:03:00,14:08:00,14:53:00,2+0+毎日+5,2,25_0,17,15:48:00,14_2,35,16:16:00,16:18:00,288.0,110.0,0.0,50.0,69.0,False
boarding_buffer_5,2026-09-15,青少年教育センター,kajiso_vio,12:00:00,True,,1+1+毎日+4,1,14_1,14,13:22:00,25_0,32,14:03:00,14:08:00,14:53:00,2+0+毎日+5,2,25_0,17,15:48:00,14_2,35,16:16:00,16:18:00,258.0,80.0,0.0,50.0,69.0,False
boarding_buffer_5,2026-09-15,青少年教育センター,kajiso_vio,12:30:00,True,,1+1+毎日+4,1,14_1,14,13:22:00,25_0,32,14:03:00,14:08:00,14:53:00,2+0+毎日+5,2,25_0,17,15:48:00,14_2,35,16:16:00,16:18:00,228.0,50.0,0.0,50.0,69.0,False
boarding_buffer_5,2026-09-15,青少年教育センター,kajiso_vio,13:00:00,True,,1+1+毎日+4,1,14_1,14,13:22:00,25_0,32,14:03:00,14:08:00,14:53:00,2+0+毎日+5,2,25_0,17,15:48:00,14_2,35,16:16:00,16:18:00,198.0,20.0,0.0,50.0,69.0,False
boarding_buffer_5,2026-09-15,青少年教育センター,kajiso_vio,13:30:00,False,no_return_by_deadline,,,,,,,,,,,,,,,,,,,,,,,,,False
boarding_buffer_5,2026-09-15,青少年教育センター,kajiso_vio,14:00:00,False,no_return_by_deadline,,,,,,,,,,,,,,,,,,,,,,,,,False
boarding_buffer_5,2026-09-15,青少年教育センター,kajiso_vio,14:30:00,False,no_return_by_deadline,,,,,,,,,,,,,,,,,,,,,,,,,False
boarding_buffer_5,2026-09-15,青少年教育センター,kajiso_vio,15:00:00,False,no_return_by_deadline,,,,,,,,,,,,,,,,,,,,,,,,,False
boarding_buffer_5,2026-09-15,青少年教育センター,kajiso_vio,15:30:00,False,no_return_by_deadline,,,,,,,,,,,,,,,,,,,,,,,,,False
boarding_buffer_5,2026-09-15,青少年教育センター,kajiso_vio,16:00:00,False,no_outbound_bus,,,,,,,,,,,,,,,,,,,,,,,,,False
boarding_buffer_5,2026-09-15,陽明中学校口,kajiso_libre,08:00:00,True,,1+1+毎日+2,1,17_1,17,09:46:00,21_1,21,09:50:00,09:55:00,10:40:00,2+0+毎日+3,2,21_2,28,11:47:00,17_2,32,11:51:00,11:53:00,233.0,104.0,0.0,62.0,8.0,False
boarding_buffer_5,2026-09-15,陽明中学校口,kajiso_libre,08:30:00,True,,1+1+毎日+2,1,17_1,17,09:46:00,21_1,21,09:50:00,09:55:00,10:40:00,2+0+毎日+3,2,21_2,28,11:47:00,17_2,32,11:51:00,11:53:00,203.0,74.0,0.0,62.0,8.0,False
boarding_buffer_5,2026-09-15,陽明中学校口,kajiso_libre,09:00:00,True,,1+1+毎日+2,1,17_1,17,09:46:00,21_1,21,09:50:00,09:55:00,10:40:00,2+0+毎日+3,2,21_2,28,11:47:00,17_2,32,11:51:00,11:53:00,173.0,44.0,0.0,62.0,8.0,True
boarding_buffer_5,2026-09-15,陽明中学校口,kajiso_libre,09:30:00,True,,1+1+毎日+2,1,17_1,17,09:46:00,21_1,21,09:50:00,09:55:00,10:40:00,2+0+毎日+3,2,21_2,28,11:47:00,17_2,32,11:51:00,11:53:00,143.0,14.0,0.0,62.0,8.0,True
boarding_buffer_5,2026-09-15,陽明中学校口,kajiso_libre,10:00:00,True,,1+1+平日+3,1,17_1,17,11:24:00,21_1,21,11:28:00,11:33:00,12:18:00,2+0+平日+4,2,21_2,28,13:54:00,17_2,32,13:58:00,14:00:00,240.0,82.0,0.0,91.0,8.0,False
boarding_buffer_5,2026-09-15,陽明中学校口,kajiso_libre,10:30:00,True,,1+1+平日+3,1,17_1,17,11:24:00,21_1,21,11:28:00,11:33:00,12:18:00,2+0+平日+4,2,21_2,28,13:54:00,17_2,32,13:58:00,14:00:00,210.0,52.0,0.0,91.0,8.0,False
boarding_buffer_5,2026-09-15,陽明中学校口,kajiso_libre,11:00:00,True,,1+1+平日+3,1,17_1,17,11:24:00,21_1,21,11:28:00,11:33:00,12:18:00,2+0+平日+4,2,21_2,28,13:54:00,17_2,32,13:58:00,14:00:00,180.0,22.0,0.0,91.0,8.0,True
boarding_buffer_5,2026-09-15,陽明中学校口,kajiso_libre,11:30:00,True,,1+1+毎日+4,1,17_1,17,13:28:00,21_1,21,13:32:00,13:37:00,14:22:00,2+0+毎日+5,2,21_2,28,16:08:00,17_2,32,16:12:00,16:14:00,284.0,116.0,0.0,101.0,8.0,False
boarding_buffer_5,2026-09-15,陽明中学校口,kajiso_libre,12:00:00,True,,1+1+毎日+4,1,17_1,17,13:28:00,21_1,21,13:32:00,13:37:00,14:22:00,2+0+毎日+5,2,21_2,28,16:08:00,17_2,32,16:12:00,16:14:00,254.0,86.0,0.0,101.0,8.0,False
boarding_buffer_5,2026-09-15,陽明中学校口,kajiso_libre,12:30:00,True,,1+1+毎日+4,1,17_1,17,13:28:00,21_1,21,13:32:00,13:37:00,14:22:00,2+0+毎日+5,2,21_2,28,16:08:00,17_2,32,16:12:00,16:14:00,224.0,56.0,0.0,101.0,8.0,False
boarding_buffer_5,2026-09-15,陽明中学校口,kajiso_libre,13:00:00,True,,1+1+毎日+4,1,17_1,17,13:28:00,21_1,21,13:32:00,13:37:00,14:22:00,2+0+毎日+5,2,21_2,28,16:08:00,17_2,32,16:12:00,16:14:00,194.0,26.0,0.0,101.0,8.0,False
boarding_buffer_5,2026-09-15,陽明中学校口,kajiso_libre,13:30:00,False,no_return_by_deadline,,,,,,,,,,,,,,,,,,,,,,,,,False
boarding_buffer_5,2026-09-15,陽明中学校口,kajiso_libre,14:00:00,False,no_return_by_deadline,,,,,,,,,,,,,,,,,,,,,,,,,False
boarding_buffer_5,2026-09-15,陽明中学校口,kajiso_libre,14:30:00,False,no_return_by_deadline,,,,,,,,,,,,,,,,,,,,,,,,,False
boarding_buffer_5,2026-09-15,陽明中学校口,kajiso_libre,15:00:00,False,no_return_by_deadline,,,,,,,,,,,,,,,,,,,,,,,,,False
boarding_buffer_5,2026-09-15,陽明中学校口,kajiso_libre,15:30:00,False,no_return_by_deadline,,,,,,,,,,,,,,,,,,,,,,,,,False
boarding_buffer_5,2026-09-15,陽明中学校口,kajiso_libre,16:00:00,False,no_outbound_bus,,,,,,,,,,,,,,,,,,,,,,,,,False
boarding_buffer_5,2026-09-15,陽明中学校口,kajiso_vio,08:00:00,True,,1+1+毎日+2,1,17_1,17,09:46:00,25_0,32,10:13:00,10:18:00,11:03:00,2+0+毎日+3,2,25_0,17,11:19:00,17_2,32,11:51:00,11:53:00,233.0,104.0,0.0,11.0,59.0,False
boarding_buffer_5,2026-09-15,陽明中学校口,kajiso_vio,08:30:00,True,,1+1+毎日+2,1,17_1,17,09:46:00,25_0,32,10:13:00,10:18:00,11:03:00,2+0+毎日+3,2,25_0,17,11:19:00,17_2,32,11:51:00,11:53:00,203.0,74.0,0.0,11.0,59.0,False
boarding_buffer_5,2026-09-15,陽明中学校口,kajiso_vio,09:00:00,True,,1+1+毎日+2,1,17_1,17,09:46:00,25_0,32,10:13:00,10:18:00,11:03:00,2+0+毎日+3,2,25_0,17,11:19:00,17_2,32,11:51:00,11:53:00,173.0,44.0,0.0,11.0,59.0,True
boarding_buffer_5,2026-09-15,陽明中学校口,kajiso_vio,09:30:00,True,,1+1+毎日+2,1,17_1,17,09:46:00,25_0,32,10:13:00,10:18:00,11:03:00,2+0+毎日+3,2,25_0,17,11:19:00,17_2,32,11:51:00,11:53:00,143.0,14.0,0.0,11.0,59.0,True
boarding_buffer_5,2026-09-15,陽明中学校口,kajiso_vio,10:00:00,True,,1+1+平日+3,1,17_1,17,11:24:00,25_0,32,11:56:00,12:01:00,12:46:00,2+0+平日+4,2,25_0,17,13:23:00,17_2,32,13:58:00,14:00:00,240.0,82.0,0.0,32.0,67.0,False
boarding_buffer_5,2026-09-15,陽明中学校口,kajiso_vio,10:30:00,True,,1+1+平日+3,1,17_1,17,11:24:00,25_0,32,11:56:00,12:01:00,12:46:00,2+0+平日+4,2,25_0,17,13:23:00,17_2,32,13:58:00,14:00:00,210.0,52.0,0.0,32.0,67.0,False
boarding_buffer_5,2026-09-15,陽明中学校口,kajiso_vio,11:00:00,True,,1+1+平日+3,1,17_1,17,11:24:00,25_0,32,11:56:00,12:01:00,12:46:00,2+0+平日+4,2,25_0,17,13:23:00,17_2,32,13:58:00,14:00:00,180.0,22.0,0.0,32.0,67.0,True
boarding_buffer_5,2026-09-15,陽明中学校口,kajiso_vio,11:30:00,True,,1+1+毎日+4,1,17_1,17,13:28:00,25_0,32,14:03:00,14:08:00,14:53:00,2+0+毎日+5,2,25_0,17,15:48:00,17_2,32,16:12:00,16:14:00,284.0,116.0,0.0,50.0,59.0,False
boarding_buffer_5,2026-09-15,陽明中学校口,kajiso_vio,12:00:00,True,,1+1+毎日+4,1,17_1,17,13:28:00,25_0,32,14:03:00,14:08:00,14:53:00,2+0+毎日+5,2,25_0,17,15:48:00,17_2,32,16:12:00,16:14:00,254.0,86.0,0.0,50.0,59.0,False
boarding_buffer_5,2026-09-15,陽明中学校口,kajiso_vio,12:30:00,True,,1+1+毎日+4,1,17_1,17,13:28:00,25_0,32,14:03:00,14:08:00,14:53:00,2+0+毎日+5,2,25_0,17,15:48:00,17_2,32,16:12:00,16:14:00,224.0,56.0,0.0,50.0,59.0,False
boarding_buffer_5,2026-09-15,陽明中学校口,kajiso_vio,13:00:00,True,,1+1+毎日+4,1,17_1,17,13:28:00,25_0,32,14:03:00,14:08:00,14:53:00,2+0+毎日+5,2,25_0,17,15:48:00,17_2,32,16:12:00,16:14:00,194.0,26.0,0.0,50.0,59.0,False
boarding_buffer_5,2026-09-15,陽明中学校口,kajiso_vio,13:30:00,False,no_return_by_deadline,,,,,,,,,,,,,,,,,,,,,,,,,False
boarding_buffer_5,2026-09-15,陽明中学校口,kajiso_vio,14:00:00,False,no_return_by_deadline,,,,,,,,,,,,,,,,,,,,,,,,,False
boarding_buffer_5,2026-09-15,陽明中学校口,kajiso_vio,14:30:00,False,no_return_by_deadline,,,,,,,,,,,,,,,,,,,,,,,,,False
boarding_buffer_5,2026-09-15,陽明中学校口,kajiso_vio,15:00:00,False,no_return_by_deadline,,,,,,,,,,,,,,,,,,,,,,,,,False
boarding_buffer_5,2026-09-15,陽明中学校口,kajiso_vio,15:30:00,False,no_return_by_deadline,,,,,,,,,,,,,,,,,,,,,,,,,False
boarding_buffer_5,2026-09-15,陽明中学校口,kajiso_vio,16:00:00,False,no_outbound_bus,,,,,,,,,,,,,,,,,,,,,,,,,False
boarding_buffer_5,2026-09-15,さくら公園,kajiso_libre,08:00:00,True,,1+1+毎日+2,1,19_1,19,09:48:00,21_1,21,09:50:00,09:55:00,10:40:00,2+0+毎日+3,2,21_2,28,11:47:00,19_2,30,11:49:00,11:51:00,231.0,106.0,0.0,62.0,4.0,False
boarding_buffer_5,2026-09-15,さくら公園,kajiso_libre,08:30:00,True,,1+1+毎日+2,1,19_1,19,09:48:00,21_1,21,09:50:00,09:55:00,10:40:00,2+0+毎日+3,2,21_2,28,11:47:00,19_2,30,11:49:00,11:51:00,201.0,76.0,0.0,62.0,4.0,False
boarding_buffer_5,2026-09-15,さくら公園,kajiso_libre,09:00:00,True,,1+1+毎日+2,1,19_1,19,09:48:00,21_1,21,09:50:00,09:55:00,10:40:00,2+0+毎日+3,2,21_2,28,11:47:00,19_2,30,11:49:00,11:51:00,171.0,46.0,0.0,62.0,4.0,True
boarding_buffer_5,2026-09-15,さくら公園,kajiso_libre,09:30:00,True,,1+1+毎日+2,1,19_1,19,09:48:00,21_1,21,09:50:00,09:55:00,10:40:00,2+0+毎日+3,2,21_2,28,11:47:00,19_2,30,11:49:00,11:51:00,141.0,16.0,0.0,62.0,4.0,True
boarding_buffer_5,2026-09-15,さくら公園,kajiso_libre,10:00:00,True,,1+1+平日+3,1,19_1,19,11:26:00,21_1,21,11:28:00,11:33:00,12:18:00,2+0+平日+4,2,21_2,28,13:54:00,19_2,30,13:56:00,13:58:00,238.0,84.0,0.0,91.0,4.0,False
boarding_buffer_5,2026-09-15,さくら公園,kajiso_libre,10:30:00,True,,1+1+平日+3,1,19_1,19,11:26:00,21_1,21,11:28:00,11:33:00,12:18:00,2+0+平日+4,2,21_2,28,13:54:00,19_2,30,13:56:00,13:58:00,208.0,54.0,0.0,91.0,4.0,False
boarding_buffer_5,2026-09-15,さくら公園,kajiso_libre,11:00:00,True,,1+1+平日+3,1,19_1,19,11:26:00,21_1,21,11:28:00,11:33:00,12:18:00,2+0+平日+4,2,21_2,28,13:54:00,19_2,30,13:56:00,13:58:00,178.0,24.0,0.0,91.0,4.0,True
boarding_buffer_5,2026-09-15,さくら公園,kajiso_libre,11:30:00,True,,1+1+毎日+4,1,19_1,19,13:30:00,21_1,21,13:32:00,13:37:00,14:22:00,2+0+毎日+5,2,21_2,28,16:08:00,19_2,30,16:10:00,16:12:00,282.0,118.0,0.0,101.0,4.0,False
boarding_buffer_5,2026-09-15,さくら公園,kajiso_libre,12:00:00,True,,1+1+毎日+4,1,19_1,19,13:30:00,21_1,21,13:32:00,13:37:00,14:22:00,2+0+毎日+5,2,21_2,28,16:08:00,19_2,30,16:10:00,16:12:00,252.0,88.0,0.0,101.0,4.0,False
boarding_buffer_5,2026-09-15,さくら公園,kajiso_libre,12:30:00,True,,1+1+毎日+4,1,19_1,19,13:30:00,21_1,21,13:32:00,13:37:00,14:22:00,2+0+毎日+5,2,21_2,28,16:08:00,19_2,30,16:10:00,16:12:00,222.0,58.0,0.0,101.0,4.0,False
boarding_buffer_5,2026-09-15,さくら公園,kajiso_libre,13:00:00,True,,1+1+毎日+4,1,19_1,19,13:30:00,21_1,21,13:32:00,13:37:00,14:22:00,2+0+毎日+5,2,21_2,28,16:08:00,19_2,30,16:10:00,16:12:00,192.0,28.0,0.0,101.0,4.0,False
boarding_buffer_5,2026-09-15,さくら公園,kajiso_libre,13:30:00,False,no_return_by_deadline,,,,,,,,,,,,,,,,,,,,,,,,,False
boarding_buffer_5,2026-09-15,さくら公園,kajiso_libre,14:00:00,False,no_return_by_deadline,,,,,,,,,,,,,,,,,,,,,,,,,False
boarding_buffer_5,2026-09-15,さくら公園,kajiso_libre,14:30:00,False,no_return_by_deadline,,,,,,,,,,,,,,,,,,,,,,,,,False
boarding_buffer_5,2026-09-15,さくら公園,kajiso_libre,15:00:00,False,no_return_by_deadline,,,,,,,,,,,,,,,,,,,,,,,,,False
boarding_buffer_5,2026-09-15,さくら公園,kajiso_libre,15:30:00,False,no_return_by_deadline,,,,,,,,,,,,,,,,,,,,,,,,,False
boarding_buffer_5,2026-09-15,さくら公園,kajiso_libre,16:00:00,False,no_outbound_bus,,,,,,,,,,,,,,,,,,,,,,,,,False
boarding_buffer_5,2026-09-15,さくら公園,kajiso_vio,08:00:00,True,,1+1+毎日+2,1,19_1,19,09:48:00,25_0,32,10:13:00,10:18:00,11:03:00,2+0+毎日+3,2,25_0,17,11:19:00,19_2,30,11:49:00,11:51:00,231.0,106.0,0.0,11.0,55.0,False
boarding_buffer_5,2026-09-15,さくら公園,kajiso_vio,08:30:00,True,,1+1+毎日+2,1,19_1,19,09:48:00,25_0,32,10:13:00,10:18:00,11:03:00,2+0+毎日+3,2,25_0,17,11:19:00,19_2,30,11:49:00,11:51:00,201.0,76.0,0.0,11.0,55.0,False
boarding_buffer_5,2026-09-15,さくら公園,kajiso_vio,09:00:00,True,,1+1+毎日+2,1,19_1,19,09:48:00,25_0,32,10:13:00,10:18:00,11:03:00,2+0+毎日+3,2,25_0,17,11:19:00,19_2,30,11:49:00,11:51:00,171.0,46.0,0.0,11.0,55.0,True
boarding_buffer_5,2026-09-15,さくら公園,kajiso_vio,09:30:00,True,,1+1+毎日+2,1,19_1,19,09:48:00,25_0,32,10:13:00,10:18:00,11:03:00,2+0+毎日+3,2,25_0,17,11:19:00,19_2,30,11:49:00,11:51:00,141.0,16.0,0.0,11.0,55.0,True
boarding_buffer_5,2026-09-15,さくら公園,kajiso_vio,10:00:00,True,,1+1+平日+3,1,19_1,19,11:26:00,25_0,32,11:56:00,12:01:00,12:46:00,2+0+平日+4,2,25_0,17,13:23:00,19_2,30,13:56:00,13:58:00,238.0,84.0,0.0,32.0,63.0,False
boarding_buffer_5,2026-09-15,さくら公園,kajiso_vio,10:30:00,True,,1+1+平日+3,1,19_1,19,11:26:00,25_0,32,11:56:00,12:01:00,12:46:00,2+0+平日+4,2,25_0,17,13:23:00,19_2,30,13:56:00,13:58:00,208.0,54.0,0.0,32.0,63.0,False
boarding_buffer_5,2026-09-15,さくら公園,kajiso_vio,11:00:00,True,,1+1+平日+3,1,19_1,19,11:26:00,25_0,32,11:56:00,12:01:00,12:46:00,2+0+平日+4,2,25_0,17,13:23:00,19_2,30,13:56:00,13:58:00,178.0,24.0,0.0,32.0,63.0,True
boarding_buffer_5,2026-09-15,さくら公園,kajiso_vio,11:30:00,True,,1+1+毎日+4,1,19_1,19,13:30:00,25_0,32,14:03:00,14:08:00,14:53:00,2+0+毎日+5,2,25_0,17,15:48:00,19_2,30,16:10:00,16:12:00,282.0,118.0,0.0,50.0,55.0,False
boarding_buffer_5,2026-09-15,さくら公園,kajiso_vio,12:00:00,True,,1+1+毎日+4,1,19_1,19,13:30:00,25_0,32,14:03:00,14:08:00,14:53:00,2+0+毎日+5,2,25_0,17,15:48:00,19_2,30,16:10:00,16:12:00,252.0,88.0,0.0,50.0,55.0,False
boarding_buffer_5,2026-09-15,さくら公園,kajiso_vio,12:30:00,True,,1+1+毎日+4,1,19_1,19,13:30:00,25_0,32,14:03:00,14:08:00,14:53:00,2+0+毎日+5,2,25_0,17,15:48:00,19_2,30,16:10:00,16:12:00,222.0,58.0,0.0,50.0,55.0,False
boarding_buffer_5,2026-09-15,さくら公園,kajiso_vio,13:00:00,True,,1+1+毎日+4,1,19_1,19,13:30:00,25_0,32,14:03:00,14:08:00,14:53:00,2+0+毎日+5,2,25_0,17,15:48:00,19_2,30,16:10:00,16:12:00,192.0,28.0,0.0,50.0,55.0,False
boarding_buffer_5,2026-09-15,さくら公園,kajiso_vio,13:30:00,False,no_return_by_deadline,,,,,,,,,,,,,,,,,,,,,,,,,False
boarding_buffer_5,2026-09-15,さくら公園,kajiso_vio,14:00:00,False,no_return_by_deadline,,,,,,,,,,,,,,,,,,,,,,,,,False
boarding_buffer_5,2026-09-15,さくら公園,kajiso_vio,14:30:00,False,no_return_by_deadline,,,,,,,,,,,,,,,,,,,,,,,,,False
boarding_buffer_5,2026-09-15,さくら公園,kajiso_vio,15:00:00,False,no_return_by_deadline,,,,,,,,,,,,,,,,,,,,,,,,,False
boarding_buffer_5,2026-09-15,さくら公園,kajiso_vio,15:30:00,False,no_return_by_deadline,,,,,,,,,,,,,,,,,,,,,,,,,False
boarding_buffer_5,2026-09-15,さくら公園,kajiso_vio,16:00:00,False,no_outbound_bus,,,,,,,,,,,,,,,,,,,,,,,,,False
boarding_buffer_5,2026-09-15,わかくさ,kajiso_libre,08:00:00,True,,2+0+平日+1,2,22_2,27,08:15:00,21_2,28,08:16:00,09:30:00,10:15:00,1+1+平日+3,1,21_1,21,11:28:00,22_1,22,11:29:00,11:31:00,211.0,13.0,69.0,68.0,2.0,False
boarding_buffer_5,2026-09-15,わかくさ,kajiso_libre,08:30:00,True,,2+0+平日+2,2,22_2,27,09:57:00,21_2,28,09:58:00,10:03:00,10:48:00,1+1+平日+3,1,21_1,21,11:28:00,22_1,22,11:29:00,11:31:00,181.0,85.0,0.0,35.0,2.0,False
boarding_buffer_5,2026-09-15,わかくさ,kajiso_libre,09:00:00,True,,2+0+平日+2,2,22_2,27,09:57:00,21_2,28,09:58:00,10:03:00,10:48:00,1+1+平日+3,1,21_1,21,11:28:00,22_1,22,11:29:00,11:31:00,151.0,55.0,0.0,35.0,2.0,True
boarding_buffer_5,2026-09-15,わかくさ,kajiso_libre,09:30:00,True,,2+0+平日+2,2,22_2,27,09:57:00,21_2,28,09:58:00,10:03:00,10:48:00,1+1+平日+3,1,21_1,21,11:28:00,22_1,22,11:29:00,11:31:00,121.0,25.0,0.0,35.0,2.0,True
boarding_buffer_5,2026-09-15,わかくさ,kajiso_libre,10:00:00,True,,2+0+毎日+3,2,22_2,27,11:46:00,21_2,28,11:47:00,11:52:00,12:37:00,1+1+毎日+4,1,21_1,21,13:32:00,22_1,22,13:33:00,13:35:00,215.0,104.0,0.0,50.0,2.0,False
boarding_buffer_5,2026-09-15,わかくさ,kajiso_libre,10:30:00,True,,2+0+毎日+3,2,22_2,27,11:46:00,21_2,28,11:47:00,11:52:00,12:37:00,1+1+毎日+4,1,21_1,21,13:32:00,22_1,22,13:33:00,13:35:00,185.0,74.0,0.0,50.0,2.0,False
boarding_buffer_5,2026-09-15,わかくさ,kajiso_libre,11:00:00,True,,2+0+毎日+3,2,22_2,27,11:46:00,21_2,28,11:47:00,11:52:00,12:37:00,1+1+毎日+4,1,21_1,21,13:32:00,22_1,22,13:33:00,13:35:00,155.0,44.0,0.0,50.0,2.0,True
boarding_buffer_5,2026-09-15,わかくさ,kajiso_libre,11:30:00,True,,2+0+毎日+3,2,22_2,27,11:46:00,21_2,28,11:47:00,11:52:00,12:37:00,1+1+毎日+4,1,21_1,21,13:32:00,22_1,22,13:33:00,13:35:00,125.0,14.0,0.0,50.0,2.0,True
boarding_buffer_5,2026-09-15,わかくさ,kajiso_libre,12:00:00,True,,2+0+平日+4,2,22_2,27,13:53:00,21_2,28,13:54:00,13:59:00,14:44:00,1+1+平日+5,1,21_1,21,16:02:00,22_1,22,16:03:00,16:05:00,245.0,111.0,0.0,73.0,2.0,False
boarding_buffer_5,2026-09-15,わかくさ,kajiso_libre,12:30:00,True,,2+0+平日+4,2,22_2,27,13:53:00,21_2,28,13:54:00,13:59:00,14:44:00,1+1+平日+5,1,21_1,21,16:02:00,22_1,22,16:03:00,16:05:00,215.0,81.0,0.0,73.0,2.0,False
boarding_buffer_5,2026-09-15,わかくさ,kajiso_libre,13:00:00,True,,2+0+平日+4,2,22_2,27,13:53:00,21_2,28,13:54:00,13:59:00,14:44:00,1+1+平日+5,1,21_1,21,16:02:00,22_1,22,16:03:00,16:05:00,185.0,51.0,0.0,73.0,2.0,False
boarding_buffer_5,2026-09-15,わかくさ,kajiso_libre,13:30:00,True,,2+0+平日+4,2,22_2,27,13:53:00,21_2,28,13:54:00,13:59:00,14:44:00,1+1+平日+5,1,21_1,21,16:02:00,22_1,22,16:03:00,16:05:00,155.0,21.0,0.0,73.0,2.0,True
boarding_buffer_5,2026-09-15,わかくさ,kajiso_libre,14:00:00,False,no_return_by_deadline,,,,,,,,,,,,,,,,,,,,,,,,,False
boarding_buffer_5,2026-09-15,わかくさ,kajiso_libre,14:30:00,False,no_return_by_deadline,,,,,,,,,,,,,,,,,,,,,,,,,False
boarding_buffer_5,2026-09-15,わかくさ,kajiso_libre,15:00:00,False,no_return_by_deadline,,,,,,,,,,,,,,,,,,,,,,,,,False
boarding_buffer_5,2026-09-15,わかくさ,kajiso_libre,15:30:00,False,no_return_by_deadline,,,,,,,,,,,,,,,,,,,,,,,,,False
boarding_buffer_5,2026-09-15,わかくさ,kajiso_libre,16:00:00,False,no_return_by_deadline,,,,,,,,,,,,,,,,,,,,,,,,,False
boarding_buffer_5,2026-09-15,わかくさ,kajiso_vio,08:00:00,True,,1+1+毎日+2,1,22_1,22,09:51:00,25_0,32,10:13:00,10:18:00,11:03:00,2+0+毎日+3,2,25_0,17,11:19:00,22_2,27,11:46:00,11:48:00,228.0,109.0,0.0,11.0,49.0,False
boarding_buffer_5,2026-09-15,わかくさ,kajiso_vio,08:30:00,True,,1+1+毎日+2,1,22_1,22,09:51:00,25_0,32,10:13:00,10:18:00,11:03:00,2+0+毎日+3,2,25_0,17,11:19:00,22_2,27,11:46:00,11:48:00,198.0,79.0,0.0,11.0,49.0,False
boarding_buffer_5,2026-09-15,わかくさ,kajiso_vio,09:00:00,True,,1+1+毎日+2,1,22_1,22,09:51:00,25_0,32,10:13:00,10:18:00,11:03:00,2+0+毎日+3,2,25_0,17,11:19:00,22_2,27,11:46:00,11:48:00,168.0,49.0,0.0,11.0,49.0,True
boarding_buffer_5,2026-09-15,わかくさ,kajiso_vio,09:30:00,True,,1+1+毎日+2,1,22_1,22,09:51:00,25_0,32,10:13:00,10:18:00,11:03:00,2+0+毎日+3,2,25_0,17,11:19:00,22_2,27,11:46:00,11:48:00,138.0,19.0,0.0,11.0,49.0,True
boarding_buffer_5,2026-09-15,わかくさ,kajiso_vio,10:00:00,True,,1+1+平日+3,1,22_1,22,11:29:00,25_0,32,11:56:00,12:01:00,12:46:00,2+0+平日+4,2,25_0,17,13:23:00,22_2,27,13:53:00,13:55:00,235.0,87.0,0.0,32.0,57.0,False
boarding_buffer_5,2026-09-15,わかくさ,kajiso_vio,10:30:00,True,,1+1+平日+3,1,22_1,22,11:29:00,25_0,32,11:56:00,12:01:00,12:46:00,2+0+平日+4,2,25_0,17,13:23:00,22_2,27,13:53:00,13:55:00,205.0,57.0,0.0,32.0,57.0,False
boarding_buffer_5,2026-09-15,わかくさ,kajiso_vio,11:00:00,True,,1+1+平日+3,1,22_1,22,11:29:00,25_0,32,11:56:00,12:01:00,12:46:00,2+0+平日+4,2,25_0,17,13:23:00,22_2,27,13:53:00,13:55:00,175.0,27.0,0.0,32.0,57.0,True
boarding_buffer_5,2026-09-15,わかくさ,kajiso_vio,11:30:00,True,,1+1+毎日+4,1,22_1,22,13:33:00,25_0,32,14:03:00,14:08:00,14:53:00,2+0+毎日+5,2,25_0,17,15:48:00,22_2,27,16:07:00,16:09:00,279.0,121.0,0.0,50.0,49.0,False
boarding_buffer_5,2026-09-15,わかくさ,kajiso_vio,12:00:00,True,,1+1+毎日+4,1,22_1,22,13:33:00,25_0,32,14:03:00,14:08:00,14:53:00,2+0+毎日+5,2,25_0,17,15:48:00,22_2,27,16:07:00,16:09:00,249.0,91.0,0.0,50.0,49.0,False
boarding_buffer_5,2026-09-15,わかくさ,kajiso_vio,12:30:00,True,,1+1+毎日+4,1,22_1,22,13:33:00,25_0,32,14:03:00,14:08:00,14:53:00,2+0+毎日+5,2,25_0,17,15:48:00,22_2,27,16:07:00,16:09:00,219.0,61.0,0.0,50.0,49.0,False
boarding_buffer_5,2026-09-15,わかくさ,kajiso_vio,13:00:00,True,,1+1+毎日+4,1,22_1,22,13:33:00,25_0,32,14:03:00,14:08:00,14:53:00,2+0+毎日+5,2,25_0,17,15:48:00,22_2,27,16:07:00,16:09:00,189.0,31.0,0.0,50.0,49.0,False
boarding_buffer_5,2026-09-15,わかくさ,kajiso_vio,13:30:00,False,no_return_by_deadline,,,,,,,,,,,,,,,,,,,,,,,,,False
boarding_buffer_5,2026-09-15,わかくさ,kajiso_vio,14:00:00,False,no_return_by_deadline,,,,,,,,,,,,,,,,,,,,,,,,,False
boarding_buffer_5,2026-09-15,わかくさ,kajiso_vio,14:30:00,False,no_return_by_deadline,,,,,,,,,,,,,,,,,,,,,,,,,False
boarding_buffer_5,2026-09-15,わかくさ,kajiso_vio,15:00:00,False,no_return_by_deadline,,,,,,,,,,,,,,,,,,,,,,,,,False
boarding_buffer_5,2026-09-15,わかくさ,kajiso_vio,15:30:00,False,no_return_by_deadline,,,,,,,,,,,,,,,,,,,,,,,,,False
boarding_buffer_5,2026-09-15,わかくさ,kajiso_vio,16:00:00,False,no_outbound_bus,,,,,,,,,,,,,,,,,,,,,,,,,False
boarding_buffer_5,2026-09-15,篠座,kajiso_libre,08:00:00,True,,2+0+平日+2,2,29_2,13,09:31:00,21_2,28,09:58:00,10:03:00,10:48:00,1+1+平日+3,1,21_1,21,11:28:00,29_1,36,12:04:00,12:06:00,246.0,89.0,0.0,35.0,63.0,False
boarding_buffer_5,2026-09-15,篠座,kajiso_libre,08:30:00,True,,2+0+平日+2,2,29_2,13,09:31:00,21_2,28,09:58:00,10:03:00,10:48:00,1+1+平日+3,1,21_1,21,11:28:00,29_1,36,12:04:00,12:06:00,216.0,59.0,0.0,35.0,63.0,False
boarding_buffer_5,2026-09-15,篠座,kajiso_libre,09:00:00,True,,2+0+平日+2,2,29_2,13,09:31:00,21_2,28,09:58:00,10:03:00,10:48:00,1+1+平日+3,1,21_1,21,11:28:00,29_1,36,12:04:00,12:06:00,186.0,29.0,0.0,35.0,63.0,False
boarding_buffer_5,2026-09-15,篠座,kajiso_libre,09:30:00,True,,2+0+毎日+3,2,29_2,13,11:12:00,21_2,28,11:47:00,11:52:00,12:37:00,1+1+毎日+4,1,21_1,21,13:32:00,29_1,36,14:11:00,14:13:00,283.0,100.0,0.0,50.0,74.0,False
boarding_buffer_5,2026-09-15,篠座,kajiso_libre,10:00:00,True,,2+0+毎日+3,2,29_2,13,11:12:00,21_2,28,11:47:00,11:52:00,12:37:00,1+1+毎日+4,1,21_1,21,13:32:00,29_1,36,14:11:00,14:13:00,253.0,70.0,0.0,50.0,74.0,False
boarding_buffer_5,2026-09-15,篠座,kajiso_libre,10:30:00,True,,2+0+毎日+3,2,29_2,13,11:12:00,21_2,28,11:47:00,11:52:00,12:37:00,1+1+毎日+4,1,21_1,21,13:32:00,29_1,36,14:11:00,14:13:00,223.0,40.0,0.0,50.0,74.0,False
boarding_buffer_5,2026-09-15,篠座,kajiso_libre,11:00:00,True,,2+0+毎日+3,2,29_2,13,11:12:00,21_2,28,11:47:00,11:52:00,12:37:00,1+1+毎日+4,1,21_1,21,13:32:00,29_1,36,14:11:00,14:13:00,193.0,10.0,0.0,50.0,74.0,False
boarding_buffer_5,2026-09-15,篠座,kajiso_libre,11:30:00,True,,2+0+平日+4,2,29_2,13,13:16:00,21_2,28,13:54:00,13:59:00,14:44:00,1+1+平日+5,1,21_1,21,16:02:00,29_1,36,16:30:00,16:32:00,302.0,104.0,0.0,73.0,66.0,False
boarding_buffer_5,2026-09-15,篠座,kajiso_libre,12:00:00,True,,2+0+平日+4,2,29_2,13,13:16:00,21_2,28,13:54:00,13:59:00,14:44:00,1+1+平日+5,1,21_1,21,16:02:00,29_1,36,16:30:00,16:32:00,272.0,74.0,0.0,73.0,66.0,False
boarding_buffer_5,2026-09-15,篠座,kajiso_libre,12:30:00,True,,2+0+平日+4,2,29_2,13,13:16:00,21_2,28,13:54:00,13:59:00,14:44:00,1+1+平日+5,1,21_1,21,16:02:00,29_1,36,16:30:00,16:32:00,242.0,44.0,0.0,73.0,66.0,False
boarding_buffer_5,2026-09-15,篠座,kajiso_libre,13:00:00,True,,2+0+平日+4,2,29_2,13,13:16:00,21_2,28,13:54:00,13:59:00,14:44:00,1+1+平日+5,1,21_1,21,16:02:00,29_1,36,16:30:00,16:32:00,212.0,14.0,0.0,73.0,66.0,False
boarding_buffer_5,2026-09-15,篠座,kajiso_libre,13:30:00,False,no_return_by_deadline,,,,,,,,,,,,,,,,,,,,,,,,,False
boarding_buffer_5,2026-09-15,篠座,kajiso_libre,14:00:00,False,no_return_by_deadline,,,,,,,,,,,,,,,,,,,,,,,,,False
boarding_buffer_5,2026-09-15,篠座,kajiso_libre,14:30:00,False,no_return_by_deadline,,,,,,,,,,,,,,,,,,,,,,,,,False
boarding_buffer_5,2026-09-15,篠座,kajiso_libre,15:00:00,False,no_return_by_deadline,,,,,,,,,,,,,,,,,,,,,,,,,False
boarding_buffer_5,2026-09-15,篠座,kajiso_libre,15:30:00,False,no_return_by_deadline,,,,,,,,,,,,,,,,,,,,,,,,,False
boarding_buffer_5,2026-09-15,篠座,kajiso_libre,16:00:00,False,no_outbound_bus,,,,,,,,,,,,,,,,,,,,,,,,,False
boarding_buffer_5,2026-09-15,篠座,kajiso_vio,08:00:00,True,,2+0+平日+2,2,29_2,13,09:31:00,25_0,17,09:38:00,09:43:00,10:28:00,1+1+平日+3,1,25_0,32,11:56:00,29_1,36,12:04:00,12:06:00,246.0,89.0,0.0,83.0,15.0,False
boarding_buffer_5,2026-09-15,篠座,kajiso_vio,08:30:00,True,,2+0+平日+2,2,29_2,13,09:31:00,25_0,17,09:38:00,09:43:00,10:28:00,1+1+平日+3,1,25_0,32,11:56:00,29_1,36,12:04:00,12:06:00,216.0,59.0,0.0,83.0,15.0,False
boarding_buffer_5,2026-09-15,篠座,kajiso_vio,09:00:00,True,,2+0+平日+2,2,29_2,13,09:31:00,25_0,17,09:38:00,09:43:00,10:28:00,1+1+平日+3,1,25_0,32,11:56:00,29_1,36,12:04:00,12:06:00,186.0,29.0,0.0,83.0,15.0,False
boarding_buffer_5,2026-09-15,篠座,kajiso_vio,09:30:00,True,,2+0+毎日+3,2,29_2,13,11:12:00,25_0,17,11:19:00,11:24:00,12:09:00,1+1+毎日+4,1,25_0,32,14:03:00,29_1,36,14:11:00,14:13:00,283.0,100.0,0.0,109.0,15.0,False
boarding_buffer_5,2026-09-15,篠座,kajiso_vio,10:00:00,True,,2+0+毎日+3,2,29_2,13,11:12:00,25_0,17,11:19:00,11:24:00,12:09:00,1+1+毎日+4,1,25_0,32,14:03:00,29_1,36,14:11:00,14:13:00,253.0,70.0,0.0,109.0,15.0,False
boarding_buffer_5,2026-09-15,篠座,kajiso_vio,10:30:00,True,,2+0+毎日+3,2,29_2,13,11:12:00,25_0,17,11:19:00,11:24:00,12:09:00,1+1+毎日+4,1,25_0,32,14:03:00,29_1,36,14:11:00,14:13:00,223.0,40.0,0.0,109.0,15.0,False
boarding_buffer_5,2026-09-15,篠座,kajiso_vio,11:00:00,True,,2+0+毎日+3,2,29_2,13,11:12:00,25_0,17,11:19:00,11:24:00,12:09:00,1+1+毎日+4,1,25_0,32,14:03:00,29_1,36,14:11:00,14:13:00,193.0,10.0,0.0,109.0,15.0,False
boarding_buffer_5,2026-09-15,篠座,kajiso_vio,11:30:00,True,,2+0+平日+4,2,29_2,13,13:16:00,25_0,17,13:23:00,13:28:00,14:13:00,1+1+平日+5,1,25_0,32,16:22:00,29_1,36,16:30:00,16:32:00,302.0,104.0,0.0,124.0,15.0,False
boarding_buffer_5,2026-09-15,篠座,kajiso_vio,12:00:00,True,,2+0+平日+4,2,29_2,13,13:16:00,25_0,17,13:23:00,13:28:00,14:13:00,1+1+平日+5,1,25_0,32,16:22:00,29_1,36,16:30:00,16:32:00,272.0,74.0,0.0,124.0,15.0,False
boarding_buffer_5,2026-09-15,篠座,kajiso_vio,12:30:00,True,,2+0+平日+4,2,29_2,13,13:16:00,25_0,17,13:23:00,13:28:00,14:13:00,1+1+平日+5,1,25_0,32,16:22:00,29_1,36,16:30:00,16:32:00,242.0,44.0,0.0,124.0,15.0,False
boarding_buffer_5,2026-09-15,篠座,kajiso_vio,13:00:00,True,,2+0+平日+4,2,29_2,13,13:16:00,25_0,17,13:23:00,13:28:00,14:13:00,1+1+平日+5,1,25_0,32,16:22:00,29_1,36,16:30:00,16:32:00,212.0,14.0,0.0,124.0,15.0,False
boarding_buffer_5,2026-09-15,篠座,kajiso_vio,13:30:00,False,no_return_by_deadline,,,,,,,,,,,,,,,,,,,,,,,,,False
boarding_buffer_5,2026-09-15,篠座,kajiso_vio,14:00:00,False,no_return_by_deadline,,,,,,,,,,,,,,,,,,,,,,,,,False
boarding_buffer_5,2026-09-15,篠座,kajiso_vio,14:30:00,False,no_return_by_deadline,,,,,,,,,,,,,,,,,,,,,,,,,False
boarding_buffer_5,2026-09-15,篠座,kajiso_vio,15:00:00,False,no_return_by_deadline,,,,,,,,,,,,,,,,,,,,,,,,,False
boarding_buffer_5,2026-09-15,篠座,kajiso_vio,15:30:00,False,no_return_by_deadline,,,,,,,,,,,,,,,,,,,,,,,,,False
boarding_buffer_5,2026-09-15,篠座,kajiso_vio,16:00:00,False,no_outbound_bus,,,,,,,,,,,,,,,,,,,,,,,,,False
boarding_buffer_5,2026-09-15,いなほこども園,kajiso_libre,08:00:00,True,,2+0+平日+2,2,33_2,9,09:27:00,21_2,28,09:58:00,10:03:00,10:48:00,1+1+平日+3,1,21_1,21,11:28:00,33_1,40,12:08:00,12:10:00,250.0,85.0,0.0,35.0,71.0,False
boarding_buffer_5,2026-09-15,いなほこども園,kajiso_libre,08:30:00,True,,2+0+平日+2,2,33_2,9,09:27:00,21_2,28,09:58:00,10:03:00,10:48:00,1+1+平日+3,1,21_1,21,11:28:00,33_1,40,12:08:00,12:10:00,220.0,55.0,0.0,35.0,71.0,False
boarding_buffer_5,2026-09-15,いなほこども園,kajiso_libre,09:00:00,True,,2+0+平日+2,2,33_2,9,09:27:00,21_2,28,09:58:00,10:03:00,10:48:00,1+1+平日+3,1,21_1,21,11:28:00,33_1,40,12:08:00,12:10:00,190.0,25.0,0.0,35.0,71.0,False
boarding_buffer_5,2026-09-15,いなほこども園,kajiso_libre,09:30:00,True,,2+0+毎日+3,2,33_2,9,11:08:00,21_2,28,11:47:00,11:52:00,12:37:00,1+1+毎日+4,1,21_1,21,13:32:00,33_1,40,14:15:00,14:17:00,287.0,96.0,0.0,50.0,82.0,False
boarding_buffer_5,2026-09-15,いなほこども園,kajiso_libre,10:00:00,True,,2+0+毎日+3,2,33_2,9,11:08:00,21_2,28,11:47:00,11:52:00,12:37:00,1+1+毎日+4,1,21_1,21,13:32:00,33_1,40,14:15:00,14:17:00,257.0,66.0,0.0,50.0,82.0,False
boarding_buffer_5,2026-09-15,いなほこども園,kajiso_libre,10:30:00,True,,2+0+毎日+3,2,33_2,9,11:08:00,21_2,28,11:47:00,11:52:00,12:37:00,1+1+毎日+4,1,21_1,21,13:32:00,33_1,40,14:15:00,14:17:00,227.0,36.0,0.0,50.0,82.0,False
boarding_buffer_5,2026-09-15,いなほこども園,kajiso_libre,11:00:00,True,,2+0+毎日+3,2,33_2,9,11:08:00,21_2,28,11:47:00,11:52:00,12:37:00,1+1+毎日+4,1,21_1,21,13:32:00,33_1,40,14:15:00,14:17:00,197.0,6.0,0.0,50.0,82.0,False
boarding_buffer_5,2026-09-15,いなほこども園,kajiso_libre,11:30:00,True,,2+0+平日+4,2,33_2,9,13:12:00,21_2,28,13:54:00,13:59:00,14:44:00,1+1+平日+5,1,21_1,21,16:02:00,33_1,40,16:34:00,16:36:00,306.0,100.0,0.0,73.0,74.0,False
boarding_buffer_5,2026-09-15,いなほこども園,kajiso_libre,12:00:00,True,,2+0+平日+4,2,33_2,9,13:12:00,21_2,28,13:54:00,13:59:00,14:44:00,1+1+平日+5,1,21_1,21,16:02:00,33_1,40,16:34:00,16:36:00,276.0,70.0,0.0,73.0,74.0,False
boarding_buffer_5,2026-09-15,いなほこども園,kajiso_libre,12:30:00,True,,2+0+平日+4,2,33_2,9,13:12:00,21_2,28,13:54:00,13:59:00,14:44:00,1+1+平日+5,1,21_1,21,16:02:00,33_1,40,16:34:00,16:36:00,246.0,40.0,0.0,73.0,74.0,False
boarding_buffer_5,2026-09-15,いなほこども園,kajiso_libre,13:00:00,True,,2+0+平日+4,2,33_2,9,13:12:00,21_2,28,13:54:00,13:59:00,14:44:00,1+1+平日+5,1,21_1,21,16:02:00,33_1,40,16:34:00,16:36:00,216.0,10.0,0.0,73.0,74.0,False
boarding_buffer_5,2026-09-15,いなほこども園,kajiso_libre,13:30:00,False,no_return_by_deadline,,,,,,,,,,,,,,,,,,,,,,,,,False
boarding_buffer_5,2026-09-15,いなほこども園,kajiso_libre,14:00:00,False,no_return_by_deadline,,,,,,,,,,,,,,,,,,,,,,,,,False
boarding_buffer_5,2026-09-15,いなほこども園,kajiso_libre,14:30:00,False,no_return_by_deadline,,,,,,,,,,,,,,,,,,,,,,,,,False
boarding_buffer_5,2026-09-15,いなほこども園,kajiso_libre,15:00:00,False,no_return_by_deadline,,,,,,,,,,,,,,,,,,,,,,,,,False
boarding_buffer_5,2026-09-15,いなほこども園,kajiso_libre,15:30:00,False,no_return_by_deadline,,,,,,,,,,,,,,,,,,,,,,,,,False
boarding_buffer_5,2026-09-15,いなほこども園,kajiso_libre,16:00:00,False,no_outbound_bus,,,,,,,,,,,,,,,,,,,,,,,,,False
boarding_buffer_5,2026-09-15,いなほこども園,kajiso_vio,08:00:00,True,,2+0+平日+2,2,33_2,9,09:27:00,25_0,17,09:38:00,09:43:00,10:28:00,1+1+平日+3,1,25_0,32,11:56:00,33_1,40,12:08:00,12:10:00,250.0,85.0,0.0,83.0,23.0,False
boarding_buffer_5,2026-09-15,いなほこども園,kajiso_vio,08:30:00,True,,2+0+平日+2,2,33_2,9,09:27:00,25_0,17,09:38:00,09:43:00,10:28:00,1+1+平日+3,1,25_0,32,11:56:00,33_1,40,12:08:00,12:10:00,220.0,55.0,0.0,83.0,23.0,False
boarding_buffer_5,2026-09-15,いなほこども園,kajiso_vio,09:00:00,True,,2+0+平日+2,2,33_2,9,09:27:00,25_0,17,09:38:00,09:43:00,10:28:00,1+1+平日+3,1,25_0,32,11:56:00,33_1,40,12:08:00,12:10:00,190.0,25.0,0.0,83.0,23.0,False
boarding_buffer_5,2026-09-15,いなほこども園,kajiso_vio,09:30:00,True,,2+0+毎日+3,2,33_2,9,11:08:00,25_0,17,11:19:00,11:24:00,12:09:00,1+1+毎日+4,1,25_0,32,14:03:00,33_1,40,14:15:00,14:17:00,287.0,96.0,0.0,109.0,23.0,False
boarding_buffer_5,2026-09-15,いなほこども園,kajiso_vio,10:00:00,True,,2+0+毎日+3,2,33_2,9,11:08:00,25_0,17,11:19:00,11:24:00,12:09:00,1+1+毎日+4,1,25_0,32,14:03:00,33_1,40,14:15:00,14:17:00,257.0,66.0,0.0,109.0,23.0,False
boarding_buffer_5,2026-09-15,いなほこども園,kajiso_vio,10:30:00,True,,2+0+毎日+3,2,33_2,9,11:08:00,25_0,17,11:19:00,11:24:00,12:09:00,1+1+毎日+4,1,25_0,32,14:03:00,33_1,40,14:15:00,14:17:00,227.0,36.0,0.0,109.0,23.0,False
boarding_buffer_5,2026-09-15,いなほこども園,kajiso_vio,11:00:00,True,,2+0+毎日+3,2,33_2,9,11:08:00,25_0,17,11:19:00,11:24:00,12:09:00,1+1+毎日+4,1,25_0,32,14:03:00,33_1,40,14:15:00,14:17:00,197.0,6.0,0.0,109.0,23.0,False
boarding_buffer_5,2026-09-15,いなほこども園,kajiso_vio,11:30:00,True,,2+0+平日+4,2,33_2,9,13:12:00,25_0,17,13:23:00,13:28:00,14:13:00,1+1+平日+5,1,25_0,32,16:22:00,33_1,40,16:34:00,16:36:00,306.0,100.0,0.0,124.0,23.0,False
boarding_buffer_5,2026-09-15,いなほこども園,kajiso_vio,12:00:00,True,,2+0+平日+4,2,33_2,9,13:12:00,25_0,17,13:23:00,13:28:00,14:13:00,1+1+平日+5,1,25_0,32,16:22:00,33_1,40,16:34:00,16:36:00,276.0,70.0,0.0,124.0,23.0,False
boarding_buffer_5,2026-09-15,いなほこども園,kajiso_vio,12:30:00,True,,2+0+平日+4,2,33_2,9,13:12:00,25_0,17,13:23:00,13:28:00,14:13:00,1+1+平日+5,1,25_0,32,16:22:00,33_1,40,16:34:00,16:36:00,246.0,40.0,0.0,124.0,23.0,False
boarding_buffer_5,2026-09-15,いなほこども園,kajiso_vio,13:00:00,True,,2+0+平日+4,2,33_2,9,13:12:00,25_0,17,13:23:00,13:28:00,14:13:00,1+1+平日+5,1,25_0,32,16:22:00,33_1,40,16:34:00,16:36:00,216.0,10.0,0.0,124.0,23.0,False
boarding_buffer_5,2026-09-15,いなほこども園,kajiso_vio,13:30:00,False,no_return_by_deadline,,,,,,,,,,,,,,,,,,,,,,,,,False
boarding_buffer_5,2026-09-15,いなほこども園,kajiso_vio,14:00:00,False,no_return_by_deadline,,,,,,,,,,,,,,,,,,,,,,,,,False
boarding_buffer_5,2026-09-15,いなほこども園,kajiso_vio,14:30:00,False,no_return_by_deadline,,,,,,,,,,,,,,,,,,,,,,,,,False
boarding_buffer_5,2026-09-15,いなほこども園,kajiso_vio,15:00:00,False,no_return_by_deadline,,,,,,,,,,,,,,,,,,,,,,,,,False
boarding_buffer_5,2026-09-15,いなほこども園,kajiso_vio,15:30:00,False,no_return_by_deadline,,,,,,,,,,,,,,,,,,,,,,,,,False
boarding_buffer_5,2026-09-15,いなほこども園,kajiso_vio,16:00:00,False,no_outbound_bus,,,,,,,,,,,,,,,,,,,,,,,,,False
boarding_buffer_5,2026-09-15,童子丸郵便局口,kajiso_libre,08:00:00,True,,2+0+平日+2,2,39_2,3,09:18:00,21_2,28,09:58:00,10:03:00,10:48:00,1+1+平日+3,1,21_1,21,11:28:00,39_1,46,12:16:00,12:18:00,258.0,76.0,0.0,35.0,88.0,False
boarding_buffer_5,2026-09-15,童子丸郵便局口,kajiso_libre,08:30:00,True,,2+0+平日+2,2,39_2,3,09:18:00,21_2,28,09:58:00,10:03:00,10:48:00,1+1+平日+3,1,21_1,21,11:28:00,39_1,46,12:16:00,12:18:00,228.0,46.0,0.0,35.0,88.0,False
boarding_buffer_5,2026-09-15,童子丸郵便局口,kajiso_libre,09:00:00,True,,2+0+平日+2,2,39_2,3,09:18:00,21_2,28,09:58:00,10:03:00,10:48:00,1+1+平日+3,1,21_1,21,11:28:00,39_1,46,12:16:00,12:18:00,198.0,16.0,0.0,35.0,88.0,False
boarding_buffer_5,2026-09-15,童子丸郵便局口,kajiso_libre,09:30:00,True,,2+0+毎日+3,2,39_2,3,10:59:00,21_2,28,11:47:00,11:52:00,12:37:00,1+1+毎日+4,1,21_1,21,13:32:00,39_1,46,14:23:00,14:25:00,295.0,87.0,0.0,50.0,99.0,False
boarding_buffer_5,2026-09-15,童子丸郵便局口,kajiso_libre,10:00:00,True,,2+0+毎日+3,2,39_2,3,10:59:00,21_2,28,11:47:00,11:52:00,12:37:00,1+1+毎日+4,1,21_1,21,13:32:00,39_1,46,14:23:00,14:25:00,265.0,57.0,0.0,50.0,99.0,False
boarding_buffer_5,2026-09-15,童子丸郵便局口,kajiso_libre,10:30:00,True,,2+0+毎日+3,2,39_2,3,10:59:00,21_2,28,11:47:00,11:52:00,12:37:00,1+1+毎日+4,1,21_1,21,13:32:00,39_1,46,14:23:00,14:25:00,235.0,27.0,0.0,50.0,99.0,False
boarding_buffer_5,2026-09-15,童子丸郵便局口,kajiso_libre,11:00:00,True,,2+0+平日+4,2,39_2,3,13:03:00,21_2,28,13:54:00,13:59:00,14:44:00,1+1+平日+5,1,21_1,21,16:02:00,39_1,46,16:42:00,16:44:00,344.0,121.0,0.0,73.0,91.0,False
boarding_buffer_5,2026-09-15,童子丸郵便局口,kajiso_libre,11:30:00,True,,2+0+平日+4,2,39_2,3,13:03:00,21_2,28,13:54:00,13:59:00,14:44:00,1+1+平日+5,1,21_1,21,16:02:00,39_1,46,16:42:00,16:44:00,314.0,91.0,0.0,73.0,91.0,False
boarding_buffer_5,2026-09-15,童子丸郵便局口,kajiso_libre,12:00:00,True,,2+0+平日+4,2,39_2,3,13:03:00,21_2,28,13:54:00,13:59:00,14:44:00,1+1+平日+5,1,21_1,21,16:02:00,39_1,46,16:42:00,16:44:00,284.0,61.0,0.0,73.0,91.0,False
boarding_buffer_5,2026-09-15,童子丸郵便局口,kajiso_libre,12:30:00,True,,2+0+平日+4,2,39_2,3,13:03:00,21_2,28,13:54:00,13:59:00,14:44:00,1+1+平日+5,1,21_1,21,16:02:00,39_1,46,16:42:00,16:44:00,254.0,31.0,0.0,73.0,91.0,False
boarding_buffer_5,2026-09-15,童子丸郵便局口,kajiso_libre,13:00:00,False,no_return_by_deadline,,,,,,,,,,,,,,,,,,,,,,,,,False
boarding_buffer_5,2026-09-15,童子丸郵便局口,kajiso_libre,13:30:00,False,no_return_by_deadline,,,,,,,,,,,,,,,,,,,,,,,,,False
boarding_buffer_5,2026-09-15,童子丸郵便局口,kajiso_libre,14:00:00,False,no_return_by_deadline,,,,,,,,,,,,,,,,,,,,,,,,,False
boarding_buffer_5,2026-09-15,童子丸郵便局口,kajiso_libre,14:30:00,False,no_return_by_deadline,,,,,,,,,,,,,,,,,,,,,,,,,False
boarding_buffer_5,2026-09-15,童子丸郵便局口,kajiso_libre,15:00:00,False,no_return_by_deadline,,,,,,,,,,,,,,,,,,,,,,,,,False
boarding_buffer_5,2026-09-15,童子丸郵便局口,kajiso_libre,15:30:00,False,no_outbound_bus,,,,,,,,,,,,,,,,,,,,,,,,,False
boarding_buffer_5,2026-09-15,童子丸郵便局口,kajiso_libre,16:00:00,False,no_outbound_bus,,,,,,,,,,,,,,,,,,,,,,,,,False
boarding_buffer_5,2026-09-15,童子丸郵便局口,kajiso_vio,08:00:00,True,,2+0+平日+2,2,39_2,3,09:18:00,25_0,17,09:38:00,09:43:00,10:28:00,1+1+平日+3,1,25_0,32,11:56:00,39_1,46,12:16:00,12:18:00,258.0,76.0,0.0,83.0,40.0,False
boarding_buffer_5,2026-09-15,童子丸郵便局口,kajiso_vio,08:30:00,True,,2+0+平日+2,2,39_2,3,09:18:00,25_0,17,09:38:00,09:43:00,10:28:00,1+1+平日+3,1,25_0,32,11:56:00,39_1,46,12:16:00,12:18:00,228.0,46.0,0.0,83.0,40.0,False
boarding_buffer_5,2026-09-15,童子丸郵便局口,kajiso_vio,09:00:00,True,,2+0+平日+2,2,39_2,3,09:18:00,25_0,17,09:38:00,09:43:00,10:28:00,1+1+平日+3,1,25_0,32,11:56:00,39_1,46,12:16:00,12:18:00,198.0,16.0,0.0,83.0,40.0,False
boarding_buffer_5,2026-09-15,童子丸郵便局口,kajiso_vio,09:30:00,True,,2+0+毎日+3,2,39_2,3,10:59:00,25_0,17,11:19:00,11:24:00,12:09:00,1+1+毎日+4,1,25_0,32,14:03:00,39_1,46,14:23:00,14:25:00,295.0,87.0,0.0,109.0,40.0,False
boarding_buffer_5,2026-09-15,童子丸郵便局口,kajiso_vio,10:00:00,True,,2+0+毎日+3,2,39_2,3,10:59:00,25_0,17,11:19:00,11:24:00,12:09:00,1+1+毎日+4,1,25_0,32,14:03:00,39_1,46,14:23:00,14:25:00,265.0,57.0,0.0,109.0,40.0,False
boarding_buffer_5,2026-09-15,童子丸郵便局口,kajiso_vio,10:30:00,True,,2+0+毎日+3,2,39_2,3,10:59:00,25_0,17,11:19:00,11:24:00,12:09:00,1+1+毎日+4,1,25_0,32,14:03:00,39_1,46,14:23:00,14:25:00,235.0,27.0,0.0,109.0,40.0,False
boarding_buffer_5,2026-09-15,童子丸郵便局口,kajiso_vio,11:00:00,True,,2+0+平日+4,2,39_2,3,13:03:00,25_0,17,13:23:00,13:28:00,14:13:00,1+1+平日+5,1,25_0,32,16:22:00,39_1,46,16:42:00,16:44:00,344.0,121.0,0.0,124.0,40.0,False
boarding_buffer_5,2026-09-15,童子丸郵便局口,kajiso_vio,11:30:00,True,,2+0+平日+4,2,39_2,3,13:03:00,25_0,17,13:23:00,13:28:00,14:13:00,1+1+平日+5,1,25_0,32,16:22:00,39_1,46,16:42:00,16:44:00,314.0,91.0,0.0,124.0,40.0,False
boarding_buffer_5,2026-09-15,童子丸郵便局口,kajiso_vio,12:00:00,True,,2+0+平日+4,2,39_2,3,13:03:00,25_0,17,13:23:00,13:28:00,14:13:00,1+1+平日+5,1,25_0,32,16:22:00,39_1,46,16:42:00,16:44:00,284.0,61.0,0.0,124.0,40.0,False
boarding_buffer_5,2026-09-15,童子丸郵便局口,kajiso_vio,12:30:00,True,,2+0+平日+4,2,39_2,3,13:03:00,25_0,17,13:23:00,13:28:00,14:13:00,1+1+平日+5,1,25_0,32,16:22:00,39_1,46,16:42:00,16:44:00,254.0,31.0,0.0,124.0,40.0,False
boarding_buffer_5,2026-09-15,童子丸郵便局口,kajiso_vio,13:00:00,False,no_return_by_deadline,,,,,,,,,,,,,,,,,,,,,,,,,False
boarding_buffer_5,2026-09-15,童子丸郵便局口,kajiso_vio,13:30:00,False,no_return_by_deadline,,,,,,,,,,,,,,,,,,,,,,,,,False
boarding_buffer_5,2026-09-15,童子丸郵便局口,kajiso_vio,14:00:00,False,no_return_by_deadline,,,,,,,,,,,,,,,,,,,,,,,,,False
boarding_buffer_5,2026-09-15,童子丸郵便局口,kajiso_vio,14:30:00,False,no_return_by_deadline,,,,,,,,,,,,,,,,,,,,,,,,,False
boarding_buffer_5,2026-09-15,童子丸郵便局口,kajiso_vio,15:00:00,False,no_return_by_deadline,,,,,,,,,,,,,,,,,,,,,,,,,False
boarding_buffer_5,2026-09-15,童子丸郵便局口,kajiso_vio,15:30:00,False,no_outbound_bus,,,,,,,,,,,,,,,,,,,,,,,,,False
boarding_buffer_5,2026-09-15,童子丸郵便局口,kajiso_vio,16:00:00,False,no_outbound_bus,,,,,,,,,,,,,,,,,,,,,,,,,False
boarding_buffer_5,2026-09-19,越前大野駅,kajiso_libre,08:00:00,True,,1+1+毎日+2,1,1_1,1,09:23:00,21_1,21,09:50:00,09:55:00,10:40:00,2+0+毎日+3,2,21_2,28,11:47:00,1_1,48,12:13:00,12:15:00,255.0,81.0,0.0,62.0,53.0,False
boarding_buffer_5,2026-09-19,越前大野駅,kajiso_libre,08:30:00,True,,1+1+毎日+2,1,1_1,1,09:23:00,21_1,21,09:50:00,09:55:00,10:40:00,2+0+毎日+3,2,21_2,28,11:47:00,1_1,48,12:13:00,12:15:00,225.0,51.0,0.0,62.0,53.0,False
boarding_buffer_5,2026-09-19,越前大野駅,kajiso_libre,09:00:00,True,,1+1+毎日+2,1,1_1,1,09:23:00,21_1,21,09:50:00,09:55:00,10:40:00,2+0+毎日+3,2,21_2,28,11:47:00,1_1,48,12:13:00,12:15:00,195.0,21.0,0.0,62.0,53.0,False
boarding_buffer_5,2026-09-19,越前大野駅,kajiso_libre,09:30:00,True,,2+0+毎日+3,2,1_1,1,10:56:00,21_2,28,11:47:00,11:52:00,12:37:00,1+1+毎日+4,1,21_1,21,13:32:00,1_1,24,13:36:00,13:38:00,248.0,84.0,0.0,50.0,55.0,False
boarding_buffer_5,2026-09-19,越前大野駅,kajiso_libre,10:00:00,True,,2+0+毎日+3,2,1_1,1,10:56:00,21_2,28,11:47:00,11:52:00,12:37:00,1+1+毎日+4,1,21_1,21,13:32:00,1_1,24,13:36:00,13:38:00,218.0,54.0,0.0,50.0,55.0,False
boarding_buffer_5,2026-09-19,越前大野駅,kajiso_libre,10:30:00,True,,2+0+毎日+3,2,1_1,1,10:56:00,21_2,28,11:47:00,11:52:00,12:37:00,1+1+毎日+4,1,21_1,21,13:32:00,1_1,24,13:36:00,13:38:00,188.0,24.0,0.0,50.0,55.0,False
boarding_buffer_5,2026-09-19,越前大野駅,kajiso_libre,11:00:00,True,,2+0+毎日+3,2,1_1,24,11:43:00,21_2,28,11:47:00,11:52:00,12:37:00,1+1+毎日+4,1,21_1,21,13:32:00,1_1,24,13:36:00,13:38:00,158.0,41.0,0.0,50.0,8.0,True
boarding_buffer_5,2026-09-19,越前大野駅,kajiso_libre,11:30:00,True,,2+0+毎日+3,2,1_1,24,11:43:00,21_2,28,11:47:00,11:52:00,12:37:00,1+1+毎日+4,1,21_1,21,13:32:00,1_1,24,13:36:00,13:38:00,128.0,11.0,0.0,50.0,8.0,True
boarding_buffer_5,2026-09-19,越前大野駅,kajiso_libre,12:00:00,True,,1+1+毎日+4,1,1_1,1,13:05:00,21_1,21,13:32:00,13:37:00,14:22:00,2+0+毎日+5,2,21_2,28,16:08:00,1_1,48,16:34:00,16:36:00,276.0,63.0,0.0,101.0,53.0,False
boarding_buffer_5,2026-09-19,越前大野駅,kajiso_libre,12:30:00,True,,1+1+毎日+4,1,1_1,1,13:05:00,21_1,21,13:32:00,13:37:00,14:22:00,2+0+毎日+5,2,21_2,28,16:08:00,1_1,48,16:34:00,16:36:00,246.0,33.0,0.0,101.0,53.0,False
boarding_buffer_5,2026-09-19,越前大野駅,kajiso_libre,13:00:00,False,no_return_by_deadline,,,,,,,,,,,,,,,,,,,,,,,,,False
boarding_buffer_5,2026-09-19,越前大野駅,kajiso_libre,13:30:00,False,no_return_by_deadline,,,,,,,,,,,,,,,,,,,,,,,,,False
boarding_buffer_5,2026-09-19,越前大野駅,kajiso_libre,14:00:00,False,no_return_by_deadline,,,,,,,,,,,,,,,,,,,,,,,,,False
boarding_buffer_5,2026-09-19,越前大野駅,kajiso_libre,14:30:00,False,no_return_by_deadline,,,,,,,,,,,,,,,,,,,,,,,,,False
boarding_buffer_5,2026-09-19,越前大野駅,kajiso_libre,15:00:00,False,no_return_by_deadline,,,,,,,,,,,,,,,,,,,,,,,,,False
boarding_buffer_5,2026-09-19,越前大野駅,kajiso_libre,15:30:00,False,no_return_by_deadline,,,,,,,,,,,,,,,,,,,,,,,,,False
boarding_buffer_5,2026-09-19,越前大野駅,kajiso_libre,16:00:00,False,no_outbound_bus,,,,,,,,,,,,,,,,,,,,,,,,,False
boarding_buffer_5,2026-09-19,越前大野駅,kajiso_vio,08:00:00,True,,1+1+毎日+2,1,1_1,1,09:23:00,25_0,32,10:13:00,10:18:00,11:03:00,2+0+毎日+3,2,25_0,17,11:19:00,1_1,24,11:32:00,11:34:00,214.0,81.0,0.0,11.0,63.0,False
boarding_buffer_5,2026-09-19,越前大野駅,kajiso_vio,08:30:00,True,,1+1+毎日+2,1,1_1,1,09:23:00,25_0,32,10:13:00,10:18:00,11:03:00,2+0+毎日+3,2,25_0,17,11:19:00,1_1,24,11:32:00,11:34:00,184.0,51.0,0.0,11.0,63.0,False
boarding_buffer_5,2026-09-19,越前大野駅,kajiso_vio,09:00:00,True,,1+1+毎日+2,1,1_1,1,09:23:00,25_0,32,10:13:00,10:18:00,11:03:00,2+0+毎日+3,2,25_0,17,11:19:00,1_1,24,11:32:00,11:34:00,154.0,21.0,0.0,11.0,63.0,True
boarding_buffer_5,2026-09-19,越前大野駅,kajiso_vio,09:30:00,True,,1+1+毎日+2,1,1_1,24,10:00:00,25_0,32,10:13:00,10:18:00,11:03:00,2+0+毎日+3,2,25_0,17,11:19:00,1_1,24,11:32:00,11:34:00,124.0,28.0,0.0,11.0,26.0,True
boarding_buffer_5,2026-09-19,越前大野駅,kajiso_vio,10:00:00,True,,2+0+毎日+3,2,1_1,1,10:56:00,25_0,17,11:19:00,11:24:00,12:09:00,1+1+毎日+4,1,25_0,32,14:03:00,1_1,48,14:26:00,14:28:00,268.0,54.0,0.0,109.0,46.0,False
boarding_buffer_5,2026-09-19,越前大野駅,kajiso_vio,10:30:00,True,,2+0+毎日+3,2,1_1,1,10:56:00,25_0,17,11:19:00,11:24:00,12:09:00,1+1+毎日+4,1,25_0,32,14:03:00,1_1,48,14:26:00,14:28:00,238.0,24.0,0.0,109.0,46.0,False
boarding_buffer_5,2026-09-19,越前大野駅,kajiso_vio,11:00:00,True,,1+1+毎日+4,1,1_1,1,13:05:00,25_0,32,14:03:00,14:08:00,14:53:00,2+0+毎日+5,2,25_0,17,15:48:00,1_1,24,16:01:00,16:03:00,303.0,123.0,0.0,50.0,71.0,False
boarding_buffer_5,2026-09-19,越前大野駅,kajiso_vio,11:30:00,True,,1+1+毎日+4,1,1_1,1,13:05:00,25_0,32,14:03:00,14:08:00,14:53:00,2+0+毎日+5,2,25_0,17,15:48:00,1_1,24,16:01:00,16:03:00,273.0,93.0,0.0,50.0,71.0,False
boarding_buffer_5,2026-09-19,越前大野駅,kajiso_vio,12:00:00,True,,1+1+毎日+4,1,1_1,1,13:05:00,25_0,32,14:03:00,14:08:00,14:53:00,2+0+毎日+5,2,25_0,17,15:48:00,1_1,24,16:01:00,16:03:00,243.0,63.0,0.0,50.0,71.0,False
boarding_buffer_5,2026-09-19,越前大野駅,kajiso_vio,12:30:00,True,,1+1+毎日+4,1,1_1,1,13:05:00,25_0,32,14:03:00,14:08:00,14:53:00,2+0+毎日+5,2,25_0,17,15:48:00,1_1,24,16:01:00,16:03:00,213.0,33.0,0.0,50.0,71.0,False
boarding_buffer_5,2026-09-19,越前大野駅,kajiso_vio,13:00:00,True,,1+1+毎日+4,1,1_1,24,13:50:00,25_0,32,14:03:00,14:08:00,14:53:00,2+0+毎日+5,2,25_0,17,15:48:00,1_1,24,16:01:00,16:03:00,183.0,48.0,0.0,50.0,26.0,False
boarding_buffer_5,2026-09-19,越前大野駅,kajiso_vio,13:30:00,True,,1+1+毎日+4,1,1_1,24,13:50:00,25_0,32,14:03:00,14:08:00,14:53:00,2+0+毎日+5,2,25_0,17,15:48:00,1_1,24,16:01:00,16:03:00,153.0,18.0,0.0,50.0,26.0,True
boarding_buffer_5,2026-09-19,越前大野駅,kajiso_vio,14:00:00,False,no_return_by_deadline,,,,,,,,,,,,,,,,,,,,,,,,,False
boarding_buffer_5,2026-09-19,越前大野駅,kajiso_vio,14:30:00,False,no_return_by_deadline,,,,,,,,,,,,,,,,,,,,,,,,,False
boarding_buffer_5,2026-09-19,越前大野駅,kajiso_vio,15:00:00,False,no_return_by_deadline,,,,,,,,,,,,,,,,,,,,,,,,,False
boarding_buffer_5,2026-09-19,越前大野駅,kajiso_vio,15:30:00,False,no_outbound_bus,,,,,,,,,,,,,,,,,,,,,,,,,False
boarding_buffer_5,2026-09-19,越前大野駅,kajiso_vio,16:00:00,False,no_outbound_bus,,,,,,,,,,,,,,,,,,,,,,,,,False
boarding_buffer_5,2026-09-19,結ステーション,kajiso_libre,08:00:00,True,,1+1+毎日+2,1,6_0,6,09:30:00,21_1,21,09:50:00,09:55:00,10:40:00,2+0+毎日+3,2,21_2,28,11:47:00,6_0,43,12:06:00,12:08:00,248.0,88.0,0.0,62.0,39.0,False
boarding_buffer_5,2026-09-19,結ステーション,kajiso_libre,08:30:00,True,,1+1+毎日+2,1,6_0,6,09:30:00,21_1,21,09:50:00,09:55:00,10:40:00,2+0+毎日+3,2,21_2,28,11:47:00,6_0,43,12:06:00,12:08:00,218.0,58.0,0.0,62.0,39.0,False
boarding_buffer_5,2026-09-19,結ステーション,kajiso_libre,09:00:00,True,,1+1+毎日+2,1,6_0,6,09:30:00,21_1,21,09:50:00,09:55:00,10:40:00,2+0+毎日+3,2,21_2,28,11:47:00,6_0,43,12:06:00,12:08:00,188.0,28.0,0.0,62.0,39.0,False
boarding_buffer_5,2026-09-19,結ステーション,kajiso_libre,09:30:00,True,,2+0+毎日+3,2,6_0,20,11:28:00,21_2,28,11:47:00,11:52:00,12:37:00,1+1+毎日+4,1,21_1,21,13:32:00,6_0,29,13:54:00,13:56:00,266.0,116.0,0.0,50.0,41.0,False
boarding_buffer_5,2026-09-19,結ステーション,kajiso_libre,10:00:00,True,,2+0+毎日+3,2,6_0,20,11:28:00,21_2,28,11:47:00,11:52:00,12:37:00,1+1+毎日+4,1,21_1,21,13:32:00,6_0,29,13:54:00,13:56:00,236.0,86.0,0.0,50.0,41.0,False
boarding_buffer_5,2026-09-19,結ステーション,kajiso_libre,10:30:00,True,,2+0+毎日+3,2,6_0,20,11:28:00,21_2,28,11:47:00,11:52:00,12:37:00,1+1+毎日+4,1,21_1,21,13:32:00,6_0,29,13:54:00,13:56:00,206.0,56.0,0.0,50.0,41.0,False
boarding_buffer_5,2026-09-19,結ステーション,kajiso_libre,11:00:00,True,,2+0+毎日+3,2,6_0,20,11:28:00,21_2,28,11:47:00,11:52:00,12:37:00,1+1+毎日+4,1,21_1,21,13:32:00,6_0,29,13:54:00,13:56:00,176.0,26.0,0.0,50.0,41.0,True
boarding_buffer_5,2026-09-19,結ステーション,kajiso_libre,11:30:00,True,,1+1+毎日+4,1,6_0,6,13:12:00,21_1,21,13:32:00,13:37:00,14:22:00,2+0+毎日+5,2,21_2,28,16:08:00,6_0,43,16:27:00,16:29:00,299.0,100.0,0.0,101.0,39.0,False
boarding_buffer_5,2026-09-19,結ステーション,kajiso_libre,12:00:00,True,,1+1+毎日+4,1,6_0,6,13:12:00,21_1,21,13:32:00,13:37:00,14:22:00,2+0+毎日+5,2,21_2,28,16:08:00,6_0,43,16:27:00,16:29:00,269.0,70.0,0.0,101.0,39.0,False
boarding_buffer_5,2026-09-19,結ステーション,kajiso_libre,12:30:00,True,,1+1+毎日+4,1,6_0,6,13:12:00,21_1,21,13:32:00,13:37:00,14:22:00,2+0+毎日+5,2,21_2,28,16:08:00,6_0,43,16:27:00,16:29:00,239.0,40.0,0.0,101.0,39.0,False
boarding_buffer_5,2026-09-19,結ステーション,kajiso_libre,13:00:00,True,,1+1+毎日+4,1,6_0,6,13:12:00,21_1,21,13:32:00,13:37:00,14:22:00,2+0+毎日+5,2,21_2,28,16:08:00,6_0,43,16:27:00,16:29:00,209.0,10.0,0.0,101.0,39.0,False
boarding_buffer_5,2026-09-19,結ステーション,kajiso_libre,13:30:00,False,no_return_by_deadline,,,,,,,,,,,,,,,,,,,,,,,,,False
boarding_buffer_5,2026-09-19,結ステーション,kajiso_libre,14:00:00,False,no_return_by_deadline,,,,,,,,,,,,,,,,,,,,,,,,,False
boarding_buffer_5,2026-09-19,結ステーション,kajiso_libre,14:30:00,False,no_return_by_deadline,,,,,,,,,,,,,,,,,,,,,,,,,False
boarding_buffer_5,2026-09-19,結ステーション,kajiso_libre,15:00:00,False,no_return_by_deadline,,,,,,,,,,,,,,,,,,,,,,,,,False
boarding_buffer_5,2026-09-19,結ステーション,kajiso_libre,15:30:00,False,no_return_by_deadline,,,,,,,,,,,,,,,,,,,,,,,,,False
boarding_buffer_5,2026-09-19,結ステーション,kajiso_libre,16:00:00,False,no_outbound_bus,,,,,,,,,,,,,,,,,,,,,,,,,False
boarding_buffer_5,2026-09-19,結ステーション,kajiso_vio,08:00:00,True,,1+1+毎日+2,1,6_0,6,09:30:00,25_0,32,10:13:00,10:18:00,11:03:00,2+0+毎日+3,2,25_0,17,11:19:00,6_0,20,11:28:00,11:30:00,210.0,88.0,0.0,11.0,52.0,False
boarding_buffer_5,2026-09-19,結ステーション,kajiso_vio,08:30:00,True,,1+1+毎日+2,1,6_0,6,09:30:00,25_0,32,10:13:00,10:18:00,11:03:00,2+0+毎日+3,2,25_0,17,11:19:00,6_0,20,11:28:00,11:30:00,180.0,58.0,0.0,11.0,52.0,True
boarding_buffer_5,2026-09-19,結ステーション,kajiso_vio,09:00:00,True,,1+1+毎日+2,1,6_0,6,09:30:00,25_0,32,10:13:00,10:18:00,11:03:00,2+0+毎日+3,2,25_0,17,11:19:00,6_0,20,11:28:00,11:30:00,150.0,28.0,0.0,11.0,52.0,True
boarding_buffer_5,2026-09-19,結ステーション,kajiso_vio,09:30:00,True,,1+1+毎日+2,1,6_0,29,10:04:00,25_0,32,10:13:00,10:18:00,11:03:00,2+0+毎日+3,2,25_0,17,11:19:00,6_0,20,11:28:00,11:30:00,120.0,32.0,0.0,11.0,18.0,True
boarding_buffer_5,2026-09-19,結ステーション,kajiso_vio,10:00:00,True,,1+1+毎日+4,1,6_0,6,13:12:00,25_0,32,14:03:00,14:08:00,14:53:00,2+0+毎日+5,2,25_0,17,15:48:00,6_0,20,15:57:00,15:59:00,359.0,190.0,0.0,50.0,60.0,False
boarding_buffer_5,2026-09-19,結ステーション,kajiso_vio,10:30:00,True,,1+1+毎日+4,1,6_0,6,13:12:00,25_0,32,14:03:00,14:08:00,14:53:00,2+0+毎日+5,2,25_0,17,15:48:00,6_0,20,15:57:00,15:59:00,329.0,160.0,0.0,50.0,60.0,False
boarding_buffer_5,2026-09-19,結ステーション,kajiso_vio,11:00:00,True,,1+1+毎日+4,1,6_0,6,13:12:00,25_0,32,14:03:00,14:08:00,14:53:00,2+0+毎日+5,2,25_0,17,15:48:00,6_0,20,15:57:00,15:59:00,299.0,130.0,0.0,50.0,60.0,False
boarding_buffer_5,2026-09-19,結ステーション,kajiso_vio,11:30:00,True,,1+1+毎日+4,1,6_0,6,13:12:00,25_0,32,14:03:00,14:08:00,14:53:00,2+0+毎日+5,2,25_0,17,15:48:00,6_0,20,15:57:00,15:59:00,269.0,100.0,0.0,50.0,60.0,False
boarding_buffer_5,2026-09-19,結ステーション,kajiso_vio,12:00:00,True,,1+1+毎日+4,1,6_0,6,13:12:00,25_0,32,14:03:00,14:08:00,14:53:00,2+0+毎日+5,2,25_0,17,15:48:00,6_0,20,15:57:00,15:59:00,239.0,70.0,0.0,50.0,60.0,False
boarding_buffer_5,2026-09-19,結ステーション,kajiso_vio,12:30:00,True,,1+1+毎日+4,1,6_0,6,13:12:00,25_0,32,14:03:00,14:08:00,14:53:00,2+0+毎日+5,2,25_0,17,15:48:00,6_0,20,15:57:00,15:59:00,209.0,40.0,0.0,50.0,60.0,False
boarding_buffer_5,2026-09-19,結ステーション,kajiso_vio,13:00:00,True,,1+1+毎日+4,1,6_0,6,13:12:00,25_0,32,14:03:00,14:08:00,14:53:00,2+0+毎日+5,2,25_0,17,15:48:00,6_0,20,15:57:00,15:59:00,179.0,10.0,0.0,50.0,60.0,True
boarding_buffer_5,2026-09-19,結ステーション,kajiso_vio,13:30:00,True,,1+1+毎日+4,1,6_0,29,13:54:00,25_0,32,14:03:00,14:08:00,14:53:00,2+0+毎日+5,2,25_0,17,15:48:00,6_0,20,15:57:00,15:59:00,149.0,22.0,0.0,50.0,18.0,True
boarding_buffer_5,2026-09-19,結ステーション,kajiso_vio,14:00:00,False,no_outbound_bus,,,,,,,,,,,,,,,,,,,,,,,,,False
boarding_buffer_5,2026-09-19,結ステーション,kajiso_vio,14:30:00,False,no_outbound_bus,,,,,,,,,,,,,,,,,,,,,,,,,False
boarding_buffer_5,2026-09-19,結ステーション,kajiso_vio,15:00:00,False,no_outbound_bus,,,,,,,,,,,,,,,,,,,,,,,,,False
boarding_buffer_5,2026-09-19,結ステーション,kajiso_vio,15:30:00,False,no_outbound_bus,,,,,,,,,,,,,,,,,,,,,,,,,False
boarding_buffer_5,2026-09-19,結ステーション,kajiso_vio,16:00:00,False,no_outbound_bus,,,,,,,,,,,,,,,,,,,,,,,,,False
boarding_buffer_5,2026-09-19,下庄小学校,kajiso_libre,08:00:00,True,,1+1+毎日+2,1,9_1,9,09:33:00,21_1,21,09:50:00,09:55:00,10:40:00,2+0+毎日+3,2,21_2,28,11:47:00,9_2,40,12:02:00,12:04:00,244.0,91.0,0.0,62.0,32.0,False
boarding_buffer_5,2026-09-19,下庄小学校,kajiso_libre,08:30:00,True,,1+1+毎日+2,1,9_1,9,09:33:00,21_1,21,09:50:00,09:55:00,10:40:00,2+0+毎日+3,2,21_2,28,11:47:00,9_2,40,12:02:00,12:04:00,214.0,61.0,0.0,62.0,32.0,False
boarding_buffer_5,2026-09-19,下庄小学校,kajiso_libre,09:00:00,True,,1+1+毎日+2,1,9_1,9,09:33:00,21_1,21,09:50:00,09:55:00,10:40:00,2+0+毎日+3,2,21_2,28,11:47:00,9_2,40,12:02:00,12:04:00,184.0,31.0,0.0,62.0,32.0,False
boarding_buffer_5,2026-09-19,下庄小学校,kajiso_libre,09:30:00,True,,1+1+毎日+4,1,9_1,9,13:15:00,21_1,21,13:32:00,13:37:00,14:22:00,2+0+毎日+5,2,21_2,28,16:08:00,9_2,40,16:23:00,16:25:00,415.0,223.0,0.0,101.0,32.0,False
boarding_buffer_5,2026-09-19,下庄小学校,kajiso_libre,10:00:00,True,,1+1+毎日+4,1,9_1,9,13:15:00,21_1,21,13:32:00,13:37:00,14:22:00,2+0+毎日+5,2,21_2,28,16:08:00,9_2,40,16:23:00,16:25:00,385.0,193.0,0.0,101.0,32.0,False
boarding_buffer_5,2026-09-19,下庄小学校,kajiso_libre,10:30:00,True,,1+1+毎日+4,1,9_1,9,13:15:00,21_1,21,13:32:00,13:37:00,14:22:00,2+0+毎日+5,2,21_2,28,16:08:00,9_2,40,16:23:00,16:25:00,355.0,163.0,0.0,101.0,32.0,False
boarding_buffer_5,2026-09-19,下庄小学校,kajiso_libre,11:00:00,True,,1+1+毎日+4,1,9_1,9,13:15:00,21_1,21,13:32:00,13:37:00,14:22:00,2+0+毎日+5,2,21_2,28,16:08:00,9_2,40,16:23:00,16:25:00,325.0,133.0,0.0,101.0,32.0,False
boarding_buffer_5,2026-09-19,下庄小学校,kajiso_libre,11:30:00,True,,1+1+毎日+4,1,9_1,9,13:15:00,21_1,21,13:32:00,13:37:00,14:22:00,2+0+毎日+5,2,21_2,28,16:08:00,9_2,40,16:23:00,16:25:00,295.0,103.0,0.0,101.0,32.0,False
boarding_buffer_5,2026-09-19,下庄小学校,kajiso_libre,12:00:00,True,,1+1+毎日+4,1,9_1,9,13:15:00,21_1,21,13:32:00,13:37:00,14:22:00,2+0+毎日+5,2,21_2,28,16:08:00,9_2,40,16:23:00,16:25:00,265.0,73.0,0.0,101.0,32.0,False
boarding_buffer_5,2026-09-19,下庄小学校,kajiso_libre,12:30:00,True,,1+1+毎日+4,1,9_1,9,13:15:00,21_1,21,13:32:00,13:37:00,14:22:00,2+0+毎日+5,2,21_2,28,16:08:00,9_2,40,16:23:00,16:25:00,235.0,43.0,0.0,101.0,32.0,False
boarding_buffer_5,2026-09-19,下庄小学校,kajiso_libre,13:00:00,True,,1+1+毎日+4,1,9_1,9,13:15:00,21_1,21,13:32:00,13:37:00,14:22:00,2+0+毎日+5,2,21_2,28,16:08:00,9_2,40,16:23:00,16:25:00,205.0,13.0,0.0,101.0,32.0,False
boarding_buffer_5,2026-09-19,下庄小学校,kajiso_libre,13:30:00,False,no_outbound_bus,,,,,,,,,,,,,,,,,,,,,,,,,False
boarding_buffer_5,2026-09-19,下庄小学校,kajiso_libre,14:00:00,False,no_outbound_bus,,,,,,,,,,,,,,,,,,,,,,,,,False
boarding_buffer_5,2026-09-19,下庄小学校,kajiso_libre,14:30:00,False,no_outbound_bus,,,,,,,,,,,,,,,,,,,,,,,,,False
boarding_buffer_5,2026-09-19,下庄小学校,kajiso_libre,15:00:00,False,no_outbound_bus,,,,,,,,,,,,,,,,,,,,,,,,,False
boarding_buffer_5,2026-09-19,下庄小学校,kajiso_libre,15:30:00,False,no_outbound_bus,,,,,,,,,,,,,,,,,,,,,,,,,False
boarding_buffer_5,2026-09-19,下庄小学校,kajiso_libre,16:00:00,False,no_outbound_bus,,,,,,,,,,,,,,,,,,,,,,,,,False
boarding_buffer_5,2026-09-19,下庄小学校,kajiso_vio,08:00:00,True,,1+1+毎日+2,1,9_1,9,09:33:00,25_0,32,10:13:00,10:18:00,11:03:00,2+0+毎日+3,2,25_0,17,11:19:00,9_2,40,12:02:00,12:04:00,244.0,91.0,0.0,11.0,83.0,False
boarding_buffer_5,2026-09-19,下庄小学校,kajiso_vio,08:30:00,True,,1+1+毎日+2,1,9_1,9,09:33:00,25_0,32,10:13:00,10:18:00,11:03:00,2+0+毎日+3,2,25_0,17,11:19:00,9_2,40,12:02:00,12:04:00,214.0,61.0,0.0,11.0,83.0,False
boarding_buffer_5,2026-09-19,下庄小学校,kajiso_vio,09:00:00,True,,1+1+毎日+2,1,9_1,9,09:33:00,25_0,32,10:13:00,10:18:00,11:03:00,2+0+毎日+3,2,25_0,17,11:19:00,9_2,40,12:02:00,12:04:00,184.0,31.0,0.0,11.0,83.0,False
boarding_buffer_5,2026-09-19,下庄小学校,kajiso_vio,09:30:00,True,,1+1+毎日+4,1,9_1,9,13:15:00,25_0,32,14:03:00,14:08:00,14:53:00,2+0+毎日+5,2,25_0,17,15:48:00,9_2,40,16:23:00,16:25:00,415.0,223.0,0.0,50.0,83.0,False
boarding_buffer_5,2026-09-19,下庄小学校,kajiso_vio,10:00:00,True,,1+1+毎日+4,1,9_1,9,13:15:00,25_0,32,14:03:00,14:08:00,14:53:00,2+0+毎日+5,2,25_0,17,15:48:00,9_2,40,16:23:00,16:25:00,385.0,193.0,0.0,50.0,83.0,False
boarding_buffer_5,2026-09-19,下庄小学校,kajiso_vio,10:30:00,True,,1+1+毎日+4,1,9_1,9,13:15:00,25_0,32,14:03:00,14:08:00,14:53:00,2+0+毎日+5,2,25_0,17,15:48:00,9_2,40,16:23:00,16:25:00,355.0,163.0,0.0,50.0,83.0,False
boarding_buffer_5,2026-09-19,下庄小学校,kajiso_vio,11:00:00,True,,1+1+毎日+4,1,9_1,9,13:15:00,25_0,32,14:03:00,14:08:00,14:53:00,2+0+毎日+5,2,25_0,17,15:48:00,9_2,40,16:23:00,16:25:00,325.0,133.0,0.0,50.0,83.0,False
boarding_buffer_5,2026-09-19,下庄小学校,kajiso_vio,11:30:00,True,,1+1+毎日+4,1,9_1,9,13:15:00,25_0,32,14:03:00,14:08:00,14:53:00,2+0+毎日+5,2,25_0,17,15:48:00,9_2,40,16:23:00,16:25:00,295.0,103.0,0.0,50.0,83.0,False
boarding_buffer_5,2026-09-19,下庄小学校,kajiso_vio,12:00:00,True,,1+1+毎日+4,1,9_1,9,13:15:00,25_0,32,14:03:00,14:08:00,14:53:00,2+0+毎日+5,2,25_0,17,15:48:00,9_2,40,16:23:00,16:25:00,265.0,73.0,0.0,50.0,83.0,False
boarding_buffer_5,2026-09-19,下庄小学校,kajiso_vio,12:30:00,True,,1+1+毎日+4,1,9_1,9,13:15:00,25_0,32,14:03:00,14:08:00,14:53:00,2+0+毎日+5,2,25_0,17,15:48:00,9_2,40,16:23:00,16:25:00,235.0,43.0,0.0,50.0,83.0,False
boarding_buffer_5,2026-09-19,下庄小学校,kajiso_vio,13:00:00,True,,1+1+毎日+4,1,9_1,9,13:15:00,25_0,32,14:03:00,14:08:00,14:53:00,2+0+毎日+5,2,25_0,17,15:48:00,9_2,40,16:23:00,16:25:00,205.0,13.0,0.0,50.0,83.0,False
boarding_buffer_5,2026-09-19,下庄小学校,kajiso_vio,13:30:00,False,no_outbound_bus,,,,,,,,,,,,,,,,,,,,,,,,,False
boarding_buffer_5,2026-09-19,下庄小学校,kajiso_vio,14:00:00,False,no_outbound_bus,,,,,,,,,,,,,,,,,,,,,,,,,False
boarding_buffer_5,2026-09-19,下庄小学校,kajiso_vio,14:30:00,False,no_outbound_bus,,,,,,,,,,,,,,,,,,,,,,,,,False
boarding_buffer_5,2026-09-19,下庄小学校,kajiso_vio,15:00:00,False,no_outbound_bus,,,,,,,,,,,,,,,,,,,,,,,,,False
boarding_buffer_5,2026-09-19,下庄小学校,kajiso_vio,15:30:00,False,no_outbound_bus,,,,,,,,,,,,,,,,,,,,,,,,,False
boarding_buffer_5,2026-09-19,下庄小学校,kajiso_vio,16:00:00,False,no_outbound_bus,,,,,,,,,,,,,,,,,,,,,,,,,False
boarding_buffer_5,2026-09-19,青少年教育センター,kajiso_libre,08:00:00,True,,1+1+毎日+2,1,14_1,14,09:40:00,21_1,21,09:50:00,09:55:00,10:40:00,2+0+毎日+3,2,21_2,28,11:47:00,14_2,35,11:55:00,11:57:00,237.0,98.0,0.0,62.0,18.0,False
boarding_buffer_5,2026-09-19,青少年教育センター,kajiso_libre,08:30:00,True,,1+1+毎日+2,1,14_1,14,09:40:00,21_1,21,09:50:00,09:55:00,10:40:00,2+0+毎日+3,2,21_2,28,11:47:00,14_2,35,11:55:00,11:57:00,207.0,68.0,0.0,62.0,18.0,False
boarding_buffer_5,2026-09-19,青少年教育センター,kajiso_libre,09:00:00,True,,1+1+毎日+2,1,14_1,14,09:40:00,21_1,21,09:50:00,09:55:00,10:40:00,2+0+毎日+3,2,21_2,28,11:47:00,14_2,35,11:55:00,11:57:00,177.0,38.0,0.0,62.0,18.0,True
boarding_buffer_5,2026-09-19,青少年教育センター,kajiso_libre,09:30:00,True,,1+1+毎日+2,1,14_1,14,09:40:00,21_1,21,09:50:00,09:55:00,10:40:00,2+0+毎日+3,2,21_2,28,11:47:00,14_2,35,11:55:00,11:57:00,147.0,8.0,0.0,62.0,18.0,True
boarding_buffer_5,2026-09-19,青少年教育センター,kajiso_libre,10:00:00,True,,1+1+毎日+4,1,14_1,14,13:22:00,21_1,21,13:32:00,13:37:00,14:22:00,2+0+毎日+5,2,21_2,28,16:08:00,14_2,35,16:16:00,16:18:00,378.0,200.0,0.0,101.0,18.0,False
boarding_buffer_5,2026-09-19,青少年教育センター,kajiso_libre,10:30:00,True,,1+1+毎日+4,1,14_1,14,13:22:00,21_1,21,13:32:00,13:37:00,14:22:00,2+0+毎日+5,2,21_2,28,16:08:00,14_2,35,16:16:00,16:18:00,348.0,170.0,0.0,101.0,18.0,False
boarding_buffer_5,2026-09-19,青少年教育センター,kajiso_libre,11:00:00,True,,1+1+毎日+4,1,14_1,14,13:22:00,21_1,21,13:32:00,13:37:00,14:22:00,2+0+毎日+5,2,21_2,28,16:08:00,14_2,35,16:16:00,16:18:00,318.0,140.0,0.0,101.0,18.0,False
boarding_buffer_5,2026-09-19,青少年教育センター,kajiso_libre,11:30:00,True,,1+1+毎日+4,1,14_1,14,13:22:00,21_1,21,13:32:00,13:37:00,14:22:00,2+0+毎日+5,2,21_2,28,16:08:00,14_2,35,16:16:00,16:18:00,288.0,110.0,0.0,101.0,18.0,False
boarding_buffer_5,2026-09-19,青少年教育センター,kajiso_libre,12:00:00,True,,1+1+毎日+4,1,14_1,14,13:22:00,21_1,21,13:32:00,13:37:00,14:22:00,2+0+毎日+5,2,21_2,28,16:08:00,14_2,35,16:16:00,16:18:00,258.0,80.0,0.0,101.0,18.0,False
boarding_buffer_5,2026-09-19,青少年教育センター,kajiso_libre,12:30:00,True,,1+1+毎日+4,1,14_1,14,13:22:00,21_1,21,13:32:00,13:37:00,14:22:00,2+0+毎日+5,2,21_2,28,16:08:00,14_2,35,16:16:00,16:18:00,228.0,50.0,0.0,101.0,18.0,False
boarding_buffer_5,2026-09-19,青少年教育センター,kajiso_libre,13:00:00,True,,1+1+毎日+4,1,14_1,14,13:22:00,21_1,21,13:32:00,13:37:00,14:22:00,2+0+毎日+5,2,21_2,28,16:08:00,14_2,35,16:16:00,16:18:00,198.0,20.0,0.0,101.0,18.0,False
boarding_buffer_5,2026-09-19,青少年教育センター,kajiso_libre,13:30:00,False,no_outbound_bus,,,,,,,,,,,,,,,,,,,,,,,,,False
boarding_buffer_5,2026-09-19,青少年教育センター,kajiso_libre,14:00:00,False,no_outbound_bus,,,,,,,,,,,,,,,,,,,,,,,,,False
boarding_buffer_5,2026-09-19,青少年教育センター,kajiso_libre,14:30:00,False,no_outbound_bus,,,,,,,,,,,,,,,,,,,,,,,,,False
boarding_buffer_5,2026-09-19,青少年教育センター,kajiso_libre,15:00:00,False,no_outbound_bus,,,,,,,,,,,,,,,,,,,,,,,,,False
boarding_buffer_5,2026-09-19,青少年教育センター,kajiso_libre,15:30:00,False,no_outbound_bus,,,,,,,,,,,,,,,,,,,,,,,,,False
boarding_buffer_5,2026-09-19,青少年教育センター,kajiso_libre,16:00:00,False,no_outbound_bus,,,,,,,,,,,,,,,,,,,,,,,,,False
boarding_buffer_5,2026-09-19,青少年教育センター,kajiso_vio,08:00:00,True,,1+1+毎日+2,1,14_1,14,09:40:00,25_0,32,10:13:00,10:18:00,11:03:00,2+0+毎日+3,2,25_0,17,11:19:00,14_2,35,11:55:00,11:57:00,237.0,98.0,0.0,11.0,69.0,False
boarding_buffer_5,2026-09-19,青少年教育センター,kajiso_vio,08:30:00,True,,1+1+毎日+2,1,14_1,14,09:40:00,25_0,32,10:13:00,10:18:00,11:03:00,2+0+毎日+3,2,25_0,17,11:19:00,14_2,35,11:55:00,11:57:00,207.0,68.0,0.0,11.0,69.0,False
boarding_buffer_5,2026-09-19,青少年教育センター,kajiso_vio,09:00:00,True,,1+1+毎日+2,1,14_1,14,09:40:00,25_0,32,10:13:00,10:18:00,11:03:00,2+0+毎日+3,2,25_0,17,11:19:00,14_2,35,11:55:00,11:57:00,177.0,38.0,0.0,11.0,69.0,True
boarding_buffer_5,2026-09-19,青少年教育センター,kajiso_vio,09:30:00,True,,1+1+毎日+2,1,14_1,14,09:40:00,25_0,32,10:13:00,10:18:00,11:03:00,2+0+毎日+3,2,25_0,17,11:19:00,14_2,35,11:55:00,11:57:00,147.0,8.0,0.0,11.0,69.0,True
boarding_buffer_5,2026-09-19,青少年教育センター,kajiso_vio,10:00:00,True,,1+1+毎日+4,1,14_1,14,13:22:00,25_0,32,14:03:00,14:08:00,14:53:00,2+0+毎日+5,2,25_0,17,15:48:00,14_2,35,16:16:00,16:18:00,378.0,200.0,0.0,50.0,69.0,False
boarding_buffer_5,2026-09-19,青少年教育センター,kajiso_vio,10:30:00,True,,1+1+毎日+4,1,14_1,14,13:22:00,25_0,32,14:03:00,14:08:00,14:53:00,2+0+毎日+5,2,25_0,17,15:48:00,14_2,35,16:16:00,16:18:00,348.0,170.0,0.0,50.0,69.0,False
boarding_buffer_5,2026-09-19,青少年教育センター,kajiso_vio,11:00:00,True,,1+1+毎日+4,1,14_1,14,13:22:00,25_0,32,14:03:00,14:08:00,14:53:00,2+0+毎日+5,2,25_0,17,15:48:00,14_2,35,16:16:00,16:18:00,318.0,140.0,0.0,50.0,69.0,False
boarding_buffer_5,2026-09-19,青少年教育センター,kajiso_vio,11:30:00,True,,1+1+毎日+4,1,14_1,14,13:22:00,25_0,32,14:03:00,14:08:00,14:53:00,2+0+毎日+5,2,25_0,17,15:48:00,14_2,35,16:16:00,16:18:00,288.0,110.0,0.0,50.0,69.0,False
boarding_buffer_5,2026-09-19,青少年教育センター,kajiso_vio,12:00:00,True,,1+1+毎日+4,1,14_1,14,13:22:00,25_0,32,14:03:00,14:08:00,14:53:00,2+0+毎日+5,2,25_0,17,15:48:00,14_2,35,16:16:00,16:18:00,258.0,80.0,0.0,50.0,69.0,False
boarding_buffer_5,2026-09-19,青少年教育センター,kajiso_vio,12:30:00,True,,1+1+毎日+4,1,14_1,14,13:22:00,25_0,32,14:03:00,14:08:00,14:53:00,2+0+毎日+5,2,25_0,17,15:48:00,14_2,35,16:16:00,16:18:00,228.0,50.0,0.0,50.0,69.0,False
boarding_buffer_5,2026-09-19,青少年教育センター,kajiso_vio,13:00:00,True,,1+1+毎日+4,1,14_1,14,13:22:00,25_0,32,14:03:00,14:08:00,14:53:00,2+0+毎日+5,2,25_0,17,15:48:00,14_2,35,16:16:00,16:18:00,198.0,20.0,0.0,50.0,69.0,False
boarding_buffer_5,2026-09-19,青少年教育センター,kajiso_vio,13:30:00,False,no_outbound_bus,,,,,,,,,,,,,,,,,,,,,,,,,False
boarding_buffer_5,2026-09-19,青少年教育センター,kajiso_vio,14:00:00,False,no_outbound_bus,,,,,,,,,,,,,,,,,,,,,,,,,False
boarding_buffer_5,2026-09-19,青少年教育センター,kajiso_vio,14:30:00,False,no_outbound_bus,,,,,,,,,,,,,,,,,,,,,,,,,False
boarding_buffer_5,2026-09-19,青少年教育センター,kajiso_vio,15:00:00,False,no_outbound_bus,,,,,,,,,,,,,,,,,,,,,,,,,False
boarding_buffer_5,2026-09-19,青少年教育センター,kajiso_vio,15:30:00,False,no_outbound_bus,,,,,,,,,,,,,,,,,,,,,,,,,False
boarding_buffer_5,2026-09-19,青少年教育センター,kajiso_vio,16:00:00,False,no_outbound_bus,,,,,,,,,,,,,,,,,,,,,,,,,False
boarding_buffer_5,2026-09-19,陽明中学校口,kajiso_libre,08:00:00,True,,1+1+毎日+2,1,17_1,17,09:46:00,21_1,21,09:50:00,09:55:00,10:40:00,2+0+毎日+3,2,21_2,28,11:47:00,17_2,32,11:51:00,11:53:00,233.0,104.0,0.0,62.0,8.0,False
boarding_buffer_5,2026-09-19,陽明中学校口,kajiso_libre,08:30:00,True,,1+1+毎日+2,1,17_1,17,09:46:00,21_1,21,09:50:00,09:55:00,10:40:00,2+0+毎日+3,2,21_2,28,11:47:00,17_2,32,11:51:00,11:53:00,203.0,74.0,0.0,62.0,8.0,False
boarding_buffer_5,2026-09-19,陽明中学校口,kajiso_libre,09:00:00,True,,1+1+毎日+2,1,17_1,17,09:46:00,21_1,21,09:50:00,09:55:00,10:40:00,2+0+毎日+3,2,21_2,28,11:47:00,17_2,32,11:51:00,11:53:00,173.0,44.0,0.0,62.0,8.0,True
boarding_buffer_5,2026-09-19,陽明中学校口,kajiso_libre,09:30:00,True,,1+1+毎日+2,1,17_1,17,09:46:00,21_1,21,09:50:00,09:55:00,10:40:00,2+0+毎日+3,2,21_2,28,11:47:00,17_2,32,11:51:00,11:53:00,143.0,14.0,0.0,62.0,8.0,True
boarding_buffer_5,2026-09-19,陽明中学校口,kajiso_libre,10:00:00,True,,1+1+毎日+4,1,17_1,17,13:28:00,21_1,21,13:32:00,13:37:00,14:22:00,2+0+毎日+5,2,21_2,28,16:08:00,17_2,32,16:12:00,16:14:00,374.0,206.0,0.0,101.0,8.0,False
boarding_buffer_5,2026-09-19,陽明中学校口,kajiso_libre,10:30:00,True,,1+1+毎日+4,1,17_1,17,13:28:00,21_1,21,13:32:00,13:37:00,14:22:00,2+0+毎日+5,2,21_2,28,16:08:00,17_2,32,16:12:00,16:14:00,344.0,176.0,0.0,101.0,8.0,False
boarding_buffer_5,2026-09-19,陽明中学校口,kajiso_libre,11:00:00,True,,1+1+毎日+4,1,17_1,17,13:28:00,21_1,21,13:32:00,13:37:00,14:22:00,2+0+毎日+5,2,21_2,28,16:08:00,17_2,32,16:12:00,16:14:00,314.0,146.0,0.0,101.0,8.0,False
boarding_buffer_5,2026-09-19,陽明中学校口,kajiso_libre,11:30:00,True,,1+1+毎日+4,1,17_1,17,13:28:00,21_1,21,13:32:00,13:37:00,14:22:00,2+0+毎日+5,2,21_2,28,16:08:00,17_2,32,16:12:00,16:14:00,284.0,116.0,0.0,101.0,8.0,False
boarding_buffer_5,2026-09-19,陽明中学校口,kajiso_libre,12:00:00,True,,1+1+毎日+4,1,17_1,17,13:28:00,21_1,21,13:32:00,13:37:00,14:22:00,2+0+毎日+5,2,21_2,28,16:08:00,17_2,32,16:12:00,16:14:00,254.0,86.0,0.0,101.0,8.0,False
boarding_buffer_5,2026-09-19,陽明中学校口,kajiso_libre,12:30:00,True,,1+1+毎日+4,1,17_1,17,13:28:00,21_1,21,13:32:00,13:37:00,14:22:00,2+0+毎日+5,2,21_2,28,16:08:00,17_2,32,16:12:00,16:14:00,224.0,56.0,0.0,101.0,8.0,False
boarding_buffer_5,2026-09-19,陽明中学校口,kajiso_libre,13:00:00,True,,1+1+毎日+4,1,17_1,17,13:28:00,21_1,21,13:32:00,13:37:00,14:22:00,2+0+毎日+5,2,21_2,28,16:08:00,17_2,32,16:12:00,16:14:00,194.0,26.0,0.0,101.0,8.0,False
boarding_buffer_5,2026-09-19,陽明中学校口,kajiso_libre,13:30:00,False,no_outbound_bus,,,,,,,,,,,,,,,,,,,,,,,,,False
boarding_buffer_5,2026-09-19,陽明中学校口,kajiso_libre,14:00:00,False,no_outbound_bus,,,,,,,,,,,,,,,,,,,,,,,,,False
boarding_buffer_5,2026-09-19,陽明中学校口,kajiso_libre,14:30:00,False,no_outbound_bus,,,,,,,,,,,,,,,,,,,,,,,,,False
boarding_buffer_5,2026-09-19,陽明中学校口,kajiso_libre,15:00:00,False,no_outbound_bus,,,,,,,,,,,,,,,,,,,,,,,,,False
boarding_buffer_5,2026-09-19,陽明中学校口,kajiso_libre,15:30:00,False,no_outbound_bus,,,,,,,,,,,,,,,,,,,,,,,,,False
boarding_buffer_5,2026-09-19,陽明中学校口,kajiso_libre,16:00:00,False,no_outbound_bus,,,,,,,,,,,,,,,,,,,,,,,,,False
boarding_buffer_5,2026-09-19,陽明中学校口,kajiso_vio,08:00:00,True,,1+1+毎日+2,1,17_1,17,09:46:00,25_0,32,10:13:00,10:18:00,11:03:00,2+0+毎日+3,2,25_0,17,11:19:00,17_2,32,11:51:00,11:53:00,233.0,104.0,0.0,11.0,59.0,False
boarding_buffer_5,2026-09-19,陽明中学校口,kajiso_vio,08:30:00,True,,1+1+毎日+2,1,17_1,17,09:46:00,25_0,32,10:13:00,10:18:00,11:03:00,2+0+毎日+3,2,25_0,17,11:19:00,17_2,32,11:51:00,11:53:00,203.0,74.0,0.0,11.0,59.0,False
boarding_buffer_5,2026-09-19,陽明中学校口,kajiso_vio,09:00:00,True,,1+1+毎日+2,1,17_1,17,09:46:00,25_0,32,10:13:00,10:18:00,11:03:00,2+0+毎日+3,2,25_0,17,11:19:00,17_2,32,11:51:00,11:53:00,173.0,44.0,0.0,11.0,59.0,True
boarding_buffer_5,2026-09-19,陽明中学校口,kajiso_vio,09:30:00,True,,1+1+毎日+2,1,17_1,17,09:46:00,25_0,32,10:13:00,10:18:00,11:03:00,2+0+毎日+3,2,25_0,17,11:19:00,17_2,32,11:51:00,11:53:00,143.0,14.0,0.0,11.0,59.0,True
boarding_buffer_5,2026-09-19,陽明中学校口,kajiso_vio,10:00:00,True,,1+1+毎日+4,1,17_1,17,13:28:00,25_0,32,14:03:00,14:08:00,14:53:00,2+0+毎日+5,2,25_0,17,15:48:00,17_2,32,16:12:00,16:14:00,374.0,206.0,0.0,50.0,59.0,False
boarding_buffer_5,2026-09-19,陽明中学校口,kajiso_vio,10:30:00,True,,1+1+毎日+4,1,17_1,17,13:28:00,25_0,32,14:03:00,14:08:00,14:53:00,2+0+毎日+5,2,25_0,17,15:48:00,17_2,32,16:12:00,16:14:00,344.0,176.0,0.0,50.0,59.0,False
boarding_buffer_5,2026-09-19,陽明中学校口,kajiso_vio,11:00:00,True,,1+1+毎日+4,1,17_1,17,13:28:00,25_0,32,14:03:00,14:08:00,14:53:00,2+0+毎日+5,2,25_0,17,15:48:00,17_2,32,16:12:00,16:14:00,314.0,146.0,0.0,50.0,59.0,False
boarding_buffer_5,2026-09-19,陽明中学校口,kajiso_vio,11:30:00,True,,1+1+毎日+4,1,17_1,17,13:28:00,25_0,32,14:03:00,14:08:00,14:53:00,2+0+毎日+5,2,25_0,17,15:48:00,17_2,32,16:12:00,16:14:00,284.0,116.0,0.0,50.0,59.0,False
boarding_buffer_5,2026-09-19,陽明中学校口,kajiso_vio,12:00:00,True,,1+1+毎日+4,1,17_1,17,13:28:00,25_0,32,14:03:00,14:08:00,14:53:00,2+0+毎日+5,2,25_0,17,15:48:00,17_2,32,16:12:00,16:14:00,254.0,86.0,0.0,50.0,59.0,False
boarding_buffer_5,2026-09-19,陽明中学校口,kajiso_vio,12:30:00,True,,1+1+毎日+4,1,17_1,17,13:28:00,25_0,32,14:03:00,14:08:00,14:53:00,2+0+毎日+5,2,25_0,17,15:48:00,17_2,32,16:12:00,16:14:00,224.0,56.0,0.0,50.0,59.0,False
boarding_buffer_5,2026-09-19,陽明中学校口,kajiso_vio,13:00:00,True,,1+1+毎日+4,1,17_1,17,13:28:00,25_0,32,14:03:00,14:08:00,14:53:00,2+0+毎日+5,2,25_0,17,15:48:00,17_2,32,16:12:00,16:14:00,194.0,26.0,0.0,50.0,59.0,False
boarding_buffer_5,2026-09-19,陽明中学校口,kajiso_vio,13:30:00,False,no_outbound_bus,,,,,,,,,,,,,,,,,,,,,,,,,False
boarding_buffer_5,2026-09-19,陽明中学校口,kajiso_vio,14:00:00,False,no_outbound_bus,,,,,,,,,,,,,,,,,,,,,,,,,False
boarding_buffer_5,2026-09-19,陽明中学校口,kajiso_vio,14:30:00,False,no_outbound_bus,,,,,,,,,,,,,,,,,,,,,,,,,False
boarding_buffer_5,2026-09-19,陽明中学校口,kajiso_vio,15:00:00,False,no_outbound_bus,,,,,,,,,,,,,,,,,,,,,,,,,False
boarding_buffer_5,2026-09-19,陽明中学校口,kajiso_vio,15:30:00,False,no_outbound_bus,,,,,,,,,,,,,,,,,,,,,,,,,False
boarding_buffer_5,2026-09-19,陽明中学校口,kajiso_vio,16:00:00,False,no_outbound_bus,,,,,,,,,,,,,,,,,,,,,,,,,False
boarding_buffer_5,2026-09-19,さくら公園,kajiso_libre,08:00:00,True,,1+1+毎日+2,1,19_1,19,09:48:00,21_1,21,09:50:00,09:55:00,10:40:00,2+0+毎日+3,2,21_2,28,11:47:00,19_2,30,11:49:00,11:51:00,231.0,106.0,0.0,62.0,4.0,False
boarding_buffer_5,2026-09-19,さくら公園,kajiso_libre,08:30:00,True,,1+1+毎日+2,1,19_1,19,09:48:00,21_1,21,09:50:00,09:55:00,10:40:00,2+0+毎日+3,2,21_2,28,11:47:00,19_2,30,11:49:00,11:51:00,201.0,76.0,0.0,62.0,4.0,False
boarding_buffer_5,2026-09-19,さくら公園,kajiso_libre,09:00:00,True,,1+1+毎日+2,1,19_1,19,09:48:00,21_1,21,09:50:00,09:55:00,10:40:00,2+0+毎日+3,2,21_2,28,11:47:00,19_2,30,11:49:00,11:51:00,171.0,46.0,0.0,62.0,4.0,True
boarding_buffer_5,2026-09-19,さくら公園,kajiso_libre,09:30:00,True,,1+1+毎日+2,1,19_1,19,09:48:00,21_1,21,09:50:00,09:55:00,10:40:00,2+0+毎日+3,2,21_2,28,11:47:00,19_2,30,11:49:00,11:51:00,141.0,16.0,0.0,62.0,4.0,True
boarding_buffer_5,2026-09-19,さくら公園,kajiso_libre,10:00:00,True,,1+1+毎日+4,1,19_1,19,13:30:00,21_1,21,13:32:00,13:37:00,14:22:00,2+0+毎日+5,2,21_2,28,16:08:00,19_2,30,16:10:00,16:12:00,372.0,208.0,0.0,101.0,4.0,False
boarding_buffer_5,2026-09-19,さくら公園,kajiso_libre,10:30:00,True,,1+1+毎日+4,1,19_1,19,13:30:00,21_1,21,13:32:00,13:37:00,14:22:00,2+0+毎日+5,2,21_2,28,16:08:00,19_2,30,16:10:00,16:12:00,342.0,178.0,0.0,101.0,4.0,False
boarding_buffer_5,2026-09-19,さくら公園,kajiso_libre,11:00:00,True,,1+1+毎日+4,1,19_1,19,13:30:00,21_1,21,13:32:00,13:37:00,14:22:00,2+0+毎日+5,2,21_2,28,16:08:00,19_2,30,16:10:00,16:12:00,312.0,148.0,0.0,101.0,4.0,False
boarding_buffer_5,2026-09-19,さくら公園,kajiso_libre,11:30:00,True,,1+1+毎日+4,1,19_1,19,13:30:00,21_1,21,13:32:00,13:37:00,14:22:00,2+0+毎日+5,2,21_2,28,16:08:00,19_2,30,16:10:00,16:12:00,282.0,118.0,0.0,101.0,4.0,False
boarding_buffer_5,2026-09-19,さくら公園,kajiso_libre,12:00:00,True,,1+1+毎日+4,1,19_1,19,13:30:00,21_1,21,13:32:00,13:37:00,14:22:00,2+0+毎日+5,2,21_2,28,16:08:00,19_2,30,16:10:00,16:12:00,252.0,88.0,0.0,101.0,4.0,False
boarding_buffer_5,2026-09-19,さくら公園,kajiso_libre,12:30:00,True,,1+1+毎日+4,1,19_1,19,13:30:00,21_1,21,13:32:00,13:37:00,14:22:00,2+0+毎日+5,2,21_2,28,16:08:00,19_2,30,16:10:00,16:12:00,222.0,58.0,0.0,101.0,4.0,False
boarding_buffer_5,2026-09-19,さくら公園,kajiso_libre,13:00:00,True,,1+1+毎日+4,1,19_1,19,13:30:00,21_1,21,13:32:00,13:37:00,14:22:00,2+0+毎日+5,2,21_2,28,16:08:00,19_2,30,16:10:00,16:12:00,192.0,28.0,0.0,101.0,4.0,False
boarding_buffer_5,2026-09-19,さくら公園,kajiso_libre,13:30:00,False,no_outbound_bus,,,,,,,,,,,,,,,,,,,,,,,,,False
boarding_buffer_5,2026-09-19,さくら公園,kajiso_libre,14:00:00,False,no_outbound_bus,,,,,,,,,,,,,,,,,,,,,,,,,False
boarding_buffer_5,2026-09-19,さくら公園,kajiso_libre,14:30:00,False,no_outbound_bus,,,,,,,,,,,,,,,,,,,,,,,,,False
boarding_buffer_5,2026-09-19,さくら公園,kajiso_libre,15:00:00,False,no_outbound_bus,,,,,,,,,,,,,,,,,,,,,,,,,False
boarding_buffer_5,2026-09-19,さくら公園,kajiso_libre,15:30:00,False,no_outbound_bus,,,,,,,,,,,,,,,,,,,,,,,,,False
boarding_buffer_5,2026-09-19,さくら公園,kajiso_libre,16:00:00,False,no_outbound_bus,,,,,,,,,,,,,,,,,,,,,,,,,False
boarding_buffer_5,2026-09-19,さくら公園,kajiso_vio,08:00:00,True,,1+1+毎日+2,1,19_1,19,09:48:00,25_0,32,10:13:00,10:18:00,11:03:00,2+0+毎日+3,2,25_0,17,11:19:00,19_2,30,11:49:00,11:51:00,231.0,106.0,0.0,11.0,55.0,False
boarding_buffer_5,2026-09-19,さくら公園,kajiso_vio,08:30:00,True,,1+1+毎日+2,1,19_1,19,09:48:00,25_0,32,10:13:00,10:18:00,11:03:00,2+0+毎日+3,2,25_0,17,11:19:00,19_2,30,11:49:00,11:51:00,201.0,76.0,0.0,11.0,55.0,False
boarding_buffer_5,2026-09-19,さくら公園,kajiso_vio,09:00:00,True,,1+1+毎日+2,1,19_1,19,09:48:00,25_0,32,10:13:00,10:18:00,11:03:00,2+0+毎日+3,2,25_0,17,11:19:00,19_2,30,11:49:00,11:51:00,171.0,46.0,0.0,11.0,55.0,True
boarding_buffer_5,2026-09-19,さくら公園,kajiso_vio,09:30:00,True,,1+1+毎日+2,1,19_1,19,09:48:00,25_0,32,10:13:00,10:18:00,11:03:00,2+0+毎日+3,2,25_0,17,11:19:00,19_2,30,11:49:00,11:51:00,141.0,16.0,0.0,11.0,55.0,True
boarding_buffer_5,2026-09-19,さくら公園,kajiso_vio,10:00:00,True,,1+1+毎日+4,1,19_1,19,13:30:00,25_0,32,14:03:00,14:08:00,14:53:00,2+0+毎日+5,2,25_0,17,15:48:00,19_2,30,16:10:00,16:12:00,372.0,208.0,0.0,50.0,55.0,False
boarding_buffer_5,2026-09-19,さくら公園,kajiso_vio,10:30:00,True,,1+1+毎日+4,1,19_1,19,13:30:00,25_0,32,14:03:00,14:08:00,14:53:00,2+0+毎日+5,2,25_0,17,15:48:00,19_2,30,16:10:00,16:12:00,342.0,178.0,0.0,50.0,55.0,False
boarding_buffer_5,2026-09-19,さくら公園,kajiso_vio,11:00:00,True,,1+1+毎日+4,1,19_1,19,13:30:00,25_0,32,14:03:00,14:08:00,14:53:00,2+0+毎日+5,2,25_0,17,15:48:00,19_2,30,16:10:00,16:12:00,312.0,148.0,0.0,50.0,55.0,False
boarding_buffer_5,2026-09-19,さくら公園,kajiso_vio,11:30:00,True,,1+1+毎日+4,1,19_1,19,13:30:00,25_0,32,14:03:00,14:08:00,14:53:00,2+0+毎日+5,2,25_0,17,15:48:00,19_2,30,16:10:00,16:12:00,282.0,118.0,0.0,50.0,55.0,False
boarding_buffer_5,2026-09-19,さくら公園,kajiso_vio,12:00:00,True,,1+1+毎日+4,1,19_1,19,13:30:00,25_0,32,14:03:00,14:08:00,14:53:00,2+0+毎日+5,2,25_0,17,15:48:00,19_2,30,16:10:00,16:12:00,252.0,88.0,0.0,50.0,55.0,False
boarding_buffer_5,2026-09-19,さくら公園,kajiso_vio,12:30:00,True,,1+1+毎日+4,1,19_1,19,13:30:00,25_0,32,14:03:00,14:08:00,14:53:00,2+0+毎日+5,2,25_0,17,15:48:00,19_2,30,16:10:00,16:12:00,222.0,58.0,0.0,50.0,55.0,False
boarding_buffer_5,2026-09-19,さくら公園,kajiso_vio,13:00:00,True,,1+1+毎日+4,1,19_1,19,13:30:00,25_0,32,14:03:00,14:08:00,14:53:00,2+0+毎日+5,2,25_0,17,15:48:00,19_2,30,16:10:00,16:12:00,192.0,28.0,0.0,50.0,55.0,False
boarding_buffer_5,2026-09-19,さくら公園,kajiso_vio,13:30:00,False,no_outbound_bus,,,,,,,,,,,,,,,,,,,,,,,,,False
boarding_buffer_5,2026-09-19,さくら公園,kajiso_vio,14:00:00,False,no_outbound_bus,,,,,,,,,,,,,,,,,,,,,,,,,False
boarding_buffer_5,2026-09-19,さくら公園,kajiso_vio,14:30:00,False,no_outbound_bus,,,,,,,,,,,,,,,,,,,,,,,,,False
boarding_buffer_5,2026-09-19,さくら公園,kajiso_vio,15:00:00,False,no_outbound_bus,,,,,,,,,,,,,,,,,,,,,,,,,False
boarding_buffer_5,2026-09-19,さくら公園,kajiso_vio,15:30:00,False,no_outbound_bus,,,,,,,,,,,,,,,,,,,,,,,,,False
boarding_buffer_5,2026-09-19,さくら公園,kajiso_vio,16:00:00,False,no_outbound_bus,,,,,,,,,,,,,,,,,,,,,,,,,False
boarding_buffer_5,2026-09-19,わかくさ,kajiso_libre,08:00:00,True,,2+0+毎日+3,2,22_2,27,11:46:00,21_2,28,11:47:00,11:52:00,12:37:00,1+1+毎日+4,1,21_1,21,13:32:00,22_1,22,13:33:00,13:35:00,335.0,224.0,0.0,50.0,2.0,False
boarding_buffer_5,2026-09-19,わかくさ,kajiso_libre,08:30:00,True,,2+0+毎日+3,2,22_2,27,11:46:00,21_2,28,11:47:00,11:52:00,12:37:00,1+1+毎日+4,1,21_1,21,13:32:00,22_1,22,13:33:00,13:35:00,305.0,194.0,0.0,50.0,2.0,False
boarding_buffer_5,2026-09-19,わかくさ,kajiso_libre,09:00:00,True,,2+0+毎日+3,2,22_2,27,11:46:00,21_2,28,11:47:00,11:52:00,12:37:00,1+1+毎日+4,1,21_1,21,13:32:00,22_1,22,13:33:00,13:35:00,275.0,164.0,0.0,50.0,2.0,False
boarding_buffer_5,2026-09-19,わかくさ,kajiso_libre,09:30:00,True,,2+0+毎日+3,2,22_2,27,11:46:00,21_2,28,11:47:00,11:52:00,12:37:00,1+1+毎日+4,1,21_1,21,13:32:00,22_1,22,13:33:00,13:35:00,245.0,134.0,0.0,50.0,2.0,False
boarding_buffer_5,2026-09-19,わかくさ,kajiso_libre,10:00:00,True,,2+0+毎日+3,2,22_2,27,11:46:00,21_2,28,11:47:00,11:52:00,12:37:00,1+1+毎日+4,1,21_1,21,13:32:00,22_1,22,13:33:00,13:35:00,215.0,104.0,0.0,50.0,2.0,False
boarding_buffer_5,2026-09-19,わかくさ,kajiso_libre,10:30:00,True,,2+0+毎日+3,2,22_2,27,11:46:00,21_2,28,11:47:00,11:52:00,12:37:00,1+1+毎日+4,1,21_1,21,13:32:00,22_1,22,13:33:00,13:35:00,185.0,74.0,0.0,50.0,2.0,False
boarding_buffer_5,2026-09-19,わかくさ,kajiso_libre,11:00:00,True,,2+0+毎日+3,2,22_2,27,11:46:00,21_2,28,11:47:00,11:52:00,12:37:00,1+1+毎日+4,1,21_1,21,13:32:00,22_1,22,13:33:00,13:35:00,155.0,44.0,0.0,50.0,2.0,True
boarding_buffer_5,2026-09-19,わかくさ,kajiso_libre,11:30:00,True,,2+0+毎日+3,2,22_2,27,11:46:00,21_2,28,11:47:00,11:52:00,12:37:00,1+1+毎日+4,1,21_1,21,13:32:00,22_1,22,13:33:00,13:35:00,125.0,14.0,0.0,50.0,2.0,True
boarding_buffer_5,2026-09-19,わかくさ,kajiso_libre,12:00:00,False,no_return_by_deadline,,,,,,,,,,,,,,,,,,,,,,,,,False
boarding_buffer_5,2026-09-19,わかくさ,kajiso_libre,12:30:00,False,no_return_by_deadline,,,,,,,,,,,,,,,,,,,,,,,,,False
boarding_buffer_5,2026-09-19,わかくさ,kajiso_libre,13:00:00,False,no_return_by_deadline,,,,,,,,,,,,,,,,,,,,,,,,,False
boarding_buffer_5,2026-09-19,わかくさ,kajiso_libre,13:30:00,False,no_return_by_deadline,,,,,,,,,,,,,,,,,,,,,,,,,False
boarding_buffer_5,2026-09-19,わかくさ,kajiso_libre,14:00:00,False,no_return_by_deadline,,,,,,,,,,,,,,,,,,,,,,,,,False
boarding_buffer_5,2026-09-19,わかくさ,kajiso_libre,14:30:00,False,no_return_by_deadline,,,,,,,,,,,,,,,,,,,,,,,,,False
boarding_buffer_5,2026-09-19,わかくさ,kajiso_libre,15:00:00,False,no_return_by_deadline,,,,,,,,,,,,,,,,,,,,,,,,,False
boarding_buffer_5,2026-09-19,わかくさ,kajiso_libre,15:30:00,False,no_return_by_deadline,,,,,,,,,,,,,,,,,,,,,,,,,False
boarding_buffer_5,2026-09-19,わかくさ,kajiso_libre,16:00:00,False,no_return_by_deadline,,,,,,,,,,,,,,,,,,,,,,,,,False
boarding_buffer_5,2026-09-19,わかくさ,kajiso_vio,08:00:00,True,,1+1+毎日+2,1,22_1,22,09:51:00,25_0,32,10:13:00,10:18:00,11:03:00,2+0+毎日+3,2,25_0,17,11:19:00,22_2,27,11:46:00,11:48:00,228.0,109.0,0.0,11.0,49.0,False
boarding_buffer_5,2026-09-19,わかくさ,kajiso_vio,08:30:00,True,,1+1+毎日+2,1,22_1,22,09:51:00,25_0,32,10:13:00,10:18:00,11:03:00,2+0+毎日+3,2,25_0,17,11:19:00,22_2,27,11:46:00,11:48:00,198.0,79.0,0.0,11.0,49.0,False
boarding_buffer_5,2026-09-19,わかくさ,kajiso_vio,09:00:00,True,,1+1+毎日+2,1,22_1,22,09:51:00,25_0,32,10:13:00,10:18:00,11:03:00,2+0+毎日+3,2,25_0,17,11:19:00,22_2,27,11:46:00,11:48:00,168.0,49.0,0.0,11.0,49.0,True
boarding_buffer_5,2026-09-19,わかくさ,kajiso_vio,09:30:00,True,,1+1+毎日+2,1,22_1,22,09:51:00,25_0,32,10:13:00,10:18:00,11:03:00,2+0+毎日+3,2,25_0,17,11:19:00,22_2,27,11:46:00,11:48:00,138.0,19.0,0.0,11.0,49.0,True
boarding_buffer_5,2026-09-19,わかくさ,kajiso_vio,10:00:00,True,,1+1+毎日+4,1,22_1,22,13:33:00,25_0,32,14:03:00,14:08:00,14:53:00,2+0+毎日+5,2,25_0,17,15:48:00,22_2,27,16:07:00,16:09:00,369.0,211.0,0.0,50.0,49.0,False
boarding_buffer_5,2026-09-19,わかくさ,kajiso_vio,10:30:00,True,,1+1+毎日+4,1,22_1,22,13:33:00,25_0,32,14:03:00,14:08:00,14:53:00,2+0+毎日+5,2,25_0,17,15:48:00,22_2,27,16:07:00,16:09:00,339.0,181.0,0.0,50.0,49.0,False
boarding_buffer_5,2026-09-19,わかくさ,kajiso_vio,11:00:00,True,,1+1+毎日+4,1,22_1,22,13:33:00,25_0,32,14:03:00,14:08:00,14:53:00,2+0+毎日+5,2,25_0,17,15:48:00,22_2,27,16:07:00,16:09:00,309.0,151.0,0.0,50.0,49.0,False
boarding_buffer_5,2026-09-19,わかくさ,kajiso_vio,11:30:00,True,,1+1+毎日+4,1,22_1,22,13:33:00,25_0,32,14:03:00,14:08:00,14:53:00,2+0+毎日+5,2,25_0,17,15:48:00,22_2,27,16:07:00,16:09:00,279.0,121.0,0.0,50.0,49.0,False
boarding_buffer_5,2026-09-19,わかくさ,kajiso_vio,12:00:00,True,,1+1+毎日+4,1,22_1,22,13:33:00,25_0,32,14:03:00,14:08:00,14:53:00,2+0+毎日+5,2,25_0,17,15:48:00,22_2,27,16:07:00,16:09:00,249.0,91.0,0.0,50.0,49.0,False
boarding_buffer_5,2026-09-19,わかくさ,kajiso_vio,12:30:00,True,,1+1+毎日+4,1,22_1,22,13:33:00,25_0,32,14:03:00,14:08:00,14:53:00,2+0+毎日+5,2,25_0,17,15:48:00,22_2,27,16:07:00,16:09:00,219.0,61.0,0.0,50.0,49.0,False
boarding_buffer_5,2026-09-19,わかくさ,kajiso_vio,13:00:00,True,,1+1+毎日+4,1,22_1,22,13:33:00,25_0,32,14:03:00,14:08:00,14:53:00,2+0+毎日+5,2,25_0,17,15:48:00,22_2,27,16:07:00,16:09:00,189.0,31.0,0.0,50.0,49.0,False
boarding_buffer_5,2026-09-19,わかくさ,kajiso_vio,13:30:00,False,no_outbound_bus,,,,,,,,,,,,,,,,,,,,,,,,,False
boarding_buffer_5,2026-09-19,わかくさ,kajiso_vio,14:00:00,False,no_outbound_bus,,,,,,,,,,,,,,,,,,,,,,,,,False
boarding_buffer_5,2026-09-19,わかくさ,kajiso_vio,14:30:00,False,no_outbound_bus,,,,,,,,,,,,,,,,,,,,,,,,,False
boarding_buffer_5,2026-09-19,わかくさ,kajiso_vio,15:00:00,False,no_outbound_bus,,,,,,,,,,,,,,,,,,,,,,,,,False
boarding_buffer_5,2026-09-19,わかくさ,kajiso_vio,15:30:00,False,no_outbound_bus,,,,,,,,,,,,,,,,,,,,,,,,,False
boarding_buffer_5,2026-09-19,わかくさ,kajiso_vio,16:00:00,False,no_outbound_bus,,,,,,,,,,,,,,,,,,,,,,,,,False
boarding_buffer_5,2026-09-19,篠座,kajiso_libre,08:00:00,True,,2+0+毎日+3,2,29_2,13,11:12:00,21_2,28,11:47:00,11:52:00,12:37:00,1+1+毎日+4,1,21_1,21,13:32:00,29_1,36,14:11:00,14:13:00,373.0,190.0,0.0,50.0,74.0,False
boarding_buffer_5,2026-09-19,篠座,kajiso_libre,08:30:00,True,,2+0+毎日+3,2,29_2,13,11:12:00,21_2,28,11:47:00,11:52:00,12:37:00,1+1+毎日+4,1,21_1,21,13:32:00,29_1,36,14:11:00,14:13:00,343.0,160.0,0.0,50.0,74.0,False
boarding_buffer_5,2026-09-19,篠座,kajiso_libre,09:00:00,True,,2+0+毎日+3,2,29_2,13,11:12:00,21_2,28,11:47:00,11:52:00,12:37:00,1+1+毎日+4,1,21_1,21,13:32:00,29_1,36,14:11:00,14:13:00,313.0,130.0,0.0,50.0,74.0,False
boarding_buffer_5,2026-09-19,篠座,kajiso_libre,09:30:00,True,,2+0+毎日+3,2,29_2,13,11:12:00,21_2,28,11:47:00,11:52:00,12:37:00,1+1+毎日+4,1,21_1,21,13:32:00,29_1,36,14:11:00,14:13:00,283.0,100.0,0.0,50.0,74.0,False
boarding_buffer_5,2026-09-19,篠座,kajiso_libre,10:00:00,True,,2+0+毎日+3,2,29_2,13,11:12:00,21_2,28,11:47:00,11:52:00,12:37:00,1+1+毎日+4,1,21_1,21,13:32:00,29_1,36,14:11:00,14:13:00,253.0,70.0,0.0,50.0,74.0,False
boarding_buffer_5,2026-09-19,篠座,kajiso_libre,10:30:00,True,,2+0+毎日+3,2,29_2,13,11:12:00,21_2,28,11:47:00,11:52:00,12:37:00,1+1+毎日+4,1,21_1,21,13:32:00,29_1,36,14:11:00,14:13:00,223.0,40.0,0.0,50.0,74.0,False
boarding_buffer_5,2026-09-19,篠座,kajiso_libre,11:00:00,True,,2+0+毎日+3,2,29_2,13,11:12:00,21_2,28,11:47:00,11:52:00,12:37:00,1+1+毎日+4,1,21_1,21,13:32:00,29_1,36,14:11:00,14:13:00,193.0,10.0,0.0,50.0,74.0,False
boarding_buffer_5,2026-09-19,篠座,kajiso_libre,11:30:00,False,no_return_by_deadline,,,,,,,,,,,,,,,,,,,,,,,,,False
boarding_buffer_5,2026-09-19,篠座,kajiso_libre,12:00:00,False,no_return_by_deadline,,,,,,,,,,,,,,,,,,,,,,,,,False
boarding_buffer_5,2026-09-19,篠座,kajiso_libre,12:30:00,False,no_return_by_deadline,,,,,,,,,,,,,,,,,,,,,,,,,False
boarding_buffer_5,2026-09-19,篠座,kajiso_libre,13:00:00,False,no_return_by_deadline,,,,,,,,,,,,,,,,,,,,,,,,,False
boarding_buffer_5,2026-09-19,篠座,kajiso_libre,13:30:00,False,no_return_by_deadline,,,,,,,,,,,,,,,,,,,,,,,,,False
boarding_buffer_5,2026-09-19,篠座,kajiso_libre,14:00:00,False,no_return_by_deadline,,,,,,,,,,,,,,,,,,,,,,,,,False
boarding_buffer_5,2026-09-19,篠座,kajiso_libre,14:30:00,False,no_return_by_deadline,,,,,,,,,,,,,,,,,,,,,,,,,False
boarding_buffer_5,2026-09-19,篠座,kajiso_libre,15:00:00,False,no_return_by_deadline,,,,,,,,,,,,,,,,,,,,,,,,,False
boarding_buffer_5,2026-09-19,篠座,kajiso_libre,15:30:00,False,no_return_by_deadline,,,,,,,,,,,,,,,,,,,,,,,,,False
boarding_buffer_5,2026-09-19,篠座,kajiso_libre,16:00:00,False,no_outbound_bus,,,,,,,,,,,,,,,,,,,,,,,,,False
boarding_buffer_5,2026-09-19,篠座,kajiso_vio,08:00:00,True,,2+0+毎日+3,2,29_2,13,11:12:00,25_0,17,11:19:00,11:24:00,12:09:00,1+1+毎日+4,1,25_0,32,14:03:00,29_1,36,14:11:00,14:13:00,373.0,190.0,0.0,109.0,15.0,False
boarding_buffer_5,2026-09-19,篠座,kajiso_vio,08:30:00,True,,2+0+毎日+3,2,29_2,13,11:12:00,25_0,17,11:19:00,11:24:00,12:09:00,1+1+毎日+4,1,25_0,32,14:03:00,29_1,36,14:11:00,14:13:00,343.0,160.0,0.0,109.0,15.0,False
boarding_buffer_5,2026-09-19,篠座,kajiso_vio,09:00:00,True,,2+0+毎日+3,2,29_2,13,11:12:00,25_0,17,11:19:00,11:24:00,12:09:00,1+1+毎日+4,1,25_0,32,14:03:00,29_1,36,14:11:00,14:13:00,313.0,130.0,0.0,109.0,15.0,False
boarding_buffer_5,2026-09-19,篠座,kajiso_vio,09:30:00,True,,2+0+毎日+3,2,29_2,13,11:12:00,25_0,17,11:19:00,11:24:00,12:09:00,1+1+毎日+4,1,25_0,32,14:03:00,29_1,36,14:11:00,14:13:00,283.0,100.0,0.0,109.0,15.0,False
boarding_buffer_5,2026-09-19,篠座,kajiso_vio,10:00:00,True,,2+0+毎日+3,2,29_2,13,11:12:00,25_0,17,11:19:00,11:24:00,12:09:00,1+1+毎日+4,1,25_0,32,14:03:00,29_1,36,14:11:00,14:13:00,253.0,70.0,0.0,109.0,15.0,False
boarding_buffer_5,2026-09-19,篠座,kajiso_vio,10:30:00,True,,2+0+毎日+3,2,29_2,13,11:12:00,25_0,17,11:19:00,11:24:00,12:09:00,1+1+毎日+4,1,25_0,32,14:03:00,29_1,36,14:11:00,14:13:00,223.0,40.0,0.0,109.0,15.0,False
boarding_buffer_5,2026-09-19,篠座,kajiso_vio,11:00:00,True,,2+0+毎日+3,2,29_2,13,11:12:00,25_0,17,11:19:00,11:24:00,12:09:00,1+1+毎日+4,1,25_0,32,14:03:00,29_1,36,14:11:00,14:13:00,193.0,10.0,0.0,109.0,15.0,False
boarding_buffer_5,2026-09-19,篠座,kajiso_vio,11:30:00,False,no_return_by_deadline,,,,,,,,,,,,,,,,,,,,,,,,,False
boarding_buffer_5,2026-09-19,篠座,kajiso_vio,12:00:00,False,no_return_by_deadline,,,,,,,,,,,,,,,,,,,,,,,,,False
boarding_buffer_5,2026-09-19,篠座,kajiso_vio,12:30:00,False,no_return_by_deadline,,,,,,,,,,,,,,,,,,,,,,,,,False
boarding_buffer_5,2026-09-19,篠座,kajiso_vio,13:00:00,False,no_return_by_deadline,,,,,,,,,,,,,,,,,,,,,,,,,False
boarding_buffer_5,2026-09-19,篠座,kajiso_vio,13:30:00,False,no_return_by_deadline,,,,,,,,,,,,,,,,,,,,,,,,,False
boarding_buffer_5,2026-09-19,篠座,kajiso_vio,14:00:00,False,no_return_by_deadline,,,,,,,,,,,,,,,,,,,,,,,,,False
boarding_buffer_5,2026-09-19,篠座,kajiso_vio,14:30:00,False,no_return_by_deadline,,,,,,,,,,,,,,,,,,,,,,,,,False
boarding_buffer_5,2026-09-19,篠座,kajiso_vio,15:00:00,False,no_return_by_deadline,,,,,,,,,,,,,,,,,,,,,,,,,False
boarding_buffer_5,2026-09-19,篠座,kajiso_vio,15:30:00,False,no_return_by_deadline,,,,,,,,,,,,,,,,,,,,,,,,,False
boarding_buffer_5,2026-09-19,篠座,kajiso_vio,16:00:00,False,no_outbound_bus,,,,,,,,,,,,,,,,,,,,,,,,,False
boarding_buffer_5,2026-09-19,いなほこども園,kajiso_libre,08:00:00,True,,2+0+毎日+3,2,33_2,9,11:08:00,21_2,28,11:47:00,11:52:00,12:37:00,1+1+毎日+4,1,21_1,21,13:32:00,33_1,40,14:15:00,14:17:00,377.0,186.0,0.0,50.0,82.0,False
boarding_buffer_5,2026-09-19,いなほこども園,kajiso_libre,08:30:00,True,,2+0+毎日+3,2,33_2,9,11:08:00,21_2,28,11:47:00,11:52:00,12:37:00,1+1+毎日+4,1,21_1,21,13:32:00,33_1,40,14:15:00,14:17:00,347.0,156.0,0.0,50.0,82.0,False
boarding_buffer_5,2026-09-19,いなほこども園,kajiso_libre,09:00:00,True,,2+0+毎日+3,2,33_2,9,11:08:00,21_2,28,11:47:00,11:52:00,12:37:00,1+1+毎日+4,1,21_1,21,13:32:00,33_1,40,14:15:00,14:17:00,317.0,126.0,0.0,50.0,82.0,False
boarding_buffer_5,2026-09-19,いなほこども園,kajiso_libre,09:30:00,True,,2+0+毎日+3,2,33_2,9,11:08:00,21_2,28,11:47:00,11:52:00,12:37:00,1+1+毎日+4,1,21_1,21,13:32:00,33_1,40,14:15:00,14:17:00,287.0,96.0,0.0,50.0,82.0,False
boarding_buffer_5,2026-09-19,いなほこども園,kajiso_libre,10:00:00,True,,2+0+毎日+3,2,33_2,9,11:08:00,21_2,28,11:47:00,11:52:00,12:37:00,1+1+毎日+4,1,21_1,21,13:32:00,33_1,40,14:15:00,14:17:00,257.0,66.0,0.0,50.0,82.0,False
boarding_buffer_5,2026-09-19,いなほこども園,kajiso_libre,10:30:00,True,,2+0+毎日+3,2,33_2,9,11:08:00,21_2,28,11:47:00,11:52:00,12:37:00,1+1+毎日+4,1,21_1,21,13:32:00,33_1,40,14:15:00,14:17:00,227.0,36.0,0.0,50.0,82.0,False
boarding_buffer_5,2026-09-19,いなほこども園,kajiso_libre,11:00:00,True,,2+0+毎日+3,2,33_2,9,11:08:00,21_2,28,11:47:00,11:52:00,12:37:00,1+1+毎日+4,1,21_1,21,13:32:00,33_1,40,14:15:00,14:17:00,197.0,6.0,0.0,50.0,82.0,False
boarding_buffer_5,2026-09-19,いなほこども園,kajiso_libre,11:30:00,False,no_return_by_deadline,,,,,,,,,,,,,,,,,,,,,,,,,False
boarding_buffer_5,2026-09-19,いなほこども園,kajiso_libre,12:00:00,False,no_return_by_deadline,,,,,,,,,,,,,,,,,,,,,,,,,False
boarding_buffer_5,2026-09-19,いなほこども園,kajiso_libre,12:30:00,False,no_return_by_deadline,,,,,,,,,,,,,,,,,,,,,,,,,False
boarding_buffer_5,2026-09-19,いなほこども園,kajiso_libre,13:00:00,False,no_return_by_deadline,,,,,,,,,,,,,,,,,,,,,,,,,False
boarding_buffer_5,2026-09-19,いなほこども園,kajiso_libre,13:30:00,False,no_return_by_deadline,,,,,,,,,,,,,,,,,,,,,,,,,False
boarding_buffer_5,2026-09-19,いなほこども園,kajiso_libre,14:00:00,False,no_return_by_deadline,,,,,,,,,,,,,,,,,,,,,,,,,False
boarding_buffer_5,2026-09-19,いなほこども園,kajiso_libre,14:30:00,False,no_return_by_deadline,,,,,,,,,,,,,,,,,,,,,,,,,False
boarding_buffer_5,2026-09-19,いなほこども園,kajiso_libre,15:00:00,False,no_return_by_deadline,,,,,,,,,,,,,,,,,,,,,,,,,False
boarding_buffer_5,2026-09-19,いなほこども園,kajiso_libre,15:30:00,False,no_return_by_deadline,,,,,,,,,,,,,,,,,,,,,,,,,False
boarding_buffer_5,2026-09-19,いなほこども園,kajiso_libre,16:00:00,False,no_outbound_bus,,,,,,,,,,,,,,,,,,,,,,,,,False
boarding_buffer_5,2026-09-19,いなほこども園,kajiso_vio,08:00:00,True,,2+0+毎日+3,2,33_2,9,11:08:00,25_0,17,11:19:00,11:24:00,12:09:00,1+1+毎日+4,1,25_0,32,14:03:00,33_1,40,14:15:00,14:17:00,377.0,186.0,0.0,109.0,23.0,False
boarding_buffer_5,2026-09-19,いなほこども園,kajiso_vio,08:30:00,True,,2+0+毎日+3,2,33_2,9,11:08:00,25_0,17,11:19:00,11:24:00,12:09:00,1+1+毎日+4,1,25_0,32,14:03:00,33_1,40,14:15:00,14:17:00,347.0,156.0,0.0,109.0,23.0,False
boarding_buffer_5,2026-09-19,いなほこども園,kajiso_vio,09:00:00,True,,2+0+毎日+3,2,33_2,9,11:08:00,25_0,17,11:19:00,11:24:00,12:09:00,1+1+毎日+4,1,25_0,32,14:03:00,33_1,40,14:15:00,14:17:00,317.0,126.0,0.0,109.0,23.0,False
boarding_buffer_5,2026-09-19,いなほこども園,kajiso_vio,09:30:00,True,,2+0+毎日+3,2,33_2,9,11:08:00,25_0,17,11:19:00,11:24:00,12:09:00,1+1+毎日+4,1,25_0,32,14:03:00,33_1,40,14:15:00,14:17:00,287.0,96.0,0.0,109.0,23.0,False
boarding_buffer_5,2026-09-19,いなほこども園,kajiso_vio,10:00:00,True,,2+0+毎日+3,2,33_2,9,11:08:00,25_0,17,11:19:00,11:24:00,12:09:00,1+1+毎日+4,1,25_0,32,14:03:00,33_1,40,14:15:00,14:17:00,257.0,66.0,0.0,109.0,23.0,False
boarding_buffer_5,2026-09-19,いなほこども園,kajiso_vio,10:30:00,True,,2+0+毎日+3,2,33_2,9,11:08:00,25_0,17,11:19:00,11:24:00,12:09:00,1+1+毎日+4,1,25_0,32,14:03:00,33_1,40,14:15:00,14:17:00,227.0,36.0,0.0,109.0,23.0,False
boarding_buffer_5,2026-09-19,いなほこども園,kajiso_vio,11:00:00,True,,2+0+毎日+3,2,33_2,9,11:08:00,25_0,17,11:19:00,11:24:00,12:09:00,1+1+毎日+4,1,25_0,32,14:03:00,33_1,40,14:15:00,14:17:00,197.0,6.0,0.0,109.0,23.0,False
boarding_buffer_5,2026-09-19,いなほこども園,kajiso_vio,11:30:00,False,no_return_by_deadline,,,,,,,,,,,,,,,,,,,,,,,,,False
boarding_buffer_5,2026-09-19,いなほこども園,kajiso_vio,12:00:00,False,no_return_by_deadline,,,,,,,,,,,,,,,,,,,,,,,,,False
boarding_buffer_5,2026-09-19,いなほこども園,kajiso_vio,12:30:00,False,no_return_by_deadline,,,,,,,,,,,,,,,,,,,,,,,,,False
boarding_buffer_5,2026-09-19,いなほこども園,kajiso_vio,13:00:00,False,no_return_by_deadline,,,,,,,,,,,,,,,,,,,,,,,,,False
boarding_buffer_5,2026-09-19,いなほこども園,kajiso_vio,13:30:00,False,no_return_by_deadline,,,,,,,,,,,,,,,,,,,,,,,,,False
boarding_buffer_5,2026-09-19,いなほこども園,kajiso_vio,14:00:00,False,no_return_by_deadline,,,,,,,,,,,,,,,,,,,,,,,,,False
boarding_buffer_5,2026-09-19,いなほこども園,kajiso_vio,14:30:00,False,no_return_by_deadline,,,,,,,,,,,,,,,,,,,,,,,,,False
boarding_buffer_5,2026-09-19,いなほこども園,kajiso_vio,15:00:00,False,no_return_by_deadline,,,,,,,,,,,,,,,,,,,,,,,,,False
boarding_buffer_5,2026-09-19,いなほこども園,kajiso_vio,15:30:00,False,no_return_by_deadline,,,,,,,,,,,,,,,,,,,,,,,,,False
boarding_buffer_5,2026-09-19,いなほこども園,kajiso_vio,16:00:00,False,no_outbound_bus,,,,,,,,,,,,,,,,,,,,,,,,,False
boarding_buffer_5,2026-09-19,童子丸郵便局口,kajiso_libre,08:00:00,True,,2+0+毎日+3,2,39_2,3,10:59:00,21_2,28,11:47:00,11:52:00,12:37:00,1+1+毎日+4,1,21_1,21,13:32:00,39_1,46,14:23:00,14:25:00,385.0,177.0,0.0,50.0,99.0,False
boarding_buffer_5,2026-09-19,童子丸郵便局口,kajiso_libre,08:30:00,True,,2+0+毎日+3,2,39_2,3,10:59:00,21_2,28,11:47:00,11:52:00,12:37:00,1+1+毎日+4,1,21_1,21,13:32:00,39_1,46,14:23:00,14:25:00,355.0,147.0,0.0,50.0,99.0,False
boarding_buffer_5,2026-09-19,童子丸郵便局口,kajiso_libre,09:00:00,True,,2+0+毎日+3,2,39_2,3,10:59:00,21_2,28,11:47:00,11:52:00,12:37:00,1+1+毎日+4,1,21_1,21,13:32:00,39_1,46,14:23:00,14:25:00,325.0,117.0,0.0,50.0,99.0,False
boarding_buffer_5,2026-09-19,童子丸郵便局口,kajiso_libre,09:30:00,True,,2+0+毎日+3,2,39_2,3,10:59:00,21_2,28,11:47:00,11:52:00,12:37:00,1+1+毎日+4,1,21_1,21,13:32:00,39_1,46,14:23:00,14:25:00,295.0,87.0,0.0,50.0,99.0,False
boarding_buffer_5,2026-09-19,童子丸郵便局口,kajiso_libre,10:00:00,True,,2+0+毎日+3,2,39_2,3,10:59:00,21_2,28,11:47:00,11:52:00,12:37:00,1+1+毎日+4,1,21_1,21,13:32:00,39_1,46,14:23:00,14:25:00,265.0,57.0,0.0,50.0,99.0,False
boarding_buffer_5,2026-09-19,童子丸郵便局口,kajiso_libre,10:30:00,True,,2+0+毎日+3,2,39_2,3,10:59:00,21_2,28,11:47:00,11:52:00,12:37:00,1+1+毎日+4,1,21_1,21,13:32:00,39_1,46,14:23:00,14:25:00,235.0,27.0,0.0,50.0,99.0,False
boarding_buffer_5,2026-09-19,童子丸郵便局口,kajiso_libre,11:00:00,False,no_return_by_deadline,,,,,,,,,,,,,,,,,,,,,,,,,False
boarding_buffer_5,2026-09-19,童子丸郵便局口,kajiso_libre,11:30:00,False,no_return_by_deadline,,,,,,,,,,,,,,,,,,,,,,,,,False
boarding_buffer_5,2026-09-19,童子丸郵便局口,kajiso_libre,12:00:00,False,no_return_by_deadline,,,,,,,,,,,,,,,,,,,,,,,,,False
boarding_buffer_5,2026-09-19,童子丸郵便局口,kajiso_libre,12:30:00,False,no_return_by_deadline,,,,,,,,,,,,,,,,,,,,,,,,,False
boarding_buffer_5,2026-09-19,童子丸郵便局口,kajiso_libre,13:00:00,False,no_return_by_deadline,,,,,,,,,,,,,,,,,,,,,,,,,False
boarding_buffer_5,2026-09-19,童子丸郵便局口,kajiso_libre,13:30:00,False,no_return_by_deadline,,,,,,,,,,,,,,,,,,,,,,,,,False
boarding_buffer_5,2026-09-19,童子丸郵便局口,kajiso_libre,14:00:00,False,no_return_by_deadline,,,,,,,,,,,,,,,,,,,,,,,,,False
boarding_buffer_5,2026-09-19,童子丸郵便局口,kajiso_libre,14:30:00,False,no_return_by_deadline,,,,,,,,,,,,,,,,,,,,,,,,,False
boarding_buffer_5,2026-09-19,童子丸郵便局口,kajiso_libre,15:00:00,False,no_return_by_deadline,,,,,,,,,,,,,,,,,,,,,,,,,False
boarding_buffer_5,2026-09-19,童子丸郵便局口,kajiso_libre,15:30:00,False,no_outbound_bus,,,,,,,,,,,,,,,,,,,,,,,,,False
boarding_buffer_5,2026-09-19,童子丸郵便局口,kajiso_libre,16:00:00,False,no_outbound_bus,,,,,,,,,,,,,,,,,,,,,,,,,False
boarding_buffer_5,2026-09-19,童子丸郵便局口,kajiso_vio,08:00:00,True,,2+0+毎日+3,2,39_2,3,10:59:00,25_0,17,11:19:00,11:24:00,12:09:00,1+1+毎日+4,1,25_0,32,14:03:00,39_1,46,14:23:00,14:25:00,385.0,177.0,0.0,109.0,40.0,False
boarding_buffer_5,2026-09-19,童子丸郵便局口,kajiso_vio,08:30:00,True,,2+0+毎日+3,2,39_2,3,10:59:00,25_0,17,11:19:00,11:24:00,12:09:00,1+1+毎日+4,1,25_0,32,14:03:00,39_1,46,14:23:00,14:25:00,355.0,147.0,0.0,109.0,40.0,False
boarding_buffer_5,2026-09-19,童子丸郵便局口,kajiso_vio,09:00:00,True,,2+0+毎日+3,2,39_2,3,10:59:00,25_0,17,11:19:00,11:24:00,12:09:00,1+1+毎日+4,1,25_0,32,14:03:00,39_1,46,14:23:00,14:25:00,325.0,117.0,0.0,109.0,40.0,False
boarding_buffer_5,2026-09-19,童子丸郵便局口,kajiso_vio,09:30:00,True,,2+0+毎日+3,2,39_2,3,10:59:00,25_0,17,11:19:00,11:24:00,12:09:00,1+1+毎日+4,1,25_0,32,14:03:00,39_1,46,14:23:00,14:25:00,295.0,87.0,0.0,109.0,40.0,False
boarding_buffer_5,2026-09-19,童子丸郵便局口,kajiso_vio,10:00:00,True,,2+0+毎日+3,2,39_2,3,10:59:00,25_0,17,11:19:00,11:24:00,12:09:00,1+1+毎日+4,1,25_0,32,14:03:00,39_1,46,14:23:00,14:25:00,265.0,57.0,0.0,109.0,40.0,False
boarding_buffer_5,2026-09-19,童子丸郵便局口,kajiso_vio,10:30:00,True,,2+0+毎日+3,2,39_2,3,10:59:00,25_0,17,11:19:00,11:24:00,12:09:00,1+1+毎日+4,1,25_0,32,14:03:00,39_1,46,14:23:00,14:25:00,235.0,27.0,0.0,109.0,40.0,False
boarding_buffer_5,2026-09-19,童子丸郵便局口,kajiso_vio,11:00:00,False,no_return_by_deadline,,,,,,,,,,,,,,,,,,,,,,,,,False
boarding_buffer_5,2026-09-19,童子丸郵便局口,kajiso_vio,11:30:00,False,no_return_by_deadline,,,,,,,,,,,,,,,,,,,,,,,,,False
boarding_buffer_5,2026-09-19,童子丸郵便局口,kajiso_vio,12:00:00,False,no_return_by_deadline,,,,,,,,,,,,,,,,,,,,,,,,,False
boarding_buffer_5,2026-09-19,童子丸郵便局口,kajiso_vio,12:30:00,False,no_return_by_deadline,,,,,,,,,,,,,,,,,,,,,,,,,False
boarding_buffer_5,2026-09-19,童子丸郵便局口,kajiso_vio,13:00:00,False,no_return_by_deadline,,,,,,,,,,,,,,,,,,,,,,,,,False
boarding_buffer_5,2026-09-19,童子丸郵便局口,kajiso_vio,13:30:00,False,no_return_by_deadline,,,,,,,,,,,,,,,,,,,,,,,,,False
boarding_buffer_5,2026-09-19,童子丸郵便局口,kajiso_vio,14:00:00,False,no_return_by_deadline,,,,,,,,,,,,,,,,,,,,,,,,,False
boarding_buffer_5,2026-09-19,童子丸郵便局口,kajiso_vio,14:30:00,False,no_return_by_deadline,,,,,,,,,,,,,,,,,,,,,,,,,False
boarding_buffer_5,2026-09-19,童子丸郵便局口,kajiso_vio,15:00:00,False,no_return_by_deadline,,,,,,,,,,,,,,,,,,,,,,,,,False
boarding_buffer_5,2026-09-19,童子丸郵便局口,kajiso_vio,15:30:00,False,no_outbound_bus,,,,,,,,,,,,,,,,,,,,,,,,,False
boarding_buffer_5,2026-09-19,童子丸郵便局口,kajiso_vio,16:00:00,False,no_outbound_bus,,,,,,,,,,,,,,,,,,,,,,,,,False
